{"features":[{"geometry":{"coordinates":[[-124.18685731838917,41.92284220186149],[-124.18725691777361,41.92315206809421],[-124.18839278355146,41.92365006768149],[-124.18921618383246,41.923945001822275],[-124.18986315229671,41.92457695924139],[-124.19024702577383,41.92484812667849],[-124.19039615060257,41.92516230680929],[-124.19085776697929,41.92560488583472],[-124.19136958390905,41.9260018018584],[-124.1921283989144,41.926675642942335],[-124.1921554660522,41.92696651025901],[-124.19208166585838,41.92736770988987],[-124.19180146604988,41.92758910976426],[-124.1908434909528,41.92793675792639],[-124.1898179176306,41.92790280187979],[-124.18923058382647,41.92792906807672],[-124.18895131826591,41.9280534021253],[-124.18888998399325,41.9282520676974],[-124.18894931771777,41.92853060186156],[-124.18904058385567,41.9287804676833],[-124.18894231804506,41.929028201914605],[-124.18872051771322,41.9293340021243],[-124.1884499837772,41.92979380207485],[-124.18846071774651,41.930072802003615],[-124.18883018404308,41.930429002331444],[-124.18937358394162,41.9308156679741],[-124.19033371769034,41.931323602145085],[-124.19129411823869,41.93140260231358],[-124.1919661182583,41.931419802284815],[-124.19291911758704,41.931543467916725],[-124.19360218395268,41.931860002216844],[-124.19387358386463,41.93218080197399],[-124.19398771841473,41.93249100176889],[-124.19392791756627,41.93277080186468],[-124.19375771826098,41.932938401724044],[-124.19344498416785,41.933168068256876],[-124.19270058442788,41.93362480192792],[-124.19248858381745,41.93398726817291]],"type":"LineString"},"id":202050,"properties":{"OBJECTID":202050,"Shape_Length":2697.3622279316855,"arbolatesu":2.08252693,"areasqkm":0.59599996,"arqnavma":0,"avgqadjma":0,"divdasqkm":0.93329998,"divergence":0,"dndraincou":1,"dnhydroseq":50000400071232,"dnlevel":2,"dnlevelpat":50000400051599,"dnminorhyd":0,"elevfixed":null,"fcode":55800,"fdate":1502064000000,"flowdir":1,"frommeas":0,"fromnode":50000400116052,"ftype":558,"gageadjma":0,"gageidma":"0","gageqma":0,"gnis_id":null,"gnis_name":null,"hwnodesqkm":null,"hwtype":null,"hydroseq":50000400160780,"innetwork":1,"lengthkm":2.0055269300000003,"levelpathi":50000400160780,"mainpath":0,"maxelevraw":-9998,"maxelevsmo":210,"minelevraw":139,"minelevsmo":144,"nhdplusid":50000400214196,"pathlength":1.98922831,"permanent_identifier":"113863802","petma":0,"qama":1.2750279999999998,"qbma":1.2750279999999998,"qcma":1.39912131,"qdma":1.39912131,"qema":1.39912131,"qfma":1.39912131,"qgadjma":0,"qgnavma":0,"qincrama":0.811524,"qincrbma":0.811524,"qincrcma":0.8705196700000001,"qincrdma":0.8705196700000001,"qincrema":0.8705196700000001,"qincrfma":0.8705196700000001,"qlossma":0,"reachcode":"18010101002933","resolution":2,"rtndiv":0,"slope":0.00032909000000000004,"slopelenkm":2.0055269300000003,"startflag":0,"statusflag":"A","streamcalc":1,"streamleve":3,"streamorde":1,"terminalfl":0,"terminalpa":50000400005244,"thinner":null,"tomeas":100,"tonode":50000400023596,"totdasqkm":0.93329998,"uphydroseq":50000400314788,"uplevelpat":50000400160780,"vama":-9998,"vbma":-9998,"vcma":-9998,"vdma":-9998,"vema":-9998,"visibilityfilter":100000,"vpuid":"1801","vpuin":0,"vpuout":0,"wbarea_permanent_identifier":"113863300"},"type":"Feature"},{"geometry":{"coordinates":[[-124.1526085181761,41.96518046803018],[-124.15251298414223,41.96488400194334],[-124.15250578414523,41.96473580178002],[-124.15257211844076,41.96445040224397],[-124.15262358382171,41.96428566790387],[-124.15269731843854,41.96403320191233],[-124.1529329842668,41.963347002135656],[-124.15295531818141,41.96318226828256],[-124.15298471824403,41.96306706768572],[-124.15312471798609,41.962726668126145],[-124.15323498439061,41.96255646799839],[-124.15347811791382,41.962035067716116],[-124.153566518426,41.96174960197608],[-124.15383138399255,41.961327002013576],[-124.15385351758286,41.961228068174115],[-124.15381691842155,41.960937202143796],[-124.15376558419463,41.96079986766932],[-124.15367738400676,41.9606406682174],[-124.15350098363108,41.96038806821205],[-124.15319218415891,41.95999280171587],[-124.15317018441759,41.95991586768238],[-124.15308198422973,41.959718201880214],[-124.1530305844258,41.95956446799377],[-124.15303071827478,41.959410801872814],[-124.1530527835931,41.959191068255265],[-124.1530455180191,41.95912526826353],[-124.15296478372956,41.95897700193293],[-124.15284711790207,41.9588890678979],[-124.15256758374522,41.95873540215233],[-124.15242058433043,41.95868040210364],[-124.1518689837117,41.95844966778459],[-124.1513689841195,41.95827386827963],[-124.1512071840621,41.95819146779374],[-124.15106738374601,41.9580266678384],[-124.15089838369161,41.957735668287135],[-124.15077358434243,41.95755460211977],[-124.15027358385193,41.95707120180538],[-124.15009731822352,41.95675826774659],[-124.15007538405924,41.95656066830587],[-124.15009011822652,41.956308068160425],[-124.15007578380951,41.95579746775577],[-124.1502083841286,41.955380401829785],[-124.1502085179776,41.955001601775244],[-124.15017211824227,41.95461720184294],[-124.15018691798659,41.95448000205649],[-124.15026051785613,41.9542494021746],[-124.15028998439408,41.95396400176572],[-124.15029751766605,41.953755267736376],[-124.15028298382305,41.95352480218586],[-124.15020238428082,41.95290980197945],[-124.15018798428683,41.952333468225035],[-124.15034258434721,41.95197106817863],[-124.15044571812835,41.951784602213394],[-124.15062971825138,41.95150460227173],[-124.15078418356447,41.951301468127554],[-124.15101978381574,41.95095566832635],[-124.15104191830433,41.95087340201862],[-124.15118178419743,41.95067026786721],[-124.1514685839283,41.95043980185156],[-124.15171151802555,41.95026966778585],[-124.15185131834164,41.950181868050734],[-124.15214551839382,41.95005566770372],[-124.1522927181329,41.94996246806526],[-124.15234411793682,41.94989660175641],[-124.15246918408562,41.949671467770926],[-124.15251351774153,41.949561667780294],[-124.15258711761108,41.94943000174522],[-124.15277118420941,41.948925001823426],[-124.15288171831186,41.9485462021544],[-124.15290391837749,41.94822226771409],[-124.15297018440103,41.94807406821947],[-124.1530437842706,41.947958802227355],[-124.15313198356013,41.94785446789128],[-124.15321298375098,41.94772826828166],[-124.15335278406707,41.94758560174272],[-124.15362498437794,41.94737160200388],[-124.15376491764471,41.94728920212142],[-124.15416211762906,41.94702580226446],[-124.15462558363696,41.94675146793121],[-124.1550301839426,41.94643320222547],[-124.15547158373386,41.946010602254155],[-124.15558191841032,41.94593920229262],[-124.15569231776547,41.94587340198211],[-124.1560085840343,41.94570326775583],[-124.15667051843117,41.945516868311046],[-124.15683231759027,41.94542360190332],[-124.15690591835813,41.94536880217091],[-124.15699411764768,41.945264468273145],[-124.15712658411776,41.945050401945196],[-124.15722231757759,41.945006468097496],[-124.15733991782808,41.944973602213494],[-124.15806058407826,41.94497920202302],[-124.15825178419827,41.94495726781805],[-124.15864151828428,41.94488606779187],[-124.1588621175686,41.94483120211804],[-124.15902398410134,41.9447818019243],[-124.15942851793164,41.944496401886994],[-124.15970798381652,41.94434820174906],[-124.15981831759467,41.9443042680856],[-124.16011251764685,41.944211068056674],[-124.16032578398352,41.944189201740095],[-124.16059058397308,41.9441728023318],[-124.16075231755516,41.94417840221171],[-124.16094351767516,41.94417286781186],[-124.16126718426528,41.944216802234024],[-124.16174511764085,41.94439266790689],[-124.1621789176848,41.94465620225211],[-124.16229651793527,41.9447166017615],[-124.16241411818577,41.94475506827541],[-124.16276711836318,41.94479360225001],[-124.16369351767803,41.94496946766813],[-124.16388471779804,41.9449696019674],[-124.16403918400944,41.94495306779243],[-124.16424518387377,41.94488726780047],[-124.16440698393119,41.94478860176119],[-124.16450258444036,41.944700668195146],[-124.16459818405119,41.94459086832898],[-124.16485571756843,41.944190201980916],[-124.16504698416378,41.94381140224126],[-124.16537071812756,41.94342726824253],[-124.16548098363373,41.943306401910945],[-124.16561351837582,41.943191202134294],[-124.16598851829451,41.94291680185572],[-124.16613558418463,41.94279600204252],[-124.16655491775926,41.94242280207207],[-124.16679758415854,41.942181267831565],[-124.167113917801,41.9418902681006],[-124.16740811785318,41.941632401941156],[-124.16766551841974,41.94144020204476],[-124.16779051809323,41.94133040190933],[-124.16791558424202,41.9412756019998],[-124.16819498365159,41.941209802221785],[-124.1683715178763,41.94119326774001],[-124.16848178428077,41.941149402063175],[-124.16884958420249,41.94106160179476],[-124.16898198419727,41.94101780217884],[-124.16968058423079,41.94071040218494],[-124.17026878401086,41.9404798680891],[-124.17050418393778,41.94040300204552],[-124.17066598399519,41.94031526823799],[-124.17083511789856,41.9401834681751],[-124.1713277836448,41.93989820191102],[-124.17144558421955,41.93980486781364],[-124.17151171819077,41.93970060232363],[-124.17158538363732,41.9394810018866],[-124.17160751812595,41.93917906784209],[-124.17162951786726,41.939096668062916],[-124.1716735838252,41.9390254020209],[-124.17179138439997,41.93886620230542],[-124.17203411817292,41.93863020217044],[-124.17222531829292,41.93849286774123],[-124.17252678391912,41.93831726778664],[-124.17307098421655,41.93801540173728],[-124.17321058420833,41.93794946829047],[-124.17332831830778,41.937905601718676],[-124.17413711827048,41.937730002151675],[-124.17463711786266,41.937570868030264],[-124.17479151759873,41.937505002283736],[-124.175034317847,41.93732386795579],[-124.17511518418888,41.93723060226014],[-124.17518858373411,41.93710426802124],[-124.17535778411283,41.936736468211656],[-124.17544611814967,41.93658826808022],[-124.17554911808182,41.93636320203723],[-124.17560058436109,41.93616000227279],[-124.17568138422763,41.93601740206661],[-124.17570358429326,41.93595700166761],[-124.17579918390412,41.93580320178292],[-124.17585058370803,41.93567146790699],[-124.1759755842798,41.9354848019048],[-124.17606391831663,41.93539146803053],[-124.17609331837926,41.93532020185746],[-124.17615951792749,41.935232267930694],[-124.17646831829799,41.93492486811444],[-124.17658611797445,41.93478220232996],[-124.17666691784102,41.93466686820246],[-124.17670358437596,41.934595601888],[-124.17671098379894,41.934343002244255],[-124.17679931783577,41.934074002267586],[-124.17685818443634,41.9339806683336],[-124.17704938365804,41.933744602003536],[-124.1771229179506,41.93362940232768],[-124.17718171807583,41.9334976018122],[-124.1772699838407,41.933195602015445],[-124.1774391842194,41.932948601702904],[-124.17749798434464,41.93230626783513],[-124.17752751825623,41.93219100207396],[-124.17759371780446,41.932108668114225],[-124.17768178414335,41.9320372679563],[-124.178093584446,41.93196600204509],[-124.17832891789762,41.93194946783974],[-124.17863778384509,41.93188920192484],[-124.17888771761505,41.931768468099484],[-124.17915238375562,41.93155440190757],[-124.17937311778724,41.93139520225455],[-124.17954958373996,41.93129086821476],[-124.17965978366911,41.93123600220424],[-124.18002738416486,41.931159201873356],[-124.1804759183761,41.93089020183521],[-124.1806523178535,41.93082426770527],[-124.1808949842528,41.93079686792045],[-124.18104211841485,41.930813401756254],[-124.18161538370332,41.93091766774187],[-124.18218151816504,41.93108240211828],[-124.18251971769982,41.93115926803509],[-124.18286518370694,41.931203202067266],[-124.18305651767596,41.93128560202074],[-124.18318138439878,41.931373401714524],[-124.18335778387615,41.93151620210007],[-124.18342411817169,41.93157660202656],[-124.18349018387093,41.931664401988094],[-124.18355994973086,41.93173136575909]],"type":"LineString"},"id":580131,"properties":{"OBJECTID":580131,"Shape_Length":7714.7535881334725,"arbolatesu":5.74138223,"areasqkm":3.32050003,"arqnavma":0,"avgqadjma":0,"divdasqkm":3.32050003,"divergence":0,"dndraincou":1,"dnhydroseq":50000400160775,"dnlevel":2,"dnlevelpat":50000400051599,"dnminorhyd":0,"elevfixed":null,"fcode":46006,"fdate":1502064000000,"flowdir":1,"frommeas":2.6445701099999996,"fromnode":50000400241132,"ftype":460,"gageadjma":0,"gageidma":"0","gageqma":0,"gnis_id":"00231633","gnis_name":"Ritmer Creek","hwnodesqkm":0.18680000000000002,"hwtype":0,"hydroseq":50000400278059,"innetwork":1,"lengthkm":5.74138223,"levelpathi":50000400051599,"mainpath":0,"maxelevraw":33120,"maxelevsmo":33120,"minelevraw":295,"minelevsmo":310,"nhdplusid":50000400128794,"pathlength":2.83963738,"permanent_identifier":"113863738","petma":0,"qama":5.546288,"qbma":5.546288,"qcma":5.75463928,"qdma":5.75463928,"qema":5.75463928,"qfma":5.75463928,"qgadjma":0,"qgnavma":0,"qincrama":5.546288,"qincrbma":5.546288,"qincrcma":5.75463928,"qincrdma":5.75463928,"qincrema":5.75463928,"qincrfma":5.75463928,"qlossma":0,"reachcode":"18010101000286","resolution":2,"rtndiv":0,"slope":0.0581595,"slopelenkm":5.6413822300000005,"startflag":1,"statusflag":"A","streamcalc":1,"streamleve":2,"streamorde":1,"terminalfl":0,"terminalpa":50000400005244,"thinner":null,"tomeas":100,"tonode":50000400116082,"totdasqkm":3.32050003,"uphydroseq":0,"uplevelpat":0,"vama":0.99273473,"vbma":0.99273473,"vcma":0.9947819600000001,"vdma":0.9947819600000001,"vema":0.9947819600000001,"visibilityfilter":100000,"vpuid":"1801","vpuin":0,"vpuout":0,"wbarea_permanent_identifier":null},"type":"Feature"},{"geometry":{"coordinates":[[-124.15890311757646,41.93495486833174],[-124.15908711769949,41.93449926820712],[-124.15910931776511,41.93438386807787],[-124.15919031795598,41.93414786806221],[-124.1592343839139,41.93406546779671],[-124.1594035178173,41.933802068108974],[-124.15960951768163,41.933582468076736],[-124.15977878363732,41.933428868294946],[-124.15985971825117,41.933379467955035],[-124.15993311779643,41.93327520198382],[-124.16004351804989,41.9331544681088],[-124.16027878412785,41.93293480169183],[-124.16108778441486,41.93227626770857],[-124.16127171806254,41.93217200193886],[-124.16157318368873,41.93195246780157],[-124.16172758432313,41.93187560217234],[-124.16188938438054,41.9317494016774],[-124.1620069837327,41.93170546802138],[-124.16237478365441,41.93150800210345],[-124.16248511833088,41.93140906809188],[-124.16258058409274,41.93130486773441],[-124.16269098434621,41.931217001784674],[-124.16284551793129,41.93095900224509],[-124.16293378369613,41.9307778680384],[-124.16305891811692,41.930421068181595],[-124.16313251798644,41.93025086799821],[-124.16336051759208,41.93002586780885],[-124.1635297179708,41.929872201987415],[-124.16364718437231,41.929784402232315],[-124.16392671763083,41.92967460207768],[-124.16427971780827,41.92933980179807],[-124.16458131818176,41.92877986819578],[-124.16476518355746,41.9285110018144],[-124.16486078406665,41.92832426807306],[-124.16497118432008,41.92813206816788],[-124.16502998444534,41.92804426802272],[-124.16525798405098,41.92780286779387],[-124.1661035843976,41.9274462016732],[-124.16634638374752,41.92729246815035],[-124.1666919180266,41.92702906789575],[-124.16703751788275,41.926848002062954],[-124.16732431761359,41.92667240212736],[-124.16751538388463,41.926584468308725],[-124.16791251829194,41.926474802331335],[-124.16826531814507,41.926436402318906],[-124.16843438377649,41.92639800228335],[-124.1685961838339,41.926354068283416],[-124.16873578382567,41.9262992682036],[-124.16890498420437,41.92621146820939],[-124.16905198361916,41.926112602175486],[-124.16939751789823,41.925975401865486],[-124.16977251781697,41.92585466820916],[-124.16993431787438,41.92579426821168],[-124.17019158369364,41.92575600212931],[-124.17030918394411,41.92575600212931],[-124.17044891778488,41.92577240226362],[-124.17056651803534,41.92580000204002],[-124.17088258397987,41.9259426678641],[-124.17138231767072,41.92627220198753],[-124.17163231791598,41.92645886821708],[-124.17190418405356,41.92664006815539],[-124.17227171807396,41.92678286777516],[-124.17247758408934,41.926848802072215],[-124.17303631822975,41.92707946831636],[-124.17326418398638,41.92711786794173],[-124.17363931775408,41.92716186824986],[-124.17375678415559,41.92716186824986],[-124.17392598363598,41.92715646804661],[-124.17409511843769,41.927123602319426],[-124.17425671817077,41.927068667895384],[-124.17506551813347,41.92667900205454],[-124.17541098414058,41.92656366797859],[-124.17588151809315,41.92644286793222],[-124.17614618423374,41.92636060207677],[-124.1762711839072,41.92628926766687],[-124.17643298396462,41.92622886808082],[-124.17666818356723,41.92619046792036],[-124.17688131785155,41.92620700228172],[-124.17702098431866,41.92624546793069],[-124.1771239177755,41.92629480228207],[-124.17733711763682,41.92652000210057],[-124.17747678410393,41.92671760175659],[-124.17757231813776,41.926778002216594],[-124.17771198370654,41.92682740232239],[-124.17788838408228,41.926843867679146],[-124.17808691804828,41.92682740232239],[-124.17829278406361,41.926789001853834],[-124.17841771816008,41.92675606776607],[-124.17859418411281,41.9266792018903],[-124.17877798391149,41.926651802330085],[-124.1789397183919,41.926657401743576],[-124.17906471806538,41.926679268056624],[-124.17918231831582,41.92673420214766],[-124.17926311818239,41.92680560222632],[-124.17932198388463,41.92689900213181],[-124.17932198388463,41.927217267759254],[-124.179299783819,41.92743146813866],[-124.17939538432819,41.927546801982416],[-124.1794541835551,41.92768406775174],[-124.17965271841942,41.927898201735346],[-124.17999811795123,41.92812320207766],[-124.18014531769032,41.92819466810321],[-124.18050558434005,41.92823860217229],[-124.18086571803914,41.928309868237925],[-124.18110098411711,41.92838680232352],[-124.18119658372797,41.928469201905116],[-124.18132151782441,41.928694267734436],[-124.1816081837063,41.92896326767635],[-124.18179198440335,41.92909500204097],[-124.18183618421027,41.92944086828052],[-124.18187278426988,41.92955066816914],[-124.18196111830672,41.92963306825234],[-124.18210811772146,41.929704402264925],[-124.18233598437644,41.92984720170865],[-124.18275498377778,41.93019846782598],[-124.1829535177438,41.93030826774722],[-124.18318138439878,41.93046206818456],[-124.18324031837298,41.93059926820181],[-124.18324751836998,41.93096720231229],[-124.18329911759989,41.93106600201242],[-124.18360778412143,41.931296467889325],[-124.18388718442931,41.931455802116396],[-124.18400478378146,41.93149966777818],[-124.18417391768483,41.93154906823742],[-124.184276783768,41.93154360224421],[-124.18443131825138,41.93148320228648],[-124.1845783176662,41.93140640225323],[-124.184703184389,41.93139540207558]],"type":"LineString"},"id":1065368,"properties":{"OBJECTID":1065368,"Shape_Length":4161.902023298945,"arbolatesu":3.628,"areasqkm":3.77719998,"arqnavma":0,"avgqadjma":0,"divdasqkm":4.14519998,"divergence":0,"dndraincou":1,"dnhydroseq":50000400102336,"dnlevel":2,"dnlevelpat":50000400051599,"dnminorhyd":0,"elevfixed":null,"fcode":46003,"fdate":1329768091000,"flowdir":1,"frommeas":0,"fromnode":50000400139033,"ftype":460,"gageadjma":0,"gageidma":"0","gageqma":0,"gnis_id":"00222248","gnis_name":"Delilah Creek","hwnodesqkm":null,"hwtype":null,"hydroseq":50000400128146,"innetwork":1,"lengthkm":3.094,"levelpathi":50000400128146,"mainpath":0,"maxelevraw":-9998,"maxelevsmo":2333,"minelevraw":281,"minelevsmo":281,"nhdplusid":50000400256894,"pathlength":2.71197463,"permanent_identifier":"113863646","petma":0,"qama":6.03296,"qbma":6.03296,"qcma":6.2395716,"qdma":6.2395716,"qema":6.2395716,"qfma":6.2395716,"qgadjma":0,"qgnavma":0,"qincrama":5.466760000000001,"qincrbma":5.466760000000001,"qincrcma":5.59875431,"qincrdma":5.59875431,"qincrema":5.59875431,"qincrfma":5.59875431,"qlossma":0,"reachcode":"18010101000756","resolution":2,"rtndiv":0,"slope":0.00663219,"slopelenkm":3.094,"startflag":0,"statusflag":"A","streamcalc":1,"streamleve":3,"streamorde":1,"terminalfl":0,"terminalpa":50000400005244,"thinner":null,"tomeas":85.35704041,"tonode":50000400092809,"totdasqkm":4.14519998,"uphydroseq":50000400181594,"uplevelpat":50000400128146,"vama":0.81262678,"vbma":0.81262678,"vcma":0.81400399,"vdma":0.81400399,"vema":0.81400399,"visibilityfilter":250000,"vpuid":"1801","vpuin":0,"vpuout":0,"wbarea_permanent_identifier":null},"type":"Feature"},{"geometry":{"coordinates":[[-124.19666925062327,41.91236427790161],[-124.19620858825735,41.91302950311393]],"type":"LineString"},"id":1481644,"properties":{"OBJECTID":1481644,"Shape_Length":111.94717153435593,"arbolatesu":14.37934306,"areasqkm":0.010400000000000001,"arqnavma":0,"avgqadjma":0,"divdasqkm":14.83799997,"divergence":0,"dndraincou":1,"dnhydroseq":50000400005264,"dnlevel":1,"dnlevelpat":50000400005244,"dnminorhyd":0,"elevfixed":null,"fcode":55800,"fdate":1502064000000,"flowdir":1,"frommeas":0,"fromnode":50000400069711,"ftype":558,"gageadjma":0,"gageidma":"0","gageqma":0,"gnis_id":null,"gnis_name":null,"hwnodesqkm":null,"hwtype":null,"hydroseq":50000400063184,"innetwork":1,"lengthkm":0.08353617,"levelpathi":50000400063184,"mainpath":0,"maxelevraw":-9998,"maxelevsmo":399,"minelevraw":399,"minelevsmo":399,"nhdplusid":50000400128741,"pathlength":4.24706416,"permanent_identifier":"{2B24516D-7AC5-4A14-9445-20530F9F90B5}","petma":0,"qama":21.29427,"qbma":21.29427,"qcma":20.99055044,"qdma":20.99055044,"qema":20.99055044,"qfma":20.99055044,"qgadjma":0,"qgnavma":0,"qincrama":0.014238,"qincrbma":0.014238,"qincrcma":0.0135005,"qincrdma":0.0135005,"qincrema":0.0135005,"qincrfma":0.0135005,"qlossma":0,"reachcode":"18010101002646","resolution":2,"rtndiv":0,"slope":1e-05,"slopelenkm":0.08353617,"startflag":0,"statusflag":"A","streamcalc":2,"streamleve":2,"streamorde":2,"terminalfl":0,"terminalpa":50000400005244,"thinner":null,"tomeas":2.89826989,"tonode":50000400162525,"totdasqkm":14.83799997,"uphydroseq":50000400064787,"uplevelpat":50000400063184,"vama":0.54868487,"vbma":0.54868487,"vcma":0.54840543,"vdma":0.54840543,"vema":0.54840543,"visibilityfilter":1000000,"vpuid":"1801","vpuin":0,"vpuout":0,"wbarea_permanent_identifier":"113864578"},"type":"Feature"},{"geometry":{"coordinates":[[-124.1940051322565,41.92136264210618],[-124.19370056025606,41.921553000240664],[-124.19337695385306,41.92181949773396],[-124.19307238275091,41.92218117685227],[-124.19284395464891,41.92246671218339],[-124.19284395464891,41.923056817960855],[-124.192786847848,41.92378017482461],[-124.1928629908481,41.92416088813191],[-124.1931675610519,41.92459870930301],[-124.1937386317561,41.92492231595185],[-124.19427163096027,41.92526495791226],[-124.1945952382616,41.925569529672366],[-124.19482366726194,41.92591217083033],[-124.19512823656744,41.92646420699126],[-124.19547088006793,41.92674974186884],[-124.19564220136905,41.926902027728296],[-124.1958515941702,41.927377918779584],[-124.19625134267498,41.92798706205821],[-124.19657494997631,41.92878656080209],[-124.19664566086392,41.92959663966952]],"type":"LineString"},"id":1593436,"properties":{"OBJECTID":1593436,"Shape_Length":1412.2889312078742,"arbolatesu":1.0534925499999999,"areasqkm":0.8716999900000001,"arqnavma":0,"avgqadjma":0,"divdasqkm":0.8716999900000001,"divergence":0,"dndraincou":1,"dnhydroseq":50000400155476,"dnlevel":2,"dnlevelpat":50000400155476,"dnminorhyd":0,"elevfixed":null,"fcode":46006,"fdate":1502064000000,"flowdir":1,"frommeas":43.31956863,"fromnode":50000400259450,"ftype":460,"gageadjma":0,"gageidma":"0","gageqma":0,"gnis_id":null,"gnis_name":null,"hwnodesqkm":0.4234,"hwtype":0,"hydroseq":50000400259939,"innetwork":1,"lengthkm":1.0534925499999999,"levelpathi":50000400155476,"mainpath":0,"maxelevraw":0,"maxelevsmo":0,"minelevraw":0,"minelevsmo":0,"nhdplusid":50000400171188,"pathlength":2.2829981000000004,"permanent_identifier":"{1CA08201-EEAC-4162-9544-9D019F662E7C}","petma":0,"qama":1.1846340000000002,"qbma":1.1846340000000002,"qcma":1.30357575,"qdma":1.30357575,"qema":1.30357575,"qfma":1.30357575,"qgadjma":0,"qgnavma":0,"qincrama":1.1846340000000002,"qincrbma":1.1846340000000002,"qincrcma":1.30357575,"qincrdma":1.30357575,"qincrema":1.30357575,"qincrfma":1.30357575,"qlossma":0,"reachcode":"18010101036702","resolution":2,"rtndiv":0,"slope":1e-05,"slopelenkm":0.95349255,"startflag":1,"statusflag":"A","streamcalc":1,"streamleve":2,"streamorde":1,"terminalfl":0,"terminalpa":50000400005244,"thinner":null,"tomeas":100,"tonode":50000400139007,"totdasqkm":0.8716999900000001,"uphydroseq":0,"uplevelpat":0,"vama":0.43313173000000005,"vbma":0.43313173000000005,"vcma":0.43410217000000006,"vdma":0.43410217000000006,"vema":0.43410217000000006,"visibilityfilter":100000,"vpuid":"1801","vpuin":0,"vpuout":0,"wbarea_permanent_identifier":null},"type":"Feature"},{"geometry":{"coordinates":[[-124.19004878376029,41.93861460186236],[-124.19026951779192,41.938686002007685],[-124.19039451836369,41.93874086829185],[-124.19054878425081,41.93882866774639],[-124.19076211796111,41.9389714019924],[-124.19083558398167,41.93907026814357],[-124.19105618416431,41.93926240167965],[-124.19129158409126,41.93953686780059],[-124.19165191811466,41.93989380175783],[-124.19210771789993,41.94022866825371],[-124.19236511756819,41.9403878017567],[-124.19268871768298,41.94054700168278],[-124.19312991804824,41.94066220222753],[-124.19367411834567,41.940761067761954],[-124.19382851808177,41.94080486822243],[-124.19411531781265,41.94092020194093],[-124.19438731779921,41.94105740218072],[-124.19465211778876,41.941145267938076],[-124.19490198418504,41.94118920177367],[-124.19508591783273,41.94120560194931],[-124.1953505839733,41.941178201946826],[-124.19556398415895,41.94110126792086],[-124.19565958376978,41.94105186817817],[-124.19574038363635,41.94099700187775],[-124.19590951843803,41.94086520188757],[-124.19599778420289,41.94081026793844]],"type":"LineString"},"id":2409607,"properties":{"OBJECTID":2409607,"Shape_Length":827.047603021533,"arbolatesu":0.614,"areasqkm":1.3343,"arqnavma":0,"avgqadjma":0,"divdasqkm":1.3343,"divergence":0,"dndraincou":1,"dnhydroseq":50000400171235,"dnlevel":3,"dnlevelpat":50000400171235,"dnminorhyd":0,"elevfixed":null,"fcode":46006,"fdate":1329768218000,"flowdir":1,"frommeas":0,"fromnode":50000400259451,"ftype":460,"gageadjma":0,"gageidma":"0","gageqma":0,"gnis_id":null,"gnis_name":null,"hwnodesqkm":0.7488,"hwtype":0,"hydroseq":50000400259938,"innetwork":1,"lengthkm":0.614,"levelpathi":50000400171235,"mainpath":0,"maxelevraw":308,"maxelevsmo":308,"minelevraw":145,"minelevsmo":145,"nhdplusid":50000400171192,"pathlength":1.09929484,"permanent_identifier":"113863726","petma":0,"qama":1.906233,"qbma":1.906233,"qcma":2.05996069,"qdma":2.05996069,"qema":2.05996069,"qfma":2.05996069,"qgadjma":0,"qgnavma":0,"qincrama":1.906233,"qincrbma":1.906233,"qincrcma":2.05996069,"qincrdma":2.05996069,"qincrema":2.05996069,"qincrfma":2.05996069,"qlossma":0,"reachcode":"18010101002650","resolution":2,"rtndiv":0,"slope":0.0031712100000000003,"slopelenkm":0.514,"startflag":1,"statusflag":"A","streamcalc":1,"streamleve":3,"streamorde":1,"terminalfl":0,"terminalpa":50000400005244,"thinner":null,"tomeas":100,"tonode":50000400069714,"totdasqkm":1.3343,"uphydroseq":0,"uplevelpat":0,"vama":0.65347872,"vbma":0.65347872,"vcma":0.65565342,"vdma":0.65565342,"vema":0.65565342,"visibilityfilter":100000,"vpuid":"1801","vpuin":0,"vpuout":0,"wbarea_permanent_identifier":null},"type":"Feature"},{"geometry":{"coordinates":[[-124.17857278444609,41.921145402166125],[-124.17871978386088,41.921498202052774],[-124.17872431765812,41.92174406831513],[-124.17858931793891,41.9222612677978],[-124.17860978425601,41.92293880178696],[-124.17847371823657,41.923396001708646],[-124.1783277842237,41.923763401891854],[-124.17838091777614,41.924026667918376],[-124.1787377178272,41.92421500229278],[-124.17953478399566,41.92432066793977],[-124.18062631791425,41.92428546813316],[-124.18102191799908,41.92438946808285],[-124.18130758405606,41.92464440232046],[-124.18136918423002,41.924931667720145],[-124.18125098390493,41.92528066775522],[-124.18126731797176,41.92572440221724],[-124.18149471840108,41.92629786800825],[-124.18159158373818,41.92675860213483],[-124.18162278402463,41.927148201992004],[-124.18175471779378,41.92754266831219],[-124.18200771841207,41.927762001753855],[-124.18273618383554,41.92807240215055],[-124.18337138436955,41.92853960222899],[-124.18402611787113,41.929198668010194],[-124.18458231786414,41.92996060176648],[-124.18494298426418,41.93078460186989],[-124.1850771835845,41.931095067755415],[-124.18517691814056,41.93126800170225]],"type":"LineString"},"id":3345546,"properties":{"OBJECTID":3345546,"Shape_Length":1933.6490640582722,"arbolatesu":1.5182922699999999,"areasqkm":2.32419996,"arqnavma":0,"avgqadjma":0,"divdasqkm":2.48299994,"divergence":0,"dndraincou":1,"dnhydroseq":50000400082738,"dnlevel":2,"dnlevelpat":50000400051599,"dnminorhyd":0,"elevfixed":null,"fcode":55800,"fdate":1502064000000,"flowdir":1,"frommeas":0,"fromnode":50000400162570,"ftype":558,"gageadjma":0,"gageidma":"0","gageqma":0,"gnis_id":null,"gnis_name":null,"hwnodesqkm":null,"hwtype":null,"hydroseq":50000400150113,"innetwork":1,"lengthkm":1.44129227,"levelpathi":50000400150113,"mainpath":0,"maxelevraw":-9998,"maxelevsmo":319,"minelevraw":139,"minelevsmo":145,"nhdplusid":50000400299883,"pathlength":2.67003175,"permanent_identifier":"113863796","petma":0,"qama":3.442692,"qbma":3.442692,"qcma":3.63749587,"qdma":3.63749587,"qema":3.63749587,"qfma":3.63749587,"qgadjma":0,"qgnavma":0,"qincrama":3.223612,"qincrbma":3.223612,"qincrcma":3.38041234,"qincrdma":3.38041234,"qincrema":3.38041234,"qincrfma":3.38041234,"qlossma":0,"reachcode":"18010101002930","resolution":2,"rtndiv":0,"slope":0.0012072500000000002,"slopelenkm":1.44129227,"startflag":0,"statusflag":"A","streamcalc":1,"streamleve":3,"streamorde":1,"terminalfl":0,"terminalpa":50000400005244,"thinner":null,"tomeas":100,"tonode":50000400162528,"totdasqkm":2.48299994,"uphydroseq":50000400222990,"uplevelpat":50000400150113,"vama":-9998,"vbma":-9998,"vcma":-9998,"vdma":-9998,"vema":-9998,"visibilityfilter":24000,"vpuid":"1801","vpuin":0,"vpuout":0,"wbarea_permanent_identifier":"{58E7631B-9231-413A-96B2-EDC13F5330AA}"},"type":"Feature"},{"geometry":{"coordinates":[[-124.1791927890788,41.90446832707794],[-124.17930304021193,41.904462813969936],[-124.17954574523876,41.904415225117155],[-124.18007398516853,41.90431052871402],[-124.18072476787948,41.90420583213914],[-124.18331838017453,41.903777528795096],[-124.18403221922853,41.903468198301105],[-124.18619752827085,41.9030874852355],[-124.18693516010347,41.903016102076975],[-124.18793453406043,41.9029923067816],[-124.18888631886689,41.903206458103426],[-124.18974292537237,41.90344440517996],[-124.19124198540946,41.903967885894474],[-124.19238412591957,41.90470551797117],[-124.19400215973126,41.905871455090725],[-124.19542983604263,41.90713256874697],[-124.19631023712336,41.90775122883092],[-124.19653814330417,41.90793198115444]],"type":"LineString"},"id":3479339,"properties":{"OBJECTID":3479339,"Shape_Length":2239.0615390690414,"arbolatesu":13.72127094,"areasqkm":2.23229999,"arqnavma":0,"avgqadjma":0,"divdasqkm":14.23809998,"divergence":0,"dndraincou":1,"dnhydroseq":50000400064787,"dnlevel":2,"dnlevelpat":50000400063184,"dnminorhyd":0,"elevfixed":null,"fcode":55800,"fdate":1502064000000,"flowdir":1,"frommeas":22.84090042,"fromnode":50000400069710,"ftype":558,"gageadjma":0,"gageidma":"0","gageqma":0,"gnis_id":null,"gnis_name":null,"hwnodesqkm":null,"hwtype":null,"hydroseq":50000400070233,"innetwork":1,"lengthkm":1.66123389,"levelpathi":50000400063184,"mainpath":0,"maxelevraw":-9998,"maxelevsmo":399,"minelevraw":269,"minelevsmo":399,"nhdplusid":50000400128740,"pathlength":4.90513628,"permanent_identifier":"113863690","petma":0,"qama":20.478563,"qbma":20.478563,"qcma":20.21653327,"qdma":20.21653327,"qema":20.21653327,"qfma":20.21653327,"qgadjma":0,"qgnavma":0,"qincrama":3.076294,"qincrbma":3.076294,"qincrcma":2.93008303,"qincrdma":2.93008303,"qincrema":2.93008303,"qincrfma":2.93008303,"qlossma":0,"reachcode":"18010101002646","resolution":2,"rtndiv":0,"slope":1e-05,"slopelenkm":1.66123389,"startflag":0,"statusflag":"A","streamcalc":2,"streamleve":2,"streamorde":2,"terminalfl":0,"terminalpa":50000400005244,"thinner":null,"tomeas":80.95075989,"tonode":50000400162524,"totdasqkm":14.23809998,"uphydroseq":50000400072289,"uplevelpat":50000400063184,"vama":-9998,"vbma":-9998,"vcma":-9998,"vdma":-9998,"vema":-9998,"visibilityfilter":1000000,"vpuid":"1801","vpuin":0,"vpuout":0,"wbarea_permanent_identifier":"113863310"},"type":"Feature"},{"geometry":{"coordinates":[[-124.20489611811499,41.94695620205805],[-124.20480858357874,41.94665046829923],[-124.20480118415576,41.94651866796863],[-124.20477911793911,41.946403467982705],[-124.20477898409013,41.94620580169612],[-124.20469798389928,41.94579946825475],[-124.20466851825965,41.945558002261976],[-124.20461698370843,41.94537686809153],[-124.20457271832447,41.9449376681416],[-124.20454331826186,41.94480046823317],[-124.2044181838411,41.94447646798862],[-124.20429311769232,41.944191067920826],[-124.20419751808146,41.943999002020384],[-124.20403551769974,41.943598267808596],[-124.20400611763714,41.94346646784989],[-124.20402078443078,41.943395202014344],[-124.20399131789281,41.94330180220921],[-124.20385878404903,41.94299980206605],[-124.2037631844382,41.94284066773162],[-124.20365291803373,41.942626601952064],[-124.20366751835202,41.942346601876174],[-124.20362331764679,41.9420282680766],[-124.20357178399388,41.94183060225728],[-124.20352758418697,41.941495668],[-124.20352751771165,41.94134200174753],[-124.20353478418396,41.94102360212666],[-124.20365958443145,41.940419667699985],[-124.20367431770042,41.94027686787061],[-124.2036669182774,41.940112268163666],[-124.20366678442845,41.93986520175674],[-124.2036447182118,41.939574268300376],[-124.20365931763179,41.93930520218391],[-124.20364458436282,41.93917900168873],[-124.20360038365759,41.939014268177274],[-124.20359298423459,41.93894286773126],[-124.2036591837828,41.93870680172614],[-124.2036517843598,41.938509201788044],[-124.2036517843598,41.93833906795799],[-124.20367378410113,41.93813040170983],[-124.20371038416074,41.93802606799561],[-124.2036735181998,41.937614267737835],[-124.20376538441234,41.936644401820715]],"type":"LineString"},"id":3761209,"properties":{"OBJECTID":3761209,"Shape_Length":1567.5148381903919,"arbolatesu":-9999,"areasqkm":0.09379999,"arqnavma":0,"avgqadjma":0,"divdasqkm":-9999,"divergence":0,"dndraincou":1,"dnhydroseq":50000400000405,"dnlevel":0,"dnlevelpat":50000400000001,"dnminorhyd":0,"elevfixed":null,"fcode":56600,"fdate":1424908800000,"flowdir":1,"frommeas":0,"fromnode":50000400092782,"ftype":566,"gageadjma":0,"gageidma":"0","gageqma":0,"gnis_id":null,"gnis_name":null,"hwnodesqkm":null,"hwtype":null,"hydroseq":50000400000407,"innetwork":1,"lengthkm":1.17134903,"levelpathi":50000400000001,"mainpath":0,"maxelevraw":-9998,"maxelevsmo":-9998,"minelevraw":0,"minelevsmo":-9998,"nhdplusid":50000400171189,"pathlength":-9999,"permanent_identifier":"113864838","petma":0,"qama":0.12586999999999998,"qbma":0.12586999999999998,"qcma":0.15085556000000003,"qdma":0.15085556000000003,"qema":0.15085556000000003,"qfma":0.15085556000000003,"qgadjma":0,"qgnavma":0,"qincrama":0.12586999999999998,"qincrbma":0.12586999999999998,"qincrcma":0.15085556000000003,"qincrdma":0.15085556000000003,"qincrema":0.15085556000000003,"qincrfma":0.15085556000000003,"qlossma":0,"reachcode":"18010101002763","resolution":2,"rtndiv":-9,"slope":-9998,"slopelenkm":1.17134903,"startflag":0,"statusflag":"A","streamcalc":-9,"streamleve":0,"streamorde":-9,"terminalfl":0,"terminalpa":50000400000001,"thinner":-9,"tomeas":100,"tonode":50000400000001,"totdasqkm":-9999,"uphydroseq":50000400000409,"uplevelpat":50000400000001,"vama":0.06561600000000001,"vbma":0.06561600000000001,"vcma":0.06561600000000001,"vdma":0.06561600000000001,"vema":0.06561600000000001,"visibilityfilter":5000000,"vpuid":"1801","vpuin":0,"vpuout":0,"wbarea_permanent_identifier":null},"type":"Feature"},{"geometry":{"coordinates":[[-124.18517691814056,41.93126800170225],[-124.18548398386427,41.931588668104446],[-124.18645458388433,41.9319506019309],[-124.18858831804272,41.93266026772811],[-124.18932518361241,41.93298246818708],[-124.19060491817629,41.93333520195139],[-124.19073909324206,41.93338126829272]],"type":"LineString"},"id":4373856,"properties":{"OBJECTID":4373856,"Shape_Length":703.4774668107756,"arbolatesu":12.92088889,"areasqkm":0.23860002,"arqnavma":0,"avgqadjma":0,"divdasqkm":11.49899998,"divergence":0,"dndraincou":1,"dnhydroseq":50000400077752,"dnlevel":2,"dnlevelpat":50000400051599,"dnminorhyd":0,"elevfixed":null,"fcode":55800,"fdate":1502064000000,"flowdir":1,"frommeas":23.396739959999998,"fromnode":50000400162528,"ftype":558,"gageadjma":0,"gageidma":"0","gageqma":0,"gnis_id":null,"gnis_name":null,"hwnodesqkm":null,"hwtype":null,"hydroseq":50000400082738,"innetwork":1,"lengthkm":0.5215872,"levelpathi":50000400051599,"mainpath":0,"maxelevraw":-9998,"maxelevsmo":145,"minelevraw":142,"minelevsmo":144,"nhdplusid":50000400299814,"pathlength":2.1484445500000002,"permanent_identifier":"113863800","petma":0,"qama":17.312817,"qbma":17.312817,"qcma":17.20096976,"qdma":17.20096976,"qema":17.20096976,"qfma":17.20096976,"qgadjma":0,"qgnavma":0,"qincrama":0.327588,"qincrbma":0.327588,"qincrcma":-0.01804129,"qincrdma":-0.01804129,"qincrema":-0.01804129,"qincrfma":-0.01804129,"qlossma":0,"reachcode":"18010101002932","resolution":2,"rtndiv":0,"slope":1.917e-05,"slopelenkm":0.5215872,"startflag":0,"statusflag":"A","streamcalc":2,"streamleve":2,"streamorde":2,"terminalfl":0,"terminalpa":50000400005244,"thinner":null,"tomeas":100,"tonode":50000400139008,"totdasqkm":11.49899998,"uphydroseq":50000400094937,"uplevelpat":50000400051599,"vama":-9998,"vbma":-9998,"vcma":-9998,"vdma":-9998,"vema":-9998,"visibilityfilter":250000,"vpuid":"1801","vpuin":0,"vpuout":0,"wbarea_permanent_identifier":"{58E7631B-9231-413A-96B2-EDC13F5330AA}"},"type":"Feature"},{"geometry":{"coordinates":[[-124.1778645176418,41.942358401984386],[-124.17801898385322,41.94210586783312],[-124.17811458436238,41.94183140207863],[-124.17815138384802,41.941403202218645],[-124.17823971788482,41.940760867970305],[-124.17828378384277,41.94057966805172],[-124.1784529842215,41.94020640232106],[-124.1785045178744,41.94012946779081],[-124.17864431819049,41.9398276023012],[-124.17877658433629,41.93958606825341],[-124.17895311766266,41.939372002239004],[-124.17900458394195,41.93925666772496],[-124.17910011797576,41.93910846810433],[-124.17919578406195,41.93887786807739],[-124.17929878399411,41.93870766774058],[-124.17933558437804,41.93854846790007],[-124.17933558437804,41.938411268276056],[-124.17922518412455,41.93815866770738],[-124.17917378432064,41.93800500210026],[-124.17916651784832,41.93788426782344],[-124.17926198361019,41.937642668278805],[-124.17941651809357,41.93748346778429],[-124.17954151776702,41.9373846680012],[-124.17962978443022,41.93729140172623],[-124.17976951827096,41.93711020197259],[-124.17979891833359,41.93676440204285],[-124.1798283183962,41.93664360193431],[-124.17992391800706,41.93644600228575],[-124.18004158383454,41.9362538021268],[-124.18011518370412,41.936056201938705],[-124.180159317934,41.9358586018067],[-124.18020351774092,41.93571580178743],[-124.18019611831792,41.93562246825121],[-124.18025498402021,41.935172267742914],[-124.18036518394933,41.93485940192842],[-124.18040938375628,41.93455740189707],[-124.18043878381889,41.934458602258815],[-124.18048298362581,41.93438180179848],[-124.18056391823967,41.93432140185527],[-124.18065211842752,41.93427740180751],[-124.18072558444807,41.934261001854864],[-124.18085058412154,41.93418966826002],[-124.18111518378682,41.93390966789261],[-124.18126238442422,41.93377786795627],[-124.18137271820237,41.933624201817636],[-124.18143878390158,41.93358566777587],[-124.1815197176171,41.933519868082385],[-124.18163731786761,41.93345946799123],[-124.18234877189452,41.93329454595331],[-124.1829445363876,41.932862325855986],[-124.18316648943302,41.93247683075997],[-124.18381358366145,41.93190046799766]],"type":"LineString"},"id":4422217,"properties":{"OBJECTID":4422217,"Shape_Length":1799.2592201650714,"arbolatesu":1.34202156,"areasqkm":1.29740001,"arqnavma":0,"avgqadjma":0,"divdasqkm":1.29740001,"divergence":0,"dndraincou":1,"dnhydroseq":50000400122430,"dnlevel":2,"dnlevelpat":50000400051599,"dnminorhyd":0,"elevfixed":null,"fcode":46003,"fdate":1502064000000,"flowdir":1,"frommeas":0,"fromnode":50000400222616,"ftype":460,"gageadjma":0,"gageidma":"0","gageqma":0,"gnis_id":null,"gnis_name":null,"hwnodesqkm":0.0776,"hwtype":0,"hydroseq":50000400296397,"innetwork":1,"lengthkm":1.34202156,"levelpathi":50000400296397,"mainpath":0,"maxelevraw":2308,"maxelevsmo":2308,"minelevraw":310,"minelevsmo":310,"nhdplusid":50000400086215,"pathlength":2.81137096,"permanent_identifier":"113863648","petma":0,"qama":1.94388,"qbma":1.94388,"qcma":2.0990794800000003,"qdma":2.0990794800000003,"qema":2.0990794800000003,"qfma":2.0990794800000003,"qgadjma":0,"qgnavma":0,"qincrama":1.94388,"qincrbma":1.94388,"qincrcma":2.0990794800000003,"qincrdma":2.0990794800000003,"qincrema":2.0990794800000003,"qincrfma":2.0990794800000003,"qlossma":0,"reachcode":"18010101002644","resolution":2,"rtndiv":0,"slope":0.01608668,"slopelenkm":1.24202156,"startflag":1,"statusflag":"A","streamcalc":1,"streamleve":3,"streamorde":1,"terminalfl":0,"terminalpa":50000400005244,"thinner":null,"tomeas":100,"tonode":50000400000287,"totdasqkm":1.29740001,"uphydroseq":0,"uplevelpat":0,"vama":0.75398358,"vbma":0.75398358,"vcma":0.7567646100000001,"vdma":0.7567646100000001,"vema":0.7567646100000001,"visibilityfilter":24000,"vpuid":"1801","vpuin":0,"vpuout":0,"wbarea_permanent_identifier":null},"type":"Feature"},{"geometry":{"coordinates":[[-124.19612213169948,41.93651681413143],[-124.19612778300092,41.93653079312503],[-124.19613462367182,41.93654417804695]],"type":"LineString"},"id":5314575,"properties":{"OBJECTID":5314575,"Shape_Length":4.327317712701816,"arbolatesu":15.60274702,"areasqkm":0.0026000000000000003,"arqnavma":0,"avgqadjma":0,"divdasqkm":12.637899970000001,"divergence":0,"dndraincou":1,"dnhydroseq":50000400057760,"dnlevel":2,"dnlevelpat":50000400051599,"dnminorhyd":0,"elevfixed":null,"fcode":55800,"fdate":1502064000000,"flowdir":1,"frommeas":78.33551788,"fromnode":50000400046696,"ftype":558,"gageadjma":0,"gageidma":"0","gageqma":0,"gnis_id":null,"gnis_name":null,"hwnodesqkm":null,"hwtype":null,"hydroseq":50000400060598,"innetwork":1,"lengthkm":0.0032313800000000003,"levelpathi":50000400051599,"mainpath":0,"maxelevraw":-9998,"maxelevsmo":0,"minelevraw":0,"minelevsmo":0,"nhdplusid":50000400086153,"pathlength":1.54911335,"permanent_identifier":"{4FEF7478-A58A-47F5-853A-6AD50E2E2FBE}","petma":0,"qama":18.867821,"qbma":18.867821,"qcma":18.68461348,"qdma":18.68461348,"qema":18.68461348,"qfma":18.68461348,"qgadjma":0,"qgnavma":0,"qincrama":0.00351,"qincrbma":0.00351,"qincrcma":0.00334354,"qincrdma":0.00334354,"qincrema":0.00334354,"qincrfma":0.00334354,"qlossma":0,"reachcode":"18010101002957","resolution":2,"rtndiv":0,"slope":1e-05,"slopelenkm":0.0032313800000000003,"startflag":0,"statusflag":"A","streamcalc":2,"streamleve":2,"streamorde":2,"terminalfl":0,"terminalpa":50000400005244,"thinner":null,"tomeas":78.86665344000001,"tonode":50000400069713,"totdasqkm":12.637899970000001,"uphydroseq":50000400062829,"uplevelpat":50000400051599,"vama":0.54072843,"vbma":0.54072843,"vcma":0.54054488,"vdma":0.54054488,"vema":0.54054488,"visibilityfilter":0,"vpuid":"1801","vpuin":0,"vpuout":0,"wbarea_permanent_identifier":"113864578"},"type":"Feature"},{"geometry":{"coordinates":[[-124.18381358366145,41.93190046799766],[-124.18390931801959,41.931927867976725],[-124.18406358390668,41.93190040183674],[-124.18434298421455,41.9317358018951],[-124.18450478427197,41.931604068306015],[-124.1845929835615,41.93149966777818],[-124.184703184389,41.93139540207558]],"type":"LineString"},"id":6099478,"properties":{"OBJECTID":6099478,"Shape_Length":133.7497995265601,"arbolatesu":7.21106654,"areasqkm":0.010700000000000001,"arqnavma":0,"avgqadjma":0,"divdasqkm":4.63060004,"divergence":0,"dndraincou":1,"dnhydroseq":50000400102336,"dnlevel":2,"dnlevelpat":50000400051599,"dnminorhyd":0,"elevfixed":null,"fcode":46006,"fdate":1502064000000,"flowdir":1,"frommeas":0.47494000000000003,"fromnode":50000400000287,"ftype":460,"gageadjma":0,"gageidma":"0","gageqma":0,"gnis_id":"00231633","gnis_name":"Ritmer Creek","hwnodesqkm":null,"hwtype":null,"hydroseq":50000400122430,"innetwork":1,"lengthkm":0.09939633,"levelpathi":50000400051599,"mainpath":0,"maxelevraw":-9998,"maxelevsmo":310,"minelevraw":275,"minelevsmo":281,"nhdplusid":50000400000568,"pathlength":2.71197463,"permanent_identifier":"{5C5F6AF1-2319-4550-A3BF-689902962ECB}","petma":0,"qama":7.507405,"qbma":7.507405,"qcma":7.70011384,"qdma":7.70011384,"qema":7.70011384,"qfma":7.70011384,"qgadjma":0,"qgnavma":0,"qincrama":0.014522,"qincrbma":0.014522,"qincrcma":-0.15631457999999998,"qincrdma":-0.15631457999999998,"qincrema":-0.15631457999999998,"qincrfma":-0.15631457999999998,"qlossma":0,"reachcode":"18010101000286","resolution":2,"rtndiv":0,"slope":0.00291761,"slopelenkm":0.09939633,"startflag":0,"statusflag":"A","streamcalc":2,"streamleve":2,"streamorde":2,"terminalfl":0,"terminalpa":50000400005244,"thinner":null,"tomeas":2.16425991,"tonode":50000400092809,"totdasqkm":4.63060004,"uphydroseq":50000400125267,"uplevelpat":50000400051599,"vama":0.76629587,"vbma":0.76629587,"vcma":0.76723689,"vdma":0.76723689,"vema":0.76723689,"visibilityfilter":0,"vpuid":"1801","vpuin":0,"vpuout":0,"wbarea_permanent_identifier":null},"type":"Feature"},{"geometry":{"coordinates":[[-124.19653814330417,41.90793198115444],[-124.1970002807038,41.90829850499838],[-124.19733340475723,41.908679217743725],[-124.19783309263403,41.909083727269454],[-124.19809483296173,41.90984515516292],[-124.198023449236,41.910440019169386],[-124.19783309263403,41.91108247492101],[-124.19752376225749,41.91170113416247],[-124.19688130782755,41.91205805408487],[-124.19666925062327,41.91236427790161]],"type":"LineString"},"id":6136155,"properties":{"OBJECTID":6136155,"Shape_Length":770.1634763941291,"arbolatesu":14.29580689,"areasqkm":0.5894999900000001,"arqnavma":0,"avgqadjma":0,"divdasqkm":14.827599970000001,"divergence":0,"dndraincou":1,"dnhydroseq":50000400063184,"dnlevel":2,"dnlevelpat":50000400063184,"dnminorhyd":0,"elevfixed":null,"fcode":46006,"fdate":1502064000000,"flowdir":1,"frommeas":2.89826989,"fromnode":50000400162524,"ftype":460,"gageadjma":0,"gageidma":"0","gageqma":0,"gnis_id":null,"gnis_name":null,"hwnodesqkm":null,"hwtype":null,"hydroseq":50000400064787,"innetwork":1,"lengthkm":0.57453595,"levelpathi":50000400063184,"mainpath":0,"maxelevraw":-9998,"maxelevsmo":399,"minelevraw":224,"minelevsmo":399,"nhdplusid":50000400299810,"pathlength":4.33060033,"permanent_identifier":"{D2356C10-F255-4360-B366-C8C2AD57DB7B}","petma":0,"qama":21.280032000000002,"qbma":21.280032000000002,"qcma":20.97704994,"qdma":20.97704994,"qema":20.97704994,"qfma":20.97704994,"qgadjma":0,"qgnavma":0,"qincrama":0.801469,"qincrbma":0.801469,"qincrcma":0.7605166700000001,"qincrdma":0.7605166700000001,"qincrema":0.7605166700000001,"qincrfma":0.7605166700000001,"qlossma":0,"reachcode":"18010101002646","resolution":2,"rtndiv":0,"slope":1e-05,"slopelenkm":0.57453595,"startflag":0,"statusflag":"A","streamcalc":2,"streamleve":2,"streamorde":2,"terminalfl":0,"terminalpa":50000400005244,"thinner":null,"tomeas":22.84090042,"tonode":50000400069711,"totdasqkm":14.827599970000001,"uphydroseq":50000400070233,"uplevelpat":50000400063184,"vama":0.5486467899999999,"vbma":0.5486467899999999,"vcma":0.54836789,"vdma":0.54836789,"vema":0.54836789,"visibilityfilter":1000000,"vpuid":"1801","vpuin":0,"vpuout":0,"wbarea_permanent_identifier":null},"type":"Feature"},{"geometry":{"coordinates":[[-124.18618111784723,41.921870467734216],[-124.18642358392219,41.922178001980036],[-124.18651918443136,41.92233166828824],[-124.18685731838917,41.92284220186149]],"type":"LineString"},"id":6693785,"properties":{"OBJECTID":6693785,"Shape_Length":163.83108841810878,"arbolatesu":0.077,"areasqkm":0.33730002,"arqnavma":0,"avgqadjma":0,"divdasqkm":0.33730002,"divergence":0,"dndraincou":1,"dnhydroseq":50000400160780,"dnlevel":3,"dnlevelpat":50000400160780,"dnminorhyd":0,"elevfixed":null,"fcode":46006,"fdate":1329767991000,"flowdir":1,"frommeas":0,"fromnode":50000400204006,"ftype":460,"gageadjma":0,"gageidma":"0","gageqma":0,"gnis_id":null,"gnis_name":null,"hwnodesqkm":0.3342,"hwtype":0,"hydroseq":50000400314788,"innetwork":1,"lengthkm":0.077,"levelpathi":50000400160780,"mainpath":0,"maxelevraw":273,"maxelevsmo":273,"minelevraw":210,"minelevsmo":210,"nhdplusid":50000400043399,"pathlength":3.99475524,"permanent_identifier":"113863640","petma":0,"qama":0.463504,"qbma":0.463504,"qcma":0.5286016400000001,"qdma":0.5286016400000001,"qema":0.5286016400000001,"qfma":0.5286016400000001,"qgadjma":0,"qgnavma":0,"qincrama":0.463504,"qincrbma":0.463504,"qincrcma":0.5286016400000001,"qincrdma":0.5286016400000001,"qincrema":0.5286016400000001,"qincrfma":0.5286016400000001,"qlossma":0,"reachcode":"18010101002642","resolution":2,"rtndiv":0,"slope":0.09449995,"slopelenkm":0.0066666699999999995,"startflag":1,"statusflag":"A","streamcalc":1,"streamleve":3,"streamorde":1,"terminalfl":0,"terminalpa":50000400005244,"thinner":null,"tomeas":100,"tonode":50000400116052,"totdasqkm":0.33730002,"uphydroseq":0,"uplevelpat":0,"vama":0.7386642600000001,"vbma":0.7386642600000001,"vcma":0.74326895,"vdma":0.74326895,"vema":0.74326895,"visibilityfilter":0,"vpuid":"1801","vpuin":0,"vpuout":0,"wbarea_permanent_identifier":null},"type":"Feature"},{"geometry":{"coordinates":[[-124.20376538441234,41.936644401820715],[-124.20387138381923,41.93552266788134],[-124.20395958400708,41.93532500194361],[-124.20404031829663,41.934962668265634],[-124.20407711778222,41.934858402209485],[-124.20417991828839,41.934380667750496],[-124.20420191802971,41.9342324681592],[-124.20429731821457,41.93375486801245],[-124.20437078423512,41.93350240203552],[-124.20446631826898,41.93325526791885],[-124.20451031775158,41.93280506807643],[-124.20458371819514,41.932409802279444],[-124.20457631787383,41.93216280226531],[-124.20457618402487,41.93193220185041],[-124.20456151812951,41.931729068163975],[-124.20456871812651,41.931657668249436],[-124.20465698389138,41.93155886812916],[-124.20465691831437,41.93143260218274],[-124.2047009842723,41.9313118681614],[-124.204686318377,41.9311800682034],[-124.20466418388838,41.93109220208176],[-124.20468618362969,41.93086720218675],[-124.20466398356409,41.93064760207459],[-124.20471538426632,41.930488267833624],[-124.20475951759792,41.93027966812554],[-124.20479618413289,41.929890001848456],[-124.20481811829717,41.92974720183222],[-124.20481818387418,41.92958246801757],[-124.20484018361547,41.92947820185444],[-124.2048989181637,41.929335402253024],[-124.20495771828895,41.92921466827217],[-124.20497238418429,41.929088268031066],[-124.20492818437737,41.928890802031034],[-124.2048839180951,41.92857240173061],[-124.20483978386518,41.92833080233298],[-124.20486918392781,41.92806180172909],[-124.20495731764034,41.92788060181887],[-124.20497198443398,41.927776268045534],[-124.20490578398743,41.92757860216147],[-124.20481751822255,41.9274578681974],[-124.2047219177134,41.92741400176126],[-124.20456018413131,41.92740846791144],[-124.20447938426477,41.92740306772906],[-124.20443518355954,41.92738106799614],[-124.2044205176642,41.92727126771489],[-124.20441311824119,41.92701326825696],[-124.2044277176612,41.92685406796415],[-124.20441298439223,41.92675526775565],[-124.20442758381225,41.92657406814448],[-124.20444971830084,41.926425867792254],[-124.20445691829786,41.92621720200024],[-124.20445691829786,41.92608546770819],[-124.20442738438625,41.92593726822601],[-124.20442738438625,41.925794601721485],[-124.2044053181696,41.92561340205525],[-124.20439058400231,41.925355401908064],[-124.2043683839367,41.92514666778367],[-124.20431691765742,41.92482840185221],[-124.20426538400453,41.92462526826892],[-124.20422858362059,41.924504401725564],[-124.20420651830227,41.92440020212027],[-124.20420638355499,41.92432326790571],[-124.20419171765965,41.924240868316154],[-124.20419171765965,41.924054267781585],[-124.20423578361762,41.923845667754335],[-124.20430178373984,41.92352180232865],[-124.20430911758582,41.92342846832738],[-124.20433111822545,41.92332406778711],[-124.20432378437947,41.923165001991],[-124.20429431784152,41.922912401863364],[-124.20428698399554,41.92283546785996],[-124.20430158431384,41.92263240212287],[-124.20427951809722,41.92241826784314],[-124.2042427177133,41.92227006786336],[-124.20424991771029,41.922121868207775],[-124.2042425182873,41.92201760188232],[-124.20430871783553,41.92189666823819],[-124.2043747844331,41.92172646803775],[-124.20443358366,41.921545401860875],[-124.20445558429964,41.921408068075046],[-124.20449218435925,41.92119400187417],[-124.20453631769085,41.92101286801415],[-124.20459498396711,41.92080966814225],[-124.20466098408936,41.920667002203444],[-124.20469771799796,41.920535267814664],[-124.20471251774225,41.920408867755896],[-124.2047197842146,41.92027166788048],[-124.20472698421159,41.9201564017634],[-124.20466818408634,41.919898402276075],[-124.20466078376505,41.91977766781498],[-124.20463138370245,41.9196898020305],[-124.20461671780708,41.91951960195945],[-124.2046093183841,41.91944266787588],[-124.20460191806279,41.91933846802547],[-124.20459451774148,41.919201201679755],[-124.2046017842138,41.91905846797587],[-124.20460171773848,41.91890466812051],[-124.2046311178011,41.91865220219273],[-124.20464578369644,41.91850400215572],[-124.20466778433604,41.918152602131265],[-124.20466758401176,41.91777926798279],[-124.20471158439268,41.91755420174992],[-124.20472618381267,41.91738946786855],[-124.20473358413398,41.91730720170357],[-124.20473358413398,41.917197402133766],[-124.20474831830127,41.91702166801749],[-124.2047775836166,41.91692840204847],[-124.2048069836792,41.91685700228021],[-124.20486571822745,41.91668126789506],[-124.20487298380148,41.91664826776071],[-124.2049245183527,41.9164068016864],[-124.20494651809399,41.916231068066935],[-124.20494651809399,41.91614880174565],[-124.20495371809098,41.915912668090996],[-124.20496838398631,41.915748002166154],[-124.2049757178323,41.915599802069494],[-124.20502718411156,41.9154240682333],[-124.20506378417117,41.91526486776782],[-124.20510791840108,41.91521000201265],[-124.20514458403774,41.91507820221281],[-124.20517398410034,41.91504526809648],[-124.20525471838987,41.91472126776047],[-124.2052767837082,41.914611467752536],[-124.20535751799773,41.91424920225829],[-124.20537951773905,41.914122867960586],[-124.205423583697,41.91401306826015],[-124.20548231824522,41.91390880205502],[-124.20552638420314,41.91376600169862],[-124.20554838394443,41.91359040185788],[-124.20555571779045,41.913414667836825],[-124.20555571779045,41.913206067789254],[-124.20557758368277,41.91293706826166],[-124.20560691816836,41.91265706820283],[-124.20561431759138,41.91250340199491],[-124.20559938399809,41.91239360218251],[-124.20557751810574,41.91233320214432],[-124.20554798419415,41.91222886768214],[-124.20554798419415,41.912108202273735],[-124.20560671784405,41.911998268081376],[-124.20565091765097,41.91184460229292],[-124.205650718225,41.91173466831509],[-124.205650718225,41.911685402258136],[-124.20562118431339,41.91152066793551],[-124.2056139843164,41.9114164016699],[-124.20562858373641,41.91137246805061],[-124.20564331790368,41.91128460205841],[-124.205657983799,41.91115280217473],[-124.205657983799,41.91100460210426],[-124.20565051790066,41.91092226821172],[-124.20561378399209,41.91083446778257],[-124.20556958418517,41.910763067882094],[-124.20555491828983,41.910680668163565],[-124.20554758444388,41.91063680222644],[-124.20559158392646,41.91047760185338],[-124.20564298373037,41.91028546785346],[-124.20568711796031,41.91010426826807],[-124.20575311808255,41.90974740226782],[-124.20576778397789,41.90967600181991],[-124.20579711756515,41.90956066776298],[-124.20584851826742,41.909280801975164],[-124.2058631176874,41.90914900196534],[-124.20589251775003,41.90900626784137],[-124.20588511832703,41.90894040201653],[-124.20590711806835,41.90877020202507],[-124.20594378370498,41.90857246790293],[-124.20595111755094,41.90842440223489],[-124.20595098370197,41.908363868075796],[-124.20597311819057,41.907996067690576],[-124.20597298434159,41.907924667958035],[-124.20598771761058,41.907793002199966],[-124.20601711767318,41.907727068268734],[-124.20606111805412,41.907535002204646],[-124.20609038426777,41.907342801852735],[-124.20611238400907,41.9072768681251],[-124.20611978433038,41.90715620204694],[-124.20611971785503,41.9069146017848],[-124.20617098381,41.90665660225089],[-124.20617091823298,41.90648640218761],[-124.20627378431617,41.90618440222571],[-124.20631778379877,41.90597580194965],[-124.20633991828738,41.905871467793474],[-124.20634718386142,41.90579460216557],[-124.20634711828438,41.905673802246696],[-124.20631771822177,41.90554206833246],[-124.2063691180257,41.90537740172745],[-124.20641318398363,41.90521260232046],[-124.20642051782961,41.90514126766931],[-124.20641311840663,41.905048001723046],[-124.2063761841737,41.9048502681064],[-124.20639818391503,41.904713068212644],[-124.20641298365935,41.90459226825315],[-124.20644218429595,41.9044770018983],[-124.20645698404027,41.90431226769396],[-124.20645691756492,41.90419700217081],[-124.20647151788326,41.90409820231674],[-124.20647151788326,41.90379080224914],[-124.20649351762457,41.90368640167502],[-124.20650078409689,41.90359860199121],[-124.20650071762157,41.9034010022841],[-124.20650078409689,41.90323080223356],[-124.2064859843526,41.903022201667554],[-124.20647851755594,41.902874002111],[-124.20647851755594,41.90275860227761],[-124.20648578402829,41.90252806808797],[-124.20650038434658,41.90234140205896],[-124.20652978440921,41.90224260200799],[-124.20655171767517,41.90218766822827],[-124.20658838421014,41.90202846818016],[-124.20662511811875,41.90188026832295],[-124.20663238369275,41.901808867768196],[-124.20666911760134,41.90159480202121],[-124.20667638407367,41.901386202127966],[-124.20666171817834,41.90123240181057],[-124.20664691843405,41.901111668144765],[-124.20659538388283,41.900952468088455],[-124.2065659182432,41.90078226819731],[-124.2065659182432,41.90057366832417],[-124.2065879179845,41.90042000177997],[-124.2066099177258,41.90034306807578],[-124.20662458362114,41.90019486831864],[-124.20662451804411,41.89991486786575],[-124.20662451804411,41.89978860215012],[-124.20662438419514,41.899552468150304],[-124.20663898361514,41.89938240226607],[-124.20665371778244,41.899206667912445],[-124.20669771816337,41.89909140186476],[-124.20683718430617,41.898624668194],[-124.2069253180187,41.89832826771476],[-124.20694731776,41.89807566824407],[-124.20696198365533,41.89800440184517],[-124.20697651839663,41.897707868100206],[-124.20700578371195,41.89755420201498],[-124.20703518377458,41.89745540191215],[-124.20702778435158,41.89730160215715],[-124.2070717838342,41.89700520222368],[-124.20708651800147,41.89695026795028],[-124.20710838389381,41.89673606823157],[-124.20713778395644,41.89656046768339],[-124.20713778395644,41.89645620172497],[-124.20714511780241,41.896275001671775],[-124.20715238427474,41.89598946818604],[-124.20715971812072,41.8959126682274],[-124.2072109840757,41.895654602170715],[-124.20726238387961,41.89540760230423],[-124.20731378368353,41.895220867984406],[-124.20742391803569,41.894853068116284],[-124.20748998373496,41.89468826829366],[-124.20752658379455,41.894507202310805],[-124.20757058417547,41.89430406784061],[-124.20761471840538,41.8941722676732],[-124.20767331820632,41.893809868135484],[-124.20770998384297,41.893606802329],[-124.20771731768893,41.89343120186997],[-124.20774658390256,41.89320600231119],[-124.20774658390256,41.89311820225976],[-124.20776851806687,41.892871068205814],[-124.2078051837035,41.89277780172366],[-124.20786398382874,41.89250326818024],[-124.20792998395099,41.89220680184328],[-124.2081721841246,41.891191202139346],[-124.20820138386294,41.89100986811671],[-124.2082087177089,41.890839802220505],[-124.20823071834856,41.890686068118654],[-124.20823071834856,41.89057080207319],[-124.20828198430348,41.89040060193137],[-124.20831138436611,41.89025780182082],[-124.2083333841074,41.89014260187553],[-124.208370118016,41.89003280172383],[-124.20839951807865,41.889807602220586],[-124.20843611813825,41.88965400205648],[-124.20847278377488,41.88952766790505],[-124.20850951768348,41.889395867912704],[-124.2085389177461,41.88926960213083],[-124.20854618421845,41.88917080191825],[-124.20857538395676,41.88898960192725],[-124.20857551780574,41.888934801864124],[-124.2086561838233,41.88859986809983],[-124.20873691811283,41.888308868055795],[-124.20877358374948,41.88811126784977],[-124.20878091759543,41.8880290020728],[-124.20877351817245,41.88790820198302],[-124.20878811759243,41.887732468157],[-124.20880278438608,41.887650201892235],[-124.2088247841274,41.887600802224654],[-124.2088909180986,41.88740306808313],[-124.20891291783992,41.88733166806119],[-124.20894958437489,41.88723840218478],[-124.20896418379488,41.887150468203664],[-124.20897891796216,41.88706266785382],[-124.20899358385749,41.886985802323004],[-124.20900078385449,41.886596002100916],[-124.2090301839171,41.886442267817515],[-124.20908151814402,41.8862996019753],[-124.2091621841616,41.88599220183327],[-124.20920631839148,41.88581086776551],[-124.20923551812982,41.88570120194899],[-124.20925758434643,41.885607801943245],[-124.20931631799635,41.885399201995945],[-124.20938971843991,41.88521800200768],[-124.20949251804777,41.885036867715016],[-124.20960258412796,41.884866602001495],[-124.2096833839945,41.884723802227406],[-124.20971271758178,41.88464146788479],[-124.20972011790307,41.884608467908095],[-124.20976418386104,41.88446040218052],[-124.20977138385803,41.88426820192925],[-124.20977858385505,41.884065067668494],[-124.20976391795972,41.88375766814468],[-124.20978591770101,41.88368626806149],[-124.20980058359638,41.883592867785346],[-124.20980778359333,41.88346660190363],[-124.20980778359333,41.88328546799615],[-124.20980778359333,41.88306040187655],[-124.20979298384904,41.882923201984696],[-124.20979291827204,41.88272006812945],[-124.20978551795073,41.88266506806538],[-124.20980018384607,41.88250586817489],[-124.20983678390566,41.88239060208353],[-124.20992498409353,41.88207220187578],[-124.20996158415315,41.88187446801258],[-124.20997631832043,41.881841601707656],[-124.21013018355893,41.881177268140725],[-124.21025498380642,41.880776467720146],[-124.21034291809295,41.8804032019258],[-124.21038691757555,41.880150601793325],[-124.21039418404787,41.88005180219273],[-124.21041618378919,41.87994200208772],[-124.21045298417312,41.87979926822382],[-124.21051158397405,41.879519267982495],[-124.21052618429238,41.879464402275865],[-124.21058491794226,41.87914040196446],[-124.21060691768358,41.8790306678469],[-124.21062891832321,41.8789098019176],[-124.21070231786844,41.87859140175565],[-124.21081958394564,41.878064267758816],[-124.21088558406787,41.87777886824277],[-124.21090031823516,41.877702067793074],[-124.2109589180361,41.877433002294794],[-124.21098818424973,41.87735620209828],[-124.21103231758133,41.87728466777779],[-124.21106898411627,41.877098067762546],[-124.2111495836585,41.8768290679459],[-124.21115698397983,41.8767906681652],[-124.2112963836473,41.87629646808494],[-124.21131838428694,41.876186668216306],[-124.21137711793683,41.87600560196423],[-124.21156791830653,41.875451001688894],[-124.21160451836616,41.87525886798189],[-124.21164851784879,41.87509406777676],[-124.21167051759008,41.87497886791357],[-124.21170258385249,41.87483780187789],[-124.21171731801977,41.8747334021356],[-124.21173938423641,41.874612667877415],[-124.21174651775806,41.87431620212921],[-124.21177591782069,41.87425580219315],[-124.21179778371301,41.87409106829811],[-124.21182718377564,41.87401420187808],[-124.21188591832387,41.87392626775747],[-124.21190058421918,41.87389340204697],[-124.21190791806517,41.87376160190986],[-124.21190791806517,41.87368480198379],[-124.2119371842788,41.87360800196545],[-124.21198118376144,41.87352006795489],[-124.21200331825003,41.87343226827317],[-124.21203991830964,41.873300467854094],[-124.21205451772964,41.873218067955456],[-124.21206918362496,41.87313580173215],[-124.21212791817318,41.872932601980935],[-124.21217191765581,41.872806268211086],[-124.21220858419076,41.87271300186854],[-124.21223798425338,41.87260866822247],[-124.21223791777805,41.87250426818361],[-124.21225251809636,41.87246040210924],[-124.21224518425038,41.87233420185825],[-124.21223038360776,41.87220240185057],[-124.21222311803373,41.87216406818858],[-124.21222298418478,41.87211460169671],[-124.21225971809335,41.87197726793213],[-124.21228171783467,41.87187860218924],[-124.2123109840483,41.87176866830468],[-124.21234038411096,41.87166986778626],[-124.21239911776082,41.87158206823877],[-124.21247251820441,41.871433801751024],[-124.212516517687,41.87134046785107],[-124.21256791838927,41.87120320199173],[-124.21258978428158,41.87110980220003],[-124.21259711812755,41.87102200188321],[-124.21258251780925,41.87091766815275],[-124.21255311774662,41.87084080192999],[-124.212530917681,41.8707858679],[-124.21254558357633,41.870709067743135],[-124.21259698427856,41.870588402141784],[-124.21261158369857,41.870467468069435],[-124.2126409837612,41.87034680201202],[-124.21267018439782,41.87027540232991],[-124.21275838368736,41.870061202136206],[-124.21281691791128,41.86985806820128],[-124.21283158380659,41.86978120204228],[-124.21285358444622,41.869726267770645],[-124.21286831771519,41.86965500185322],[-124.21286091829221,41.8695396677631],[-124.21284618412491,41.86947380203867],[-124.21283891765258,41.869424401697444],[-124.21285351797087,41.869353002322974],[-124.21287551771219,41.869309067860186],[-124.21290491777482,41.86923766768799],[-124.21295618372977,41.869144402159],[-124.21300771828099,41.86907300180284],[-124.21305171776362,41.86899060180612],[-124.21307358365593,41.8689412017604],[-124.2131321843552,41.86860640200723],[-124.21316891826379,41.868326267770186],[-124.21319818357911,41.8681232019079],[-124.2132055183234,41.868062802140365],[-124.21321278389743,41.86794746785349],[-124.21322011774342,41.86785966787593],[-124.21321998389442,41.86764006772866],[-124.21324931838002,41.867563202247474],[-124.21329331786265,41.86749180213221],[-124.21330798375796,41.86743140176819],[-124.21332258407628,41.86732706819803],[-124.21333738382059,41.86724466795781],[-124.21338871804751,41.86714586780576],[-124.21342538368414,41.86705260190088],[-124.21346938406506,41.86700866786407],[-124.2134987841277,41.86694826771257],[-124.21351338444599,41.86687140206861],[-124.21352071829197,41.86678906813847],[-124.21353531771199,41.86669026795132],[-124.21357211809591,41.86660240202542],[-124.21360878373254,41.866542002159036],[-124.21361598372955,41.866454202258176],[-124.21366011795945,41.86639380225182],[-124.21368938417308,41.86633326772358],[-124.21372618365872,41.86622346813309],[-124.21378478435794,41.86604240175416],[-124.21385811832617,41.86585020230244],[-124.21392411844842,41.8656580678336],[-124.21399011767234,41.865438401921885],[-124.21406351811588,41.86518586774389],[-124.21410758407384,41.865054067715455],[-124.21412211791682,41.864977201801054],[-124.21412211791682,41.864894868107505],[-124.21409998432654,41.86479060198034],[-124.2140927178542,41.86468080174745],[-124.2141073181725,41.864543468068184],[-124.21413658438614,41.864428267922065],[-124.21415118380615,41.86431840217388],[-124.21418058386877,41.864236068300976],[-124.21423191809568,41.86413726818254],[-124.2143053176409,41.86396160211408],[-124.21434938359887,41.86386280224049],[-124.21435658359586,41.863774868204196],[-124.2144153837211,41.863703601673386],[-124.21445931762668,41.86352780194984],[-124.21446658409906,41.86346186781361],[-124.21449598416164,41.8634180022243],[-124.21448858384035,41.86336306783688],[-124.21451798390297,41.86330820231026],[-124.21453998364426,41.86326966796357],[-124.21453991806725,41.863198402207665],[-124.21453991806725,41.86312160230169],[-124.21456191780857,41.863066668328536],[-124.2145765837039,41.862869002106564],[-124.21461318376349,41.862759201918735],[-124.21467191831171,41.86258900195569],[-124.21472318426669,41.862429667758136],[-124.21475991817529,41.86226506796531],[-124.2147817840676,41.86218266789118],[-124.21478911791358,41.862012602205354],[-124.2148037182319,41.86194120191247],[-124.2148037182319,41.86183140213853],[-124.21484038386853,41.86161726798544],[-124.21486971835415,41.86145246806853],[-124.21492831815506,41.86129326819034],[-124.21499431827732,41.86115046792543],[-124.21503098391395,41.86108466782069],[-124.21505298365527,41.86095286803555],[-124.21506758397356,41.86085406819615],[-124.21510431788215,41.86063986788058],[-124.21515551826009,41.860464202239086],[-124.21522891780533,41.860228201871614],[-124.21535358420383,41.859948067721426],[-124.21539758368647,41.85978900192161],[-124.21547831797596,41.85960780224415],[-124.21553691777693,41.85941006779127],[-124.21558818373185,41.85921246787574],[-124.21562478379147,41.85906420213826],[-124.21568351833972,41.85892700224968],[-124.21574218371765,41.85882806814495],[-124.21583751832549,41.85855906771418],[-124.21591818434307,41.858410801799934],[-124.21601358362959,41.858207668315146],[-124.21607218432887,41.85803200201393],[-124.21616031804136,41.857861667698096],[-124.21620431842231,41.85774086812082],[-124.21627771796754,41.85763666793992],[-124.21632898392247,41.85752140182441],[-124.21634371808976,41.857417001902384],[-124.2163361839195,41.85729066824802],[-124.21634351776547,41.85718100233255],[-124.21637278397911,41.85709306780539],[-124.21641691820902,41.8570108022417],[-124.216431517629,41.85692286814962],[-124.21643891795034,41.85683506775223],[-124.21644611794733,41.85667586775309],[-124.21646071826564,41.85659346783663],[-124.21651938364357,41.85643426790512],[-124.21654871812919,41.85636286807447],[-124.21659278408715,41.85630246790244],[-124.21660018440843,41.856247601670304],[-124.21662211767442,41.856055402215716],[-124.21665131831105,41.855934668142666],[-124.21667338362937,41.85582480185164],[-124.21673211817759,41.855687601704204],[-124.21680538387383,41.855528402194196],[-124.21683471835948,41.855451467955895],[-124.21684938425479,41.85540206815454],[-124.21689331816039,41.855336201916444],[-124.21691538437703,41.85524840201723],[-124.21697411802693,41.855166002268845],[-124.21700338424056,41.85508360174529],[-124.21701798366057,41.85494640201507],[-124.21703258397888,41.85477066787502],[-124.21701791808357,41.85473226822539],[-124.21702518365757,41.85469926819439],[-124.2170471842972,41.854644401925185],[-124.21708391820577,41.854512602248555],[-124.21709118377981,41.85443026779347],[-124.21713518416074,41.85433700207562],[-124.21714251800671,41.854238068230345],[-124.21716438389905,41.85415026816184],[-124.21717918364337,41.85405700203569],[-124.21720111780765,41.854018601957584],[-124.21723051787028,41.85396920171868],[-124.21724518376558,41.853908668140726],[-124.21725251761158,41.85380446773807],[-124.21725971760858,41.853601268100675],[-124.21728171824819,41.85352986778378],[-124.21733311805211,41.85343106785102],[-124.217428518237,41.85331580218506],[-124.21748718361494,41.853227867696496],[-124.21750918425458,41.853156468300966],[-124.2175017183562,41.85306866808593],[-124.21750158360894,41.85293686783872],[-124.21750158360894,41.8528326022865],[-124.21752358424857,41.852755668151104],[-124.21755298431117,41.85268440205279],[-124.21758958437081,41.852646001819735],[-124.21761898443343,41.85261846811111],[-124.21762631827939,41.85257466801783],[-124.21763358385341,41.85248680209922],[-124.21767018391303,41.85238800189355],[-124.21774358435658,41.85225620225114],[-124.21775831762555,41.852212268084514],[-124.21777291794388,41.85212440166802],[-124.21779491768517,41.851976201800866],[-124.21785358396143,41.85189380185173],[-124.21789758434238,41.85180046819874],[-124.21791218376237,41.851707201991886],[-124.21794151824798,41.851580867765],[-124.21794891767098,41.85152600216642],[-124.21797078356327,41.85144366788165],[-124.21796351798928,41.851383202172784],[-124.21795611766797,41.85129540220019],[-124.21797071798629,41.851235001926604],[-124.21799271772758,41.85116906782914],[-124.21800011804889,41.85112520183704],[-124.21804411842984,41.85107580203997],[-124.2180953843848,41.850988002314594],[-124.21813938386738,41.85088906797323],[-124.21819078367132,41.85079020173122],[-124.21820551783861,41.85070786783761],[-124.21824198404924,41.85057620190779],[-124.21828611827918,41.850466268196726],[-124.21833011776178,41.85034006802478],[-124.21835938397543,41.850274201927014],[-124.21837398429375,41.85018080167268],[-124.21838871756269,41.85010946779821],[-124.21843271794361,41.84993926829442],[-124.21845471768493,41.84980200198985],[-124.2184839838986,41.849703202321315],[-124.2185353181255,41.84958786770632],[-124.21858658408043,41.84943960173839],[-124.21863798388438,41.849247401900435],[-124.21866718362269,41.84911020169631],[-124.2187037836823,41.849049802035964],[-124.2187259181709,41.84897300186705],[-124.21874778406325,41.84872586771817],[-124.21875511790924,41.848654467981575],[-124.21879171796883,41.84857766800717],[-124.2188577836681,41.848473268207854],[-124.21893111763633,41.84836900207148],[-124.2189971842339,41.84829220175442],[-124.21902658429651,41.84822080220294],[-124.21913638357705,41.847858401693124],[-124.21918778427931,41.847704602334545],[-124.21927578414285,41.84748500189255],[-124.21927578414285,41.847452067716915],[-124.21929778388416,41.84741906794499],[-124.21932711836975,41.84733666814814],[-124.21937838432471,41.84717760176412],[-124.2194371179746,41.846996401822395],[-124.21948111835556,41.846908468015016],[-124.21953971815647,41.846826068229724],[-124.21957638379308,41.846738268025014],[-124.21959838443273,41.84663940205978],[-124.21962038417404,41.846557202014466],[-124.21963498359405,41.84649666811403],[-124.21965711808265,41.84646380168666],[-124.21966431807964,41.846381401997846],[-124.21969358429328,41.84635400210706],[-124.21971558403459,41.84624420166983],[-124.21973031820188,41.8462002018086],[-124.2197523179432,41.846145268022056],[-124.2197523179432,41.846063001761195],[-124.2197743176845,41.846013602070094],[-124.2197743176845,41.84596960205026],[-124.21985491812507,41.84579946782033],[-124.21987691786636,41.84570606772472],[-124.21989151818468,41.8456236677292],[-124.21989158376168,41.84556886795603],[-124.2198913843357,41.845442601910165],[-124.21992071792299,41.845365668255525],[-124.21995738355962,41.84525040210926],[-124.21996471830391,41.84519000215082],[-124.21994998413663,41.84510220170843],[-124.21996458355662,41.845047268317494],[-124.22000131836353,41.844975867821326],[-124.22006738406279,41.844893602064396],[-124.22013338418502,41.8447562017997],[-124.22022138404859,41.844602467926926],[-124.22028738417083,41.84445426803282],[-124.22036798371305,41.84427846826066],[-124.22039011820165,41.84419080174793],[-124.22041931793996,41.84405346823355],[-124.22044131768128,41.84392720187387],[-124.22047051831791,41.843822868099124],[-124.22051458427583,41.84374600209529],[-124.22053658401715,41.843674602154586],[-124.22055851818143,41.843625201957764],[-124.22057318407677,41.843564801803495],[-124.22056571817843,41.84342760212764],[-124.22058038407377,41.84339460228752],[-124.2205877843951,41.84333966809971],[-124.2205877843951,41.84330126828008],[-124.22064638419602,41.84322440231881],[-124.22073451790853,41.84310906806964],[-124.22077118444348,41.84304320188834],[-124.22083718366743,41.84291146798397],[-124.22085911783171,41.84279606825589],[-124.220881117573,41.84271926794105],[-124.22090311821263,41.84265340202774],[-124.22091771763264,41.842587467785485],[-124.22095431769226,41.84247220198796],[-124.22099111807618,41.84241726767747],[-124.22102038428983,41.84234040199272],[-124.2210497178771,41.842263467954055],[-124.22103498370981,41.84219220221302],[-124.22107171761841,41.842142802210184],[-124.22107158376946,41.841989001827066],[-124.22107891761544,41.84194506797062],[-124.22110098383206,41.841884668238045],[-124.2211301835704,41.8418078019135],[-124.22117418395132,41.84174200198554],[-124.22122558375523,41.84168146821396],[-124.22126971798514,41.84161020182468],[-124.22129891772346,41.841533268246565],[-124.22132831778607,41.841450868230936],[-124.22138691758698,41.84126966813199],[-124.22139418405933,41.84117086800224],[-124.22143091796794,41.84109406774446],[-124.22145278386027,41.84101720180867],[-124.22147471802455,41.840918401958355],[-124.22148938391986,41.840847002208626],[-124.22150411808718,41.84073166768971],[-124.22151131808417,41.840616401895424],[-124.22154791814381,41.84043526769693],[-124.22160651794472,41.840287001933724],[-124.22167251806697,41.84017166774396],[-124.22176798382884,41.840028867836956],[-124.22181931805575,41.83993006779916],[-124.22184851779406,41.83986420169178],[-124.2218631836894,41.83979280210432],[-124.22187791785669,41.83960066832006],[-124.22188511785367,41.83954580181652],[-124.22189978374901,41.83948540182701],[-124.22195111797592,41.839414001816905],[-124.22200978425218,41.83934260172713],[-124.22205391758378,41.83928766807617],[-124.2220685179021,41.83923820225111],[-124.22211978385702,41.83906806819203],[-124.22219311782526,41.83877160226745],[-124.22226631794449,41.8385190022735],[-124.22233958364076,41.83831040191467],[-124.22235431780805,41.83821160190079],[-124.22239078401869,41.83814566776658],[-124.22244218382262,41.83805226787601],[-124.22247891773122,41.83798086827472],[-124.22251558426616,41.83790960177974],[-124.22251551779082,41.83783820201928],[-124.22253751843046,41.83770086825598],[-124.22255951817176,41.83764046786374],[-124.22255938432278,41.837569202328226],[-124.22258871791009,41.83752520185568],[-124.22258871791009,41.837453867925184],[-124.22263271829101,41.8373606022199],[-124.22266191802932,41.83725620218756],[-124.2227571843652,41.8369980679124],[-124.22275711788987,41.836943268114],[-124.22277911763119,41.83687186794472],[-124.22279371794949,41.836767467784405],[-124.22283038358614,41.836657668297526],[-124.22285958422275,41.8364492017535],[-124.22287418364276,41.83633380174922],[-124.22288878396105,41.83616906786752],[-124.22291818402368,41.83604840200955],[-124.22294738376199,41.835966002293546],[-124.22300611831021,41.8358780680513],[-124.22309411817376,41.83572440186482],[-124.22313071823338,41.83563100178704],[-124.22315271797467,41.835565202200776],[-124.22317471771599,41.83542786824498],[-124.22323331841524,41.8352248023272],[-124.22326991757654,41.835136867735905],[-124.22333598417411,41.83503260195318],[-124.22337998365674,41.834983067916355],[-124.22343858435597,41.83493926779655],[-124.22347538384159,41.83488980195693],[-124.2235047183272,41.83482940225824],[-124.22354131838682,41.83475800173859],[-124.22359998376476,41.83462626817988],[-124.22365131799167,41.83450000195864],[-124.22368791805128,41.83440106822351],[-124.2237099177926,41.834329801758095],[-124.22375378432457,41.83418146830427],[-124.22378318438716,41.83406620209023],[-124.22380511765316,41.83392886826451],[-124.22381971797147,41.83385200175413],[-124.2238489841851,41.83374780214885],[-124.22386358360508,41.83364340224708],[-124.22392231815331,41.83354460172154],[-124.22395898378997,41.83347326803955],[-124.22401038359389,41.83337986802334],[-124.22404698365351,41.83328100216652],[-124.22406898429311,41.833226067997735],[-124.22409818403145,41.83314380185989],[-124.22414218441237,41.83304486803647],[-124.22418618389499,41.832918668305645],[-124.2242081836363,41.83289120174095],[-124.22427418375854,41.83277046812483],[-124.22432551798542,41.83262766776686],[-124.2243915181077,41.83249580198101],[-124.22445738438094,41.83235860199934],[-124.2245601839888,41.83215000231059],[-124.22471411839757,41.83184800169854],[-124.2247653178772,41.8316996678479],[-124.22481678415643,41.83161726788796],[-124.22488271780338,41.83145806804827],[-124.2249487179256,41.83130986783244],[-124.22502198362184,41.83110666769774],[-124.22508058432112,41.83096386831341],[-124.22512451822669,41.83082666772555],[-124.22517591803063,41.83065100186869],[-124.22522711840855,41.8304698019807],[-124.2252783843635,41.83031060196461],[-124.22533698416444,41.83018980190019],[-124.22538098364704,41.83012386820352],[-124.2254323843493,41.83006906787418],[-124.22546911825789,41.82999220208347],[-124.2254763182549,41.829931801779324],[-124.2254763182549,41.82983300221836],[-124.2254689179336,41.82976160214941],[-124.22546878408461,41.82970120229705],[-124.22550558357023,41.829651802022966],[-124.22556418426946,41.829607867729194],[-124.22564491766069,41.82952000172859],[-124.22567431772329,41.8294486019799],[-124.22572551810124,41.82936620179971],[-124.22575491816386,41.82929480187948],[-124.2257767840562,41.829212467768635],[-124.2257987837975,41.82911366776684],[-124.22580611764346,41.82903680216766],[-124.22582811828308,41.82897640230077],[-124.22590138397936,41.828822668002985],[-124.2260039841612,41.8285810680548],[-124.22608471755241,41.82847666775846],[-124.22618718388532,41.828268068137575],[-124.22623858368922,41.828125402321085],[-124.22630451823446,41.827982467765324],[-124.22641451783932,41.82771346815314],[-124.22645118437426,41.827603667860686],[-124.22645838437127,41.82754326798045],[-124.22648778443387,41.82747746811251],[-124.2264949844309,41.82740060188754],[-124.22651698417218,41.82736760181546],[-124.2265389839135,41.82729620167429],[-124.22661231788173,41.827148001863996],[-124.22667831800396,41.82704360190822],[-124.22675898402152,41.82695580200467],[-124.22677358433985,41.8269282679505],[-124.22678091818582,41.82680206820975],[-124.22683951798673,41.82666480180353],[-124.226905518109,41.8265494678328],[-124.22697151823125,41.826445202119],[-124.22705218424879,41.826329802151726],[-124.22710351757742,41.826236468023666],[-124.22716211827664,41.826121067680155],[-124.22727211788151,41.825846601940555],[-124.22735998389606,41.82562700212718],[-124.2274259184413,41.825445802076096],[-124.22746978407491,41.82533046791761],[-124.22752118387886,41.82518766769769],[-124.22757251810576,41.825132867828735],[-124.22759458432243,41.82508886817854],[-124.22764578380203,41.82485280223225],[-124.22765298379903,41.824803402233385],[-124.22767498443866,41.82478140196415],[-124.22768231828465,41.82470460212127],[-124.22771171834724,41.82462766830323],[-124.22776291782688,41.824523402137324],[-124.22780698378483,41.82440806832547],[-124.22784351826742,41.8243312017624],[-124.22799031825619,41.82413900214933],[-124.22807831811976,41.82401820181935],[-124.22812958407471,41.82392486766857],[-124.22818091830162,41.82388086785762],[-124.22821751836123,41.82383146777829],[-124.22822491778422,41.823771067686344],[-124.22826151784386,41.82367226798949],[-124.22831271822179,41.823540468103744],[-124.22836411802571,41.82344166805105],[-124.22839338423934,41.82338126826084],[-124.22842998429898,41.82331526797275],[-124.2285107176902,41.82317806772824],[-124.22859138370777,41.82301880204944],[-124.22865731825298,41.82290900173869],[-124.22870858420794,41.822771801962546],[-124.22874518426755,41.82266186801054],[-124.22883318413109,41.822447802227884],[-124.22891378367333,41.822184201830154],[-124.2290235838522,41.82192066796104],[-124.2290823184004,41.82181086777557],[-124.22914818377537,41.82164066797802],[-124.22925811780321,41.821382468050004],[-124.22933871824375,41.82115746785909],[-124.22942658425833,41.82089940188185],[-124.22949998380356,41.82075660182124],[-124.2296171178284,41.8205314682174],[-124.22969051827195,41.820350267804486],[-124.2297785181355,41.82019660183142],[-124.22985171825474,41.82008666814444],[-124.22991031805567,41.82000440185777],[-124.22996171785962,41.819905467811786],[-124.23000558439155,41.819817601884424],[-124.23004231830014,41.819718802112554],[-124.23006431804146,41.81964740214464],[-124.23008618393378,41.81955960214054],[-124.2301153836721,41.81942780182299],[-124.23015951790201,41.81926860179701],[-124.230166717899,41.819147802320536],[-124.23018131821733,41.81909840193701],[-124.23021798385396,41.81905446776525],[-124.23029871814349,41.81896660200921],[-124.2303353182031,41.81889520187205],[-124.23035731794442,41.81883480181014],[-124.23037178441376,41.8187580021989],[-124.23038658415805,41.8187030020093],[-124.23041591774533,41.81864806805073],[-124.2304597842773,41.81858780232083],[-124.23051118408124,41.81849440200983],[-124.23056251830815,41.81839560220494],[-124.23062118368608,41.818296667681935],[-124.23067238406404,41.81818140232272],[-124.23073831771092,41.81800026823382],[-124.23095078364867,41.81747860190003],[-124.23099478402959,41.8173796679688],[-124.23101678377091,41.81731380208793],[-124.23106811799782,41.81722046820712],[-124.23122931798059,41.8169240021845],[-124.23126598361725,41.816847067721525],[-124.23133918373648,41.81671526784677],[-124.23136838437311,41.81661646797514],[-124.23145651808562,41.8164738023064],[-124.23152971820487,41.816330867849565],[-124.2315811180088,41.816265067840334],[-124.23161758421946,41.81614980217209],[-124.23166891844637,41.8160618018774],[-124.23168371819067,41.81600146810219],[-124.23169091818767,41.815869801727615],[-124.23172738439831,41.81575986797755],[-124.23179351836954,41.815655602101],[-124.23188878380711,41.81550180167286],[-124.23199138398894,41.81533706774234],[-124.23205718378688,41.81518880208905],[-124.23215978396875,41.814996668097095],[-124.23228438389191,41.814760467863785],[-124.23238698407377,41.81457380189734],[-124.23240891823805,41.814513401776885],[-124.2324455838747,41.81436520183862],[-124.232460184193,41.81429926791388],[-124.23251878399394,41.81423340221264],[-124.23256291822385,41.81414546824581],[-124.2326213841758,41.81396426784089],[-124.23265071776311,41.81386560231767],[-124.23267271840274,41.81378880210365],[-124.23275318409597,41.81362946821385],[-124.23281918421822,41.8135196678723],[-124.23285578427783,41.813420867757756],[-124.23289971818343,41.81331646818401],[-124.23296571830568,41.813256068216994],[-124.2330171181096,41.81319566819299],[-124.23307578438585,41.8131188022307],[-124.23319298398772,41.81287166821379],[-124.23324431821463,41.812750868053385],[-124.23328818384826,41.81263560208654],[-124.23330278416658,41.812547667934744],[-124.23332471833089,41.81236646769647],[-124.2333685839645,41.812262202321655],[-124.23343471793571,41.812152402314474],[-124.23348591831366,41.812075468145615],[-124.23351531837628,41.812004067690786],[-124.2335297839473,41.81191086801634],[-124.2335517836886,41.8117734679156],[-124.23358838374824,41.81169120233245],[-124.23365431829345,41.8116088676798],[-124.23377171821963,41.811466002042806],[-124.23386691808018,41.81133966804635],[-124.23389618429383,41.811273801979894],[-124.2339183178841,41.81118600187845],[-124.23393278435344,41.81110366791558],[-124.23397678383606,41.81097186827385],[-124.234020784217,41.81090040231126],[-124.23404271838129,41.81081260169797],[-124.23409398433624,41.81072466772179],[-124.2341233179235,41.81064240213079],[-124.23413791824181,41.81054360226511],[-124.23415978413416,41.810499668250856],[-124.23419651804275,41.81040626819667],[-124.23422578425638,41.810345868163665],[-124.2342845179063,41.81026900212945],[-124.23432851828723,41.81020860196702],[-124.23435038417956,41.810164602105495],[-124.23441631782649,41.809999867839345],[-124.23446758378144,41.809895601960186],[-124.23453351832667,41.809747402050704],[-124.23455551806796,41.809670467671616],[-124.23462878376421,41.80952226791083],[-124.23470931772943,41.809374002188925],[-124.23476058368438,41.809253202128126],[-124.23483398412792,41.809143402319755],[-124.23487791803352,41.80906646788487],[-124.23493651783446,41.8089676682669],[-124.23497318436942,41.80886326813089],[-124.23502438384904,41.80874246777655],[-124.23508311839724,41.80864360203982],[-124.23516358409051,41.80854480176963],[-124.2352809840167,41.80840200228368],[-124.23536891830322,41.80825920180987],[-124.23543491842544,41.80812746796159],[-124.2355081841217,41.808006601939255],[-124.23559611840822,41.80781986807985],[-124.2356399840419,41.807704601944614],[-124.23566198378319,41.80763320197461],[-124.23574991806971,41.8075124019792],[-124.23584518440559,41.80740806777032],[-124.23589651773422,41.807336668139385],[-124.23597718375176,41.80716646804187],[-124.236050383871,41.80701266798731],[-124.23610898367194,41.80689200208112],[-124.2361821837912,41.80678760191052],[-124.23622618417212,41.8066942680916],[-124.23627751839904,41.80663380228567],[-124.23630691756334,41.80655686818498],[-124.23634338377397,41.806436068168864],[-124.23638731767957,41.80627146828025],[-124.2364093183192,41.80618906773621],[-124.23646058427416,41.8060738020149],[-124.2365631835577,41.80594746809804],[-124.23659978361732,41.805898001955164],[-124.23666591758852,41.80582660198056],[-124.23670238379918,41.80566186794275],[-124.23670238379918,41.80562886805096],[-124.23675371802607,41.80556860212377],[-124.23685631820794,41.805469667875556],[-124.23691498358586,41.805398268093235],[-124.23698818370512,41.80529400209042],[-124.23706151767333,41.80516760168296],[-124.23711291837559,41.805057802238046],[-124.23716398400623,41.80495900179481],[-124.23722998412846,41.804816267974616],[-124.23728131835537,41.80472286766974],[-124.23733991815631,41.804552601701374],[-124.23736918436994,41.80449766832897],[-124.23747911839779,41.80436046794778],[-124.23751578403441,41.80429460207137],[-124.23762571806226,41.80415180181705],[-124.23775771830674,41.80394846794998],[-124.23792618386354,41.80370700182509],[-124.23806538410501,41.803553202171116],[-124.23812411775494,41.80345440208633],[-124.23816811813586,41.803382868139664],[-124.23821198376952,41.803289601681804],[-124.23826331799641,41.803174267798056],[-124.23838051759829,41.80296006790453],[-124.23840971823489,41.80290520213992],[-124.23846111803883,41.802795402166154],[-124.23850498367248,41.80269660225214],[-124.23859291795901,41.8025208023009],[-124.23865878423226,41.80236706810374],[-124.23868078397355,41.80229566821215],[-124.23873938377452,41.80220240218071],[-124.23884198395638,41.80204306826672],[-124.23895918355822,41.80183986766531],[-124.23904711784475,41.801675067795784],[-124.23912031796398,41.801532402331254],[-124.23920091840455,41.80137866777162],[-124.23931818358342,41.80117546774191],[-124.23944998440189,41.80098320198305],[-124.23955998400676,41.80079106824077],[-124.23966991803461,41.8006098682316],[-124.23976511789513,41.80045606784031],[-124.23981651769908,41.800346267687786],[-124.23986038423102,41.80025300216728],[-124.23988958396933,41.80014320166681],[-124.23997011793455,41.799956468327444],[-124.24007271811641,41.799709402065275],[-124.24017518355099,41.79947320171625],[-124.24027038430987,41.799297601861596],[-124.2403729180164,41.799105268187965],[-124.24043891813861,41.799017401852936],[-124.24051218383488,41.798880201791455],[-124.24056338421283,41.798726401936634],[-124.24059998427242,41.798627601775934],[-124.24063671818102,41.79858366829602],[-124.24066591791934,41.798473868283715],[-124.24069531798196,41.79842440172859],[-124.24074651835988,41.79833100215175],[-124.24083451822344,41.79825420206508],[-124.24098838436025,41.798166268263664],[-124.2410617839055,41.79812226816799],[-124.24112038370642,41.79807826804205],[-124.24116438408734,41.798017867771335],[-124.24129631785651,41.797842202316914],[-124.24139891803837,41.79767746784203],[-124.24153078443386,41.797479801852106],[-124.24166998377703,41.79727646824333],[-124.24175791806356,41.797122801828685],[-124.24188251798672,41.7969196679987],[-124.24198511816859,41.796765868126705],[-124.24206571771084,41.79660660172958],[-124.24218278436202,41.796392401982445],[-124.24231471813118,41.796156267764154],[-124.24242451831003,41.795975068044015],[-124.24249038368497,41.79585420186733],[-124.24258571829283,41.79570600229413],[-124.24263698424778,41.79563460167787],[-124.24270291789468,41.79555766776473],[-124.24276151769561,41.795464401972296],[-124.24283491813915,41.79536000193395],[-124.24290798440941,41.795222668134684],[-124.24295938421335,41.7951128677218],[-124.24302518401127,41.79500306779053],[-124.2430765838152,41.794887802038275],[-124.2431205177208,41.79481080226522],[-124.24315711778041,41.7947614018646],[-124.24321571758138,41.794640668014594],[-124.24327418443161,41.79451426802323],[-124.24331798358993,41.794415468066234],[-124.24335471839683,41.79433860167203],[-124.24337671813815,41.794272667897175],[-124.24349391774,41.79414086778715],[-124.24358178375459,41.79405306831651],[-124.24374318406167,41.79388820221006],[-124.24389698372316,41.79370700210535],[-124.24399958390502,41.79358606802628],[-124.24402898396765,41.7935366680212],[-124.24410218408686,41.79343240213972],[-124.24415338356651,41.79333900198526],[-124.24427791791265,41.79312486766839],[-124.24439518398985,41.792921668257094],[-124.2445123835917,41.79271846820162],[-124.24458558371093,41.79259766821666],[-124.24464418441019,41.79252080232147],[-124.24471751837838,41.79243300197117],[-124.24479078407465,41.79235060171452],[-124.24492278431914,41.79220766768266],[-124.24496671822475,41.792152802088616],[-124.2450619180853,41.7920538678892],[-124.24514251762751,41.79196600193294],[-124.24520851774976,41.79187806821069],[-124.2452891181903,41.791790268319495],[-124.24532578382696,41.791713402125865],[-124.24538431805085,41.791625602009155],[-124.24541371811348,41.791581667747884],[-124.24549411822971,41.791422401863564],[-124.24553811771234,41.791307068053804],[-124.2456039839856,41.79119726830059],[-124.24567731795383,41.79107086821638],[-124.2457651839684,41.79095006780546],[-124.24583111761531,41.79086766832161],[-124.24587511799623,41.79080726795314],[-124.24591171805586,41.790724868285736],[-124.2459481842665,41.790620601849064],[-124.24598478432614,41.79052180191823],[-124.24600678406743,41.79046140189365]],"type":"LineString"},"id":7136177,"properties":{"OBJECTID":7136177,"Shape_Length":22735.490458011136,"arbolatesu":-9999,"areasqkm":14.12899999,"arqnavma":0,"avgqadjma":0,"divdasqkm":-9999,"divergence":0,"dndraincou":1,"dnhydroseq":50000400000403,"dnlevel":0,"dnlevelpat":50000400000001,"dnminorhyd":0,"elevfixed":null,"fcode":56600,"fdate":1424908800000,"flowdir":1,"frommeas":0,"fromnode":50000400000001,"ftype":566,"gageadjma":0,"gageidma":"0","gageqma":0,"gnis_id":null,"gnis_name":null,"hwnodesqkm":null,"hwtype":null,"hydroseq":50000400000405,"innetwork":1,"lengthkm":17.0040604,"levelpathi":50000400000001,"mainpath":0,"maxelevraw":-9998,"maxelevsmo":-9998,"minelevraw":-2,"minelevsmo":-9998,"nhdplusid":50000400000001,"pathlength":-9999,"permanent_identifier":"113863752","petma":0,"qama":17.287332999999997,"qbma":17.287332999999997,"qcma":17.17661414,"qdma":17.17661414,"qema":17.17661414,"qfma":17.17661414,"qgadjma":0,"qgnavma":0,"qincrama":17.287332999999997,"qincrbma":17.287332999999997,"qincrcma":17.17661414,"qincrdma":17.17661414,"qincrema":17.17661414,"qincrfma":17.17661414,"qlossma":0,"reachcode":"18010101002762","resolution":2,"rtndiv":-9,"slope":-9998,"slopelenkm":17.0040604,"startflag":0,"statusflag":"A","streamcalc":-9,"streamleve":0,"streamorde":-9,"terminalfl":0,"terminalpa":50000400000001,"thinner":-9,"tomeas":100,"tonode":50000400069639,"totdasqkm":-9999,"uphydroseq":50000400000407,"uplevelpat":50000400000001,"vama":0.06561600000000001,"vbma":0.06561600000000001,"vcma":0.06561600000000001,"vdma":0.06561600000000001,"vema":0.06561600000000001,"visibilityfilter":0,"vpuid":"1801","vpuin":0,"vpuout":0,"wbarea_permanent_identifier":null},"type":"Feature"},{"geometry":{"coordinates":[[-124.19620858825735,41.91302950311393],[-124.19698165862795,41.913253914810234],[-124.19858022235415,41.9150165232596],[-124.20133607308443,41.918179399738335],[-124.20266381092213,41.92049223480725],[-124.20264328621455,41.923359348329896],[-124.2018800218536,41.93132371174603]],"type":"LineString"},"id":7279593,"properties":{"OBJECTID":7279593,"Shape_Length":2974.299575677288,"arbolatesu":7303.12562022,"areasqkm":1.23770006,"arqnavma":0,"avgqadjma":0,"divdasqkm":1841.07860557,"divergence":0,"dndraincou":1,"dnhydroseq":50000400005261,"dnlevel":1,"dnlevelpat":50000400005244,"dnminorhyd":0,"elevfixed":null,"fcode":55800,"fdate":1502064000000,"flowdir":1,"frommeas":0,"fromnode":50000400162525,"ftype":558,"gageadjma":1,"gageidma":"0","gageqma":0,"gnis_id":"00253899","gnis_name":"Smith River","hwnodesqkm":null,"hwtype":null,"hydroseq":50000400005264,"innetwork":1,"lengthkm":2.22080512,"levelpathi":50000400005244,"mainpath":0,"maxelevraw":-9998,"maxelevsmo":399,"minelevraw":142,"minelevsmo":142,"nhdplusid":50000400299811,"pathlength":2.0262590400000002,"permanent_identifier":"{C8A884BC-3873-4B54-A09E-3ED8DFE17F95}","petma":0,"qama":4420.946026,"qbma":4420.946026,"qcma":4420.946026,"qdma":4420.946026,"qema":5044.3920905899995,"qfma":5044.3920905899995,"qgadjma":0,"qgnavma":0,"qincrama":1.6747450000000002,"qincrbma":1.6747450000000002,"qincrcma":1.9784645600000001,"qincrdma":1.9784645600000001,"qincrema":1.9784645600000001,"qincrfma":1.9784645600000001,"qlossma":0,"reachcode":"18010101002654","resolution":2,"rtndiv":0,"slope":0.0011572400000000001,"slopelenkm":2.22080512,"startflag":0,"statusflag":"A","streamcalc":8,"streamleve":1,"streamorde":8,"terminalfl":0,"terminalpa":50000400005244,"thinner":null,"tomeas":39.39645004,"tonode":50000400069712,"totdasqkm":1841.07860557,"uphydroseq":50000400005278,"uplevelpat":50000400005244,"vama":1.9225838800000001,"vbma":1.9225838800000001,"vcma":1.9225838800000001,"vdma":1.9225838800000001,"vema":1.93992526,"visibilityfilter":5000000,"vpuid":"1801","vpuin":0,"vpuout":0,"wbarea_permanent_identifier":"113864578"},"type":"Feature"},{"geometry":{"coordinates":[[-124.2018800218536,41.93132371174603],[-124.2017810526621,41.93199826314703],[-124.20156248806192,41.93265395711867],[-124.20083393819681,41.93360107083663],[-124.20027538371947,41.93602956887832]],"type":"LineString"},"id":7303594,"properties":{"OBJECTID":7303594,"Shape_Length":734.5978576396539,"arbolatesu":7303.67435502,"areasqkm":0.17879999,"arqnavma":0,"avgqadjma":0,"divdasqkm":1841.25740556,"divergence":0,"dndraincou":1,"dnhydroseq":50000400005247,"dnlevel":1,"dnlevelpat":50000400005244,"dnminorhyd":0,"elevfixed":null,"fcode":55800,"fdate":1502064000000,"flowdir":1,"frommeas":62.91677094,"fromnode":50000400069712,"ftype":558,"gageadjma":1,"gageidma":"0","gageqma":0,"gnis_id":"00253899","gnis_name":"Smith River","hwnodesqkm":null,"hwtype":null,"hydroseq":50000400005261,"innetwork":1,"lengthkm":0.5487348000000001,"levelpathi":50000400005244,"mainpath":0,"maxelevraw":-9998,"maxelevsmo":142,"minelevraw":0,"minelevsmo":0,"nhdplusid":50000400128742,"pathlength":1.47752424,"permanent_identifier":"{AE132BAF-7C99-4B05-9388-D296DCECFFFC}","petma":0,"qama":4421.185827,"qbma":4421.185827,"qcma":4421.185827,"qdma":4421.185827,"qema":5044.63189159,"qfma":5044.63189159,"qgadjma":0,"qgnavma":0,"qincrama":0.23980100000000001,"qincrbma":0.23980100000000001,"qincrcma":0.23980100000000001,"qincrdma":0.23980100000000001,"qincrema":0.23980100000000001,"qincrfma":0.23980100000000001,"qlossma":0,"reachcode":"18010101026972","resolution":2,"rtndiv":0,"slope":0.00258777,"slopelenkm":0.5487348000000001,"startflag":0,"statusflag":"A","streamcalc":8,"streamleve":1,"streamorde":8,"terminalfl":0,"terminalpa":50000400005244,"thinner":null,"tomeas":100,"tonode":50000400139006,"totdasqkm":1841.25740556,"uphydroseq":50000400005264,"uplevelpat":50000400005244,"vama":2.14296117,"vbma":2.14296117,"vcma":2.14296117,"vdma":2.14296117,"vema":2.1626690799999997,"visibilityfilter":0,"vpuid":"1801","vpuin":0,"vpuout":0,"wbarea_permanent_identifier":"113864578"},"type":"Feature"},{"geometry":{"coordinates":[[-124.19540223800047,41.93528310492441],[-124.19547671821897,41.93535686774377],[-124.19553128368598,41.93545371869528]],"type":"LineString"},"id":7352922,"properties":{"OBJECTID":7352922,"Shape_Length":29.519654549140036,"arbolatesu":15.47102002,"areasqkm":0.01220001,"arqnavma":0,"avgqadjma":0,"divdasqkm":12.60259994,"divergence":0,"dndraincou":1,"dnhydroseq":50000400062829,"dnlevel":2,"dnlevelpat":50000400051599,"dnminorhyd":0,"elevfixed":null,"fcode":33400,"fdate":1502064000000,"flowdir":1,"frommeas":0,"fromnode":50000400162526,"ftype":334,"gageadjma":0,"gageidma":"0","gageqma":0,"gnis_id":null,"gnis_name":null,"hwnodesqkm":null,"hwtype":null,"hydroseq":50000400064786,"innetwork":1,"lengthkm":0.022010880000000003,"levelpathi":50000400051599,"mainpath":0,"maxelevraw":-9998,"maxelevsmo":94,"minelevraw":0,"minelevsmo":0,"nhdplusid":50000400299812,"pathlength":1.68084035,"permanent_identifier":"{FD0DC302-BB1A-419E-A0B8-B19192E327C3}","petma":0,"qama":18.819844,"qbma":18.819844,"qcma":18.63890983,"qdma":18.63890983,"qema":18.63890983,"qfma":18.63890983,"qgadjma":0,"qgnavma":0,"qincrama":0.0164,"qincrbma":0.0164,"qincrcma":0.015623910000000001,"qincrdma":0.015623910000000001,"qincrema":0.015623910000000001,"qincrfma":0.015623910000000001,"qlossma":0,"reachcode":"18010101002934","resolution":2,"rtndiv":0,"slope":0.042706150000000005,"slopelenkm":0.022010880000000003,"startflag":0,"statusflag":"A","streamcalc":2,"streamleve":2,"streamorde":2,"terminalfl":0,"terminalpa":50000400005244,"thinner":null,"tomeas":7.0912399299999995,"tonode":50000400092784,"totdasqkm":12.60259994,"uphydroseq":50000400071232,"uplevelpat":50000400051599,"vama":-9998,"vbma":-9998,"vcma":-9998,"vdma":-9998,"vema":-9998,"visibilityfilter":250000,"vpuid":"1801","vpuin":0,"vpuout":0,"wbarea_permanent_identifier":"113863300"},"type":"Feature"},{"geometry":{"coordinates":[[-124.184703184389,41.93139540207558],[-124.1847915184258,41.931356868023876],[-124.18501211771012,41.93129660221734]],"type":"LineString"},"id":7646496,"properties":{"OBJECTID":7646496,"Shape_Length":37.55955504000963,"arbolatesu":10.867066540000001,"areasqkm":0.0015,"arqnavma":0,"avgqadjma":0,"divdasqkm":8.77730002,"divergence":0,"dndraincou":1,"dnhydroseq":50000400094937,"dnlevel":2,"dnlevelpat":50000400051599,"dnminorhyd":0,"elevfixed":null,"fcode":46006,"fdate":1329768131000,"flowdir":1,"frommeas":0,"fromnode":50000400092809,"ftype":460,"gageadjma":0,"gageidma":"0","gageqma":0,"gnis_id":"00231633","gnis_name":"Ritmer Creek","hwnodesqkm":null,"hwtype":null,"hydroseq":50000400102336,"innetwork":1,"lengthkm":0.028,"levelpathi":50000400051599,"mainpath":0,"maxelevraw":-9998,"maxelevsmo":281,"minelevraw":154,"minelevsmo":154,"nhdplusid":50000400171249,"pathlength":2.68397463,"permanent_identifier":"113863728","petma":0,"qama":13.542401,"qbma":13.542401,"qcma":13.58138399,"qdma":13.58138399,"qema":13.58138399,"qfma":13.58138399,"qgadjma":0,"qgnavma":0,"qincrama":0.002036,"qincrbma":0.002036,"qincrcma":-0.35830145,"qincrdma":-0.35830145,"qincrema":-0.35830145,"qincrfma":-0.35830145,"qlossma":0,"reachcode":"18010101000286","resolution":2,"rtndiv":0,"slope":0.04535714,"slopelenkm":0.028,"startflag":0,"statusflag":"A","streamcalc":2,"streamleve":2,"streamorde":2,"terminalfl":0,"terminalpa":50000400005244,"thinner":null,"tomeas":0.47494000000000003,"tonode":50000400046725,"totdasqkm":8.77730002,"uphydroseq":50000400122430,"uplevelpat":50000400051599,"vama":1.12554688,"vbma":1.12554688,"vcma":1.12573716,"vdma":1.12573716,"vema":1.12573716,"visibilityfilter":0,"vpuid":"1801","vpuin":0,"vpuout":0,"wbarea_permanent_identifier":null},"type":"Feature"},{"geometry":{"coordinates":[[-124.19084244890708,41.93341675511758],[-124.19165578356534,41.933696001831514],[-124.19248858381745,41.93398726817291]],"type":"LineString"},"id":7683244,"properties":{"OBJECTID":7683244,"Shape_Length":202.15879924017622,"arbolatesu":13.08010513,"areasqkm":0.07779999,"arqnavma":0,"avgqadjma":0,"divdasqkm":11.58489997,"divergence":0,"dndraincou":1,"dnhydroseq":50000400071232,"dnlevel":2,"dnlevelpat":50000400051599,"dnminorhyd":0,"elevfixed":null,"fcode":55800,"fdate":1502064000000,"flowdir":1,"frommeas":0,"fromnode":50000400162527,"ftype":558,"gageadjma":0,"gageidma":"0","gageqma":0,"gnis_id":null,"gnis_name":null,"hwnodesqkm":null,"hwtype":null,"hydroseq":50000400072293,"innetwork":1,"lengthkm":0.14982505000000002,"levelpathi":50000400051599,"mainpath":0,"maxelevraw":-9998,"maxelevsmo":144,"minelevraw":144,"minelevsmo":144,"nhdplusid":50000400299813,"pathlength":1.98922831,"permanent_identifier":"{309D46C1-9996-421A-8B9F-89017CE38EA8}","petma":0,"qama":17.429987,"qbma":17.429987,"qcma":17.3129342,"qdma":17.3129342,"qema":17.3129342,"qfma":17.3129342,"qgadjma":0,"qgnavma":0,"qincrama":0.106126,"qincrbma":0.106126,"qincrcma":0.10140987,"qincrdma":0.10140987,"qincrema":0.10140987,"qincrfma":0.10140987,"qlossma":0,"reachcode":"18010101002932","resolution":2,"rtndiv":0,"slope":1e-05,"slopelenkm":0.14982505000000002,"startflag":0,"statusflag":"A","streamcalc":2,"streamleve":2,"streamorde":2,"terminalfl":0,"terminalpa":50000400005244,"thinner":null,"tomeas":22.01664925,"tonode":50000400023596,"totdasqkm":11.58489997,"uphydroseq":50000400077752,"uplevelpat":50000400051599,"vama":-9998,"vbma":-9998,"vcma":-9998,"vdma":-9998,"vema":-9998,"visibilityfilter":250000,"vpuid":"1801","vpuin":0,"vpuout":0,"wbarea_permanent_identifier":"113863300"},"type":"Feature"},{"geometry":{"coordinates":[[-124.20027538371947,41.93602956887832],[-124.20090679336298,41.93746238299913],[-124.20088250830759,41.93984231092165],[-124.20110107290779,41.942683653801254],[-124.20050118424928,41.944216802234024]],"type":"LineString"},"id":8140001,"properties":{"OBJECTID":8140001,"Shape_Length":1246.7081999053482,"arbolatesu":7306.46493652,"areasqkm":0.27729997,"arqnavma":0,"avgqadjma":0,"divdasqkm":1842.68470554,"divergence":0,"dndraincou":1,"dnhydroseq":50000400005244,"dnlevel":1,"dnlevelpat":50000400005244,"dnminorhyd":0,"elevfixed":null,"fcode":55800,"fdate":1502064000000,"flowdir":1,"frommeas":0,"fromnode":50000400139006,"ftype":558,"gageadjma":1,"gageidma":"0","gageqma":0,"gnis_id":"00253899","gnis_name":"Smith River","hwnodesqkm":null,"hwtype":null,"hydroseq":50000400005247,"innetwork":1,"lengthkm":0.9316150900000001,"levelpathi":50000400005244,"mainpath":0,"maxelevraw":-9998,"maxelevsmo":0,"minelevraw":0,"minelevsmo":0,"nhdplusid":50000400256834,"pathlength":0.5459091500000001,"permanent_identifier":"{9BF09AD3-FCFD-464D-A72A-AAF0D81F28E5}","petma":0,"qama":4423.116553,"qbma":4423.116553,"qcma":4423.116553,"qdma":4423.116553,"qema":5046.562617590001,"qfma":5046.562617590001,"qgadjma":0,"qgnavma":0,"qincrama":0.371965,"qincrbma":0.371965,"qincrcma":0.23329772000000001,"qincrdma":0.23329772000000001,"qincrema":0.23329772000000001,"qincrfma":0.23329772000000001,"qlossma":0,"reachcode":"18010101026972","resolution":2,"rtndiv":0,"slope":1e-05,"slopelenkm":0.9316150900000001,"startflag":0,"statusflag":"A","streamcalc":8,"streamleve":1,"streamorde":8,"terminalfl":0,"terminalpa":50000400005244,"thinner":null,"tomeas":62.91677094,"tonode":50000400023594,"totdasqkm":1842.68470554,"uphydroseq":50000400005261,"uplevelpat":50000400005244,"vama":1.06687421,"vbma":1.06687421,"vcma":1.06687421,"vdma":1.06687421,"vema":1.07501886,"visibilityfilter":5000000,"vpuid":"1801","vpuin":0,"vpuout":0,"wbarea_permanent_identifier":"113864578"},"type":"Feature"},{"geometry":{"coordinates":[[-124.18369451736044,41.93182633495632],[-124.18381358366145,41.93190046799766]],"type":"LineString"},"id":8359593,"properties":{"OBJECTID":8359593,"Shape_Length":17.283852279380408,"arbolatesu":5.769648650000001,"areasqkm":0.0004,"arqnavma":0,"avgqadjma":0,"divdasqkm":3.3225000299999996,"divergence":0,"dndraincou":1,"dnhydroseq":50000400122430,"dnlevel":2,"dnlevelpat":50000400051599,"dnminorhyd":0,"elevfixed":null,"fcode":46006,"fdate":1502064000000,"flowdir":1,"frommeas":2.16425991,"fromnode":50000400162571,"ftype":460,"gageadjma":0,"gageidma":"0","gageqma":0,"gnis_id":"00231633","gnis_name":"Ritmer Creek","hwnodesqkm":null,"hwtype":null,"hydroseq":50000400125267,"innetwork":1,"lengthkm":0.01284191,"levelpathi":50000400051599,"mainpath":0,"maxelevraw":-9998,"maxelevsmo":310,"minelevraw":302,"minelevsmo":310,"nhdplusid":50000400299884,"pathlength":2.81137096,"permanent_identifier":"{64E81FF5-5E95-4E4E-92E9-3EE78EDD40CC}","petma":0,"qama":5.549003000000001,"qbma":5.549003000000001,"qcma":5.75734894,"qdma":5.75734894,"qema":5.75734894,"qfma":5.75734894,"qgadjma":0,"qgnavma":0,"qincrama":0.000543,"qincrbma":0.000543,"qincrcma":0.00054193,"qincrdma":0.00054193,"qincrema":0.00054193,"qincrfma":0.00054193,"qlossma":0,"reachcode":"18010101000286","resolution":2,"rtndiv":0,"slope":1e-05,"slopelenkm":0.01284191,"startflag":0,"statusflag":"A","streamcalc":1,"streamleve":2,"streamorde":1,"terminalfl":0,"terminalpa":50000400005244,"thinner":null,"tomeas":2.3825800399999997,"tonode":50000400000287,"totdasqkm":3.3225000299999996,"uphydroseq":50000400160775,"uplevelpat":50000400051599,"vama":0.48088089,"vbma":0.48088089,"vcma":0.48139662,"vdma":0.48139662,"vema":0.48139662,"visibilityfilter":0,"vpuid":"1801","vpuin":0,"vpuout":0,"wbarea_permanent_identifier":null},"type":"Feature"},{"geometry":{"coordinates":[[-124.18501211771012,41.93129660221734],[-124.18517691814056,41.93126800170225]],"type":"LineString"},"id":8518833,"properties":{"OBJECTID":8518833,"Shape_Length":18.83805580084334,"arbolatesu":10.88100942,"areasqkm":0.0001,"arqnavma":0,"avgqadjma":0,"divdasqkm":8.77740002,"divergence":0,"dndraincou":1,"dnhydroseq":50000400082738,"dnlevel":2,"dnlevelpat":50000400051599,"dnminorhyd":0,"elevfixed":null,"fcode":55800,"fdate":1502064000000,"flowdir":1,"frommeas":0,"fromnode":50000400046725,"ftype":558,"gageadjma":0,"gageidma":"0","gageqma":0,"gnis_id":"00231633","gnis_name":"Ritmer Creek","hwnodesqkm":null,"hwtype":null,"hydroseq":50000400094937,"innetwork":1,"lengthkm":0.013942880000000001,"levelpathi":50000400051599,"mainpath":0,"maxelevraw":-9998,"maxelevsmo":154,"minelevraw":145,"minelevsmo":145,"nhdplusid":50000400086214,"pathlength":2.67003175,"permanent_identifier":"113863798","petma":0,"qama":13.542537000000001,"qbma":13.542537000000001,"qcma":13.58151518,"qdma":13.58151518,"qema":13.58151518,"qfma":13.58151518,"qgadjma":0,"qgnavma":0,"qincrama":0.000136,"qincrbma":0.000136,"qincrcma":0.00013119,"qincrdma":0.00013119,"qincrema":0.00013119,"qincrfma":0.00013119,"qlossma":0,"reachcode":"18010101002931","resolution":2,"rtndiv":0,"slope":0.00645491,"slopelenkm":0.013942880000000001,"startflag":0,"statusflag":"A","streamcalc":2,"streamleve":2,"streamorde":2,"terminalfl":0,"terminalpa":50000400005244,"thinner":null,"tomeas":100,"tonode":50000400162528,"totdasqkm":8.77740002,"uphydroseq":50000400102336,"uplevelpat":50000400051599,"vama":-9998,"vbma":-9998,"vcma":-9998,"vdma":-9998,"vema":-9998,"visibilityfilter":0,"vpuid":"1801","vpuin":0,"vpuout":0,"wbarea_permanent_identifier":"{58E7631B-9231-413A-96B2-EDC13F5330AA}"},"type":"Feature"},{"geometry":{"coordinates":[[-124.19622930430614,41.93849366426332],[-124.19626291836576,41.93968500227736],[-124.19609278373916,41.940358601930306],[-124.19613538364653,41.940543202287664],[-124.19630838389892,41.940726402232016]],"type":"LineString"},"id":8962411,"properties":{"OBJECTID":8962411,"Shape_Length":342.4312719993772,"arbolatesu":16.079805789999998,"areasqkm":0.10690000000000001,"arqnavma":0,"avgqadjma":0,"divdasqkm":12.81719997,"divergence":0,"dndraincou":1,"dnhydroseq":50000400051599,"dnlevel":2,"dnlevelpat":50000400051599,"dnminorhyd":0,"elevfixed":null,"fcode":55800,"fdate":1502064000000,"flowdir":1,"frommeas":0,"fromnode":50000400023595,"ftype":558,"gageadjma":0,"gageidma":"0","gageqma":0,"gnis_id":null,"gnis_name":null,"hwnodesqkm":null,"hwtype":null,"hydroseq":50000400053767,"innetwork":1,"lengthkm":0.25585639000000004,"levelpathi":50000400051599,"mainpath":0,"maxelevraw":-9998,"maxelevsmo":0,"minelevraw":0,"minelevsmo":0,"nhdplusid":50000400043401,"pathlength":1.07205458,"permanent_identifier":"{371B950C-EA68-4577-BC23-9D0C4C62E6BA}","petma":0,"qama":19.111541,"qbma":19.111541,"qcma":18.91671687,"qdma":18.91671687,"qema":18.91671687,"qfma":18.91671687,"qgadjma":0,"qgnavma":0,"qincrama":0.14513600000000001,"qincrbma":0.14513600000000001,"qincrcma":0.1382046,"qincrdma":0.1382046,"qincrema":0.1382046,"qincrfma":0.1382046,"qlossma":0,"reachcode":"18010101002957","resolution":2,"rtndiv":0,"slope":1e-05,"slopelenkm":0.25585639000000004,"startflag":0,"statusflag":"A","streamcalc":2,"streamleve":2,"streamorde":2,"terminalfl":0,"terminalpa":50000400005244,"thinner":null,"tomeas":42.01781082,"tonode":50000400046695,"totdasqkm":12.81719997,"uphydroseq":50000400055117,"uplevelpat":50000400051599,"vama":0.54145798,"vbma":0.54145798,"vcma":0.54126462,"vdma":0.54126462,"vema":0.54126462,"visibilityfilter":0,"vpuid":"1801","vpuin":0,"vpuout":0,"wbarea_permanent_identifier":"113864578"},"type":"Feature"},{"geometry":{"coordinates":[[-124.18355994973086,41.93173136575909],[-124.1835931182261,41.931763201944904],[-124.18369451736044,41.93182633495632]],"type":"LineString"},"id":10297569,"properties":{"OBJECTID":10297569,"Shape_Length":20.746419795176934,"arbolatesu":5.75680674,"areasqkm":0.0016,"arqnavma":0,"avgqadjma":0,"divdasqkm":3.3221000299999996,"divergence":0,"dndraincou":1,"dnhydroseq":50000400125267,"dnlevel":2,"dnlevelpat":50000400051599,"dnminorhyd":0,"elevfixed":null,"fcode":55800,"fdate":1502064000000,"flowdir":1,"frommeas":2.3825800399999997,"fromnode":50000400116082,"ftype":558,"gageadjma":0,"gageidma":"0","gageqma":0,"gnis_id":"00231633","gnis_name":"Ritmer Creek","hwnodesqkm":null,"hwtype":null,"hydroseq":50000400160775,"innetwork":1,"lengthkm":0.01542451,"levelpathi":50000400051599,"mainpath":0,"maxelevraw":-9998,"maxelevsmo":310,"minelevraw":303,"minelevsmo":310,"nhdplusid":50000400214253,"pathlength":2.82421287,"permanent_identifier":"{A9684A01-A3F0-49A8-93AD-7FA830E09BC8}","petma":0,"qama":5.54846,"qbma":5.54846,"qcma":5.75680701,"qdma":5.75680701,"qema":5.75680701,"qfma":5.75680701,"qgadjma":0,"qgnavma":0,"qincrama":0.0021720000000000003,"qincrbma":0.0021720000000000003,"qincrcma":0.0021677300000000005,"qincrdma":0.0021677300000000005,"qincrema":0.0021677300000000005,"qincrfma":0.0021677300000000005,"qlossma":0,"reachcode":"18010101000286","resolution":2,"rtndiv":0,"slope":1e-05,"slopelenkm":0.01542451,"startflag":0,"statusflag":"A","streamcalc":1,"streamleve":2,"streamorde":1,"terminalfl":0,"terminalpa":50000400005244,"thinner":null,"tomeas":2.6445701099999996,"tonode":50000400162571,"totdasqkm":3.3221000299999996,"uphydroseq":50000400278059,"uplevelpat":50000400051599,"vama":-9998,"vbma":-9998,"vcma":-9998,"vdma":-9998,"vema":-9998,"visibilityfilter":0,"vpuid":"1801","vpuin":0,"vpuout":0,"wbarea_permanent_identifier":"{A648C874-5CA2-41D6-88E1-FB2C89276B29}"},"type":"Feature"},{"geometry":{"coordinates":[[-124.19613462367182,41.93654417804695],[-124.19610656120066,41.9375473549148]],"type":"LineString"},"id":10415018,"properties":{"OBJECTID":10415018,"Shape_Length":150.15509909155307,"arbolatesu":15.71499689,"areasqkm":0.02870001,"arqnavma":0,"avgqadjma":0,"divdasqkm":12.666599979999999,"divergence":0,"dndraincou":1,"dnhydroseq":50000400055117,"dnlevel":2,"dnlevelpat":50000400051599,"dnminorhyd":0,"elevfixed":null,"fcode":55800,"fdate":1502064000000,"flowdir":1,"frommeas":59.913539889999996,"fromnode":50000400069713,"ftype":558,"gageadjma":0,"gageidma":"0","gageqma":0,"gnis_id":null,"gnis_name":null,"hwnodesqkm":null,"hwtype":null,"hydroseq":50000400057760,"innetwork":1,"lengthkm":0.11224987,"levelpathi":50000400051599,"mainpath":0,"maxelevraw":-9998,"maxelevsmo":0,"minelevraw":0,"minelevsmo":0,"nhdplusid":50000400128743,"pathlength":1.43686348,"permanent_identifier":"{478129E7-33E9-446E-BA50-27301779F5A8}","petma":0,"qama":18.906738,"qbma":18.906738,"qcma":18.72168317,"qdma":18.72168317,"qema":18.72168317,"qfma":18.72168317,"qgadjma":0,"qgnavma":0,"qincrama":0.03891700000000001,"qincrbma":0.03891700000000001,"qincrcma":0.03706969,"qincrdma":0.03706969,"qincrema":0.03706969,"qincrfma":0.03706969,"qlossma":0,"reachcode":"18010101002957","resolution":2,"rtndiv":0,"slope":1e-05,"slopelenkm":0.11224987,"startflag":0,"statusflag":"A","streamcalc":2,"streamleve":2,"streamorde":2,"terminalfl":0,"terminalpa":50000400005244,"thinner":null,"tomeas":78.33551788,"tonode":50000400092783,"totdasqkm":12.666599979999999,"uphydroseq":50000400060598,"uplevelpat":50000400051599,"vama":0.5408456300000001,"vbma":0.5408456300000001,"vcma":0.54066051,"vdma":0.54066051,"vema":0.54066051,"visibilityfilter":0,"vpuid":"1801","vpuin":0,"vpuout":0,"wbarea_permanent_identifier":"113864578"},"type":"Feature"},{"geometry":{"coordinates":[[-124.19073909324206,41.93338126829272],[-124.19084244890708,41.93341675511758]],"type":"LineString"},"id":10457553,"properties":{"OBJECTID":10457553,"Shape_Length":12.671809434748893,"arbolatesu":12.93028008,"areasqkm":0.0081,"arqnavma":0,"avgqadjma":0,"divdasqkm":11.50709998,"divergence":0,"dndraincou":1,"dnhydroseq":50000400072293,"dnlevel":2,"dnlevelpat":50000400051599,"dnminorhyd":0,"elevfixed":null,"fcode":33400,"fdate":1502064000000,"flowdir":1,"frommeas":22.01664925,"fromnode":50000400139008,"ftype":334,"gageadjma":0,"gageidma":"0","gageqma":0,"gnis_id":null,"gnis_name":null,"hwnodesqkm":null,"hwtype":null,"hydroseq":50000400077752,"innetwork":1,"lengthkm":0.00939119,"levelpathi":50000400051599,"mainpath":0,"maxelevraw":-9998,"maxelevsmo":144,"minelevraw":144,"minelevsmo":144,"nhdplusid":50000400256836,"pathlength":2.13905336,"permanent_identifier":"{58B4E418-D841-4ACD-B2FC-BDA8B34C39BA}","petma":0,"qama":17.323860999999997,"qbma":17.323860999999997,"qcma":17.21152433,"qdma":17.21152433,"qema":17.21152433,"qfma":17.21152433,"qgadjma":0,"qgnavma":0,"qincrama":0.011044000000000002,"qincrbma":0.011044000000000002,"qincrcma":0.010554570000000001,"qincrdma":0.010554570000000001,"qincrema":0.010554570000000001,"qincrfma":0.010554570000000001,"qlossma":0,"reachcode":"18010101002932","resolution":2,"rtndiv":0,"slope":1e-05,"slopelenkm":0.00939119,"startflag":0,"statusflag":"A","streamcalc":2,"streamleve":2,"streamorde":2,"terminalfl":0,"terminalpa":50000400005244,"thinner":null,"tomeas":23.396739959999998,"tonode":50000400162527,"totdasqkm":11.50709998,"uphydroseq":50000400082738,"uplevelpat":50000400051599,"vama":-9998,"vbma":-9998,"vcma":-9998,"vdma":-9998,"vema":-9998,"visibilityfilter":250000,"vpuid":"1801","vpuin":0,"vpuout":0,"wbarea_permanent_identifier":"113863300"},"type":"Feature"},{"geometry":{"coordinates":[[-124.19610656120066,41.9375473549148],[-124.19601153471497,41.937840355098885],[-124.19622930430614,41.93849366426332]],"type":"LineString"},"id":10549967,"properties":{"OBJECTID":10549967,"Shape_Length":145.8333232774326,"arbolatesu":15.8239494,"areasqkm":0.04369999,"arqnavma":0,"avgqadjma":0,"divdasqkm":12.710299970000001,"divergence":0,"dndraincou":1,"dnhydroseq":50000400053767,"dnlevel":2,"dnlevelpat":50000400051599,"dnminorhyd":0,"elevfixed":null,"fcode":55800,"fdate":1502064000000,"flowdir":1,"frommeas":42.01781082,"fromnode":50000400092783,"ftype":558,"gageadjma":0,"gageidma":"0","gageqma":0,"gnis_id":null,"gnis_name":null,"hwnodesqkm":null,"hwtype":null,"hydroseq":50000400055117,"innetwork":1,"lengthkm":0.10895251000000002,"levelpathi":50000400051599,"mainpath":0,"maxelevraw":-9998,"maxelevsmo":0,"minelevraw":0,"minelevsmo":0,"nhdplusid":50000400171190,"pathlength":1.32791097,"permanent_identifier":"{0E088759-39CF-413E-A0AE-9EF364B1606C}","petma":0,"qama":18.966405,"qbma":18.966405,"qcma":18.77851227,"qdma":18.77851227,"qema":18.77851227,"qfma":18.77851227,"qgadjma":0,"qgnavma":0,"qincrama":0.059667,"qincrbma":0.059667,"qincrcma":0.0568291,"qincrdma":0.0568291,"qincrema":0.0568291,"qincrfma":0.0568291,"qlossma":0,"reachcode":"18010101002957","resolution":2,"rtndiv":0,"slope":1e-05,"slopelenkm":0.10895251000000002,"startflag":0,"statusflag":"A","streamcalc":2,"streamleve":2,"streamorde":2,"terminalfl":0,"terminalpa":50000400005244,"thinner":null,"tomeas":59.913539889999996,"tonode":50000400023595,"totdasqkm":12.710299970000001,"uphydroseq":50000400057760,"uplevelpat":50000400051599,"vama":0.5410241100000001,"vbma":0.5410241100000001,"vcma":0.5408365900000001,"vdma":0.5408365900000001,"vema":0.5408365900000001,"visibilityfilter":0,"vpuid":"1801","vpuin":0,"vpuout":0,"wbarea_permanent_identifier":"113864578"},"type":"Feature"},{"geometry":{"coordinates":[[-124.19248858381745,41.93398726817291],[-124.19410818429097,41.93444760193926],[-124.19493098359904,41.9348516019819],[-124.19519918371195,41.93508200205662],[-124.19540223800047,41.93528310492441]],"type":"LineString"},"id":10734705,"properties":{"OBJECTID":10734705,"Shape_Length":385.99565436291533,"arbolatesu":15.44900914,"areasqkm":0.07219998,"arqnavma":0,"avgqadjma":0,"divdasqkm":12.590399929999998,"divergence":0,"dndraincou":1,"dnhydroseq":50000400064786,"dnlevel":2,"dnlevelpat":50000400051599,"dnminorhyd":0,"elevfixed":null,"fcode":55800,"fdate":1502064000000,"flowdir":1,"frommeas":7.0912399299999995,"fromnode":50000400023596,"ftype":558,"gageadjma":0,"gageidma":"0","gageqma":0,"gnis_id":null,"gnis_name":null,"hwnodesqkm":null,"hwtype":null,"hydroseq":50000400071232,"innetwork":1,"lengthkm":0.28637708,"levelpathi":50000400051599,"mainpath":0,"maxelevraw":-9998,"maxelevsmo":144,"minelevraw":94,"minelevsmo":94,"nhdplusid":50000400043402,"pathlength":1.7028512299999998,"permanent_identifier":"113863804","petma":0,"qama":18.803444,"qbma":18.803444,"qcma":18.62328592,"qdma":18.62328592,"qema":18.62328592,"qfma":18.62328592,"qgadjma":0,"qgnavma":0,"qincrama":0.098429,"qincrbma":0.098429,"qincrcma":-0.08876959,"qincrdma":-0.08876959,"qincrema":-0.08876959,"qincrfma":-0.08876959,"qlossma":0,"reachcode":"18010101002934","resolution":2,"rtndiv":0,"slope":0.00174595,"slopelenkm":0.28637708,"startflag":0,"statusflag":"A","streamcalc":2,"streamleve":2,"streamorde":2,"terminalfl":0,"terminalpa":50000400005244,"thinner":null,"tomeas":100,"tonode":50000400162526,"totdasqkm":12.590399929999998,"uphydroseq":50000400072293,"uplevelpat":50000400051599,"vama":-9998,"vbma":-9998,"vcma":-9998,"vdma":-9998,"vema":-9998,"visibilityfilter":250000,"vpuid":"1801","vpuin":0,"vpuout":0,"wbarea_permanent_identifier":"113863300"},"type":"Feature"},{"geometry":{"coordinates":[[-124.19553128368598,41.93545371869528],[-124.19612213169948,41.93651681413143]],"type":"LineString"},"id":11492738,"properties":{"OBJECTID":11492738,"Shape_Length":172.14709022640466,"arbolatesu":15.599515640000002,"areasqkm":0.03270003,"arqnavma":0,"avgqadjma":0,"divdasqkm":12.63529997,"divergence":0,"dndraincou":1,"dnhydroseq":50000400060598,"dnlevel":2,"dnlevelpat":50000400051599,"dnminorhyd":0,"elevfixed":null,"fcode":55800,"fdate":1502064000000,"flowdir":1,"frommeas":78.86665344000001,"fromnode":50000400092784,"ftype":558,"gageadjma":0,"gageidma":"0","gageqma":0,"gnis_id":null,"gnis_name":null,"hwnodesqkm":null,"hwtype":null,"hydroseq":50000400062829,"innetwork":1,"lengthkm":0.12849562,"levelpathi":50000400051599,"mainpath":0,"maxelevraw":-9998,"maxelevsmo":0,"minelevraw":0,"minelevsmo":0,"nhdplusid":50000400171191,"pathlength":1.55234473,"permanent_identifier":"113863808","petma":0,"qama":18.864311,"qbma":18.864311,"qcma":18.68126994,"qdma":18.68126994,"qema":18.68126994,"qfma":18.68126994,"qgadjma":0,"qgnavma":0,"qincrama":0.044467,"qincrbma":0.044467,"qincrcma":0.042360110000000006,"qincrdma":0.042360110000000006,"qincrema":0.042360110000000006,"qincrfma":0.042360110000000006,"qlossma":0,"reachcode":"18010101002957","resolution":2,"rtndiv":0,"slope":1e-05,"slopelenkm":0.12849562,"startflag":0,"statusflag":"A","streamcalc":2,"streamleve":2,"streamorde":2,"terminalfl":0,"terminalpa":50000400005244,"thinner":null,"tomeas":100,"tonode":50000400046696,"totdasqkm":12.63529997,"uphydroseq":50000400064786,"uplevelpat":50000400051599,"vama":0.54071782,"vbma":0.54071782,"vcma":0.54053441,"vdma":0.54053441,"vema":0.54053441,"visibilityfilter":250000,"vpuid":"1801","vpuin":0,"vpuout":0,"wbarea_permanent_identifier":"113864578"},"type":"Feature"},{"geometry":{"coordinates":[[-124.16602051808157,41.9114758680039],[-124.16861779909625,41.9122394520161],[-124.17256311807742,41.91315640177476],[-124.17501298375733,41.91366606819894],[-124.1763833843845,41.91387080225352],[-124.18054138400075,41.913925401767685],[-124.18339631800858,41.91345860205593],[-124.1844531176684,41.91342340227376],[-124.1948422030995,41.912632858691865],[-124.19620858825735,41.91302950311393]],"type":"LineString"},"id":11546067,"properties":{"OBJECTID":11546067,"Shape_Length":3441.6520980743576,"arbolatesu":7286.525472040001,"areasqkm":1.42750002,"arqnavma":0,"avgqadjma":0,"divdasqkm":1825.00290554,"divergence":0,"dndraincou":1,"dnhydroseq":50000400005264,"dnlevel":1,"dnlevelpat":50000400005244,"dnminorhyd":0,"elevfixed":null,"fcode":55800,"fdate":1502064000000,"flowdir":1,"frommeas":39.39645004,"fromnode":50000400046694,"ftype":558,"gageadjma":1,"gageidma":"0","gageqma":0,"gnis_id":"00253899","gnis_name":"Smith River","hwnodesqkm":null,"hwtype":null,"hydroseq":50000400005278,"innetwork":1,"lengthkm":2.54784068,"levelpathi":50000400005244,"mainpath":0,"maxelevraw":-9998,"maxelevsmo":399,"minelevraw":144,"minelevsmo":399,"nhdplusid":50000400086151,"pathlength":4.24706416,"permanent_identifier":"113863786","petma":0,"qama":4397.977011,"qbma":4397.977011,"qcma":4397.977011,"qdma":4397.977011,"qema":5021.42307559,"qfma":5021.42307559,"qgadjma":0,"qgnavma":0,"qincrama":1.9763780000000002,"qincrbma":1.9763780000000002,"qincrcma":18.84563129,"qincrdma":18.84563129,"qincrema":18.84563129,"qincrfma":18.84563129,"qlossma":0,"reachcode":"18010101002654","resolution":2,"rtndiv":0,"slope":1e-05,"slopelenkm":2.54784068,"startflag":0,"statusflag":"A","streamcalc":8,"streamleve":1,"streamorde":8,"terminalfl":0,"terminalpa":50000400005244,"thinner":null,"tomeas":85.14576721,"tonode":50000400162525,"totdasqkm":1825.00290554,"uphydroseq":50000400005286,"uplevelpat":50000400005244,"vama":1.06543755,"vbma":1.06543755,"vcma":1.06543755,"vdma":1.06543755,"vema":1.07361052,"visibilityfilter":5000000,"vpuid":"1801","vpuin":0,"vpuout":0,"wbarea_permanent_identifier":"113864578"},"type":"Feature"},{"geometry":{"coordinates":[[-124.19664566086392,41.92959663966952],[-124.19676150311139,41.930923733924416],[-124.19699944976216,41.93251797178648],[-124.19802261829436,41.93377908688554],[-124.19873645555171,41.93449292570285],[-124.19923614342851,41.935063995815824],[-124.20027538371947,41.93602956887832]],"type":"LineString"},"id":11570091,"properties":{"OBJECTID":11570091,"Shape_Length":1079.630218781939,"arbolatesu":1.85896641,"areasqkm":0.27830002,"arqnavma":0,"avgqadjma":0,"divdasqkm":1.1500000099999999,"divergence":0,"dndraincou":1,"dnhydroseq":50000400005247,"dnlevel":1,"dnlevelpat":50000400005244,"dnminorhyd":0,"elevfixed":null,"fcode":55800,"fdate":1502064000000,"flowdir":1,"frommeas":0,"fromnode":50000400139007,"ftype":558,"gageadjma":0,"gageidma":"0","gageqma":0,"gnis_id":null,"gnis_name":null,"hwnodesqkm":null,"hwtype":null,"hydroseq":50000400155476,"innetwork":1,"lengthkm":0.80547386,"levelpathi":50000400155476,"mainpath":0,"maxelevraw":-9998,"maxelevsmo":0,"minelevraw":0,"minelevsmo":0,"nhdplusid":50000400256835,"pathlength":1.47752424,"permanent_identifier":"{38522C21-3949-4E69-AFA3-45BE2F99223E}","petma":0,"qama":1.558761,"qbma":1.558761,"qcma":1.69742828,"qdma":1.69742828,"qema":1.69742828,"qfma":1.69742828,"qgadjma":0,"qgnavma":0,"qincrama":0.37412700000000004,"qincrbma":0.37412700000000004,"qincrcma":0.39385253000000003,"qincrdma":0.39385253000000003,"qincrema":0.39385253000000003,"qincrfma":0.39385253000000003,"qlossma":0,"reachcode":"18010101036702","resolution":2,"rtndiv":0,"slope":1e-05,"slopelenkm":0.80547386,"startflag":0,"statusflag":"A","streamcalc":1,"streamleve":2,"streamorde":1,"terminalfl":0,"terminalpa":50000400005244,"thinner":null,"tomeas":43.31956863,"tonode":50000400139006,"totdasqkm":1.1500000099999999,"uphydroseq":50000400259939,"uplevelpat":50000400155476,"vama":0.44130214,"vbma":0.44130214,"vcma":0.44222278000000004,"vdma":0.44222278000000004,"vema":0.44222278000000004,"visibilityfilter":100000,"vpuid":"1801","vpuin":0,"vpuout":0,"wbarea_permanent_identifier":"113864578"},"type":"Feature"},{"geometry":{"coordinates":[[-124.17390398389469,41.888831202231515],[-124.1740949836904,41.88890806821694],[-124.1742711837418,41.88900140187366],[-124.17430071765338,41.889028867753495],[-124.17458711763393,41.88914420211782],[-124.17472671762575,41.88923760230343],[-124.17485898377154,41.88936386814856],[-124.17521898362165,41.889517602088794],[-124.1754761182869,41.88959446791706],[-124.17560091763607,41.88968240187785],[-124.1756523839153,41.88972640191517],[-124.17595351806315,41.8900778019404],[-124.17618131824281,41.89046206793851],[-124.17635758387122,41.890648667714515],[-124.17661471763815,41.89070906820614],[-124.17696751838957,41.89069266775501],[-124.17741558368024,41.890742202120016],[-124.17795191832909,41.89076406803285],[-124.17809151832084,41.890747668264524],[-124.17823118388964,41.89076406803285],[-124.17861318437937,41.89079720191815],[-124.17898058365249,41.89079720191815],[-124.17936998356522,41.89091246822381],[-124.17960511759082,41.89091800189467],[-124.17982571777347,41.89086320214845],[-124.1800165837202,41.89082466769465],[-124.18015618371196,41.89075326815328],[-124.18017098435462,41.890758801837926],[-124.18057511843462,41.8906874677579],[-124.18095718360307,41.89066000192239],[-124.18125838422624,41.890610601907355],[-124.18165511798496,41.890621667963416],[-124.18196371803114,41.89064360212741],[-124.18214011840683,41.89067120171475],[-124.18221351795209,41.89069860201048],[-124.18230911756295,41.890775467755134],[-124.18242651838742,41.8909676022883],[-124.18246331787303,41.891192801714396],[-124.18237511768517,41.89146166817404],[-124.18234571762257,41.89171980199462],[-124.18246331787303,41.89189000196503],[-124.18265418381976,41.89213146782685],[-124.182720317791,41.89225780217842],[-124.182712983945,41.89234566827705],[-124.18273511843361,41.892515801715454],[-124.1829335176523,41.893009868331575],[-124.18290398374072,41.89327340230991],[-124.18285251835977,41.893641268113605],[-124.18287451810109,41.89406946826196],[-124.18305091757848,41.89426706809201],[-124.1832419838495,41.89444826782382],[-124.18351371793476,41.89456906825106],[-124.18389166522591,41.89470703619006],[-124.1834728787253,41.89735299627337],[-124.18337770132264,41.89788599632839],[-124.1830731302205,41.89878067394661],[-124.18221652371504,41.89978956497538],[-124.18191195261291,41.89997992125997],[-124.18162641770995,41.90028449200728],[-124.18145509730718,41.90058906397634],[-124.181017276404,41.90127434927268],[-124.18067463290346,41.901636027147234],[-124.18038909800055,41.90194059668153],[-124.18017970519935,41.90211191807766],[-124.1799893485974,41.90209288290968],[-124.17972284899534,41.90197866910835],[-124.17928502809217,41.90186445510276],[-124.178752028888,41.90186445510276],[-124.17835227858657,41.90195963323209],[-124.17819999438298,41.902149989733715],[-124.17797156628095,41.902359382767905],[-124.17715303127551,41.90262588218244],[-124.17719176573227,41.90302967120816],[-124.17671521037236,41.90319695271797],[-124.17674389807097,41.90357649376297]],"type":"LineString"},"id":11826315,"properties":{"OBJECTID":11826315,"Shape_Length":3521.78670240216,"arbolatesu":11.51616606,"areasqkm":3.05750002,"arqnavma":0,"avgqadjma":0,"divdasqkm":11.14940004,"divergence":0,"dndraincou":1,"dnhydroseq":50000400086077,"dnlevel":2,"dnlevelpat":50000400063184,"dnminorhyd":0,"elevfixed":null,"fcode":46003,"fdate":1502064000000,"flowdir":1,"frommeas":0,"fromnode":50000400162567,"ftype":460,"gageadjma":0,"gageidma":"0","gageqma":0,"gnis_id":"00236584","gnis_name":"Tryon Creek","hwnodesqkm":null,"hwtype":null,"hydroseq":50000400089718,"innetwork":1,"lengthkm":2.62254173,"levelpathi":50000400063184,"mainpath":0,"maxelevraw":-9998,"maxelevsmo":404,"minelevraw":344,"minelevsmo":404,"nhdplusid":50000400299880,"pathlength":6.79411191,"permanent_identifier":"113863746","petma":0,"qama":16.200127,"qbma":16.200127,"qcma":16.136245419999998,"qdma":16.136245419999998,"qema":16.136245419999998,"qfma":16.136245419999998,"qgadjma":0,"qgnavma":0,"qincrama":4.275947,"qincrbma":4.275947,"qincrcma":3.93968728,"qincrdma":3.93968728,"qincrema":3.93968728,"qincrfma":3.93968728,"qlossma":0,"reachcode":"18010101000269","resolution":2,"rtndiv":0,"slope":1e-05,"slopelenkm":2.62254173,"startflag":0,"statusflag":"A","streamcalc":2,"streamleve":2,"streamorde":2,"terminalfl":0,"terminalpa":50000400005244,"thinner":null,"tomeas":60.53152084,"tonode":50000400069742,"totdasqkm":11.14940004,"uphydroseq":50000400106370,"uplevelpat":50000400063184,"vama":0.53363928,"vbma":0.53363928,"vcma":0.5335672,"vdma":0.5335672,"vema":0.5335672,"visibilityfilter":500000,"vpuid":"1801","vpuin":0,"vpuout":0,"wbarea_permanent_identifier":null},"type":"Feature"}],"type":"FeatureCollection"}
