timestep,cell_id,temperature,humidity,vegetation_density,water_availability,soil_quality,biodiversity_index,carbon_flux
0,8828308629fffff,20.054270527874174,0.52734537958747,0.45729547940353876,0.47657680149567444,0.5533609316800167,0.4828609271606236,0.08756654098893708
0,88283080e1fffff,19.98233787077578,0.5675580444891226,0.45612255509678457,0.5920906457941074,0.5753975753737455,0.5313606153293762,-0.025258345931740936
0,88283090a1fffff,20.024170720924737,0.5621268257030809,0.5619662332731686,0.5343760117012898,0.5451045052952156,0.5703639404872506,-0.051646712954215517
0,8828308249fffff,20.03061188087341,0.49153793759426145,0.4847147836704967,0.5321297222999612,0.638361255630036,0.5283397985427064,-0.04201811952760321
0,882830844dfffff,20.03082550739548,0.6325217385380407,0.514798807126138,0.4874814915633833,0.6308028814992586,0.6285119095312981,-0.04870277292684101
0,882830803dfffff,20.02541099828903,0.5668094787402974,0.44054910778042977,0.5273622293308075,0.5610964538906283,0.5538435801910656,0.01386386261570462
0,88283081d1fffff,20.098946723256084,0.5962840687645329,0.5430075720958566,0.45604569697618885,0.5977844307212892,0.5663176921953392,-0.010783755124300097
0,8828308037fffff,19.988083105745883,0.6174710643332234,0.5227740475156346,0.49703786152923646,0.635172505236399,0.4062658013149941,0.10692542807681729
0,8828309195fffff,19.911660288038803,0.6435005924251309,0.5912726329314626,0.4206968950685289,0.6123919672509147,0.46868425959032917,0.009739171189300228
0,8828309457fffff,19.974181297585712,0.6294043020493378,0.5096050080734361,0.4890306789118964,0.6045201309981396,0.46267029700717743,0.028234532581501406
0,8828308033fffff,19.979466981487903,0.6293489785195953,0.4331427883657103,0.5956922730077611,0.5535716623836587,0.46667105060288305,0.06564476782759701
0,8828308627fffff,20.1384530319177,0.6227936810876057,0.478063111190835,0.5558231817819617,0.5803706622936208,0.5840601166468847,0.0037456662807525617
0,8828308635fffff,20.055241168778373,0.6222186996061241,0.48768838335358744,0.583820776665564,0.6436423464466748,0.5715232228381898,0.03658728497002261
0,88283091d7fffff,20.039737093425224,0.6332331748159375,0.5677278563788356,0.4879479370145271,0.6000431651250545,0.49811746147270514,-0.0310533151851837
0,88283091d3fffff,19.951409312615827,0.6368532347343161,0.43341986622802364,0.5180399791770431,0.52514737633787,0.4971902126770315,0.01895070253386879
0,88283090a3fffff,20.031926326510597,0.5236054260647989,0.5589004932508775,0.5099837715216569,0.5321281613976925,0.4761328934158782,-0.053819667054598154
0,8828309193fffff,20.080565125892893,0.6101418371139539,0.5486940551657068,0.543710698694654,0.5363245652570094,0.5661292982589925,-0.0238772790253202
0,8828308269fffff,20.008164740204705,0.6571067466536528,0.4902237876158803,0.46954027437757945,0.5599036900322599,0.42836710288198504,-0.04987623955993961
0,8828308753fffff,20.026254034372478,0.6074604084951555,0.4443108965587662,0.5120307098071012,0.5964267630082435,0.4756397641800663,0.039900109913346984
0,8828309407fffff,20.055684712023268,0.6551477896156388,0.5008782714027444,0.5096854586424211,0.6543453448931528,0.5513952853976278,0.029480717107436757
0,8828309447fffff,20.03342471844088,0.6676479981983934,0.49799332606159596,0.5144444570547199,0.6504212323860042,0.49419069459661824,-0.13109997162856318
0,8828308621fffff,19.989015555966905,0.4892751907573943,0.4089373797206021,0.5823216648078733,0.5896529430642967,0.4585503653532033,0.055213265583268036
0,882830940bfffff,20.04516627950226,0.5881079915145634,0.49045226053049495,0.48846284054257416,0.705117797299522,0.5601418359992918,0.04785467646080363
0,8828309403fffff,19.999253549244795,0.6036412130063351,0.6102266138236976,0.6089517469305429,0.5944112165028824,0.4914036176311938,-0.03069454284713835
0,8828308015fffff,20.148342770056612,0.5750903775695114,0.6152245438986486,0.5347252817060618,0.6245742760707217,0.4860732038068509,-0.0825026542162217
0,88283080e7fffff,19.964464607797872,0.6105076702201625,0.5310855313888616,0.5464836158477963,0.6283840990707894,0.5400593806590399,0.024678862058428532
0,8828309199fffff,20.02802452808555,0.6503735684562211,0.5214349081857437,0.4980800743921944,0.6052801414507539,0.43839847966704304,0.046965870439746295
0,8828308039fffff,20.07210613777714,0.6558202181657221,0.46603961726741555,0.5210284522260579,0.5471888740208988,0.5060379691154699,-0.03478860131825875
0,8828308445fffff,20.010029826512934,0.6277447852782662,0.5180626569943162,0.5075769130046467,0.6516229043349183,0.4853775029897983,-0.017040266326446236
0,882830824dfffff,19.95875635010875,0.5768843524285782,0.49871529613897836,0.6086157609719289,0.6367473262838534,0.5528715316848942,-0.03250743332466568
0,8828309419fffff,20.00147733716384,0.6912416818075402,0.4953987740548484,0.5880317828155386,0.5989704410566519,0.4627076709166069,0.025085391343188802
0,882830803bfffff,19.97873178354776,0.6259241595618481,0.5834116630422704,0.5381745598297839,0.6090670909743734,0.4923198663376344,0.06463244238272364
0,8828308241fffff,19.97803229058734,0.5784427189892704,0.5063209666985368,0.5995995585969576,0.5916388640497301,0.43178342146003923,-0.011664667190780773
0,8828309191fffff,20.056158782862376,0.6082318227394203,0.5440070262284321,0.5326891402881186,0.7104145502004952,0.5431600120085773,0.025571268340531195
0,882830863dfffff,20.02360802031588,0.6544485907170845,0.4853185054324422,0.5138987909226759,0.5892426514643613,0.4719993960047059,0.0068694686436475486
0,8828308035fffff,20.02868471842428,0.6190731046467576,0.5322803240628349,0.5134241068142364,0.5756320219835321,0.5495559561189534,-0.008811330628919239
0,88283081cbfffff,19.94700345223554,0.5220477889074623,0.4342061527695017,0.5178513364399965,0.5771471314895764,0.45933880829692286,0.014424122458493054
0,8828308245fffff,20.02374651033478,0.6055258199644357,0.5263529069499248,0.5353049189987004,0.5890213529126325,0.4871801155439711,0.12535957086173619
0,882830862bfffff,20.004706713588,0.6422216174944843,0.4432825220333599,0.5303733481776636,0.5810427188087047,0.4834746569600081,-0.0064646658880078214
0,88283081dbfffff,19.97878215596073,0.5291209137560097,0.4814841384640819,0.4922980347087667,0.5433671702817691,0.37328580203077344,-0.0002025018461821519
0,8828308017fffff,20.036176620204525,0.5550908877226209,0.5470184034540179,0.5642685769585818,0.5970905075943935,0.4480425266893074,-0.02388339179034534
0,8828308625fffff,19.99706415061698,0.6231760504193105,0.4705124493929574,0.5453421750759516,0.5998506396888743,0.4041629800849565,0.05045295322177728
0,88283081ddfffff,19.950497808448873,0.5512059061506327,0.5697419219515151,0.4943763053979344,0.5581911947032051,0.47896524957861863,0.10228376396736603
0,8828309455fffff,19.93787419331221,0.6169107823202437,0.47541356555101766,0.5374550175168821,0.5793606321334764,0.4917283393694625,0.021607203268272607
0,8828309401fffff,20.032251429096934,0.7349901994169947,0.5433253753623049,0.5803071642831952,0.6019573074753011,0.5942826072390497,0.007931629464939341
0,88283080edfffff,19.921520758179213,0.6156608595446001,0.46966897678706515,0.5498128935736698,0.5934241106241785,0.5045802750957377,-0.010824824261829688
0,8828309411fffff,19.95073118753447,0.6184097668182089,0.6234619636206168,0.4394050703131623,0.5835205439629892,0.4880468250256578,0.035492173910792506
0,8828308031fffff,20.109099658228,0.591995115920895,0.5771927213551582,0.5357321736526606,0.46228449646682535,0.5279717012760206,-0.018218017001528745
0,882830940dfffff,20.037646428720265,0.5666982569604769,0.5627010521882049,0.5392417702537207,0.584267315517539,0.4701649102773931,0.03710418880760343
0,88283080e9fffff,19.95818642474087,0.6047033843455956,0.5715004333826322,0.6463840870147106,0.6267127643068007,0.5122761765831716,0.07949002634598629
0,88283090adfffff,19.926650872085087,0.6091164035094584,0.44437906313956776,0.6279456780739804,0.6562548718194343,0.5086623805802699,0.00885166335154111
0,882830871bfffff,19.978682374448113,0.6122269420054084,0.47048769624527453,0.5193865043765701,0.5822566571990446,0.5051763872187695,-0.0858228023993639
0,88283090a5fffff,20.05143108241956,0.5584812606663602,0.48438669554454117,0.4616484699872447,0.6313666182786255,0.5118222758073941,-0.0038275916523621495
0,88283090a7fffff,19.993579744019375,0.6704425400902183,0.5105617602802539,0.45135130609117463,0.5366304296300468,0.49378980371592296,-0.010546679750361767
0,8828308449fffff,19.998269955423304,0.5198069029470512,0.5671878127027035,0.5548312866348549,0.674340082947604,0.538837047535498,-0.046889659978332866
0,882830941dfffff,19.965430309381635,0.6438733660741545,0.4788253091337402,0.5306663447440998,0.6026527576249385,0.6241372581067036,0.00599044129310865
0,882830919bfffff,20.0243979281011,0.547149143841041,0.5945978209633709,0.5065700567255764,0.5740318387518812,0.49695840170460437,-0.03523151306709065
0,8828309409fffff,20.031603173753,0.5663437686115745,0.4978785990570725,0.48264371828647884,0.5862126556436774,0.47829566492120645,-0.0401678685513151
0,8828309197fffff,19.9858503984794,0.5652990631424395,0.48686276973965326,0.6020859928523639,0.599427992186255,0.5340874466946344,0.026072123059156255
0,8828308719fffff,20.017539169387298,0.6246449729046663,0.45788555834036754,0.5513034496782252,0.6212355087131144,0.4854584982853378,-0.059681989969057214
0,8828309405fffff,20.094496614015394,0.6222295284704629,0.5253537025934203,0.5335578203057827,0.6109182914866164,0.4878710961750985,0.052139946982328156
0,882830862dfffff,20.001352283144467,0.5997279147602919,0.45333985665542476,0.5238180072454995,0.651445789526555,0.5414362225182693,0.013248319550151662
0,88283081d9fffff,19.995611702789635,0.6866393911412019,0.514485875068773,0.5790273327209123,0.5937252625379669,0.5473036324852627,0.027403998098149362
0,8828309439fffff,20.000285663650928,0.5705579885545135,0.36285278668340293,0.49895376285900417,0.641006221557579,0.5190216425777694,-0.018194011338722282
0,88283080e5fffff,20.0730571011031,0.5384246909128249,0.4963828840082395,0.5726743258706777,0.6796239015473167,0.3997864207177626,0.15534842382788
0,882830919dfffff,20.036694153797278,0.7168230564337345,0.5657007530761311,0.3911266927731585,0.6028615242054733,0.5135112152574252,0.0535295404188563
0,8828308441fffff,20.06216417849182,0.5576857348192928,0.4742696450039319,0.43897700740931617,0.5212202571645103,0.5013931114707074,-0.07133050253278334
0,8828308711fffff,19.942571894302358,0.557892037104723,0.6306035877793563,0.508507844910409,0.5865501859289819,0.5667464582440197,-0.029257950755172065
0,882830945dfffff,19.98182121832258,0.6340994177010285,0.491508475324364,0.4723874857909287,0.5748899201114784,0.5857104805284247,-0.09109655736411362
0,8828309453fffff,20.04592645830559,0.5201142689219581,0.47683972667932883,0.5731188475027011,0.5829048517650247,0.4874620995402481,-0.0035401990360979514
0,8828309415fffff,20.00445020178993,0.5373202081607558,0.5100723460475077,0.40934899336010033,0.6549076290186726,0.5059292698072384,-0.04913438534588662
0,8828308623fffff,20.002073952663405,0.6249919874872476,0.545069387991897,0.5006816154561265,0.5101066837529868,0.4578955062059366,-0.1384660816613781
0,8828309443fffff,20.02613923937972,0.7078077399722745,0.5284616140628243,0.5094045229235237,0.47906221718616643,0.5516162304768969,-0.005199740158861411
0,8828308713fffff,20.002030316141855,0.562811991557826,0.5173518696432563,0.5621083281296598,0.5750800841102738,0.4804990081361083,-0.006047859953420199
0,8828309451fffff,19.880333854157954,0.5789456381935327,0.48567989877692674,0.5232113342910716,0.5975578806621777,0.5166214398844182,-0.0860733756876556
0,882830844bfffff,19.952942338070013,0.590626405309828,0.5376447018617512,0.602386495114134,0.5190214022397445,0.5957286102959495,0.09115968068897043
1,8828308629fffff,20.227088718269663,0.5530541383567116,0.5429343801097031,0.6598968904058546,0.5288027305730081,0.5950069973432929,0.13206905327449517
1,88283080e1fffff,21.25863469353399,0.6563087284858078,0.5299425590991855,0.7047377768691783,0.592999491832976,0.6156265958709957,0.06972970180654248
1,88283090a1fffff,21.491617662342374,0.6089446890284517,0.5558744853253296,0.6606955153193571,0.6322189283170447,0.48740777416058,0.07658216931833414
1,8828308249fffff,21.519633365174418,0.6622817914879711,0.6837136605764262,0.6075123760100279,0.5970572493855232,0.4998865344920993,-0.09378308176525904
1,882830844dfffff,21.66815382505906,0.664787851861504,0.5466339647983762,0.6995801528554196,0.5668761633512034,0.5015563933995156,0.05914522482467539
1,882830803dfffff,22.49559793692967,0.6902274381505296,0.5247537066029898,0.7158495219370015,0.6720352922171016,0.5834566493531419,0.013832120890694466
1,88283081d1fffff,20.989981973217404,0.6176295639581629,0.5776354915699099,0.6325106226784369,0.6389256529492439,0.5965260186319096,0.027971949526091947
1,8828308037fffff,21.758341879074486,0.7380773541777825,0.5436437213814852,0.803044286872324,0.6370549369125981,0.5855548946664242,0.11695606826020283
1,8828309195fffff,21.22456517657986,0.7311511721853762,0.5609238173807866,0.573505323465198,0.6551932534223561,0.5747605716173239,-0.005334583458981967
1,8828309457fffff,21.16842885288254,0.6466371319557532,0.4797799126528475,0.7018241731931297,0.6947522581632221,0.5343928868916116,0.02100815219522653
1,8828308033fffff,21.76446680598319,0.6274926444047074,0.5259425561641606,0.7260591048304919,0.6769326747666423,0.5146010656542611,0.066024576228185
1,8828308627fffff,21.07156293992108,0.6362607819864324,0.556363988571555,0.6321565093478021,0.6398198541558245,0.5219940447675319,0.14427974772335056
1,8828308635fffff,21.324632776728517,0.5800926778440384,0.4406426546743533,0.7200709449787165,0.7014271237609602,0.6093311543780614,0.06534120067204374
1,88283091d7fffff,22.257256847382482,0.6200095036237963,0.5053525870814275,0.6679707073431919,0.6546971978661733,0.4703800878279449,-0.013969438242315418
1,88283091d3fffff,22.30460809177411,0.6806461753529591,0.49340155632801774,0.5845164017579406,0.6679944286373409,0.5416036263994608,-0.02335811351964577
1,88283090a3fffff,21.328204445081195,0.7353784196092883,0.6248983463543698,0.6626163636221627,0.6578532003058248,0.5239060777758713,0.04697836625882543
1,8828309193fffff,21.0072703279379,0.6479272018363947,0.5481145672950629,0.5632217427160708,0.5551535599466882,0.5629598013679636,0.08161147858292314
1,8828308269fffff,20.63832027257109,0.6670722875639741,0.5642806927419052,0.513093069875661,0.6538095563939524,0.6224714077354357,-0.026042441775364945
1,8828308753fffff,20.964139982080525,0.646883127201188,0.5317031410239504,0.6729295146675088,0.6096162201614836,0.7104956547707418,0.07179305392413123
1,8828309407fffff,22.022563902005814,0.6709796057924218,0.6377863489491593,0.5744501615356692,0.6476206770844903,0.6160257783641655,0.07987201974337732
1,8828309447fffff,20.77717226521652,0.6702801635781084,0.433606675317319,0.724068250019116,0.6809586520867839,0.5872624827397892,0.04721283238268993
1,8828308621fffff,20.49903603407664,0.6500197726396956,0.5438860012652127,0.6781445621679689,0.6599009563408264,0.5730532806912821,0.019480111065268903
1,882830940bfffff,21.27760544641327,0.6262746153146019,0.5782270423057171,0.5646969369670299,0.6693213391062731,0.5070769527645778,0.04827485809290551
1,8828309403fffff,21.904096303465238,0.6517551362996041,0.6048290103693675,0.6878191058374241,0.6473420838969257,0.59236519983925,0.0002137918186799065
1,8828308015fffff,21.72298922180153,0.6346225609391875,0.4955308457403281,0.6994556376185929,0.7374854736662791,0.5673972682004981,0.09482805354271559
1,88283080e7fffff,21.466635989450285,0.6990144382223217,0.5052038122678985,0.5997699572561964,0.6972510834636969,0.613648940721812,-0.04422604103778524
1,8828309199fffff,21.849487215081982,0.693083718499193,0.5368780075934728,0.6862486267516021,0.598765301700948,0.5155449104498454,0.07124084505102529
1,8828308039fffff,22.30222581033284,0.7055637712102947,0.4819331221815246,0.6764212562302173,0.5695812864291854,0.5494175687109866,0.029432372467450618
1,8828308445fffff,22.05107371390989,0.5972178949395727,0.44203402966796046,0.7685607466428128,0.6348057861926191,0.5014825020803247,0.15689717438837147
1,882830824dfffff,21.31715565460086,0.6795570325103446,0.5277269558309999,0.6497317739901096,0.6021292292159177,0.5215810577074425,0.08546199832712187
1,8828309419fffff,21.559016461818207,0.7079087844062109,0.5804999020114792,0.5109818223566622,0.6666658890175001,0.5326018963536264,0.02671927937530645
1,882830803bfffff,21.813982369527686,0.7221138622838671,0.49872441326153105,0.6751624854194416,0.6991008115793538,0.5647089492043993,0.06312058461994723
1,8828308241fffff,21.417640112512604,0.7127918636090698,0.6579552478403625,0.6246555205849402,0.5887331019818318,0.537978100119292,0.03899708193307845
1,8828309191fffff,21.34455965109981,0.7402545103898143,0.5710862704454488,0.7162941984890998,0.6096685171590982,0.4908189652184127,0.13312258685867845
1,882830863dfffff,20.91959662171961,0.6844507894320695,0.486343445242606,0.6387953269314913,0.5886698848012382,0.6807589498279515,0.05471538500079724
1,8828308035fffff,22.158667897027094,0.6754290179819405,0.5349825733399163,0.7248037724426518,0.6118129030640834,0.48804355504876545,0.0580121665787948
1,88283081cbfffff,21.589511237748564,0.5998921568845791,0.524136729681993,0.7355168412861648,0.7094930653223007,0.48998456479393027,0.12017282526678064
1,8828308245fffff,21.024455111254426,0.7431299103382522,0.6710061864436014,0.5227654128721827,0.5591673735603885,0.4918403140996839,-0.005825821530937702
1,882830862bfffff,20.546388878092202,0.6553462265712411,0.4752032106701641,0.6383247156704969,0.5919541621745235,0.6288457882281436,0.09627610227069391
1,88283081dbfffff,21.26677274109634,0.7532623707824656,0.5279934809958872,0.6315618435485125,0.6987296778430385,0.5782979112937975,-0.0016046221095739827
1,8828308017fffff,21.34727500694549,0.7585046600506775,0.5674947811881467,0.6118025930720251,0.6145613610976757,0.6275440201179145,-0.01478550904835775
1,8828308625fffff,20.881609158176605,0.7045753111619997,0.6140972443397494,0.7893755486774576,0.6671794279519585,0.652933737572521,0.03140167895193566
1,88283081ddfffff,21.191845224563394,0.6435554992880506,0.5045215314206977,0.7625656831734825,0.6628256318135435,0.49021559424744315,0.07832878690109296
1,8828309455fffff,20.73149114924777,0.6096941968782678,0.5603767939733325,0.6423360902098466,0.6984926742718292,0.47336719885905487,-0.03323257710924921
1,8828309401fffff,21.43138570464784,0.6461191315283265,0.5815482184464678,0.581655999855737,0.6105560157116438,0.5055030960877313,-0.06622336766167868
1,88283080edfffff,21.39766046960128,0.6332191091957491,0.5380061239851515,0.6441166473907229,0.6099608766467721,0.5732824680967761,-0.010304585521618052
1,8828309411fffff,21.976152115674157,0.6745975623923018,0.584201195759332,0.5993072189038129,0.6327836112991593,0.5402059676745795,0.06537551446423623
1,8828308031fffff,22.072076704410748,0.6858201219949942,0.5554448048109846,0.6054657017937399,0.6156260306845696,0.519734886067028,-0.009989471787968635
1,882830940dfffff,21.12781451717014,0.6381284605333742,0.5648004011355315,0.6694086148548425,0.6053913335055332,0.5119746577689732,0.08982933521234578
1,88283080e9fffff,21.164776593074826,0.682178535957731,0.6342110438112757,0.5835944570869505,0.6899749835924415,0.6982436117280828,0.018115949304629134
1,88283090adfffff,21.869739889877387,0.6852437463721702,0.520356801743577,0.6659207176039207,0.6199251256578672,0.566889138624226,0.13250624786738877
1,882830871bfffff,21.248931344101607,0.6482864352367907,0.597602765012822,0.7808665418398058,0.6754955507579573,0.658040432596325,0.10313916943640072
1,88283090a5fffff,21.789314556690243,0.6028206660196144,0.4630245888843699,0.5761851639293372,0.6309729391317199,0.6804346360840545,0.08309482916449007
1,88283090a7fffff,21.470427367288,0.7097845389210317,0.6248940353240438,0.6095005410550713,0.5816555577622107,0.547539150270227,-0.05764602788679884
1,8828308449fffff,21.487238641426767,0.7024193307424792,0.5340970901635392,0.6721207233400801,0.7770351842299106,0.6423063718866413,0.1528545456475935
1,882830941dfffff,21.64722143222642,0.6122894782291175,0.5922154252345235,0.5813498618019414,0.644321973630995,0.5178777559733727,0.019162659273083103
1,882830919bfffff,21.33114019465699,0.800704731226033,0.5429321999088415,0.5801880868360426,0.6049569468856608,0.49464067414744856,0.17231682368776158
1,8828309409fffff,20.994684574412634,0.570394106075913,0.5372110308024567,0.530930038064293,0.6370635778366579,0.6273307653913431,0.05508791261611968
1,8828309197fffff,20.77881748685852,0.6774134967154538,0.6175096618658348,0.5873126607823611,0.6668645428891145,0.4844399045538638,0.01158135031968753
1,8828308719fffff,21.24208575736597,0.7114724577128947,0.46015691082139154,0.6264635275979298,0.5597350995772061,0.5659041192807563,0.12283179538959127
1,8828309405fffff,21.548995749129862,0.7265246528733939,0.595072144733387,0.6496867711375719,0.6279125052535004,0.48753096243541294,0.1004850431348476
1,882830862dfffff,20.434327311480992,0.6832412363370878,0.5057521138606241,0.6676324877387448,0.5975912413526633,0.5598501968437615,-0.018417975132754713
1,88283081d9fffff,21.366574879907372,0.7360012249956677,0.500758965163214,0.7517353587785947,0.6459842728923342,0.48104982055326334,-0.11636172494951383
1,8828309439fffff,22.36607535252098,0.5973930883846199,0.6215682383704689,0.576697349607042,0.5711223108551221,0.4939028594513698,0.0342309487578506
1,88283080e5fffff,21.491143811188124,0.6608848219093956,0.5848137221903651,0.6447967353415034,0.5970496842971524,0.5517940879872143,-0.051138438686011034
1,882830919dfffff,21.730667612310633,0.6712466208396133,0.5772398656518948,0.5469541225089396,0.757656358677198,0.4854653532835745,0.11816473857644982
1,8828308441fffff,22.048406994630973,0.6865917863178458,0.5339597898981023,0.6732727344523898,0.6453664682568437,0.5013368812289225,0.08025525112301757
1,8828308711fffff,21.533193599643827,0.526026551854984,0.5939633480969313,0.613982265519325,0.6830118130847583,0.5742568382849057,0.03548556407286706
1,882830945dfffff,20.30352197716561,0.6624811397634076,0.4974132460363508,0.6257087081085625,0.6220977947875255,0.6069779356099931,0.021560061473918608
1,8828309453fffff,21.138858446257473,0.6883211151358969,0.6253653221838796,0.5969592579509961,0.5984643002617157,0.49746649311306324,0.043965929553877764
1,8828309415fffff,22.291590845661194,0.7287115081632335,0.6566841877541495,0.558210827104882,0.6553228020051147,0.4696245526853766,0.06864058867866099
1,8828308623fffff,20.86269626970729,0.6874390637470081,0.46727159071560204,0.6266436092847946,0.6666823777660176,0.5010117921954068,0.03701692077179012
1,8828309443fffff,20.40970968884807,0.7017753356064333,0.4818175050243201,0.6811717865601064,0.6575889375854487,0.6351120430604642,0.03275840640747531
1,8828308713fffff,21.713618993218564,0.573805965055573,0.5249703542504989,0.721017800363986,0.6082901970749032,0.6012309938263517,0.011732957846732138
1,8828309451fffff,20.77281571253546,0.6237031414359157,0.5646476374689381,0.6877858974504638,0.5808860477526679,0.4875881167221981,0.0018722083205917513
1,882830844bfffff,21.828404462683224,0.5318423707220272,0.46658801902160996,0.690481821747236,0.5889449924015777,0.620806081768276,0.09169798778691207
2,8828308629fffff,20.19797882177263,0.7695051386168692,0.6201566760657651,0.638937442458718,0.6665452178798124,0.7233051470948093,0.0003422072685322598
2,88283080e1fffff,22.303805467692374,0.7204138327731079,0.4642880227602556,0.7011085458551298,0.7165264608364103,0.5363510527321228,-0.024852700477439513
2,88283090a1fffff,22.339289884971492,0.6562480297476612,0.5216595829472308,0.6176638326781373,0.6219331374664241,0.5524741471284542,-0.04651549131749733
2,8828308249fffff,22.425342768054115,0.7205181420170592,0.6829133024733923,0.6580126368944794,0.6813845910023272,0.6581767264052064,0.10238865132552998
2,882830844dfffff,22.595010633192715,0.589934996276221,0.4739462343834469,0.6916458473984145,0.6844451851648126,0.665278978043068,-0.027137562741817875
2,882830803dfffff,24.18707081831655,0.703855637974168,0.5603766029965319,0.7017001074990319,0.6805178792866053,0.5712634164353118,-0.05594769728835242
2,88283081d1fffff,21.460502793250182,0.7294893137424918,0.5489821099872036,0.754589739621991,0.7376472924051819,0.6396622464317898,-0.05143649349534545
2,8828308037fffff,22.797119735921417,0.6913984498894366,0.5239203775039813,0.6260629425185242,0.7486673458209141,0.5011281685906452,-0.013538285709312974
2,8828309195fffff,21.950858683893202,0.7118655701966744,0.5984276054900736,0.6341627498974189,0.6176790117309064,0.5639267879208986,-0.025493509648004842
2,8828309457fffff,21.905634606856207,0.6412773267574275,0.610425770173902,0.6156135955728165,0.65100671422777,0.5972025555310297,-0.05408386161978694
2,8828308033fffff,22.806753568229784,0.6925135022397173,0.4909109866088827,0.7148943656797911,0.6440351549830772,0.5207227638035912,-0.0347119592261994
2,8828308627fffff,21.746802329267517,0.7380156460041857,0.507472321045649,0.6444429590940726,0.5924805251507651,0.6275444015673901,-0.088901106242933
2,8828308635fffff,22.16957046773286,0.700995752229788,0.463002321829391,0.6458765371308057,0.5871701404680569,0.6921036030524808,-0.011173667373439444
2,88283091d7fffff,23.729600009969413,0.6379446630445814,0.632561661639123,0.6653232400405528,0.6591106691821103,0.5766663587984352,-0.059432705679778104
2,88283091d3fffff,23.653101694961922,0.7245212933294343,0.5462282272452877,0.5687121142501719,0.7081455117563121,0.493429770025638,-0.0029798954162976545
2,88283090a3fffff,22.209281408630808,0.6824990792513552,0.6050089564217778,0.5923828638925732,0.732868821604591,0.6264168031516344,-0.05966962581192907
2,8828309193fffff,21.684219211485008,0.7175885102684114,0.6836990464463442,0.538867586991138,0.5973832743734292,0.5889417976294423,-0.012122809096615764
2,8828308269fffff,20.992623066750358,0.7771087298205515,0.7604037347174044,0.5197257039362222,0.6061834809402059,0.6331181445804387,-0.06704570720509807
2,8828308753fffff,21.455535704476578,0.6806032537480329,0.4518337205960019,0.6548792664332926,0.6699917358084589,0.6434833432075466,-0.005699720174614517
2,8828309407fffff,23.113042247672663,0.7225553183697002,0.6790728623211394,0.5716288997096067,0.63473181899668,0.5843218223856781,-0.05587290803373917
2,8828309447fffff,21.198675239222265,0.7321868900310167,0.5441719652684104,0.6578163666462887,0.6596458109174022,0.6218278868010902,-0.04377672436210827
2,8828308621fffff,20.87233245989707,0.6353703796691996,0.39618920525951323,0.589755686269798,0.7241110066006528,0.7179978057973875,-0.0028783886725497806
2,882830940bfffff,22.109509978686315,0.6898098946549379,0.5756843137250327,0.5507607529466894,0.6882286766412236,0.5733578877938449,-0.0010633361235636133
2,8828309403fffff,23.04552256017705,0.7821167420834464,0.6895473301098056,0.5943665468354458,0.6172155002420311,0.5821474838462366,0.08216310671005475
2,8828308015fffff,22.96493506056785,0.657114577806976,0.5386172164731334,0.6751848174291233,0.6581610528375913,0.6114219382513271,-0.023289495628051233
2,88283080e7fffff,22.497194034017635,0.6827541594567509,0.4636486185098646,0.6040266125777103,0.6565370645497276,0.6469234408943714,-0.037959954529850876
2,8828309199fffff,23.073120006148446,0.7692714556852279,0.5685173699763121,0.6153606137210518,0.7523517901623233,0.6249396102244477,0.01940104703374594
2,8828308039fffff,23.76417473910044,0.6125403150412091,0.5997950262247691,0.6106740795349939,0.7357488712055339,0.5637740525317946,-0.025147429437019714
2,8828308445fffff,23.309988833102977,0.6443475370426707,0.5883802456796332,0.7069567851644379,0.6200286792554512,0.6367816050209257,0.0397127396956377
2,882830824dfffff,22.244345869020872,0.657981015887769,0.6356225280024785,0.6333062732664557,0.6694981590699398,0.5507334547697389,-0.036390058168941246
2,8828309419fffff,22.45043647907076,0.680452516983574,0.7036900011003755,0.5552836851623479,0.6397316926686074,0.6567157319953738,-0.05808617404335744
2,882830803bfffff,22.985196207177587,0.6908544747306218,0.5303995328595063,0.6264280990367799,0.744489776426024,0.582778978767846,-0.02438608060066225
2,8828308241fffff,22.40933322661026,0.7478094086837456,0.6862946167847143,0.6041074980607513,0.721294480450102,0.5217808268173291,-0.0711634998400508
2,8828309191fffff,22.19395258151289,0.7565818572825685,0.6320487407208296,0.581538054585447,0.6268142494872029,0.43458821899455224,0.00042689788660632273
2,882830863dfffff,21.486966855858796,0.6337008952828909,0.6220315872980874,0.6469984778961809,0.6630888075993029,0.6816001262269973,-0.11190959508359592
2,8828308035fffff,23.502394018720477,0.7369184886846509,0.6331107091050462,0.7170702678800922,0.7780178567341993,0.4934308179198325,0.0533509705529681
2,88283081cbfffff,22.549057344503844,0.5998033612787315,0.5863843134304715,0.7157026935734961,0.6633609242537322,0.6478286988948009,0.019525437756908286
2,8828308245fffff,21.66467570688247,0.681623001177519,0.6932626915508237,0.5241965864554823,0.68236578205412,0.5223839100500334,-0.13100598486804912
2,882830862bfffff,20.72637756254683,0.7077617640011692,0.5663421796876645,0.6244821669545964,0.6215923934266947,0.7225667293556712,-0.046220852008553096
2,88283081dbfffff,22.122273547978505,0.748917850344428,0.49815802047399493,0.6036786274408471,0.6024149259993257,0.6715124012643404,0.09335300319541151
2,8828308017fffff,22.191875134658513,0.7169411595733057,0.5313731123052624,0.6728311527744611,0.7525398713174336,0.6709924949033499,-0.002799308633956633
2,8828308625fffff,21.253426651527747,0.7583008228747184,0.5599900105805364,0.6467039063670621,0.6520823866328962,0.6888564881900309,0.07498093158560085
2,88283081ddfffff,21.885254387488157,0.674948679544511,0.5185482488301703,0.7508691481547665,0.7052909243628482,0.6730809097124929,0.009084491108643154
2,8828309455fffff,21.18412767110774,0.5852867240686396,0.5257777006668861,0.6177891893301128,0.7046481457865064,0.6155710654343294,0.007129417102029279
2,8828309401fffff,22.39491578242361,0.740608551742278,0.609779764808304,0.6325349593233438,0.6223335173357538,0.5336901443883852,0.03601627350746581
2,88283080edfffff,22.400631775690677,0.6666937083761802,0.4614620987419179,0.6682173589285392,0.6423196815381529,0.5676054780455732,0.054072317586163
2,8828309411fffff,23.151514112977072,0.7023425884967547,0.6988577572112769,0.5846333477182105,0.6296326575950644,0.5867749047260207,-0.10404242143210794
2,8828308031fffff,23.47291701253466,0.6495436585386003,0.5134201870249775,0.627521103560836,0.6251940101022183,0.5759745164989241,0.0326438748733493
2,882830940dfffff,22.053556086928992,0.672676194577124,0.5320158829801435,0.5919592026724075,0.6918690609463956,0.6501972787984867,-0.05467639267933027
2,88283080e9fffff,21.71597648075413,0.6947066319200291,0.4828806089024305,0.7153508815989994,0.7480099451493264,0.6701621432820118,0.03806869652930395
2,88283090adfffff,23.118213268583442,0.7601120243806658,0.5061759553269214,0.6370766963926211,0.5902662479812097,0.5539191855305621,-0.0015802319573638031
2,882830871bfffff,22.01393598295538,0.6739420421497794,0.4815928367273426,0.6372291346859023,0.7117870769855718,0.6691578862690827,0.034071595222787354
2,88283090a5fffff,22.87257251106202,0.7795451382372354,0.5333508451193758,0.5469363196022472,0.7696972988758944,0.5461930018653695,-0.04746374539064221
2,88283090a7fffff,22.485822331846386,0.6730449466755885,0.5384274472262183,0.6852045432850852,0.7408306667777326,0.6021708456724811,0.07993310496062503
2,8828308449fffff,22.36590929188959,0.6739104192871546,0.5959583523944894,0.5685474145922,0.6720119347094817,0.5540623931878089,-0.1269726191532574
2,882830941dfffff,22.727904634708093,0.7277604142853116,0.7147921714997499,0.5876909926342235,0.6426073247362408,0.6150523209024024,-0.011962026236794387
2,882830919bfffff,22.395080494951937,0.7085701800337585,0.6546867130871624,0.6637669137472264,0.7198103824794251,0.6132833284593817,0.012659684893676578
2,8828309409fffff,21.47311085783857,0.69809021347143,0.6104088350283086,0.650885619659313,0.7398688887716937,0.5792681996195256,-0.11733208716527516
2,8828309197fffff,21.21747467842908,0.6642604902945441,0.6510013915669411,0.525845830458588,0.6857443764518073,0.597474937508592,-0.006551369051520826
2,8828308719fffff,21.90689497037788,0.6811508947047082,0.6130728586836308,0.5836253536901583,0.650134404498286,0.6780645107196122,0.01622435599331296
2,8828309405fffff,22.54770536102092,0.7358391270277777,0.5824477107150762,0.5613097602635942,0.6307496695551958,0.5680522510579264,-0.0035866949351069832
2,882830862dfffff,20.652709711460567,0.6744106505998251,0.5026340327695777,0.597194030858546,0.6759555430606955,0.570211479730187,0.015664848408273816
2,88283081d9fffff,22.313213078512934,0.649892268363593,0.6062718210767124,0.622576525696207,0.835701907940766,0.5030332580681706,0.0692139807086804
2,8828309439fffff,23.74889769501234,0.7738387666443992,0.7273532451136505,0.5257406776443557,0.6315641717139469,0.5164389226410014,-0.04558608517430976
2,88283080e5fffff,22.396397511130758,0.6436105497197226,0.460698198777293,0.69882385388379,0.664389832718618,0.6769340995904106,0.013003436351619685
2,882830919dfffff,22.98056279774074,0.6703422887569972,0.6338535086612307,0.5841046027573441,0.6112253540638093,0.6550828158555257,0.034256575906701586
2,8828308441fffff,23.225862076926127,0.6433040563204776,0.5119969176462196,0.778750613702386,0.7205766961793558,0.5791127970571924,0.04152464054292809
2,8828308711fffff,22.220647732781106,0.5985991237596011,0.5473375355950061,0.6175195690672259,0.62298842973347,0.5672759711511194,-0.014128772191126253
2,882830945dfffff,20.4693886486447,0.7367986473376416,0.5426938142891182,0.6645937560568905,0.677741181367241,0.5927300810183395,0.009065007881632853
2,8828309453fffff,21.897016097976113,0.640399229358509,0.6457905611569273,0.606893555860729,0.7242624186176951,0.6496876603151743,0.03512613200294236
2,8828309415fffff,23.701996450497116,0.7423736930160695,0.6879047680489043,0.47126476729295375,0.6449325780152856,0.6895390980547018,-0.07951308397115207
2,8828308623fffff,21.44874962458033,0.6829882225878585,0.5022796989950531,0.7385769161556239,0.6476186051956482,0.6734751092118029,0.00847420398353729
2,8828309443fffff,20.58221095655277,0.6738804256759059,0.5336631747163734,0.6750636612783136,0.6598738881204482,0.6939561264963029,-0.0301172182213666
2,8828308713fffff,22.69438725576999,0.5255178296283474,0.4906550656733841,0.6830210928412614,0.7058291889976364,0.6450475337602304,-0.021752526976764584
2,8828309451fffff,21.26646302437951,0.591553825053187,0.5752642842522147,0.7167593127205449,0.7076848283737395,0.5760686211903918,0.012613718918749354
2,882830844bfffff,23.09921488038756,0.6050384062219734,0.5436182722892611,0.6319832660278007,0.744460673352447,0.6643791888142695,0.013536730653360597
3,8828308629fffff,20.154288908118275,0.7637498111459626,0.5664953574985413,0.43042098394343187,0.7181174228056784,0.7892382233048828,-0.03422390514046067
3,88283080e1fffff,22.23667029547902,0.760177957755682,0.5310644672714985,0.5477463283380424,0.7148458374394754,0.6535767382874699,-0.03893715231100872
3,88283090a1fffff,22.470966324411382,0.6566989663903262,0.562167438019475,0.484825273790951,0.6212473751883103,0.729758894341097,-0.061901942267235055
3,8828308249fffff,22.442387447131818,0.6178131699008296,0.6028712423212919,0.45909871748132886,0.7066383262372686,0.6009930903747871,0.008894365949123899
3,882830844dfffff,22.59403279352908,0.6523640494614489,0.5880229829886503,0.5659002803403526,0.7433036883048768,0.7224624891121723,-0.002083928596658971
3,882830803dfffff,24.20804733636684,0.6617061438337013,0.6189303896896601,0.4589442877524072,0.7700612096052482,0.6026474527567278,-0.017349786382221247
3,88283081d1fffff,21.540923790407884,0.6706254915270684,0.5832506424706193,0.5694163685747811,0.6002809655148515,0.7389187704288092,-0.04044704750081148
3,8828308037fffff,22.76713476496033,0.6774930638315766,0.6544971552692738,0.47107635028733136,0.7359202486654169,0.602623005175134,-0.004272748625378471
3,8828309195fffff,21.908833201793527,0.6573209034138536,0.6447433299461703,0.48277829487579066,0.6777167667856787,0.7221099614969241,-0.00956481630573551
3,8828309457fffff,21.95882609058811,0.6672628215436808,0.5934915190665083,0.5479279611642919,0.7088938687659617,0.7232128270618253,-0.13842335148686735
3,8828308033fffff,22.663899223691903,0.7100229659782676,0.5354046064277432,0.596674078442794,0.768039135579506,0.6243784101426552,-0.11226981206903643
3,8828308627fffff,21.73782888986487,0.5502272362493486,0.4684628498455776,0.5194856078767922,0.6534595526934804,0.8086359128154444,-0.07142219871731663
3,8828308635fffff,22.001905178706366,0.5576338063104905,0.5715706226053395,0.5179930861227386,0.8147173513855868,0.6321114295212898,-0.10634447082157598
3,88283091d7fffff,23.707165433872003,0.773219429614548,0.5813045843679144,0.5241995604945753,0.7545075014250903,0.5328008018424798,-0.10108059851208229
3,88283091d3fffff,23.70851341714372,0.6415609897354568,0.6595843218796935,0.5438506988755363,0.7502655768665472,0.695978356452551,-0.00515602055962501
3,88283090a3fffff,22.204916943505324,0.6061953061668337,0.5847492925949042,0.4566992870703522,0.7876623898321653,0.6958772850078639,-0.029328740420296658
3,8828309193fffff,21.67435880806299,0.6026376815264989,0.7007375709917254,0.4835282886210448,0.6673667084440426,0.5578684730634296,-0.038206467169908095
3,8828308269fffff,20.838464848134283,0.6818823326401783,0.7421073358330422,0.49259001752952275,0.6929528826854936,0.6329393310027654,-0.05886064896392422
3,8828308753fffff,21.459278253222116,0.7828532184656624,0.521787610660318,0.49723835071821654,0.6686710978686871,0.6849419751341764,0.00797429069944338
3,8828309407fffff,23.138379869189396,0.6609606166531496,0.6785470158770925,0.43308913818932476,0.7665837277508273,0.6448606729016804,-0.15759620636276062
3,8828309447fffff,21.122633510994127,0.6453111971742702,0.5608870983934554,0.5279171439745085,0.7876895552944044,0.6706767900116075,-0.03844291310449116
3,8828308621fffff,20.88860620251349,0.6372237674242457,0.4377018699004104,0.5064379376880173,0.6608906583679488,0.7425072325900216,-0.027030146446604383
3,882830940bfffff,22.045700573521,0.8147111204071338,0.6717542671796198,0.5211163902043503,0.6589690630280169,0.6696624296859166,-0.06553020722228321
3,8828309403fffff,22.965760346027984,0.6779597453718141,0.6865057673587635,0.5646996842873028,0.730028640368807,0.5235336308489569,-0.038369514789538414
3,8828308015fffff,22.87792852873461,0.790957001182075,0.6196920398031165,0.5460168261892319,0.743192727367274,0.5863461455763217,-0.0770125095363077
3,88283080e7fffff,22.434675094081783,0.7846414617545845,0.47653429963271254,0.5195566385087362,0.6148524606421872,0.6618037686988132,0.013559915644227486
3,8828309199fffff,23.041355702651018,0.5235583800664377,0.6982191762781835,0.5518360854971539,0.7627007899930327,0.5943979535618301,0.04925423799046227
3,8828308039fffff,23.77539377761466,0.6852201792612156,0.5845465560667806,0.5121403647037683,0.7712420264012441,0.5692325820035469,-0.03421479238235187
3,8828308445fffff,23.28735557908521,0.7307738805113734,0.5358126339202768,0.545986105215729,0.6669334711976516,0.5916970845791982,-0.12983404782549765
3,882830824dfffff,22.22707740808688,0.6512344448592233,0.6847913084084436,0.46892576056744806,0.7148476176044075,0.6052208196854368,-0.041940391901574545
3,8828309419fffff,22.55310134061776,0.6407740488087811,0.6281945753263052,0.5328277639154241,0.8315296369797174,0.6498536051241285,-0.04903479112577043
3,882830803bfffff,22.983537180984232,0.6413356479488344,0.5427550614014858,0.5076805896982092,0.7448884529295051,0.5293897496984054,-0.04966003275312954
3,8828308241fffff,22.296255178833334,0.6500224446289441,0.7476093913309166,0.5316639144970461,0.6872099439549935,0.6463695442863059,0.0034143740978272615
3,8828309191fffff,22.199394467488915,0.5701929709041121,0.6435651546816266,0.49983959827518765,0.7552990807485336,0.6395974232043149,-0.010814553527166197
3,882830863dfffff,21.49428641275877,0.6297851056974184,0.5059563126378134,0.4642487795615194,0.6144546008904052,0.7202624997173545,-0.04356767431766531
3,8828308035fffff,23.476917137717404,0.7094159823850136,0.4996477430994404,0.5171035089011665,0.742911174683996,0.5424413757149402,-0.05285046659834448
3,88283081cbfffff,22.570603491808686,0.706417816307187,0.668715951254508,0.48833991266566174,0.8140332516997566,0.5530213739760516,-0.0675055773316221
3,8828308245fffff,21.61834327641404,0.7113317945784251,0.7115759804163396,0.5497159060635914,0.6781986692368842,0.6142190528246676,0.0031466360978760627
3,882830862bfffff,20.710715362156666,0.5976177815801926,0.47723413123434905,0.4983516363737445,0.6791332341861263,0.7229570348676413,0.026450995979381803
3,88283081dbfffff,22.120578609177223,0.7259920313710171,0.5178340719595786,0.5462533846438884,0.6128713432596316,0.5774426157382332,0.03841292664380588
3,8828308017fffff,22.21368181637214,0.6691551131903692,0.5550825933082586,0.5446361466865561,0.6295635716089225,0.6665971469156323,-0.017200235251346396
3,8828308625fffff,21.324002495905486,0.6295698603168878,0.4740144451668908,0.4470474630443908,0.6190244261520262,0.8406589899198892,-0.030501032679456162
3,88283081ddfffff,21.918648745205918,0.6559645464490099,0.6422693872273845,0.4852644492160966,0.7024968752041958,0.5747426565119516,-0.08264876977810984
3,8828309455fffff,21.209654652096386,0.6069733977097265,0.5861087422815815,0.4220349954224073,0.6639841285234092,0.6961638721053196,-0.051857290192704415
3,8828309401fffff,22.407108481270303,0.6387287222958952,0.6244701758739252,0.47779458688363846,0.7926139317695373,0.522301892860705,-0.017657527850087215
3,88283080edfffff,22.41954091596034,0.6931608128001999,0.45061948245736644,0.5568157639990474,0.7496904570661042,0.6397582022404329,-0.06276744978714331
3,8828309411fffff,23.20914798226469,0.6189446890976267,0.64389817056605,0.4999491309436958,0.671882904659721,0.4974635635990986,-0.1282284827768101
3,8828308031fffff,23.421603992654845,0.6049063325512738,0.5293214810661052,0.587125320367963,0.6386451736346914,0.5908826528402386,-0.10220114280108805
3,882830940dfffff,21.902538527971785,0.6891100107446765,0.601935742451937,0.466388695144408,0.694698021641426,0.6900384912640495,-0.05167134061688668
3,88283080e9fffff,21.79422014852108,0.7039553804876238,0.49443747299475055,0.5517904409810339,0.7080226006912584,0.7283984149313455,-0.057018609137721624
3,88283090adfffff,22.991922072438197,0.6785012751684194,0.5268597339887768,0.47859200660889284,0.6488466577506776,0.6184227761178969,-0.11110694033169344
3,882830871bfffff,22.082860245326927,0.6580827641666063,0.5106279338736446,0.5043856153694004,0.683103105914987,0.7103895661898025,-0.00898843522624726
3,88283090a5fffff,22.949492230412627,0.6462650210833625,0.6793368306381234,0.47556350131103775,0.6438316795452522,0.6627393882490255,-0.07014798828436705
3,88283090a7fffff,22.487588181136793,0.6527958079916566,0.6941327802513596,0.46694364359309865,0.7065214341395548,0.6393616818121717,-0.08305702124219735
3,8828308449fffff,22.41521436301873,0.618364326614536,0.5313553777316773,0.5233669658401747,0.730175432790059,0.7476912703596639,-0.16490685178047626
3,882830941dfffff,22.69035010666701,0.6884123143967721,0.6155214735833514,0.39718512036017073,0.7083761385571294,0.5641030711430423,0.022777805050124507
3,882830919bfffff,22.451314183708586,0.7204043051394887,0.6497147721008402,0.5153161745954128,0.6870392377533949,0.6907191246275862,-0.03153840992002766
3,8828309409fffff,21.53815960830349,0.63473277651833,0.6353197926769515,0.5369105555591251,0.6643839583264431,0.7082821158325324,-0.026854699467586785
3,8828309197fffff,21.175476317955198,0.6402601440291134,0.5756506408465644,0.538965011072713,0.6882023169461873,0.5725111144596943,-0.04779944490840798
3,8828308719fffff,21.935818959362305,0.6912625143435236,0.5459938944160657,0.4796456294814486,0.6734487986323104,0.7185242954444117,-0.10872802188530818
3,8828309405fffff,22.48735813077372,0.6614494722447171,0.6156829160707414,0.3820191230490346,0.5412480018772698,0.6123705210207158,-0.07617168278324156
3,882830862dfffff,20.752992898199484,0.6969364808298528,0.5789699670907051,0.6053101197114805,0.7140923501880266,0.746471019639988,-0.07484487402445428
3,88283081d9fffff,22.310409695602473,0.655310851104665,0.508681677264725,0.5575296209970239,0.7402439082043958,0.6640000881007767,-0.04193417969116518
3,8828309439fffff,23.756478709502296,0.7240970435593169,0.7119943518375041,0.5079057920836336,0.5931497606747125,0.5660274320063934,-0.06186537679079883
3,88283080e5fffff,22.336502960156647,0.7132691741789194,0.5223937260925298,0.5566709457687153,0.7332371263594943,0.6775793568011036,0.011052210415006255
3,882830919dfffff,22.822942967489592,0.5892108780862342,0.6030293724809539,0.5405116206205071,0.6724520761283211,0.5793200620534614,-0.11839487491645326
3,8828308441fffff,23.336384272719457,0.6925842915398936,0.48368816574181234,0.4646694620662902,0.792714632349823,0.6931157446136117,-0.05209398255895892
3,8828308711fffff,22.386932230623565,0.6869526749141414,0.614113728309525,0.5179569050165016,0.6653705344242317,0.6706765143807822,0.005054593886755707
3,882830945dfffff,20.544194982410698,0.5971033051759554,0.5375553053957066,0.43187009561946776,0.7430463627897249,0.6887076002064048,-0.020825733556492504
3,8828309453fffff,21.981649437661325,0.69285915718736,0.5915930971362297,0.5389068842713848,0.7251209799357793,0.6644366369482402,0.019451878176199783
3,8828309415fffff,23.631764590062712,0.766958852762411,0.6869251714223686,0.46849055985902516,0.6032637293306985,0.47440026254024675,-0.08211487460297578
3,8828308623fffff,21.427304064339214,0.6836244091637449,0.49577709370666695,0.48301317116129033,0.6720377191781651,0.7021509055711499,-0.11988079701757841
3,8828309443fffff,20.66142832790993,0.7396455405124392,0.580956101461817,0.5192986638492654,0.7251008859533176,0.6723037215954103,0.05140005732206966
3,8828308713fffff,22.62415209809706,0.6854347096139783,0.5078646132960105,0.6231183531012454,0.7797231075818172,0.6342284125208149,-0.10850318216570806
3,8828309451fffff,21.28822534347738,0.6228551105998992,0.6771125337857739,0.5657124738719798,0.7311052056014273,0.654352553020647,-0.0015537974447812838
3,882830844bfffff,22.99680276713792,0.6432099136448385,0.44565794745296883,0.5347020527085906,0.7035512136018871,0.6480028377678217,-0.14662065960873935
4,8828308629fffff,20.156830757033187,0.4930704920192588,0.5302216665298196,0.33462368416816146,0.6396516507601732,0.9481934330292577,0.08521594192235907
4,88283080e1fffff,21.424834261494706,0.5693962037888814,0.537727788768447,0.30206544484544834,0.7657608062829665,0.6543661529997117,-0.036743792290752246
4,88283090a1fffff,21.409549482197193,0.6380391522771531,0.535422618014078,0.43141761144271845,0.636351896166609,0.6043520825804221,-0.021353917827762907
4,8828308249fffff,21.570478946069734,0.6286707497902552,0.7009386408122844,0.43442657554025715,0.5760555965599331,0.6837529578595454,-0.0644027634756256
4,882830844dfffff,21.732721002685604,0.5789530129180961,0.5052069520849503,0.34571391022811215,0.6619991795745956,0.7181239259381255,0.011400199512702316
4,882830803dfffff,22.559451160973676,0.6108030739325091,0.49447393371453624,0.3185460923632935,0.6506148546209267,0.6697029047813722,-0.0762163604898432
4,88283081d1fffff,20.97250843459309,0.5450533488960368,0.625588258486435,0.38817121132884735,0.782393369016888,0.6008867575605658,-0.09235893065453826
4,8828308037fffff,21.699599255597498,0.5181895917678608,0.5025965753125786,0.265103487509698,0.7408472339608325,0.6538329601794574,-0.015152641603793347
4,8828309195fffff,21.112073680297208,0.5457475181006889,0.5865014596601419,0.4374165793858309,0.75300256731331,0.6103875105918928,0.008573392328398278
4,8828309457fffff,21.11028710832939,0.6009742075800807,0.5832374088172488,0.4392781346288988,0.7845266183827946,0.6639982230856093,0.005821170038653808
4,8828308033fffff,21.722099679501323,0.6003085913631048,0.42711247419455123,0.3864156992339892,0.680789420652963,0.6824333714170681,-0.12161512513015992
4,8828308627fffff,20.924514627897228,0.5927610351281265,0.542434902837693,0.2778035437729681,0.6204263410716278,0.7508610498660254,-0.0022885538735946172
4,8828308635fffff,21.329796603614227,0.6023391983144295,0.49870773938349355,0.3552041273104273,0.6494355738681975,0.8096627130080858,-0.01553655224103153
4,88283091d7fffff,22.424367290201324,0.6349829641152664,0.665682460347466,0.4026304006668633,0.6706503888107374,0.47902208992908246,0.06438327710633487
4,88283091d3fffff,22.212951294998856,0.5638405400626398,0.5978472515148161,0.4116299011735207,0.6714604183180356,0.6702555980330486,0.056556422850666144
4,88283090a3fffff,21.386732086448635,0.6202967086364292,0.647143285650856,0.37748468723987505,0.7573059376489896,0.7074996041350379,0.04040114635927084
4,8828309193fffff,21.091102562070052,0.573814870288263,0.6664578477424714,0.4067592428017434,0.6089537831996399,0.51701904622417,-0.11160310393481296
4,8828308269fffff,20.500210541454067,0.7051592668377668,0.634377555969265,0.5340009298522531,0.6553010252173368,0.6612444636771514,-0.01049194003173996
4,8828308753fffff,20.86871586530737,0.6374160513597436,0.5524493209530073,0.33414087994015396,0.6556662058977122,0.7964328316385474,-0.008836300392468943
4,8828309407fffff,21.972007942488254,0.5904821124382741,0.5934721883500581,0.37777271686644354,0.6485982046727217,0.6215504578244121,-0.04123756209403355
4,8828309447fffff,20.668519872779243,0.613769439080232,0.5947688304575102,0.3958746388759168,0.7784887202567558,0.6920203718529221,-0.016727943396871246
4,8828308621fffff,20.449969221159698,0.6309870021668922,0.46930436327291364,0.44097585654754434,0.6716772522599028,0.767835270144843,0.05097054780983967
4,882830940bfffff,21.25225994142412,0.5677658765433206,0.615367770364067,0.37086323198465293,0.6962674129198203,0.6726296918410435,0.006047683464076915
4,8828309403fffff,21.94488951846108,0.5986342253000823,0.5671281221223704,0.45301078143217133,0.6808582372665938,0.6840393715134889,0.029925148031043375
4,8828308015fffff,21.848006153802736,0.6152457751037136,0.6201911750639686,0.3976574799808956,0.7268984349066153,0.6394747771315634,-0.05101315094699428
4,88283080e7fffff,21.601163904718295,0.5069968020682598,0.5531958419262107,0.35643746168666895,0.7742467063846515,0.6352709257564898,0.04320582683528941
4,8828309199fffff,21.913361585480125,0.6267105323014289,0.7061572002007201,0.41965099962889363,0.6035401438528794,0.5916377840024107,0.09258693887492937
4,8828308039fffff,22.428324012240115,0.5225772165017942,0.5399768759936531,0.3514961196600204,0.7875141048424898,0.5074746031896413,0.05907378465867748
4,8828308445fffff,22.00265049199661,0.5266460016705612,0.5799565735340684,0.3886283676942356,0.802314422095616,0.6646428873545179,0.05912203129631401
4,882830824dfffff,21.359439152415856,0.5679264438544896,0.6695411998222099,0.41532700555010815,0.748301729197767,0.6609799881804423,0.007621558819567385
4,8828309419fffff,21.516772190953336,0.5718346397128393,0.5995188010463708,0.3607127494301212,0.71049143979864,0.6216858896750671,0.04353293711209064
4,882830803bfffff,21.844039628432622,0.6936704342701869,0.5113211074376158,0.3262068740274163,0.7728828051083039,0.6525689198224187,0.04520786769807058
4,8828308241fffff,21.44024875262772,0.5987530377670773,0.6787299145823471,0.4933852442300054,0.7716085875693159,0.5686624006482786,0.006427844159779969
4,8828309191fffff,21.315291688329562,0.5174818105694261,0.621888994727172,0.4971612747746892,0.6303221198786968,0.7237043871104355,0.07484666700052058
4,882830863dfffff,20.879760208712295,0.6030589840354579,0.5195948109917216,0.4300439199326994,0.685672204116965,0.7816428437547286,0.006469528034832973
4,8828308035fffff,22.194693461125077,0.5972919739305135,0.6106999376509697,0.2714855892097911,0.7575942365087818,0.5854982364859223,-0.0727234613401525
4,88283081cbfffff,21.61704316874981,0.5897354962377449,0.536043676214909,0.35730796302832135,0.7213879975019019,0.6246458971411779,0.023277842976662824
4,8828308245fffff,21.078564609989236,0.6255180684991131,0.6666475433930645,0.411086952479067,0.6891215513447705,0.5214949441216978,0.0784514730266817
4,882830862bfffff,20.458877033374517,0.6133502373606553,0.5118800879658703,0.3098557796887953,0.7178608279224108,0.7718828073856115,-0.03151912956829903
4,88283081dbfffff,21.29628356359161,0.5936104710953627,0.48419978766298527,0.3750883379399524,0.6299699583530329,0.650310372313354,-0.03464274165424966
4,8828308017fffff,21.27415318368186,0.6830806820060763,0.5286898021482006,0.28129034969995403,0.6747238512849391,0.7210249250409567,-0.05527810137886169
4,8828308625fffff,20.873073810988874,0.5686824158009561,0.5206896514510627,0.30703568923643676,0.6662995823819908,0.8031141924247321,-0.018391626159677432
4,88283081ddfffff,21.157799262452784,0.594908373025522,0.5662789839803097,0.39851238799949423,0.708139120792664,0.6541559795138217,0.08755758229253492
4,8828309455fffff,20.710404414179614,0.6282786454243283,0.4983850251493125,0.34160825357547286,0.7385489566181638,0.6727470944718191,-0.013080072169265506
4,8828309401fffff,21.492313244039934,0.6545838742474649,0.5725018699803601,0.4809440360376028,0.7272817942301125,0.6694388373669314,0.01969743620842122
4,88283080edfffff,21.400461013240307,0.6823900682097567,0.4820225519030842,0.4025322540392191,0.693152221807224,0.6810316066524088,0.015613518257431411
4,8828309411fffff,22.029280699676434,0.6565812909993327,0.6977161894810536,0.4486037506544605,0.7196993228916373,0.5561970697970078,0.03924098695766411
4,8828308031fffff,22.08935113250583,0.6155554979334372,0.5862294059560466,0.35317625634491895,0.6031518546139347,0.6006410101069408,0.0023955791627210655
4,882830940dfffff,21.17461779156292,0.6113671668670646,0.6128902625445379,0.5068511561214682,0.6697233387585482,0.6102964890002369,0.042785322217924075
4,88283080e9fffff,21.101644629447705,0.5625912027327629,0.5410562647367742,0.4024859506572469,0.5869581956265968,0.6093285413533817,-0.016477683251607093
4,88283090adfffff,21.887213613125073,0.4990508310699583,0.5591093865513509,0.37749526833519675,0.6293057086371969,0.7523828892520549,0.02979745018680511
4,882830871bfffff,21.320469510279704,0.48922611039782715,0.5365900873704696,0.35151413318723224,0.6015799569103938,0.7842051468861593,0.04004245726767266
4,88283090a5fffff,21.808305146093662,0.6434666093412775,0.6211476748032321,0.2855386903184927,0.6683083857971012,0.7761424579803589,0.08432910232917223
4,88283090a7fffff,21.59174329034975,0.6605739232454808,0.5580565815559791,0.47342399292892007,0.7034377817041573,0.6932953660893758,-0.05929462692291962
4,8828308449fffff,21.517650307817956,0.5703047264867929,0.4779666668943368,0.35363533645661377,0.7300407729036669,0.7880214631178629,-0.01801095018441809
4,882830941dfffff,21.673578597034126,0.6371360936126428,0.5627201938324317,0.473264945417875,0.7382842781624998,0.6774139177208869,0.011390809201017984
4,882830919bfffff,21.514282285067882,0.5921532956343604,0.7467401363632886,0.4035712501616289,0.7414368375524281,0.650568575784195,-0.07236227466589236
4,8828309409fffff,20.84459411705429,0.6722692864555767,0.6176159964285934,0.3526909472183447,0.6933552018141779,0.7725121800549626,0.0663587784510493
4,8828309197fffff,20.81691231999671,0.6163610763523918,0.5916256526906686,0.4373873779029821,0.6868817896442327,0.6170279215324261,-0.035743406872637815
4,8828308719fffff,21.30642805989633,0.6236435176557363,0.4950513172291133,0.3802617915815524,0.703406315557845,0.6947465656365608,0.015347815515502575
4,8828309405fffff,21.51822573796327,0.5353386584334913,0.6248157089316098,0.47739928608847637,0.6625424310428895,0.6239770684627147,-0.07304507309467047
4,882830862dfffff,20.435775088993964,0.5756885838728153,0.5403932037745763,0.42917539605626404,0.727673797995014,0.8243917411659217,-0.05372221757251498
4,88283081d9fffff,21.319266302046145,0.6639566812637522,0.48469920946305795,0.31316684463261923,0.7552758677050739,0.5260199339348287,0.04571559651912587
4,8828309439fffff,22.396312285161606,0.6413441744700887,0.702469798546956,0.5136830216915965,0.6881682274479317,0.506619403141713,0.036363512092927416
4,88283080e5fffff,21.404716531117998,0.49473434741829214,0.5067840301609263,0.3203081334875265,0.7477598935719849,0.6418102546026505,0.07238703427618001
4,882830919dfffff,21.714350471186147,0.636159810761489,0.6413659184242525,0.35491529749301526,0.7078897249482633,0.6203966663133648,0.05148678123214064
4,8828308441fffff,22.06773970933582,0.6663287502472259,0.516643402471571,0.32425955359448866,0.6728250030905147,0.7410574412014264,0.03429235995099169
4,8828308711fffff,21.44891582063201,0.7040204161564502,0.5447488154619647,0.3918126958333913,0.7199461309474329,0.7070688851379405,0.03265915777862907
4,882830945dfffff,20.3304643055783,0.6276056645106693,0.5394920484009912,0.33817195962244734,0.7778620168827496,0.6421026414763991,-0.028069036654315732
4,8828309453fffff,21.23112474513201,0.7016595515408941,0.5733543865555768,0.32991963124799084,0.744340452688333,0.6335726311096719,-0.04345731581055538
4,8828309415fffff,22.323315663758123,0.6381441565537423,0.6683005289794839,0.4865372934765187,0.654010107966796,0.6382777419271594,0.15343643354059497
4,8828308623fffff,20.88534471905786,0.4846669471751812,0.516989881644409,0.2266444855275081,0.741596992473117,0.8216618668645209,0.08009282634671948
4,8828309443fffff,20.344620506640393,0.5942635953671109,0.5550137760179296,0.3127422814762023,0.7458329255471753,0.8022166910299399,0.008704456691920794
4,8828308713fffff,21.6588748694892,0.6323768523779062,0.5273857721577788,0.3794573799773021,0.7022700823045845,0.6384444462491534,-0.055415923459117715
4,8828309451fffff,20.778878330312132,0.6060866748544401,0.5694204798563062,0.37622807772531097,0.8177178801619643,0.7558548796853242,-0.018568992000051254
4,882830844bfffff,21.795807790112825,0.5752760404392023,0.5212618725365443,0.3560662487847856,0.7388056135765534,0.7310179770307378,-0.0722419765029705
5,8828308629fffff,19.986782472741904,0.44276076469756925,0.5056709019680045,0.3290761301530849,0.7126029601732984,0.8936441494150928,0.10182101770608303
5,88283080e1fffff,20.06396726788995,0.5177410867187476,0.46750043640708444,0.34292818474314296,0.6571727548591239,0.6982772625952339,-0.006160041758647041
5,88283090a1fffff,20.03763823406833,0.6194947008720922,0.599787528622393,0.31163839390143694,0.6695017278361508,0.6697707465215015,0.006761713801558586
5,8828308249fffff,20.116109611539724,0.5341392656874118,0.5527162260887691,0.3629501438359812,0.7052557029513442,0.6723356663319987,-0.05026951695918455
5,882830844dfffff,19.965494433300627,0.5948680305845746,0.5135475319219749,0.37371839875004736,0.7172883197755918,0.7707704003613158,0.07012968784093561
5,882830803dfffff,19.93200918452142,0.5256701690665685,0.6729630403193472,0.398376576627039,0.61024798725498,0.6036379433877971,0.08110218516449333
5,88283081d1fffff,20.047881002997165,0.6394476168424075,0.5380475519680148,0.32569992858962005,0.7766324850303771,0.7130908113946319,0.004585279358370886
5,8828308037fffff,19.952686738273325,0.5984775458280975,0.5457232483315799,0.3690636300613429,0.7173126918466992,0.5741804974226973,0.09110955232787467
5,8828309195fffff,20.00881714957708,0.48136427860164305,0.5195148266757488,0.46805287396624845,0.7284026829497768,0.5953605812379482,0.06552087638457764
5,8828309457fffff,19.97867186153847,0.43398492945984035,0.5756972869984632,0.3590491126581558,0.6651228905538624,0.6804030839771488,0.006704880205125968
5,8828308033fffff,20.01357719656028,0.5076275493805759,0.464176759871863,0.3326139135129173,0.7108238290220813,0.6549676273942238,0.0272989044598142
5,8828308627fffff,19.948516518871884,0.6366932054237512,0.5159521471366171,0.3047009029718833,0.7774654663773857,0.7945053145217096,0.07410137973774816
5,8828308635fffff,19.995851211181044,0.5171357703530168,0.5219507803641449,0.3875172789214717,0.746730889713563,0.6843915416913454,0.05355323586411205
5,88283091d7fffff,20.0275284399345,0.5124881239933887,0.5387346336027459,0.33742586818621834,0.5945199913861836,0.6463598935989312,-0.03198597636620773
5,88283091d3fffff,19.980806455937117,0.6276714792428597,0.5139776162685152,0.2649208090103143,0.7465652614479545,0.6721926704972909,0.016866160591534438
5,88283090a3fffff,20.049333818412304,0.5360951283399487,0.6124607744454995,0.40481871860529056,0.7093452697894075,0.6724686148939886,0.10359802295484995
5,8828309193fffff,20.054141456552163,0.5256928351281698,0.5751412468772681,0.4556359006555538,0.7136435100116936,0.6955921855068853,0.04257058055999969
5,8828308269fffff,19.981136796400335,0.4957960436909929,0.5823276059332385,0.34615529480983853,0.6705060686685477,0.6976555359591026,0.01350913458012503
5,8828308753fffff,19.986005901549163,0.48369216894272926,0.5609569224854384,0.2939136948606137,0.6132777572070983,0.7476170952721581,0.04700456040611586
5,8828309407fffff,19.969737750954337,0.5082473646896188,0.6452716098637471,0.4021990326945951,0.7082838265067961,0.6707645677741183,0.04567182636079453
5,8828309447fffff,19.91764421477443,0.6088126067962123,0.5107649573573743,0.3338523958715035,0.7922083178267778,0.7745308465733788,0.017527700420571606
5,8828308621fffff,20.02151563033286,0.5146585432928595,0.4959913021287934,0.3726870923598388,0.7168920100691445,0.8381812874786424,0.10515848280977165
5,882830940bfffff,20.021211588072017,0.5206720284673305,0.6017611013731768,0.4351063576315043,0.6805113988098056,0.6242688302432411,0.03992925773965696
5,8828309403fffff,20.113703570363477,0.5255206872086241,0.5736007527282101,0.45574790467374593,0.6524942872497078,0.546484198142711,0.020594755831584044
5,8828308015fffff,19.976481174373923,0.4079730881704279,0.4960726267343689,0.4250245409893951,0.7171402123247101,0.6775228507119379,0.08209993373244096
5,88283080e7fffff,19.94756963521103,0.5525595299933816,0.5322565652188095,0.3440170777559232,0.7152522698949506,0.7280589595049328,-0.019219585397479096
5,8828309199fffff,19.970133085535885,0.6035343025239859,0.6492646818643101,0.45762019458267666,0.6210158850773408,0.5484568151962927,0.045508657448532525
5,8828308039fffff,19.99847148502472,0.45020509892193056,0.565243749331658,0.4334509546151309,0.6875704247416649,0.7009368499939986,-0.06800899134382066
5,8828308445fffff,20.068993512928827,0.6052560695056759,0.5623499689956857,0.3033387202253476,0.6118259312104628,0.6994702519202255,0.12166947979009421
5,882830824dfffff,20.02174973554922,0.5039603700308252,0.6183673859797694,0.3936721704508335,0.7542721395021679,0.6135684129693415,0.056737781398323334
5,8828309419fffff,20.025322832881606,0.5918311918363143,0.5776176673592814,0.486627662430152,0.6865795391235692,0.650308439205681,-0.014072453987224426
5,882830803bfffff,20.03099625081732,0.5660211166438377,0.5282675925202729,0.2960339998983269,0.6929367968333635,0.6544601403782682,0.025730089792860435
5,8828308241fffff,20.048874204885124,0.5026059576637889,0.6196633167109166,0.45051387453742786,0.7276328321310866,0.603249988311491,0.033751751151542386
5,8828309191fffff,20.10042844422959,0.5802265851370028,0.5958007388969004,0.3437147797416533,0.6433843570490476,0.5976105497075078,-0.03753564752831219
5,882830863dfffff,19.980794790696955,0.4884050231555336,0.4365272192568216,0.35390698795731346,0.5979046317278046,0.7135051902055025,0.15951336206247585
5,8828308035fffff,20.12039916192562,0.48960941865427554,0.5939018379613816,0.3203071118368642,0.6100304788569495,0.6014156874836808,0.13360126327360497
5,88283081cbfffff,20.049327469523394,0.5287224721080406,0.4999529724601476,0.45157009682311355,0.7099046781398108,0.5660479732389049,0.060572246196735985
5,8828308245fffff,19.938374235636267,0.5178933270266872,0.6008982830313168,0.37319660515802194,0.6808937444552637,0.6110252579341896,0.031075400801171417
5,882830862bfffff,19.98244866591577,0.5737122250605629,0.5465617322989432,0.28122110138630296,0.6917216922732868,0.8347235278608388,0.1528472038779729
5,88283081dbfffff,20.043264423354586,0.41831457281080514,0.46584631928765796,0.3435102905869087,0.6895480099810924,0.6632071120464923,-0.10968308942136214
5,8828308017fffff,19.961719217998926,0.4595579890496222,0.5350968791223032,0.35469780617767505,0.7331187372423629,0.7893305803239886,0.10785042889120047
5,8828308625fffff,20.020359030333946,0.5391270816504253,0.48005898573723615,0.34406910304774985,0.6805535452029604,0.7150128667018496,0.10631209033079422
5,88283081ddfffff,20.067913901407277,0.5425048138181081,0.5944829169735082,0.2361748534538138,0.6429710985457643,0.6148605357573453,0.017249079558117556
5,8828309455fffff,19.977874334649645,0.5651714545947798,0.5150213252674029,0.3627727909426273,0.7356827409482434,0.6877076400705504,0.05140941293125409
5,8828309401fffff,20.05905621118318,0.4814423082138415,0.5031114786153357,0.3925530446002175,0.7253274993318546,0.601622114026405,0.0924155608026992
5,88283080edfffff,20.004740536701426,0.6129682240528864,0.46596738175217123,0.40423976647701004,0.7328405514911361,0.714157921884392,-0.021037667207795287
5,8828309411fffff,19.980669225445336,0.43706508927287024,0.5656705846876188,0.49751978779743855,0.7662908536880606,0.6130788915068051,0.12924059081568412
5,8828308031fffff,20.002653285453736,0.4067662315603148,0.5213782788902183,0.3008037867875291,0.6919804631140106,0.6649026143510769,0.06306277367359715
5,882830940dfffff,19.95618080821786,0.525065452731258,0.5821499208492318,0.3336359936004123,0.6724793975610448,0.6822104352375794,-0.025180276610592543
5,88283080e9fffff,19.93641528555453,0.5370912768267724,0.4302079738156402,0.40447441493659614,0.6755726670487703,0.7367196414517179,0.049928588198812865
5,88283090adfffff,20.00807460152614,0.4861728414081794,0.5649985687621113,0.34495042127141823,0.7303725867657356,0.7222714400793375,0.07308522671964318
5,882830871bfffff,19.888305283533185,0.5311865295629479,0.49542594291502484,0.33890878800427454,0.5533136375333169,0.810098227059609,0.039172017161175195
5,88283090a5fffff,20.013182897002057,0.5968085178905543,0.5167785230436454,0.27951998834420705,0.6804548707180603,0.6678162251125208,0.11618716276055055
5,88283090a7fffff,20.07367491195931,0.5615125747102,0.5368326902120781,0.45190032998068674,0.6436185800482296,0.6627711666611829,-0.01143694427015788
5,8828308449fffff,20.024502969647447,0.6347457153683654,0.4357410740757259,0.2806259885134811,0.5855630172494365,0.831789246250423,0.11498265484864825
5,882830941dfffff,19.988328253316258,0.5795183469301136,0.5361845260451664,0.44877580801704703,0.6657566253510229,0.6027344232506673,0.010304555213810296
5,882830919bfffff,20.034416228897168,0.575205195644013,0.5612602801731614,0.43021265016268007,0.7565162079508738,0.6155044834592055,0.016155830459897803
5,8828309409fffff,19.899030395474117,0.6082165959673188,0.48030405023997896,0.40674351977776757,0.7035811683822468,0.7445737951450067,0.053106072097201334
5,8828309197fffff,20.03427372520937,0.4380952566778371,0.5288446415848902,0.45553542854349977,0.7651111493553308,0.7075127472306418,0.09127617231863283
5,8828308719fffff,19.963763244427053,0.5858646516395078,0.5096347316965624,0.3098933095097868,0.6820141340052366,0.6609443935136983,0.00938060576206113
5,8828309405fffff,20.02784980314692,0.5296288274208868,0.5978532422213019,0.47176572102312453,0.5386944804053,0.7065510303023966,0.17303279855666165
5,882830862dfffff,20.027288332431443,0.5226595384004362,0.4973098470300019,0.32043795742493253,0.7173451505441627,0.8992913486493538,-0.014497516889111717
5,88283081d9fffff,20.031802323396395,0.5585458181917997,0.5078379373577241,0.33473555964735924,0.7509459097944793,0.6925899982724051,-0.088066457856324
5,8828309439fffff,19.98455375934923,0.47663147812506623,0.5608095826034011,0.4645490715952652,0.7009907061525515,0.5999159498056255,0.10540639138308902
5,88283080e5fffff,20.08742499393,0.525485131648016,0.5588247800506416,0.2720021974886039,0.7564407099582227,0.6498259295878064,-0.0715925276662998
5,882830919dfffff,19.97790613559207,0.5830987360539501,0.5446958718109209,0.3744007525886127,0.730044404972662,0.6065531125525572,0.12193955069877563
5,8828308441fffff,20.087532491936674,0.6753458345407827,0.4655167528452727,0.18956899166106078,0.7853672500791039,0.7207631603305353,0.036660653760806954
5,8828308711fffff,20.03241130635254,0.5790516992121041,0.5118940939670676,0.3689184010304983,0.6507446743074291,0.7124327444977399,0.03775201487511959
5,882830945dfffff,19.991433373291674,0.5672448531931275,0.5689732760751787,0.3017371167370121,0.7502675371342544,0.7631415430119717,-0.03241311720206606
5,8828309453fffff,19.91278529944337,0.4986822380418102,0.5217326701850099,0.38860503039332545,0.6899668013601397,0.6700505795228413,0.018730570170654173
5,8828309415fffff,19.9161843048217,0.45955809484595705,0.5078216039589047,0.48089725761595864,0.7413101053029494,0.5882663233250774,0.004478381888360486
5,8828308623fffff,20.038071063419757,0.5586337479754233,0.4920470852036533,0.4239408751926852,0.6451667852927844,0.8171727468165031,0.10326967492995986
5,8828309443fffff,20.024824711352693,0.5172424390904888,0.5509413465413172,0.3339780695041676,0.7150958749037559,0.7691617924616243,0.13193407501589763
5,8828308713fffff,19.914655598880287,0.5028201845049016,0.5615390127931323,0.3128852675721547,0.6058320311503945,0.6288786153023949,0.12244666068905015
5,8828309451fffff,20.093972983369824,0.49861577318458744,0.5329083738305469,0.42610116065325776,0.7143626664184959,0.6507556677422359,-8.548474583843987e-05
5,882830844bfffff,19.989770957642076,0.5316183578718751,0.45687674293832037,0.2650589562825689,0.7240997864591939,0.6926502743594636,0.14224685497537876
6,8828308629fffff,19.83027246092918,0.5167620547058916,0.5845581662627869,0.48730767397321356,0.6342005260041877,0.8478053736394694,-0.05900079953536497
6,88283080e1fffff,18.52842487584549,0.38544729138981526,0.5084780196781923,0.45177115286887126,0.6105019871925966,0.6740025897831804,0.06999595136315569
6,88283090a1fffff,18.50459718164977,0.48480615051420073,0.4309192767927457,0.45180092478441986,0.6772659941962722,0.6305257880182936,-0.020270042209105676
6,8828308249fffff,18.508922797276185,0.5176765065610244,0.5813681630552292,0.5237529808352345,0.6584274177699349,0.6138257572773711,0.006143680326676361
6,882830844dfffff,18.393552196433873,0.6283383811246667,0.4761533556341681,0.4790246300949119,0.6993515508020924,0.7261658203924334,0.15390909529886992
6,882830803dfffff,17.407835548345687,0.6560778122112324,0.5368043087963381,0.4153953741240808,0.6800897571062303,0.586785622899128,-0.05400414601448675
6,88283081d1fffff,19.078897180349927,0.5555405842797764,0.5601347195997733,0.5826013158250063,0.7395345681205271,0.6520436754431839,0.05460305068191018
6,8828308037fffff,18.273143718268223,0.5100660721753718,0.4803186733262208,0.43724944302398333,0.5919218210405132,0.6553668847710431,0.11957633139585803
6,8828309195fffff,18.77352234249907,0.5749647108006201,0.6059082925853103,0.5115134426318042,0.7634899129263487,0.716077714420559,-0.010281277195101995
6,8828309457fffff,18.864841452749722,0.5706314961993131,0.5233933225832196,0.5005951347975048,0.6453727307585206,0.7649192435539752,-0.06617510269705476
6,8828308033fffff,18.245634928047345,0.5293088807424823,0.5134408971314743,0.5394209341100118,0.7066862124340225,0.6930278213880254,0.0419608150283509
6,8828308627fffff,18.909819290545077,0.539486168740178,0.5178381188697019,0.4051651216927945,0.566006371148448,0.7123235057745421,0.03521178380936248
6,8828308635fffff,18.722737243847085,0.48774009687569125,0.505446469357662,0.5554038817257486,0.6546182499512885,0.7844186757512155,-0.012657909303606205
6,88283091d7fffff,17.773694891031667,0.47142080994303026,0.5134966479853632,0.5814707984012355,0.6552277864507574,0.5617956824762568,-0.028320670354941426
6,88283091d3fffff,17.802132749131307,0.39867474172210243,0.5398599227238706,0.49324241998469354,0.6297645154188469,0.6453183392260371,0.014365120222739816
6,88283090a3fffff,18.678135387848705,0.523689967960766,0.46546496220067246,0.5727322246978287,0.5895853979942585,0.669281340109945,-0.09021823059404017
6,8828309193fffff,18.89818368812601,0.4997034657030845,0.4520632803133183,0.5261601909867644,0.6401491449129957,0.6830986683954852,-0.028022350537873497
6,8828308269fffff,19.4492925700867,0.5446946911848929,0.47532300266701943,0.4657641406183968,0.7076583957397752,0.7379782194343291,0.03544789574857656
6,8828308753fffff,19.09273479333832,0.5177964716154121,0.4557277989128427,0.4250653039128283,0.6684328601221764,0.6727137808150152,-0.04627288949974647
6,8828309407fffff,17.975633924781572,0.5613330818684861,0.581807792473175,0.5217603822076821,0.6039676980491486,0.6019828088058561,0.004120219044549519
6,8828309447fffff,19.304561817597694,0.5442511895051844,0.44742820539777406,0.4076827421075927,0.6369066173186717,0.6859726007271939,0.09822311616778015
6,8828308621fffff,19.44110192028455,0.5139777098254272,0.5252008023095345,0.477157795213392,0.7010527562603217,0.7569524624914721,-0.024254514078852023
6,882830940bfffff,18.710216078939016,0.5168008620925018,0.5780843574581027,0.46617728707072553,0.6410252373734272,0.6512546202178123,-0.02748145994466636
6,8828309403fffff,18.08887136090982,0.5303320531331706,0.54929986798375,0.5017864762410669,0.7091147853804629,0.5363398660787909,0.042421063582943425
6,8828308015fffff,18.173724855528388,0.4868256288915178,0.5977915451674121,0.4357052488830072,0.7731628551518177,0.7166070441019179,0.08370487118061588
6,88283080e7fffff,18.43797196384302,0.533806593039275,0.5300877993639838,0.5480114825157678,0.637018752343653,0.7065240020038089,-0.07258712569755442
6,8828309199fffff,18.079624636476616,0.4925105092958377,0.4744000070053635,0.5012607593985462,0.6727173496169065,0.6637324054979337,-0.01949834454576291
6,8828308039fffff,17.73051146521249,0.5792894704560076,0.4625573268823964,0.49896044019477503,0.75497903764966,0.6641986107590966,-0.024103663399823817
6,8828308445fffff,17.942558223273576,0.643789453428904,0.5346997921707038,0.43443735710463244,0.6332565969350787,0.738615211638789,-0.039649109438840605
6,882830824dfffff,18.652274190924672,0.44692765390661315,0.4295802632576515,0.4805900035169001,0.5991205539697779,0.6263462793150518,-0.08890517674111757
6,8828309419fffff,18.483910261578046,0.4723880022168858,0.5441012830624964,0.4779339303608526,0.6906865201638702,0.6087087550452335,-0.0005274803611804378
6,882830803bfffff,18.08628784612695,0.5498358656729672,0.5335851870106105,0.5195367073997333,0.7143405414500275,0.656949743082136,0.03363993885317758
6,8828308241fffff,18.524789478493048,0.5551677840443857,0.5080061392038201,0.3847409694005526,0.6843526390125307,0.6110854825471767,0.0002984872553414055
6,8828309191fffff,18.629557717024735,0.43216568406186007,0.476982857665408,0.5350450269848501,0.6829979844299787,0.5337783726215841,-0.03654218507475038
6,882830863dfffff,19.141060367569,0.6510357293630842,0.46191619962227504,0.44506108322642346,0.5797307736192017,0.7890308447223653,-0.02353181122371061
6,8828308035fffff,17.878925994448803,0.5863614362825372,0.5361477450515341,0.48152108781986935,0.7861621961681349,0.5241346984075069,-0.011517481796221743
6,88283081cbfffff,18.388850634469716,0.5515420844594464,0.5214516979666447,0.42605068129268303,0.6482528627930715,0.44694112817923504,-0.006165519812370187
6,8828308245fffff,18.923596985624147,0.4932156181682477,0.4617190588458268,0.43006401121666166,0.6762820208283714,0.6046644557260314,-0.04373019651145394
6,882830862bfffff,19.52606558158566,0.585682997524658,0.5388887761741745,0.5453084614901782,0.6532391283708745,0.7307960647922241,-0.10121875463265843
6,88283081dbfffff,18.8095671959129,0.5507238569662396,0.5026981105936894,0.44669692253453375,0.6728298838436907,0.6935018036167954,0.005622788563673355
6,8828308017fffff,18.668443155540643,0.5418566852167082,0.5301030403721623,0.3934406787989912,0.5823307951360859,0.7181136505286206,0.004963363684013281
6,8828308625fffff,19.237879904393754,0.4984039900623987,0.5186931183784718,0.4778338543270678,0.6578059994934068,0.7675405167368992,-0.0034384279232335304
6,88283081ddfffff,18.784714972387327,0.5027481582700591,0.5011248814972323,0.48637858038332826,0.6828224081140238,0.665058523567956,0.005278610430174256
6,8828309455fffff,19.314356776277922,0.49820354403475875,0.5038344873512882,0.4919507348837688,0.7401208006390204,0.6314291961459517,-0.03572551640906845
6,8828309401fffff,18.50374994310346,0.4920587597523438,0.4561346695280753,0.45377491215458116,0.6664588527094361,0.6166054750091688,-0.0071952616324768145
6,88283080edfffff,18.495585959263654,0.5405495619670516,0.4750064985231223,0.5411054711036608,0.6670308502984558,0.6500410874456437,0.07134805255575342
6,8828309411fffff,18.049272290467297,0.4443944884581102,0.43263196643118157,0.4788731855879854,0.7108302567721869,0.6137746336169045,-0.04200517739867811
6,8828308031fffff,17.825975134117257,0.5941594260548033,0.48352553692682476,0.5654053635499547,0.6842825797612329,0.6055860329911712,0.018161344022963523
6,882830940dfffff,18.830474636476,0.40836042769019426,0.5168797812895388,0.45793591927894534,0.6547063888890502,0.7176746802591248,-0.0948174079436397
6,88283080e9fffff,18.89642282454416,0.49085704094084287,0.49074773561861734,0.5139236033806788,0.578972452684172,0.7345244763483937,-0.02614811983823208
6,88283090adfffff,18.01473150035703,0.5735978983482624,0.43693346004571637,0.4792991268805124,0.582500685481925,0.6736753223495834,-0.0003070891309896611
6,882830871bfffff,18.75979773643291,0.5811238054404273,0.464586324268113,0.5261995148757421,0.6654049358085989,0.761232147594158,-0.04780219764399598
6,88283090a5fffff,18.122436794114407,0.4830722323540643,0.5056467064979074,0.5017906466003069,0.626436514784207,0.6840981168107731,-1.6271853466146785e-05
6,88283090a7fffff,18.50924282198102,0.5824327734147453,0.4580405180406215,0.40442483081261865,0.6613860770334294,0.6279945663570722,0.03291844805222438
6,8828308449fffff,18.542229909997353,0.5840572497012227,0.46482307965279795,0.41933341530038803,0.6155318380597743,0.736251752913091,-0.02047069728927135
6,882830941dfffff,18.33299375037122,0.4626506153106685,0.4783089542319368,0.5057037255472762,0.7093843099556206,0.6677928830811437,-0.02027635323841747
6,882830919bfffff,18.466765819349877,0.5291905980901611,0.5216688501471509,0.5089295887311429,0.6088018187279016,0.622048933230143,-0.02132833964094728
6,8828309409fffff,19.00943549623021,0.4294641407216842,0.5599006282269113,0.5337393071295051,0.7033087461522387,0.6425303571528237,-0.04282638987066333
6,8828309197fffff,19.20008678951792,0.452849225383573,0.5038444021090626,0.510652873014302,0.726532741906085,0.6572341863095001,-0.02968207389177925
6,8828308719fffff,18.66723674578531,0.5607953384362689,0.513047903395875,0.4449738162695193,0.6373562674210151,0.7473780569563947,-0.026296279773764315
6,8828309405fffff,18.348924034939383,0.5350367850184486,0.5919797854211006,0.5088819382244214,0.5469887647247542,0.676725013851386,-0.022403977417583095
6,882830862dfffff,19.6431055448371,0.5143611123153162,0.4738814761355477,0.43244889066254716,0.6410572179218867,0.7335672748211733,0.03654985626543452
6,88283081d9fffff,18.638051368364295,0.5548745318499657,0.48511506635587404,0.5165128413243312,0.6594486483356592,0.6226530395871752,0.004300629739383483
6,8828309439fffff,17.626074613982688,0.4990806021663398,0.4825443492066829,0.44838458521234087,0.6541072573142046,0.4752392506551317,-0.05535943374693447
6,88283080e5fffff,18.500536462809173,0.46623561502800703,0.50420583499134,0.4318385453774982,0.599664117007243,0.6093268292211728,0.016478211253213783
6,882830919dfffff,18.218471504500577,0.458101504947888,0.5253165132211869,0.4712381997534036,0.6533162791628425,0.5887175814244194,0.05428600374041405
6,8828308441fffff,17.972467283580706,0.4816149322798011,0.4801190663980945,0.4702165339340719,0.7004697229636303,0.6480430937473731,0.017952033299212845
6,8828308711fffff,18.480512683781033,0.4930936026533529,0.46915779288175075,0.4465194890481613,0.5905730673938264,0.7375061988372187,0.025989331611408945
6,882830945dfffff,19.681646712819422,0.5835947865864797,0.43358704319838415,0.5029360921310265,0.7019625683939887,0.6723527021207929,-0.012242982359410182
6,8828309453fffff,18.81389271695092,0.5709742772355425,0.40363394976875744,0.48980990280984293,0.6235530003720358,0.6446049716350617,-0.012622740853827787
6,8828309415fffff,17.692777191799244,0.41597729062529615,0.48337287376169014,0.6079087145117491,0.5777158378541689,0.6142968333364753,-0.15745307273497763
6,8828308623fffff,19.10450620078231,0.5014026454309782,0.4974419594385989,0.4519044271844851,0.7153159212992569,0.8467067945739927,0.11165652036941001
6,8828309443fffff,19.547495531652658,0.5631533993513442,0.47631940192252786,0.5066312012706536,0.6968422484737768,0.736272330814654,-0.012042709844252219
6,8828308713fffff,18.349642523117335,0.5595038807716988,0.42747769414106923,0.3945993297070045,0.6688817133337788,0.7229602396335962,-0.04283911424425486
6,8828309451fffff,19.243348252294695,0.49515428741291134,0.5016302262562573,0.4779399522800821,0.7588055463008201,0.6668296133018234,-0.015552198524057927
6,882830844bfffff,18.130231253935744,0.5864070006563943,0.45245549793428486,0.4796867082421555,0.7143303820598809,0.8194504888994966,-0.014692183077201434
7,8828308629fffff,19.765178630797624,0.5704936782488308,0.4866015201189711,0.5904974607494239,0.5592791022206434,0.7010110622311381,0.0035724988124257867
7,88283080e1fffff,17.600234443817822,0.47356552801936136,0.500450645179815,0.5636194605293763,0.5561329188049347,0.6575923636796072,-0.02139876082835546
7,88283090a1fffff,17.516877324049723,0.45898648970501754,0.5216844620234127,0.4723211797257453,0.6388681693381798,0.743325535597264,-0.04083541006823767
7,8828308249fffff,17.548688813422487,0.5362956056636851,0.37463751350836383,0.5803701360448379,0.6620907364469774,0.5797719585990867,-0.022652796782783334
7,882830844dfffff,17.34301360103342,0.6581100313526811,0.5299434766141843,0.6164111203671516,0.5713592309941101,0.6690136928293087,-0.13418706966382637
7,882830803dfffff,15.889088752610883,0.4743145302297972,0.4451025246781096,0.5961795941498241,0.635948432330426,0.5116757158628997,0.04604120989376991
7,88283081d1fffff,18.53810689139611,0.5147625810298886,0.4438751726468746,0.6594253297473837,0.5699161753664113,0.5987080061866118,-0.026983631699505416
7,8828308037fffff,17.23248446137448,0.5245192648046755,0.4609913997057999,0.6171302743042925,0.5504258904122881,0.5135939024413309,-0.11238725349574621
7,8828309195fffff,18.169104789196602,0.6477528151955425,0.3829012582712902,0.5818198224326265,0.6136443891408804,0.6440954858314042,-0.10220373524135731
7,8828309457fffff,18.05705688906112,0.5454489657797491,0.47640519887966787,0.6260811925642814,0.6615741374523644,0.6658531510002457,-0.023095378032656336
7,8828308033fffff,17.262572170813527,0.47682479031851055,0.556900696103801,0.5969247579286281,0.639753130885492,0.6751285902809766,-0.029691873982281777
7,8828308627fffff,18.34716814942157,0.5862274811400532,0.4909612127198246,0.625212296490799,0.6254261600646722,0.7236633117617496,-0.010752424950605868
7,8828308635fffff,17.844247344094423,0.5928849323519426,0.5236906617295504,0.6446150765933856,0.6371154891633893,0.7085695964747449,-0.022373029063187916
7,88283091d7fffff,16.276479388069216,0.6084749115502164,0.4407998846338474,0.5298200276239446,0.6334605413967923,0.6105165478088942,-0.017986582299980708
7,88283091d3fffff,16.30199682423943,0.6238146598102291,0.4574159975973545,0.6635265295331001,0.5816952114605829,0.617573958519704,-0.11782097570812891
7,88283090a3fffff,17.840895365543137,0.5334788288035258,0.4784124486463464,0.5958783844983722,0.6054063589813088,0.6846992880463473,-0.0964833851767609
7,8828309193fffff,18.346908059583615,0.44456942448755776,0.44264835381947853,0.501132875754631,0.5666157115324447,0.6908342934536063,-0.016070416211551353
7,8828308269fffff,19.069720022776487,0.33909886660477484,0.39651387957561973,0.5255845417834745,0.6328988139258522,0.5814049659620938,-0.0045833783483579665
7,8828308753fffff,18.465017077375414,0.4988364319895855,0.3967172819478758,0.5505507141058088,0.5502664163107638,0.6847394315140891,-0.04994164628838853
7,8828309407fffff,16.898074870997537,0.5637793143032972,0.3190972814648755,0.5045647011629874,0.6270805593538281,0.5795287443282723,-0.13911883002607145
7,8828309447fffff,18.82074995812448,0.5539405969202013,0.5578528047565278,0.5984467645517074,0.6552256901732395,0.756422424309581,-0.017485420942361572
7,8828308621fffff,19.180812501636336,0.5512062971270056,0.48405445951877113,0.5272577652540711,0.6236074879583877,0.8297868587081882,-0.049211262280051904
7,882830940bfffff,17.879007792581643,0.5642177635059135,0.4880525860729852,0.5467045956510053,0.7043648060903426,0.6895258998438457,-0.05401383811093037
7,8828309403fffff,16.874023629292452,0.5250875372504183,0.4039750361484993,0.5899785068773907,0.6327813591195853,0.5858222711673411,-0.18041210569715832
7,8828308015fffff,17.107642406779025,0.48875781032015625,0.48404483618245764,0.608718765455436,0.7326802636118575,0.6428182177161512,-0.014298590217010174
7,88283080e7fffff,17.547535302671527,0.5113353962407436,0.48053167103279304,0.640431536637738,0.6719608448426915,0.6523158750485912,-0.06444735674070386
7,8828309199fffff,16.951796276918817,0.579170874932084,0.36343745773519665,0.5710107811229475,0.6218889927859993,0.6802447026146865,-0.07157808720369936
7,8828308039fffff,16.207683719116766,0.5183737525954766,0.478481678515369,0.5417742199459057,0.5739274170255887,0.6066297966893736,-0.0037125115546357695
7,8828308445fffff,16.680957105005376,0.5645902077069845,0.48186139414301554,0.5537778405380338,0.6550215673351796,0.6035248281096737,-0.020926083407778476
7,882830824dfffff,17.840676112667143,0.4929349674677225,0.32828658198565047,0.5317496681045185,0.6106488342981286,0.5921321408741272,-0.031067034359559185
7,8828309419fffff,17.549650518416854,0.540190371944445,0.45598657859860714,0.5193227117384981,0.6348793312782905,0.6602298325511267,-0.06638202518694068
7,882830803bfffff,16.984543929687003,0.5235643765191036,0.5287583532287893,0.5318480244918342,0.632455281885326,0.648622267725384,-0.025280325032435637
7,8828308241fffff,17.62237516139643,0.4782948504483947,0.3387457321100268,0.5661900212876761,0.5873455317671262,0.5040440691811399,-0.03412832123855017
7,8828309191fffff,17.830061064468335,0.5486620164301456,0.403381713137526,0.499068252352321,0.6348746793201857,0.5917633649149943,-0.060446195636076755
7,882830863dfffff,18.586758575258948,0.5408465400117279,0.44962479931673605,0.49376231178877406,0.6104324406520982,0.6657532121758498,-0.09325770111099965
7,8828308035fffff,16.508283201681117,0.6434847576825795,0.5043118893380213,0.5569137332032699,0.6511305463828807,0.5464290353065752,-0.1014224012819326
7,88283081cbfffff,17.45836312763632,0.5769496723593258,0.4230286408962061,0.6541147664802892,0.6050263743454146,0.5511462114965102,-0.13684488948729923
7,8828308245fffff,18.372216093759878,0.47170789923097184,0.36350684045251036,0.4845772896007808,0.6578081992756274,0.6941408987708891,-0.07167911378264034
7,882830862bfffff,19.34039398648514,0.5539965976279652,0.5447604498056964,0.6213536210003848,0.6023889853576322,0.70839182324787,-0.03252941612523445
7,88283081dbfffff,17.93960590950218,0.6321907850644877,0.4631055245808635,0.6902510276681565,0.6306459672275971,0.6477828589161532,-0.022493494279118526
7,8828308017fffff,17.82765271764246,0.5196066678344211,0.4855681855838195,0.6849455735135066,0.6722448041742958,0.7132354783944236,0.03388964145491897
7,8828308625fffff,18.598947243621417,0.5618588431667296,0.4571237347135481,0.6103297885875305,0.5413444564158949,0.6916322798601356,-0.04275760982919042
7,88283081ddfffff,18.001973957926523,0.6326980624701326,0.4626822441537788,0.6097904765055612,0.7045086671784386,0.6077485424133925,-0.04085148838737942
7,8828309455fffff,18.87149199753053,0.4903568250067705,0.42769065773068204,0.6556088497723502,0.7065657140055214,0.5876899627564761,-0.04098593710880787
7,8828309401fffff,17.639619555530437,0.4490693599311366,0.4386201545568431,0.5039659233790307,0.6483519641651626,0.5683930872638785,-0.11017914185142344
7,88283080edfffff,17.575270470936605,0.5857229616457856,0.5601955856859442,0.591338364677069,0.6085867912069105,0.6957118475754286,0.019518886775149447
7,8828309411fffff,16.91403675659514,0.5588112858238895,0.4087540687104199,0.5783036300048907,0.7298495637337205,0.6121313664798985,-0.05383053548187087
7,8828308031fffff,16.52130780678296,0.5476160619045872,0.44050027834823924,0.5685501463411178,0.6827155607821042,0.6345100485025514,-0.024032492603273448
7,882830940dfffff,18.046729256417102,0.5855610600640724,0.43627730708133555,0.5321568861745074,0.6436610461881772,0.6524551727984206,-0.00866299548651863
7,88283080e9fffff,18.160584011791638,0.615496246661568,0.5622514104286982,0.5842680497695651,0.5931798020391589,0.6420757341358767,-0.053927001081376054
7,88283090adfffff,16.9353074165738,0.5180690109836145,0.4629391549174859,0.656481745457061,0.6298969060540102,0.6737726656200881,-0.14206257577655032
7,882830871bfffff,17.92465680822507,0.6041080198031066,0.47160159558954234,0.5738009074617626,0.6728073487943629,0.724401120101626,-0.11614730882240867
7,88283090a5fffff,16.99722850375299,0.5104616031219835,0.4571618268231192,0.4982715995017659,0.6271287873327883,0.6275252068859172,-0.11806366623532419
7,88283090a7fffff,17.617651645153913,0.5570948618851792,0.45549504202603763,0.5826581310181655,0.5793035380164893,0.6381888038722764,-0.08371959587977953
7,8828308449fffff,17.73032198745881,0.612309640170444,0.5120236167487728,0.6968046403156029,0.530898849877861,0.7684541996282217,-0.08256411426923685
7,882830941dfffff,17.29770421279173,0.4967045049019626,0.39022460885201593,0.5455482690671858,0.6054713186556614,0.5756782040643976,-0.017011416798465434
7,882830919bfffff,17.551677255946927,0.5417417798754643,0.4297010126522339,0.6589697842147596,0.5821103790916737,0.6315183419605328,-0.14762303772109148
7,8828309409fffff,18.52606578807875,0.551993534972364,0.4850526288226027,0.6061707341254763,0.6165055486682278,0.5513367999772345,0.012855009456436042
7,8828309197fffff,18.779067363041694,0.5206788059018242,0.4222596450620361,0.5459838074671493,0.5370387953025346,0.5883644823727638,-0.01803164611194641
7,8828308719fffff,18.08299839467468,0.45816392882390267,0.4276524951677534,0.5794629210823669,0.6419213194768905,0.6451757913504093,-0.06067100233871695
7,8828309405fffff,17.468343824704977,0.48329959714465875,0.47420910609184846,0.5942168643853696,0.611401028544579,0.5925176833540892,-0.019234147318209195
7,882830862dfffff,19.366181225827937,0.5166951730875582,0.4447482766427658,0.6029918129657095,0.6238990406588776,0.8024619874335329,-0.09795182752043952
7,88283081d9fffff,17.757440008602284,0.6100222582344755,0.5206490637707147,0.6289014514248157,0.5638665475463238,0.6924991534682491,0.0832069762516345
7,8828309439fffff,16.13066690847637,0.44763913083584456,0.32267677116776494,0.5664809707919509,0.6072690329452901,0.5158562571958366,-0.09863532457511168
7,88283080e5fffff,17.637688435118594,0.49802799768831374,0.5217625276581451,0.6471638058332484,0.6609324525476088,0.6538734335514605,0.034587769024847136
7,882830919dfffff,17.06330846830419,0.6435997389680359,0.4277543657865428,0.5713535328917004,0.5656260699248955,0.5756246344983826,-0.04814118985379684
7,8828308441fffff,16.6450822873955,0.5155382683853298,0.48928142757344484,0.6474979667524219,0.55701018657058,0.7473475392730394,-0.08081805346004757
7,8828308711fffff,17.673936295649536,0.5829376125278529,0.5121083214592519,0.5665877195768497,0.5906960407233933,0.5886129639526068,-0.0303276353255611
7,882830945dfffff,19.464835235835782,0.568704735647848,0.43628266808611366,0.5603775161757778,0.7548606485258991,0.632587005972978,0.01129675893636095
7,8828309453fffff,18.0073566693461,0.5370041963123028,0.5135901178553347,0.6109970956535639,0.5896551134631043,0.6383197355665068,-0.11989540481672052
7,8828309415fffff,16.326857488672765,0.5250014698705264,0.28775510050465086,0.5454733597060437,0.6683021731792789,0.5489777088884458,-0.1265948554693607
7,8828308623fffff,18.59426580291245,0.5697902785463095,0.46761523196493576,0.5600316295672056,0.5904670619876188,0.7248924595799715,-0.09950085444948861
7,8828309443fffff,19.343325179258905,0.4028915926239641,0.44580070463108695,0.6396518323467711,0.7117462848479561,0.7793722478480006,0.04304876256961161
7,8828308713fffff,17.283695320964753,0.5395556316220413,0.451117387116723,0.6610397019767668,0.6190933643272942,0.5875121142405277,-0.06314720009974475
7,8828309451fffff,18.794765778329747,0.5536077768820535,0.4556512873634577,0.6414895796842112,0.5883716549039345,0.7454312818566255,0.01105535738769341
7,882830844bfffff,17.055677974493115,0.5601313081905466,0.40567723825644364,0.6263223865147426,0.666250082051644,0.6975643098197722,-0.0815511494879662
8,8828308629fffff,19.809046632927664,0.5586653292647701,0.5528463593255311,0.6363613581209763,0.6479549311041419,0.6986596031725185,-0.04089392395524618
8,88283080e1fffff,17.732367795888507,0.5630277402418269,0.515506183570618,0.5300599191727696,0.4543894071687873,0.6068125768466303,-0.006029551939519225
8,88283090a1fffff,17.573640851734012,0.6462024335094755,0.46475869489026544,0.6289022464506328,0.6818238995578907,0.6781649166096065,0.06534080022283813
8,8828308249fffff,17.585314535727655,0.6122471846733208,0.40183337212921677,0.5127668539940373,0.6541441046235053,0.5586344560504881,-0.027600086941822023
8,882830844dfffff,17.441348777115365,0.5204844933442199,0.4569044480393675,0.643107727040876,0.6241028312846507,0.6039625089086321,-0.010524946862546675
8,882830803dfffff,15.88298625440818,0.58500278973331,0.42661080180931915,0.5815179875074302,0.461002533409429,0.625257129592802,-0.003520148643890625
8,88283081d1fffff,18.5367049115737,0.5598290119716022,0.37665555026025793,0.6919920085739891,0.594800949260207,0.5998874230310903,0.01641632491315698
8,8828308037fffff,17.244816886204205,0.5734041227971096,0.4817527209358268,0.6858123779101369,0.6948112521748123,0.5475055440120893,-0.07205784278008248
8,8828309195fffff,18.09379959399224,0.569380200100648,0.3772952987454868,0.6410949210023003,0.6168703039889929,0.5574721281868132,0.04999416249935229
8,8828309457fffff,18.13725625495185,0.6273315762308638,0.3327647284475361,0.5974079412098863,0.6851717923699268,0.6313937858908011,-0.029726837784995488
8,8828308033fffff,17.259585257296656,0.6319641390125981,0.5098749367434041,0.5774203532511204,0.6158020027856833,0.6200577267189388,0.06159120758467017
8,8828308627fffff,18.253598452584697,0.5105401808066632,0.5983894869864671,0.5573659074760802,0.5940516455408762,0.6774407082487032,0.10766895256469305
8,8828308635fffff,17.907813230442173,0.5894354032496332,0.49241164985438163,0.6508671633986919,0.5682027414947965,0.645025165258041,-0.07734165654453233
8,88283091d7fffff,16.2076369403452,0.6582963602734399,0.4098892610130594,0.5944748521676032,0.6248642206204365,0.5453774216497573,-0.11917569797279665
8,88283091d3fffff,16.306697382096388,0.6240205482273172,0.43889403012818473,0.6157958387381093,0.6178252370636561,0.5787187592690908,-0.03327486163106775
8,88283090a3fffff,17.788581649774923,0.629015357398154,0.42334880116622864,0.5472897984333576,0.6112355393878515,0.5825715163326776,-0.03592262550237459
8,8828309193fffff,18.280470119664738,0.557712310403019,0.3004998975524252,0.5711050990320229,0.5315250284979346,0.6753557626836852,-0.020772953231770228
8,8828308269fffff,19.089867835104094,0.5291467050881481,0.38007293387570273,0.44093029970145936,0.4961426773190503,0.6477671465351981,-0.007545665224455716
8,8828308753fffff,18.4875209179644,0.5915795413035413,0.5118125041923574,0.5839104876057637,0.5965966624717729,0.6478521397370278,0.04609630460667996
8,8828309407fffff,16.930872615475312,0.6097657338724677,0.31574312479882455,0.4963583063153726,0.5390645805119819,0.46759882360850213,0.04893555837792257
8,8828309447fffff,18.81418477209577,0.5873902953566843,0.44288766560522597,0.6109814108017264,0.577427901584824,0.6707591650350995,0.015307948363746432
8,8828308621fffff,19.158756666966926,0.6332805408175545,0.4520213773695368,0.6570382801519713,0.5746323722710238,0.6898188662842276,-0.0401647963862553
8,882830940bfffff,17.86463191089591,0.6229877409553386,0.43869286858679707,0.5387064517968585,0.5080563321971595,0.5712701886126675,0.08515375705721535
8,8828309403fffff,16.892897263260323,0.6571337876172538,0.35359823628226283,0.574559448264694,0.5875141306602158,0.43979826588272497,-0.04516681155001318
8,8828308015fffff,16.9543631513786,0.6003712153644863,0.42806858265585945,0.5980370761865341,0.5539648431824248,0.5761870134352527,0.04779672450644259
8,88283080e7fffff,17.54975633732342,0.5958341441334186,0.4715577623573222,0.6719882467154573,0.6166039640832982,0.5773203178194466,0.001110709603486859
8,8828309199fffff,16.928226556511227,0.5523523354794764,0.44197585420170526,0.5809833521722263,0.5834097281331895,0.510865897698386,0.04324383864053441
8,8828308039fffff,16.231847998035406,0.6355128977811805,0.48634146526268646,0.6126243627785966,0.6794170086612832,0.5162206816562498,-0.0027653713015356467
8,8828308445fffff,16.572833614416297,0.5141264744790914,0.48810747377936564,0.6796513065122878,0.5712606002484968,0.6213007591867988,0.0241576735549538
8,882830824dfffff,17.862909218976593,0.6018442111531662,0.41269806887112626,0.5307145533936718,0.5970139194926033,0.5392595313892138,-0.010170624566976
8,8828309419fffff,17.588500896842543,0.5666099942545482,0.3304958295406192,0.54935127069166,0.6165560359813691,0.5788458213134074,-0.027075630847230296
8,882830803bfffff,17.068642552878124,0.6507783863487249,0.4568736032365097,0.5731917867272559,0.50196658883803,0.5882419683654687,0.10559326594603989
8,8828308241fffff,17.506418314443653,0.6193844345856091,0.45346636091427994,0.5541202712985008,0.5561661671976791,0.5320304662474789,0.025734029470150202
8,8828309191fffff,17.80025452104442,0.5592489829737892,0.3145919180774339,0.6028116545303634,0.5914193848141456,0.5945437301441607,-0.04387443634291618
8,882830863dfffff,18.440913982510594,0.5890645169905381,0.5158166031871587,0.5662656449188707,0.5377919137386049,0.6409165577263091,0.030018190704395355
8,8828308035fffff,16.451969903399842,0.5669676582946199,0.50591395262017,0.6027229342568264,0.6202748532585088,0.47457342073562053,0.11199887863237586
8,88283081cbfffff,17.43137479762952,0.593653282626011,0.4119059357195823,0.6336930159381088,0.6089439445028404,0.5184373807407379,-0.004199530791126032
8,8828308245fffff,18.310068334200913,0.5577102486936347,0.3454457090128989,0.5464331311202059,0.5869034855775327,0.5913685054013844,0.012010853940111059
8,882830862bfffff,19.23378132132673,0.58214069002787,0.49730543024068585,0.6144026858768152,0.5917202823866851,0.6873344650108263,0.0322941929343928
8,88283081dbfffff,17.86130530739977,0.598167475098689,0.48596052483245994,0.5623044606573093,0.4968999214279757,0.5713757379351428,-0.0058916703981124596
8,8828308017fffff,17.90504047661568,0.6657340065456836,0.4299174332391238,0.5573885348701374,0.5684215628083228,0.4959892516471055,0.009702171658961903
8,8828308625fffff,18.6187731879556,0.685334701537032,0.5331046101632624,0.6395282232125726,0.5674646856688768,0.6296300472011953,-0.06199612336988221
8,88283081ddfffff,18.140522490914655,0.5379024894332091,0.38507034841828697,0.6390899966918467,0.4615135623887974,0.4894329715568838,-0.07921971189774488
8,8828309455fffff,18.81149152338411,0.6120733339413369,0.4233704467171147,0.5796163623994229,0.6076852143089894,0.5377929340020531,0.033855730340528654
8,8828309401fffff,17.554723748614403,0.6385770211334454,0.36478968640335485,0.6530441132832332,0.5624005153240531,0.5676566368778073,-0.04774709888582188
8,88283080edfffff,17.669190469498297,0.5710929055637248,0.5050460002440827,0.5792963775734551,0.4891978360878238,0.6183619337145766,-0.0498518982166612
8,8828309411fffff,16.891264904917513,0.6046822360975174,0.24356706505443443,0.5357156461885587,0.5158791979757897,0.5806057206651258,-0.02404464038793452
8,8828308031fffff,16.472986719080435,0.5788505303955949,0.3807951489918534,0.5832180363412104,0.5787023597279997,0.5148315405036153,0.008460574953484774
8,882830940dfffff,18.06439274930275,0.5644563569912553,0.2830340790595397,0.6214905028289042,0.663621855913209,0.6109920098311843,0.0956044289431013
8,88283080e9fffff,18.357397984720716,0.6770236910748204,0.6660734382546335,0.5392267828953237,0.5551516843776231,0.647788232982443,-0.03168413353103244
8,88283090adfffff,16.880687324591694,0.5599255747998533,0.439479361217748,0.5624467858576557,0.5040977354758203,0.6439314305953211,-0.06998326214140738
8,882830871bfffff,17.956944388536577,0.5882027787357664,0.4419833392123754,0.5546267735094452,0.5837341576326612,0.6341304348995704,0.00014942250663901998
8,88283090a5fffff,17.077719329811863,0.6502633397924757,0.4074617322481772,0.5253321318865186,0.6044189214829743,0.54376964372771,-0.18567529224635063
8,88283090a7fffff,17.585613709687085,0.6945936512742155,0.32914603115871494,0.5910441922392359,0.5796800823909656,0.6205283328636945,-0.08826511684332762
8,8828308449fffff,17.553786252707337,0.6683462695092823,0.5320759439478814,0.6304378988470696,0.6015878406424063,0.6751151683405636,-0.028954260840054986
8,882830941dfffff,17.24005686305628,0.5968125990168568,0.3961738167078723,0.5652459666000333,0.5236847005255593,0.668029227337424,0.014455237113209776
8,882830919bfffff,17.562177517943443,0.5865212115781009,0.37910676344833766,0.5615879831832614,0.4680861511199153,0.5586396762112265,-0.08559210935763262
8,8828309409fffff,18.51843341096407,0.559520240698932,0.3698719993013962,0.6091297276167082,0.6132037403928572,0.7196051786048083,-0.024397822016778318
8,8828309197fffff,18.746399334784403,0.6363036252866172,0.35897353162824963,0.6026266835840606,0.6086734874412048,0.6236395361276081,-0.044638227678435394
8,8828308719fffff,17.99320394591902,0.6936657964172266,0.5126730855431968,0.689730507091836,0.5663760841672221,0.6936320638509177,-0.05809974414005439
8,8828309405fffff,17.52218473295117,0.7355963266372879,0.33999503315992985,0.5794554164485728,0.5808081393397336,0.5547854603438314,-0.04324214285080191
8,882830862dfffff,19.372983711292104,0.6333836125133278,0.5228798218409336,0.5846876188140336,0.5957061966838179,0.730930010422197,-0.027759556703621388
8,88283081d9fffff,17.804411304881256,0.6466547444404397,0.4325025991733884,0.5581669427920567,0.5657572356450263,0.6224528875331481,0.040991063742542154
8,8828309439fffff,16.184978473585137,0.572816975308095,0.3458696681844483,0.4969084869882956,0.5546447999489925,0.5547761852979786,-0.0054696648031466
8,88283080e5fffff,17.58559000701402,0.6421475554576823,0.43638719792652186,0.6164000855775427,0.5915393071702135,0.6361368900013359,0.08225487556801472
8,882830919dfffff,17.095703962769836,0.6565590815074015,0.4504373415820457,0.5557316121503745,0.6784682903429247,0.583847573375702,-0.069898484280452
8,8828308441fffff,16.699157573564296,0.5772406911565977,0.5116405475262765,0.6446114713272256,0.6459816434803162,0.6151182985359214,-0.03597635524818961
8,8828308711fffff,17.65361271708405,0.5945584642848741,0.4242649623110351,0.5697455053144167,0.5840696625944058,0.5577692236893832,0.02311523878609484
8,882830945dfffff,19.45621358775753,0.5072791598522779,0.3608287890535348,0.62729581895066,0.5551054332980417,0.6208124947030575,-0.04342749405687716
8,8828309453fffff,18.087788092767894,0.6100500298377858,0.4606894752677288,0.5217893100089611,0.6111533378859628,0.6204973244886425,-0.01994733892541097
8,8828309415fffff,16.389235467821866,0.6102629884565641,0.3737798091214892,0.5383491751776511,0.6957644747389287,0.5254004603390984,0.05398052373380564
8,8828308623fffff,18.556971592739014,0.6458385625758643,0.4773018038317521,0.6788018781846165,0.5917994610386833,0.7021542346194862,0.032568895012483036
8,8828309443fffff,19.337209353895076,0.5568067942434961,0.36491917688908826,0.6039632179502893,0.5444860267714671,0.723732908828462,-0.02563300070347473
8,8828308713fffff,17.372662335675635,0.5942785609345006,0.5101754819294488,0.6855027455544402,0.5634265145895976,0.6722706024182834,0.07740562534572956
8,8828309451fffff,18.85829335391063,0.6328521033561504,0.42725095761196014,0.5242193813031303,0.5165840592912797,0.5384075603625246,-0.04207354245950101
8,882830844bfffff,17.013583036420464,0.5735526828495427,0.4543015519106349,0.6116563811926121,0.49892039876447963,0.6725396983565465,-0.03634518360367703
9,8828308629fffff,19.871614177164886,0.7230436119323107,0.5009821352285304,0.39542220997122896,0.5735173204242807,0.5469778514095258,0.028699996202701
9,88283080e1fffff,18.582386194546775,0.67816019914598,0.4481835092925253,0.46319049091107045,0.6367087084254006,0.6003086144562066,-0.01973848597155138
9,88283090a1fffff,18.53447843454455,0.669086146322222,0.37247630585831704,0.388645474657878,0.5132863519438399,0.5253416102499191,0.10334740843576405
9,8828308249fffff,18.4669977399732,0.6898219425002378,0.39883894669576053,0.6164842754788444,0.4914014767306952,0.4996507734296155,0.08264960075305464
9,882830844dfffff,18.389928840729382,0.5865779673825103,0.5782117860782017,0.468025690463409,0.6683756849773165,0.5781307244311754,0.044201767829655486
9,882830803dfffff,17.54123864577611,0.6631978732969313,0.4324639283395511,0.4772878506823467,0.4374516613380939,0.5681883283755369,0.04058620861025735
9,88283081d1fffff,19.108569127443197,0.6975155005753226,0.33102469481914537,0.49616630885990465,0.5476685515433307,0.5045717797934784,0.014768387009375066
9,8828308037fffff,18.21153364692141,0.6343841378029842,0.49750280396982455,0.535478914868087,0.4417656535949334,0.4536485638921545,0.07872824443928403
9,8828309195fffff,18.78087956170516,0.7136666401495517,0.4229102775438823,0.4541944101228164,0.5210747330948615,0.6104826121072322,0.09419077863865857
9,8828309457fffff,18.796538000743237,0.6257319140908983,0.35808854796116535,0.4946343130231504,0.613756907085587,0.578962849295685,0.05233558333205274
9,8828308033fffff,18.347017412615614,0.6746987885350402,0.397214453696361,0.4312736256627641,0.5012549238391204,0.47351234959518224,0.01859876431320508
9,8828308627fffff,18.934841614365045,0.6368569516743932,0.5537304910707654,0.378352191373939,0.612892700203308,0.7353081911158489,0.10815970339826009
9,8828308635fffff,18.64320836340278,0.7709718449937405,0.41148971063650985,0.5594470557633293,0.6102904756274001,0.5862796737052238,0.09856288104472469
9,88283091d7fffff,17.698247680697108,0.7064978362229881,0.3669892908239492,0.49502053919488503,0.5065013987767012,0.5904323960915657,0.04215202038519317
9,88283091d3fffff,17.729639588204027,0.598816117207166,0.398145267071877,0.4284355860288512,0.5553646047910799,0.4553221423061262,0.006376490731550097
9,88283090a3fffff,18.651027078083892,0.6126078077797897,0.397309930522284,0.48993003473542274,0.5249437510226593,0.4805047406760463,-0.0482224721009797
9,8828309193fffff,18.906674242537942,0.7096911314025485,0.3649697308648727,0.47402247102034745,0.534849250388873,0.584019315175981,0.03535868073295957
9,8828308269fffff,19.411295272125074,0.672829641542061,0.3728155581278681,0.5377418972870114,0.5981557262375793,0.5808952282863276,0.08960599252453844
9,8828308753fffff,19.081928573989245,0.7271277839582625,0.43848125725397996,0.4299479934001252,0.5402522338939896,0.6272603246632298,0.06072338560743323
9,8828309407fffff,18.112767323753673,0.7123997849673673,0.2365444011813735,0.47689100534756523,0.4987145763683333,0.4911678425493228,0.04044648935255217
9,8828309447fffff,19.29259311375504,0.6376208801392075,0.3849622160881345,0.5686808703545523,0.5005312854998211,0.5079998561748315,9.553290939272319e-05
9,8828308621fffff,19.494197406477724,0.7080366798085522,0.4737510601057111,0.5137208980003515,0.5013503804182402,0.638384028016806,0.09357223731515761
9,882830940bfffff,18.679791683511016,0.6297800027151488,0.35405255057648466,0.4266914975156311,0.562863012294725,0.5154528018175307,0.06659796662917247
9,8828309403fffff,18.136754938284984,0.6429060283760456,0.25635617123065413,0.42804174518947324,0.6036232833279129,0.45308317611467636,0.08667623858326982
9,8828308015fffff,18.28821779712863,0.6561210449082868,0.43818311325438664,0.45405446981760056,0.5007516330569411,0.5989359458172532,0.03278651186682934
9,88283080e7fffff,18.54389990566246,0.7662408401003753,0.453563888585015,0.6187614242474464,0.49272957425930153,0.5218323715060182,-0.04587282775398379
9,8828309199fffff,18.05358367357984,0.6468171335354158,0.4493630244465433,0.45675928319851355,0.45635381100262473,0.5473485579968621,0.02030066574308341
9,8828308039fffff,17.680905883139605,0.6323238937050177,0.458392372864262,0.5016620882924158,0.5659828544578032,0.4147815893989589,-0.008376508777837154
9,8828308445fffff,17.859701982508707,0.6942242102409282,0.44925509130914554,0.36390814726773335,0.6192723953823026,0.5387881006779872,0.08912214713746933
9,882830824dfffff,18.61759053764163,0.6197719422105299,0.2594027073410494,0.5374233407149626,0.4354560368839996,0.5335038907338712,0.06388589029657958
9,8828309419fffff,18.514670170183596,0.6475981152683333,0.44377707240220615,0.5467573538422056,0.4720659856804723,0.5245279200991652,0.042141729561202435
9,882830803bfffff,18.11580480047392,0.6996270361311725,0.5433295979406723,0.44665045081291893,0.5765128845083554,0.5936003406068392,0.055212294107940346
9,8828308241fffff,18.60495002106505,0.6178189777011812,0.3406955178115293,0.5054752922655013,0.4472622172295568,0.5083940858401239,0.03727215559921555
9,8828309191fffff,18.611385926284942,0.5728137592415166,0.3652217974352208,0.582915475839455,0.42245936762278846,0.530353036883,0.09323299678374901
9,882830863dfffff,19.159722095750546,0.5780377589155213,0.514147738596837,0.40746666173891144,0.6472016796225538,0.527959349423246,0.0931108158859159
9,8828308035fffff,17.84089555772145,0.7049224870586532,0.45459550300373847,0.542076445368605,0.5904978098581829,0.49885693071375425,0.04650360526108414
9,88283081cbfffff,18.390361126167495,0.6471701396430883,0.40209896736332423,0.3840476885107009,0.5740607343462008,0.568281769301738,0.04056754963547635
9,8828308245fffff,18.96013188730085,0.7246953678527894,0.27458705533885736,0.46453493154591846,0.5734931730314461,0.4608013593519912,-0.030245467723690883
9,882830862bfffff,19.646836547087677,0.6423093615058831,0.47790112235337145,0.5169166950664894,0.5591796276382455,0.6139677549301323,0.009711762112359246
9,88283081dbfffff,18.699586424553058,0.6575417794184679,0.4951193676815068,0.49901189873285956,0.47951754661010687,0.5494498559413697,0.06717364659523722
9,8828308017fffff,18.822536232289224,0.6554028450396021,0.5035416244154822,0.4592211527788798,0.445342240874444,0.5613859014536559,0.026698251864415427
9,8828308625fffff,19.1701297372782,0.6973055073966398,0.48745604634686907,0.5925533875448056,0.565715823638072,0.6108349924906402,0.08756226960867312
9,88283081ddfffff,18.909027374399717,0.6422668376741961,0.40428110533279044,0.47267136599969994,0.5321206687882833,0.5024234674868552,0.11355641329565438
9,8828309455fffff,19.18302286768225,0.5885463952968876,0.42235323840836597,0.40788292748656846,0.5324883610429432,0.4920559856389416,0.0154794348005889
9,8828309401fffff,18.58991526080741,0.65229649209482,0.4035000164903233,0.6030372644696167,0.5556945017370015,0.5690467973367781,0.04267880635523805
9,88283080edfffff,18.626563605578312,0.6291266605984688,0.39523489159227815,0.4692361680156785,0.5305437898739119,0.5825884890578992,0.021289351490185373
9,8828309411fffff,18.02443446160288,0.7426429699898922,0.3262240942176591,0.4639962810101492,0.5331595930707086,0.5484488420060517,-0.009683237327629726
9,8828308031fffff,17.9234188951658,0.7061582262590173,0.5346606996088318,0.4449922427272771,0.526953356223337,0.5289732791781325,0.052972545914566425
9,882830940dfffff,18.9053379869625,0.7591672867238428,0.450213607378756,0.5039712093408114,0.5519802641171901,0.5887380522035662,0.044207988117789504
9,88283080e9fffff,18.880222782346742,0.5593351569089346,0.6009849160238805,0.487710788740256,0.587949447250822,0.6198380629872321,0.04806665214006751
9,88283090adfffff,17.996504933251146,0.53529304487165,0.5060188207127807,0.43947581654269907,0.6401764261121933,0.5471828604932762,0.12270763297749374
9,882830871bfffff,18.65549967434282,0.6284208231361705,0.43048298802657375,0.4940897966790744,0.4934304585091556,0.5436696668533519,-0.0060799300436748804
9,88283090a5fffff,18.23403971918858,0.6174141036160518,0.42977440810774353,0.4478466349942482,0.5632079502320044,0.54245522701819,0.2071602947377913
9,88283090a7fffff,18.445239293317567,0.6673547299047695,0.4337710295636057,0.5067031818321847,0.6007202312963636,0.525536709446898,0.09355765021076917
9,8828308449fffff,18.577092398549624,0.5971194903084448,0.47659098325081345,0.5577755320966382,0.4022563443531051,0.5449896492108695,-0.00015463065724843905
9,882830941dfffff,18.21647165980995,0.683100187287425,0.4066757482170811,0.5356190965970898,0.589101403298044,0.48553800851521206,0.03375275375371962
9,882830919bfffff,18.551315770189444,0.731720987033088,0.3249834575569918,0.4890545870142426,0.5153440426221744,0.5362033146040863,-0.07414565437884088
9,8828309409fffff,19.11574925884948,0.6271315166030424,0.4589837387257838,0.41240776763935993,0.5503980558016839,0.5601990920286651,-0.05926372769026029
9,8828309197fffff,19.17321846750286,0.6664179123751203,0.3948406042852012,0.4963979883509904,0.5255543804940446,0.5921925828469008,0.055154655257661084
9,8828308719fffff,18.860989756158595,0.6027433251883353,0.3876888903386092,0.5082828770829559,0.4639566038126728,0.6149293037090842,0.09129017104712303
9,8828309405fffff,18.497667359041305,0.6358799320325267,0.40596530399740133,0.5821982743224862,0.6518837292845872,0.5939203120956558,0.10940484878476298
9,882830862dfffff,19.571310131547257,0.6747727668984194,0.39008171984917767,0.49228323658793105,0.4837065609809245,0.5070401453138066,0.0483558108114498
9,88283081d9fffff,18.512403698018787,0.6502987233112317,0.376852317044404,0.46774410142961886,0.5211515791049957,0.6127345968294868,0.046385585300794514
9,8828309439fffff,17.574832649824252,0.6910800444229065,0.29777956430601477,0.46692091260135526,0.5717513460543089,0.5782592466743613,-0.03872997380393281
9,88283080e5fffff,18.54457106409997,0.6922432484879569,0.4797845626544935,0.5214439299092786,0.5555620993752809,0.5162145301063726,0.00785033437012728
9,882830919dfffff,18.27086524020145,0.6940414250140129,0.3006894519712173,0.5275202137119559,0.5828889611105837,0.46607912627931103,0.12375660664072285
9,8828308441fffff,17.91299178676401,0.6137630744351507,0.47928930292096,0.4985237349539851,0.5829434374432878,0.617312069845978,0.06323899569068331
9,8828308711fffff,18.594883019682594,0.7213624517864987,0.4492449842453185,0.47061041132858455,0.5818835503976634,0.617341753294949,-0.07481977522840028
9,882830945dfffff,19.665544844395125,0.6856355505039331,0.5121047544812346,0.4547107449515445,0.5481076679512541,0.6780579012046157,0.01848899401017024
9,8828309453fffff,18.776573253433835,0.6840985909929433,0.4447631696101768,0.5432037403185607,0.5293580170200445,0.5210687666225479,0.07290414124652816
9,8828309415fffff,17.70194847603189,0.6568526884701745,0.27210532072531357,0.42068845540047933,0.6234637583882114,0.5171565956144627,0.09905700539783555
9,8828308623fffff,19.101367351363212,0.631093796812352,0.4901944357118559,0.4714456283418187,0.5697997524956251,0.5876041984328766,0.11819923467375743
9,8828309443fffff,19.54580289859597,0.5923002841799829,0.38724985682724244,0.4044520189933984,0.48652397807186126,0.5089499819067339,-0.03349750914510741
9,8828308713fffff,18.350774690820256,0.5796617576453283,0.4523496947780046,0.527965903744528,0.5519165397084911,0.5416665291857371,0.07729680342854377
9,8828309451fffff,19.231904863936464,0.6454131181271292,0.4292168479781149,0.5160967451983259,0.4777965434688368,0.5835544894949807,0.018642621947857707
9,882830844bfffff,18.252215643412654,0.6476478410268016,0.48299012215895154,0.5061336329913094,0.4593579893734677,0.5179797409814403,0.14657487537487393
10,8828308629fffff,20.136020492976968,0.5818569772281668,0.5944039620950782,0.4029965668036033,0.5170670514518751,0.47533421635297574,0.037665598880380555
10,88283080e1fffff,20.10110978746284,0.6779841791085048,0.5938267876537824,0.3755572684410514,0.6007036295905319,0.541098021193316,-0.083356709064757
10,88283090a1fffff,19.949969620217953,0.7150628047690192,0.42641221599231727,0.4290928337339354,0.5140778356536644,0.5539344032240221,0.008163339787628213
10,8828308249fffff,19.964278265062255,0.7382987888590264,0.3107125213961535,0.46352228540235113,0.4497073838061473,0.4708800584402221,0.05802521282779428
10,882830844dfffff,19.955343751206012,0.6008894691777537,0.3837281229315815,0.34559330071266553,0.5351232787240335,0.5178692732772764,-0.06615312339193159
10,882830803dfffff,19.913271795212285,0.735257750000666,0.43556824527522503,0.4142637217510243,0.5675276209008284,0.4857589480733267,-0.0017396013520519396
10,88283081d1fffff,19.99634536947455,0.6427770439961394,0.3915282866891823,0.36648301891730567,0.5236880412915401,0.4895008844740022,-0.04216484496202787
10,8828308037fffff,19.921854471523453,0.6055842457778788,0.4271793552387394,0.26690003745241414,0.4726053908804324,0.5492346736406959,-0.10673970642476945
10,8828309195fffff,20.006473184715304,0.604530417319928,0.34852544756894344,0.43838844495140583,0.49375572924121147,0.46030092498838054,-0.03587924588095272
10,8828309457fffff,20.002943555000023,0.713065365101207,0.3707915706115513,0.5140744071432739,0.4645155155205691,0.5421235247626952,0.00756242914039607
10,8828308033fffff,20.05165212160264,0.749005341375437,0.4970594223095917,0.32569499553947995,0.42457753364029927,0.5227320033984004,0.045947228401022014
10,8828308627fffff,19.928290321560603,0.7197916489524788,0.49938248676739067,0.27290653654330693,0.5141794221075231,0.4437409485669016,0.009431936250369307
10,8828308635fffff,20.00929535831186,0.6999159928887644,0.46417114611943966,0.32711443239349763,0.5206951543677234,0.4772173879598324,0.03995607171251074
10,88283091d7fffff,20.054712121515852,0.6539780307737415,0.45144030506232957,0.41646082047591576,0.49476309662720475,0.483054290734868,-0.028277231162755857
10,88283091d3fffff,20.062890595318496,0.7149313096369069,0.40107991810836924,0.30385443092107506,0.44005282214223285,0.5765647450620232,0.07797096922712728
10,88283090a3fffff,20.01082943020489,0.7001072940026054,0.3678410095885524,0.5294686581087976,0.540590401775258,0.5694134090528382,-0.050818766064774104
10,8828309193fffff,19.946466468892663,0.7113485232119483,0.442357252377024,0.5057280254478653,0.440992295532189,0.40519540369674684,-0.015748391533373433
10,8828308269fffff,20.094357552072253,0.7451419516038804,0.3231591540695441,0.4388950892965373,0.44193124423129304,0.470859421107649,-0.01054280503086088
10,8828308753fffff,19.90740240716779,0.6763229627395919,0.5027904923028317,0.30778650702129323,0.5521052053121357,0.5542051799113304,0.06502578058175844
10,8828309407fffff,19.998923305840634,0.7187790617345566,0.2468382069464368,0.44331089511275157,0.5093125055429263,0.5477134477394712,0.003041351170935755
10,8828309447fffff,19.954651091892487,0.6176851668738629,0.49779411740882096,0.49679152915200464,0.4495793327956661,0.6064100773818614,0.02282315248901071
10,8828308621fffff,20.123718251254463,0.6976796151896082,0.4673878986337049,0.30831521428975145,0.5825279188494902,0.5333834088290401,-0.001733386451787575
10,882830940bfffff,19.984522885449433,0.6895025620433144,0.43203501781961995,0.404423853016545,0.46569627174597283,0.4830636954284414,-0.009376582420015577
10,8828309403fffff,19.938705317338655,0.7577142364330325,0.29428383650252377,0.4970799123927724,0.562662550888408,0.46146208676399997,-0.03911415699591535
10,8828308015fffff,19.993674651031245,0.5877463792252826,0.5160941208626713,0.40808483859073386,0.49854121510322796,0.41300380480665655,0.0074839986001458535
10,88283080e7fffff,19.925071063397507,0.7587076500719249,0.4161061749781827,0.320257639795293,0.5460453682900496,0.4162965820942319,0.03429511241527761
10,8828309199fffff,19.938901536176868,0.6869515375638432,0.31756631912727473,0.39489365103360247,0.48699744771711456,0.47572426163477155,0.023607415037794767
10,8828308039fffff,19.947472768581804,0.7291536340922166,0.4242057933226906,0.3204753698139826,0.49279547209652846,0.519295934619301,-0.055754771954186266
10,8828308445fffff,20.00225020673348,0.575835273418764,0.4543701195987473,0.33687323385184953,0.41808960694538116,0.4707657858124607,-0.008019274143949897
10,882830824dfffff,19.97025668680241,0.8115256883945459,0.37201454461906064,0.4867323292855237,0.4956073323175576,0.4852621391203153,-0.007991406038487225
10,8828309419fffff,20.007116225500685,0.6987323718610733,0.364172634210155,0.5040940867823569,0.5052860255837778,0.47154236933539173,-0.03108461115411931
10,882830803bfffff,20.021260753585846,0.75020773018124,0.4570597116283788,0.3354352957320208,0.46693508888961655,0.46136879562092836,0.07715546226748604
10,8828308241fffff,20.091052641240925,0.6403949395264827,0.295692171178111,0.37927149964109286,0.48019410765266246,0.49793486714104285,-0.01024779146363076
10,8828309191fffff,20.006312930460673,0.7626337430139937,0.38194656206804767,0.41335624929492415,0.5610074699760068,0.4999239422948104,0.09019452058843122
10,882830863dfffff,19.99295592369523,0.6831852850274769,0.4284280317731312,0.34486883523077083,0.4843856318848971,0.5191187780917802,-0.03302583505036445
10,8828308035fffff,19.953714063204657,0.7300428498753394,0.39908995220075805,0.35019053001012435,0.4999619217870253,0.47917730620996773,-0.007050603880548059
10,88283081cbfffff,20.039551552677953,0.7063660100779348,0.40613757315157367,0.2848367543632584,0.49991866414854735,0.46691654688777284,-0.0030106332035724492
10,8828308245fffff,19.961667646342345,0.68012542626822,0.23210791555187166,0.43222803242949764,0.49616194982420836,0.42180645443882037,-0.05984133084311057
10,882830862bfffff,20.100761035598612,0.6071147273142989,0.47594882980581765,0.4005327669189536,0.507927349376658,0.520027965181737,-0.005636368707515631
10,88283081dbfffff,19.95696321920661,0.7341643367600632,0.4714298965661346,0.3123691947010529,0.552028294422099,0.4695550065925353,-0.0006171208723698216
10,8828308017fffff,19.927686495844316,0.7580398969546635,0.5601055362948312,0.26390793982300204,0.5854087710930043,0.4844243974204346,-0.09138491956893226
10,8828308625fffff,20.036950123407806,0.5886111047112543,0.4476961966658813,0.3753949964598324,0.5394440497565688,0.5395528891311936,0.017512082306034207
10,88283081ddfffff,20.09425048618284,0.5606799879074067,0.3963317354625314,0.39923709016084385,0.4218371911677796,0.44494434534474747,-0.052891696890521
10,8828309455fffff,19.95043522965814,0.6769057317671235,0.4205882641938224,0.418688791680545,0.5098163554721824,0.5812106622419806,0.0780187212885612
10,8828309401fffff,19.996156868766036,0.7915423762153573,0.3226991801399992,0.40638564120450404,0.4888959885067321,0.5090130999523691,-0.05039315560852576
10,88283080edfffff,20.09981827152798,0.7334801373391848,0.4576577422977662,0.3023866622246662,0.5611285064538559,0.4748087814717019,0.010910797396956091
10,8828309411fffff,20.001866460224498,0.7329680676586569,0.33186885487325607,0.41761086948580683,0.5173489345912988,0.528152124067524,-0.010475359388416431
10,8828308031fffff,20.08197670454864,0.7326542749450643,0.46294600828192467,0.3170746783257613,0.5827096955303079,0.5079248349049971,-0.009835899493176533
10,882830940dfffff,19.90924195906605,0.7012054231592612,0.3201664946031116,0.38903817515581113,0.4613282899050087,0.45383415399195803,-0.008825336129929596
10,88283080e9fffff,20.145428343187287,0.6351166194871316,0.4409451925193927,0.33884377378916486,0.47800519005533015,0.637404446703105,-0.04213834116184868
10,88283090adfffff,20.057752372158944,0.6346163704645034,0.3822008442549113,0.42570708431392656,0.5322071496343014,0.45761486076566804,-0.009356610296397092
10,882830871bfffff,20.017277767818406,0.6430119676562671,0.5463569291805805,0.3354656590101624,0.49746148159649106,0.5276580618543256,-0.027424949876551613
10,88283090a5fffff,19.960545252551746,0.6904857368404095,0.5261665286491345,0.424821147723354,0.5676454615455153,0.4473900516717973,0.06432707529931143
10,88283090a7fffff,20.042041957783088,0.7900977565287799,0.4519221517438429,0.2746492809845946,0.5322933513043783,0.42386329567883013,-0.060093807189788954
10,8828308449fffff,19.99495383822247,0.6229387117409101,0.4735200713127464,0.29374285921275456,0.547035864623854,0.5438151684457141,-0.021460234696525672
10,882830941dfffff,20.022863318235796,0.6575350089564528,0.35235405179657214,0.4264912051146547,0.5282867164888193,0.5010561473942874,0.057208094994017314
10,882830919bfffff,20.061371310560812,0.6799882956653326,0.37415593797902363,0.5132963685061058,0.5570422681586047,0.41828694377669784,-0.021273259153655497
10,8828309409fffff,19.980382970972432,0.6573813637312094,0.42040867550910777,0.3406679322698474,0.5327267025387682,0.43250215896194116,-0.022490386710098963
10,8828309197fffff,19.98240398153526,0.774258026724949,0.3655595685393712,0.4680965250112812,0.6011245533918996,0.3758291531443096,-0.05100099690593224
10,8828308719fffff,20.0331775107323,0.722310227365476,0.46026921169577456,0.33988004523627396,0.5838609252411952,0.5241280905759327,-0.09007248330281867
10,8828309405fffff,19.94648983506795,0.6604440240258489,0.39791035513462614,0.38260429361839693,0.539280312312494,0.5197799874150215,0.039569123384108534
10,882830862dfffff,20.05006563721476,0.6978147946027256,0.5670794584811674,0.38844899278642053,0.5925938586493968,0.5180068260249633,0.03672413361931858
10,88283081d9fffff,20.029176831063598,0.6683227909355224,0.5196849682979467,0.3014370386588088,0.4732291077059318,0.5051730469885565,-0.014808547282736218
10,8828309439fffff,20.014066822513364,0.7285744836711514,0.34079572330541574,0.47295156354398754,0.5500760922072773,0.45097958888938205,0.019028304136398274
10,88283080e5fffff,19.992398154147732,0.692698193609882,0.4875226637791643,0.4267959794218623,0.5413545982496542,0.4527950272398021,0.010287576943516386
10,882830919dfffff,20.03448482095715,0.7200212851598068,0.41392766826146854,0.3282421873555176,0.4631998794721937,0.45394954788381797,0.04712118265748717
10,8828308441fffff,20.02123446812646,0.5575616821112274,0.5505379360221312,0.30328629850191835,0.5521191025051242,0.4795963323016059,0.036384872916460885
10,8828308711fffff,19.95634894096439,0.6687158457352375,0.3750307719213502,0.354647033531059,0.45469139695173305,0.5538845844465452,-0.0959902729220941
10,882830945dfffff,20.01137397298772,0.5509270613707451,0.5580238082433889,0.2984396888729188,0.3846283438393711,0.47638510928379973,0.014024993271269427
10,8828309453fffff,20.042524435123333,0.7406025679164305,0.45426773496497913,0.3639040985065071,0.6040421274119689,0.42872572280749793,0.015989132790763326
10,8828309415fffff,19.965590959655568,0.6725515123444078,0.3348478092537692,0.3954584258305386,0.5151420393729743,0.5676597751893583,0.07174015178566678
10,8828308623fffff,19.945829087650353,0.7011813201024989,0.5512371490501885,0.3216563836111158,0.5448917983284058,0.4357338156677462,0.041420396624188
10,8828309443fffff,19.989931243762097,0.5865288540378034,0.5072171509984426,0.45895426525634303,0.5054488607988374,0.5235267803037836,-0.029660092121152132
10,8828308713fffff,20.0620856591998,0.6071200118235379,0.421882387165393,0.34451178965975776,0.5057866146169698,0.45030420250481135,0.08347479806989465
10,8828309451fffff,19.98551111208663,0.6817299908395208,0.41811323238312254,0.42908705316006074,0.5423376347939791,0.6402889914961487,0.03335280847705971
10,882830844bfffff,19.914009020258113,0.6276349582893709,0.45397894285112045,0.40645454854870056,0.4915145231750848,0.5231441308241024,-0.03506657908553841
11,8828308629fffff,20.066616837592395,0.6371364522123562,0.5539349552469562,0.5294988458753876,0.5112950657357717,0.3928247700418373,-0.06910597956371935
11,88283080e1fffff,21.42404335558599,0.6989679556262309,0.4716209730267181,0.32536240661689575,0.43498070384357873,0.42971101839108633,-0.012181485917350066
11,88283090a1fffff,21.54506151711023,0.6108119174257703,0.43336875415331433,0.28312487341214826,0.5696426177074977,0.44934862650886653,-0.07849053754549243
11,8828308249fffff,21.461172970467818,0.6978158138368221,0.357907592477744,0.44060561877992815,0.4627335193320995,0.39556229865252435,-0.09801880726381021
11,882830844dfffff,21.637635598898573,0.5708095029670778,0.42917817862506963,0.27132274999877454,0.45484569067471514,0.39593226255170083,-0.07518537428047402
11,882830803dfffff,22.53660411564997,0.7408286541475017,0.45200334583191687,0.41042885773832993,0.5764326002186156,0.45048963166558453,-0.07388230864426927
11,88283081d1fffff,20.845936385990814,0.6811901640996312,0.48950362370215417,0.3421752204547969,0.5669519466605257,0.3593711269938562,-0.015948455165226604
11,8828308037fffff,21.740556696178423,0.63349361360455,0.45304089350714727,0.39171728585339616,0.4961349782457693,0.6456340889512049,-0.008729927569439227
11,8828309195fffff,21.025832580010125,0.6900035446998345,0.43301498564454366,0.394208077919813,0.5008765265871317,0.44519059302057407,-0.04879758823520185
11,8828309457fffff,21.22826367721047,0.6635053717199639,0.4167009952240365,0.4723405520876932,0.5304161954315483,0.4620563769847182,0.002612348909280429
11,8828308033fffff,21.64549335691395,0.706481092272386,0.4871933794797699,0.2707029137010098,0.5531238592756546,0.38758582429576527,-0.02214572370496834
11,8828308627fffff,21.09644659960982,0.6533888162358505,0.431429992771246,0.3748179001175198,0.49303514676569105,0.46654936807695974,-0.13177289423610167
11,8828308635fffff,21.27933580709129,0.5409788238924655,0.43400173921771373,0.264431596194213,0.4847579800737656,0.4641419769814978,-0.070862457684102
11,88283091d7fffff,22.333307742836798,0.6626058904189278,0.42471806286021896,0.38491636190334433,0.4734433858236948,0.42405458053981776,0.0077172964387526785
11,88283091d3fffff,22.354554380230233,0.5827075388627363,0.4093510125149943,0.3936105100976066,0.48709650462150833,0.48026993784266653,-0.07229249448617128
11,88283090a3fffff,21.354380672063247,0.6235944581084093,0.4333099537875706,0.3794561544689105,0.5001708944035707,0.4046336456308881,-0.08086527721857786
11,8828309193fffff,21.034370725919075,0.6989565250405396,0.4023115221578625,0.44709749818950567,0.44379978287913024,0.6120781422484978,-0.04028127947078422
11,8828308269fffff,20.627570814943926,0.6944706689062579,0.36321793607622804,0.5472537689563797,0.4855423244764842,0.47828878242274486,-0.09346868597192848
11,8828308753fffff,20.848992255878574,0.7133499910021549,0.4617626651697073,0.3216929554993906,0.5754844004140655,0.4122940369942289,-0.13055359943392603
11,8828309407fffff,21.9826336833452,0.7113654418797697,0.39209724493231213,0.38425305462765225,0.5193349684413237,0.45467941128751693,-0.09099193074098315
11,8828309447fffff,20.730812414266346,0.6331126201905065,0.4616600289698259,0.37578240498962273,0.5084612864643416,0.3643804122879347,-0.02544960732208682
11,8828308621fffff,20.46461400971988,0.6532688137705757,0.3998997380009687,0.3787129864698091,0.4618676841418424,0.4046023003246661,-0.0473242548184547
11,882830940bfffff,21.318861501751655,0.6797176827129305,0.4442168554140359,0.2939390781732776,0.5159553797796677,0.35988782759354127,-0.07165292753097874
11,8828309403fffff,21.8918192270695,0.6398767380967155,0.4294453534455398,0.2674960583714898,0.4560626321221139,0.39683763738308875,-0.03158650269049111
11,8828308015fffff,21.751941701616328,0.6620731866291723,0.44965738942849665,0.31944649678095455,0.48821989974808505,0.46451934117675714,-0.04178819772842641
11,88283080e7fffff,21.50579039270104,0.7008077694978347,0.40955168992185276,0.4006395321924422,0.4721637959731324,0.43991306345372905,0.004545097727111681
11,8828309199fffff,21.871686839382164,0.7408178687315456,0.3953027875792318,0.4188216688068872,0.5347641538342363,0.4659590042803161,-0.06967204348213643
11,8828308039fffff,22.306828506952293,0.6735748088144063,0.4682628084620604,0.42337256812621843,0.500847301092628,0.4845855391061816,-0.024125698525503697
11,8828308445fffff,21.985760232713883,0.6119610956880667,0.4716729027695825,0.355597305561516,0.5457964117161735,0.4247873018138937,-0.09933002081944006
11,882830824dfffff,21.290701373302337,0.6468104458351931,0.32691583487807263,0.4229197592457049,0.5354601204198574,0.4730933012674117,-0.034292953478312856
11,8828309419fffff,21.47000587302574,0.5880939855034948,0.37672736103133,0.48505495368801643,0.44438430899449494,0.4235565776259165,-0.10406140752267656
11,882830803bfffff,21.789277398624918,0.6107212724873567,0.4957204969887856,0.4073090231428257,0.4430685872273222,0.39115895556729435,-0.07672149976833974
11,8828308241fffff,21.497992232094727,0.6349139560549332,0.36797495491813276,0.4148443187351401,0.4960384253324716,0.5205176622942893,-0.09664089336094972
11,8828309191fffff,21.35141917135587,0.7136825619253282,0.4250866833717431,0.5408124502356664,0.5265502092618504,0.4917111523359593,-0.048955140110832934
11,882830863dfffff,20.8594457030714,0.5811767745396649,0.48954694812520677,0.4767742204705282,0.5345383587695579,0.37806662821995873,-0.07787215618428882
11,8828308035fffff,22.169994604045222,0.664841608151822,0.5034462212537555,0.372856633415513,0.43785592518102523,0.4872692889106934,-0.02126125363071124
11,88283081cbfffff,21.600509767051904,0.7176427041182323,0.32032478696960126,0.3666880054161475,0.525559335280505,0.4390389583353131,-0.041221620258723515
11,8828308245fffff,21.029666769839615,0.6025083879371225,0.4153223204356174,0.5421315369068471,0.4884307994936057,0.43872230312804106,-0.08080403562950064
11,882830862bfffff,20.430346057311166,0.5894180505825541,0.5729617824013489,0.48655141099517607,0.5453171723853519,0.34429025800284335,-0.07891885195917496
11,88283081dbfffff,21.229791669875933,0.7930787392649291,0.5064960125803855,0.36315996427821906,0.4531499524762801,0.4587522865425289,-0.020163802513033655
11,8828308017fffff,21.33258283214444,0.6361411677155606,0.4986495246473947,0.38497575039532445,0.5205043507314275,0.4201324791683728,-0.03625788180236561
11,8828308625fffff,20.820585833829444,0.6915306855326782,0.410864151140666,0.4038641505220716,0.6200434671658597,0.3764408579376584,-0.09139492345415003
11,88283081ddfffff,21.225853584140893,0.6327399492753634,0.4509878684244294,0.38617804821975976,0.5912187810888068,0.4058962783872324,-0.05672086592456549
11,8828309455fffff,20.774586213976807,0.5373479893181827,0.6172208398021471,0.41172999851275804,0.5307572661836101,0.4433705078628139,-0.02324570434890206
11,8828309401fffff,21.451111267472413,0.6174601057348246,0.5149873340762986,0.36989270614893294,0.4327995536495667,0.5079162723196442,-0.06461063526494362
11,88283080edfffff,21.494132036561673,0.737630473413062,0.50049394054432,0.37859985937900764,0.5209042394101184,0.36265036670349227,-0.0627952589647044
11,8828309411fffff,21.925871466139785,0.8062833860227793,0.2815147085937242,0.4659132093803665,0.45591327789768793,0.48034654459898074,-0.056984051741530026
11,8828308031fffff,22.141191800251118,0.6893335584876537,0.4132857020961782,0.40218493559308244,0.47726837304525965,0.5146963385025535,-0.03161422039553928
11,882830940dfffff,21.213372627485924,0.6917478557145448,0.40505130215982127,0.46191091891765057,0.5118627623117603,0.4243764525946886,-0.08039255504918419
11,88283080e9fffff,21.171368260887515,0.6410672561187991,0.4351750962328365,0.4148013827411827,0.4817380215399507,0.381615046401121,-0.03406924582508708
11,88283090adfffff,21.889913565198878,0.7066965697312398,0.4054196871277955,0.39083749198265183,0.6081606250127312,0.4613542153461932,-0.05745439693132788
11,882830871bfffff,21.267723919236783,0.6725029673769215,0.4436146144625079,0.4414989818444988,0.3684361810149136,0.45951828916716825,-0.02088137450770418
11,88283090a5fffff,21.753784896478393,0.681007538315923,0.3876310515497701,0.3226057263914662,0.5549999525746707,0.4972114999630114,-0.12320561914173526
11,88283090a7fffff,21.520468319955683,0.682946843550374,0.4352328131138669,0.39947402579305774,0.5842726183812563,0.41781147984979616,-0.1255277162155929
11,8828308449fffff,21.468795475921453,0.6471628191896753,0.45462180031415816,0.4497001932089492,0.5251318687259098,0.5121896269507283,-0.08685851555567974
11,882830941dfffff,21.66011965903528,0.6860946731016908,0.4396384195393727,0.43015146924557957,0.49084546564531306,0.39552004521873474,-0.03670409235520312
11,882830919bfffff,21.53957465564346,0.6463789715679369,0.4556251189139373,0.4295704586585338,0.5098472942612093,0.4873627614019806,-0.06109139407551709
11,8828309409fffff,20.925215224016462,0.6922277158001544,0.4495325873092083,0.3913200943727729,0.5211083909722067,0.4699687078653636,-0.08539837675614947
11,8828309197fffff,20.823315767199396,0.6063211546748113,0.3880677575189803,0.4225824750002884,0.41243075608422136,0.41146182785017854,-0.00941311336872195
11,8828308719fffff,21.261538299169636,0.8020817106299132,0.44767945594756237,0.4109400565585376,0.44039948358329967,0.4073886291013407,-0.04335420658580066
11,8828309405fffff,21.599287106440666,0.6440188179531685,0.4623976614256101,0.3821094955354306,0.5325913664343289,0.37977769255908866,-0.06202809325054374
11,882830862dfffff,20.44514409607539,0.6911291838244125,0.42749269287034,0.3231489310381279,0.5764490452684633,0.4002856806406466,-0.03534250131197937
11,88283081d9fffff,21.348723536282712,0.6624690827282543,0.40939804054753254,0.30735555935754677,0.5000563044484868,0.5207101247559306,-0.07457321830111652
11,8828309439fffff,22.414757634605756,0.6362896104764973,0.42534405232136796,0.5026733403486761,0.5508997126557337,0.5192418177099866,-0.07215687784986355
11,88283080e5fffff,21.52733772578058,0.7383186391983885,0.5303101449627418,0.3690053091838671,0.420190676137089,0.4426715181322311,0.05988572184840596
11,882830919dfffff,21.80555119632129,0.6126933578875365,0.4506313895758166,0.3237482247719795,0.4662134863290121,0.4839905442936519,-0.07323487397639858
11,8828308441fffff,21.979811613171773,0.6235318362570098,0.45338888250759446,0.2845139935773985,0.5359024623627847,0.40449899225278735,-0.09583596778413445
11,8828308711fffff,21.460376060865197,0.5894738672769524,0.500223708560733,0.40394984722340144,0.5680324785979702,0.3725472302016439,-0.016400389935690644
11,882830945dfffff,20.362984956779435,0.5099089140912286,0.4073332052551422,0.33071255136197053,0.5375762989573394,0.3588451221346848,0.05526370512882916
11,8828309453fffff,21.243578801508157,0.685352352328708,0.4030226340618669,0.37269452641049944,0.5382829418425379,0.5026796932498326,-0.0749504295821703
11,8828309415fffff,22.22175037794962,0.6599594759538375,0.4982991244921918,0.4080875825736717,0.5353184541739526,0.4724398496844911,-0.019659967165187107
11,8828308623fffff,21.04178535888034,0.7246020642184249,0.5379042555725996,0.41426248548495165,0.5985811964850906,0.3996123765705766,-0.11851507508439613
11,8828309443fffff,20.432631837189874,0.5615949892601375,0.4972042091566416,0.3995525608553467,0.4022523679224694,0.35234886633608486,-0.03864044060354192
11,8828308713fffff,21.632216117537496,0.6717508109118424,0.5024549619695103,0.3418449054732918,0.47902006750719395,0.4657480182254374,0.02549234537718345
11,8828309451fffff,20.7940383708045,0.7166192511364686,0.45249116115175264,0.42057136510373777,0.4756791245741483,0.5165881967160056,0.026687470888606128
11,882830844bfffff,21.770901594172337,0.584867919945737,0.4049316121144919,0.37239697773208164,0.4581911729968737,0.45768325959270917,-0.19648592474420118
