{"type":"FeatureCollection","features":[{"type":"Feature","id":180785,"geometry":{"type":"LineString","coordinates":[[-124.20566859110589,41.98308512986867],[-124.2056461754446,41.98295319387725],[-124.20566564014018,41.982914295675087],[-124.20564650692293,41.982850166208863],[-124.20566185284294,41.982802844835554],[-124.20564407698009,41.982785079111807],[-124.20552739031628,41.982476189777039],[-124.20550516869106,41.981936470054308],[-124.20537121910243,41.98144865978194],[-124.20536099088461,41.980824968819299],[-124.2053750081963,41.980775635923116],[-124.20537185690628,41.980576235835031],[-124.20541904361153,41.980267059989494],[-124.2054402708017,41.980021397318147],[-124.20550530164174,41.97958494233238],[-124.2055257158566,41.979398808260441],[-124.20552887523144,41.979264073244074],[-124.20555878733377,41.979133127691981],[-124.20555957066469,41.978966180838022],[-124.20558624703537,41.978848248097506],[-124.20557644821226,41.978796345308204],[-124.20562160382661,41.97858077819123],[-124.20563817325205,41.978551476991449],[-124.20564125267686,41.978509012031701],[-124.2056297533429,41.978457995810061],[-124.20564562477733,41.978414967160724],[-124.20568167057642,41.978159682253583],[-124.20568927930688,41.977929897982705],[-124.20566104256257,41.977841083886325],[-124.20569050730386,41.977801807919121],[-124.20569223656079,41.977760887107728],[-124.20570822118296,41.977725750189883],[-124.20567834231831,41.97765704699156],[-124.20570332266973,41.977622746786231],[-124.20569854003915,41.977573826789239],[-124.20571570325096,41.977532103786729],[-124.20570383021786,41.977481339216382],[-124.20570481117815,41.977429721805699],[-124.20568286623404,41.977378378157539],[-124.2056537805818,41.977339485231397],[-124.20559676181577,41.977005798054947],[-124.20559552393729,41.976873361957715],[-124.20562262700776,41.976536271109048],[-124.20562684369968,41.976326949870682],[-124.20566321828217,41.976059462028658],[-124.20568847890796,41.976001979917868],[-124.20567236133513,41.975914552221226],[-124.20574174990261,41.975748825073929],[-124.20576755760241,41.975557908778399],[-124.20579168455433,41.975522977006143],[-124.20580247332089,41.975479074180519],[-124.20583223540457,41.975425117720633],[-124.20584514778845,41.975339959877957],[-124.20589645686255,41.975168284799054],[-124.20606148456677,41.974740230076968],[-124.20607117020214,41.974695827164645],[-124.20609792831951,41.974656845112634],[-124.20608444281048,41.974610369152394],[-124.2061145130163,41.97458745473044],[-124.20605755713233,41.974515899117087],[-124.20604725794759,41.974459645118024],[-124.20607936193923,41.974325663001622],[-124.20607257516725,41.974208378830774],[-124.20608583160589,41.974157743845176],[-124.20607566896511,41.974096857990013],[-124.20608283392781,41.973941750297968],[-124.20616230967762,41.973478302300087],[-124.20615382508976,41.973306896692897],[-124.20604837455349,41.973073549239828],[-124.20600939036513,41.972911419153768],[-124.2058975483156,41.972674996737439],[-124.20597198721164,41.972202360319024],[-124.20606625192596,41.97168225183821],[-124.20620520962233,41.971159784162687],[-124.20630466480239,41.97075706477267],[-124.20637521129827,41.970375563011153],[-124.20633488143359,41.970053202203196],[-124.20627065009413,41.969596171120358],[-124.2061869711271,41.969089981154568],[-124.20615325196459,41.968659829764768],[-124.2060783728941,41.968212134774667],[-124.20612330842123,41.967774993724618],[-124.20610125478102,41.967310850302383],[-124.20607353187305,41.966952595739365],[-124.20605618181163,41.966920445831974],[-124.20604763524003,41.966692596741147],[-124.20607010659684,41.966600621030764],[-124.20606148816,41.966545033981795],[-124.20607562764258,41.966488163123195],[-124.20607995392898,41.966397543017102],[-124.20610359129907,41.966353046122016],[-124.2061006600963,41.966253092806745],[-124.2062472157433,41.965763310211081],[-124.20629706325843,41.965694023689679],[-124.20634259077535,41.965595461993644],[-124.20634319713815,41.965518697702066],[-124.20638225229345,41.96538268493925],[-124.20636584366649,41.965308610194512],[-124.20634161879823,41.965254174887392],[-124.20634376038184,41.965166347034568],[-124.20637921688611,41.965009434849868],[-124.20643362784287,41.96460476290229],[-124.20650236243685,41.964342524697727],[-124.20650292478221,41.964155708182425],[-124.20652457328224,41.964069962167528],[-124.20652796801572,41.9640565088811],[-124.20653114535685,41.964043929277572],[-124.20653843338877,41.963965823196361],[-124.20651952924192,41.9637030967558],[-124.20651768589896,41.963509837217664],[-124.20666703710314,41.962248994846405],[-124.20680474973452,41.961587461103925],[-124.2068042323049,41.961515027854333],[-124.20682580085489,41.961430995669573],[-124.20681305825259,41.961351863702312],[-124.20682832062926,41.961301786951495],[-124.2068066451798,41.961207973179448],[-124.20683147191927,41.961110813994488],[-124.20681044864669,41.961007330826241],[-124.20683604703902,41.960919111690004],[-124.20683416057693,41.96079478827739],[-124.20688544539651,41.960619011273742],[-124.20699791267344,41.960339159693824],[-124.20707374395816,41.960197282895358],[-124.20718954667973,41.959990457043155],[-124.20734445126899,41.959716338825963],[-124.20738971468121,41.959507250222643],[-124.20734798344471,41.959459111904437],[-124.20733951233157,41.959406972873758],[-124.20735017802895,41.959229835321821],[-124.20736574673113,41.95914556030899],[-124.20748645694914,41.958755821912035],[-124.20757373726212,41.958538766104844],[-124.20760270523509,41.958490122704696],[-124.20767565292775,41.958437509927144],[-124.20770799587123,41.958398129141131],[-124.20772597116007,41.95833986487898],[-124.20772225033816,41.958236679154091],[-124.20779079089604,41.958174806784797],[-124.20779370682745,41.958116116123215],[-124.20782802157298,41.958077049775113],[-124.20782882826009,41.958038072917546],[-124.20785598972104,41.957945756048076],[-124.20785546330826,41.957891957753702],[-124.20787476001888,41.957815484790238],[-124.20786730579867,41.95771218131248],[-124.20789234364229,41.957672472079395],[-124.20791196464472,41.957568768891861],[-124.20796316232769,41.95748803621867],[-124.2079697739282,41.95741152870125],[-124.20799349484157,41.957368503202709],[-124.20797328184936,41.957321309861605],[-124.20804519198786,41.957291054292831],[-124.20806923359982,41.957237318240296],[-124.208166891251,41.957146737751025],[-124.20837754708342,41.956791740807923],[-124.20850116963958,41.956634596900962],[-124.20855812821847,41.956583843065211],[-124.20865459111032,41.956524649912701],[-124.20867508078361,41.956522275050865],[-124.20868830308629,41.956541161713474],[-124.20871005219763,41.956553084116756],[-124.20872252979692,41.956551124773085],[-124.2087285296447,41.956541408218044],[-124.20872602873494,41.956488694294457],[-124.20868136809229,41.956430935993332],[-124.208676289916,41.956370116699482],[-124.20862946074023,41.95625745101222],[-124.20862149537862,41.956199621689528],[-124.20863356244783,41.956147880146872],[-124.2086184932089,41.956132471175614],[-124.20854572428101,41.956099621048146],[-124.20850494705532,41.956054464955024],[-124.20847723402882,41.955987495326958],[-124.20846420306731,41.955891375670483],[-124.20847714779055,41.955555177856056],[-124.2084719905625,41.955243722091282],[-124.20848049581161,41.95508396029021],[-124.20849873969671,41.954982025896435],[-124.20852554003488,41.954918170263845],[-124.2085528048021,41.954893553244027],[-124.20862477333107,41.954864493671295],[-124.20864311513255,41.954849648225483],[-124.20863722218428,41.954837951973147],[-124.20859644495859,41.954817973208591],[-124.20858902397605,41.95480195999648],[-124.20859222916495,41.954755553057133],[-124.20861242958077,41.954691180124257],[-124.20869094682817,41.954513430218569],[-124.20872639794254,41.954464257317895],[-124.20877458986259,41.954436144185003],[-124.2088209339481,41.954445585153913],[-124.20886143269605,41.954440238701068],[-124.20891880988985,41.954395818298615],[-124.20891319541934,41.95436797169021],[-124.20884819332539,41.954328768096921],[-124.20884356520506,41.954311486788846],[-124.20885186024839,41.954295669858425],[-124.20892107993259,41.954256078078942],[-124.20897800707046,41.954204946232046],[-124.20907218015664,41.954213576212162],[-124.20909598371505,41.954206741305391],[-124.20911161529929,41.954192196332805],[-124.20911191264167,41.95414695270857],[-124.209057613076,41.954080550931195],[-124.2090651589244,41.954057041231593],[-124.20908582287088,41.954036754246431],[-124.2091302993589,41.954013336723008],[-124.20933234573765,41.95394601889442],[-124.20943014532264,41.953933769321395],[-124.20955709164532,41.953943404102461],[-124.2095820746917,41.953932163301715],[-124.20959810692457,41.95390735082708],[-124.20960634267909,41.953790063803439],[-124.20958481275667,41.953759012899113],[-124.20951269780231,41.953711567697333],[-124.20951572961638,41.953689041251799],[-124.20954440114531,41.953643087785927],[-124.20954463470729,41.953609578999583],[-124.20951698635947,41.953544369827391],[-124.20946159623905,41.953478008174308],[-124.20947022904895,41.95343259769448],[-124.20946471608805,41.953418599023877],[-124.20943925962949,41.953409546717801],[-124.2094012968256,41.953412605128065],[-124.20923089360274,41.95347072291198],[-124.20916204132945,41.953469903194673],[-124.20910374785404,41.953448470288592],[-124.20905645604591,41.953416580793963],[-124.2090073316746,41.953364259781708],[-124.20897097685506,41.953306065072894],[-124.20895170889054,41.953251103762923],[-124.20894637110111,41.95319600077493],[-124.20898261812282,41.952982271733106],[-124.20897217071605,41.952797174267928],[-124.20898844100248,41.952711871267262],[-124.20902649633288,41.952633327736194],[-124.20909757732635,41.952521137794143],[-124.20923808820983,41.952340392855128],[-124.20955695779634,41.952021764224263],[-124.20975541810051,41.951809082808715],[-124.21001050281025,41.951588698988616],[-124.21023291040322,41.95134385502071],[-124.21028646885878,41.95127318323685],[-124.21033002726861,41.951196240013019],[-124.21035815891005,41.951119002068253],[-124.2103579091784,41.951067430772873],[-124.21031971910071,41.950930660946071],[-124.2101972149471,41.95065390085847],[-124.21013875438507,41.950446973883629],[-124.21010060742653,41.950227051688067],[-124.21005724574775,41.950143507698719],[-124.21000494673024,41.95009603775835],[-124.20992966521447,41.950046526062444],[-124.20972446305412,41.949946917965008],[-124.20960289135178,41.949875003963278],[-124.20931901114557,41.949652726056044],[-124.20898427641283,41.949415694197441],[-124.20891615536821,41.949353890097115],[-124.20890160086397,41.949340684913032],[-124.20879822004613,41.949228547969469],[-124.20864251595626,41.949028697027792],[-124.2085876702149,41.948941629840469],[-124.20847710736635,41.948726444070886],[-124.20836965987522,41.948472858802958],[-124.20822621958558,41.948063455755467],[-124.20820530411083,41.947976518202069],[-124.20815991493447,41.947876461898908],[-124.20812256029004,41.947745479885072],[-124.20799863679827,41.94720748897209],[-124.20794229087036,41.94700027687481],[-124.20794190189984,41.946932079723638],[-124.2079884364282,41.946678697781323],[-124.20798626070859,41.946633883781729],[-124.20796893580001,41.946605131127576],[-124.20793318824161,41.946600281111955],[-124.2078782338041,41.946611475767916],[-124.20766546693073,41.946686764204365],[-124.20758790638911,41.946676335247204],[-124.20752899756772,41.946642506101128],[-124.20740406975948,41.946673937301753],[-124.20733027315889,41.946677491125044],[-124.20725832529116,41.946659168788528],[-124.20716205104551,41.946585541311656],[-124.20707399009653,41.946563017692846],[-124.20696448007349,41.946500896133244],[-124.20691321591518,41.946500058286524],[-124.20684240800956,41.946521488852028],[-124.20660341032988,41.946620001210327],[-124.20652506555902,41.946673951332627],[-124.20645341503364,41.94674517074256],[-124.20641450181216,41.946814395686872],[-124.20639871481934,41.946927994079211],[-124.20641179069662,41.946984164819199],[-124.20647313844403,41.947089613021348],[-124.20646777280683,41.947132330100189],[-124.20643711600113,41.947169476931542],[-124.20636681744026,41.947214490994206],[-124.20621438321801,41.947268423242015],[-124.20605040474602,41.947280579889473],[-124.2058700005791,41.947273352714419],[-124.20567214484116,41.947253636826943],[-124.20543363584501,41.947213039143655],[-124.20537204465417,41.947208682923808],[-124.20509571209301,41.947273746911833],[-124.2049485177438,41.947139201844685],[-124.20489611811499,41.946956202058047]]},"properties":{"OBJECTID":180785,"permanent_identifier":"113863720","fdate":1512086400000,"resolution":2,"gnis_id":null,"gnis_name":null,"lengthkm":4.7337770099999998,"reachcode":"18010101000729","flowdir":1,"wbarea_permanent_identifier":null,"ftype":566,"fcode":56600,"mainpath":0,"innetwork":1,"visibilityfilter":5000000,"nhdplusid":50000400171130,"vpuid":"1801","streamleve":0,"streamorde":-9,"streamcalc":-9,"fromnode":50000400092752,"tonode":50000400092782,"hydroseq":50000400000409,"levelpathi":50000400000001,"pathlength":-9999,"terminalpa":50000400000001,"arbolatesu":-9999,"divergence":0,"startflag":1,"terminalfl":0,"uplevelpat":50000400000001,"uphydroseq":null,"dnlevel":0,"dnlevelpat":50000400000001,"dnhydroseq":50000400000407,"dnminorhyd":0,"dndraincou":1,"frommeas":0,"tomeas":100,"rtndiv":-9,"thinner":-9,"vpuin":0,"vpuout":0,"areasqkm":3.62189987,"totdasqkm":-9999,"divdasqkm":-9999,"maxelevraw":-9998,"minelevraw":-7,"maxelevsmo":-9998,"minelevsmo":-9998,"slope":-9998,"slopelenkm":4.7337770099999998,"elevfixed":null,"hwtype":null,"hwnodesqkm":null,"statusflag":"A","qama":5.279585,"vama":0.065616000000000008,"qincrama":5.279585,"qbma":5.279585,"vbma":0.065616000000000008,"qincrbma":5.279585,"qcma":5.4882098099999999,"vcma":0.065616000000000008,"qincrcma":5.4882098099999999,"qdma":5.4882098099999999,"vdma":0.065616000000000008,"qincrdma":5.4882098099999999,"qema":5.4882098099999999,"vema":0.065616000000000008,"qincrema":5.4882098099999999,"qfma":5.4882098099999999,"qincrfma":5.4882098099999999,"arqnavma":0,"petma":0,"qlossma":0,"qgadjma":0,"qgnavma":0,"gageadjma":0,"avgqadjma":0,"gageidma":"0","gageqma":0,"Shape_Length":6344.8104265005068}},{"type":"Feature","id":202050,"geometry":{"type":"LineString","coordinates":[[-124.18685731838917,41.922842201861492],[-124.18725691777361,41.923152068094211],[-124.18839278355146,41.923650067681493],[-124.18921618383246,41.923945001822275],[-124.18986315229671,41.924576959241392],[-124.19024702577383,41.924848126678491],[-124.19039615060257,41.925162306809291],[-124.19085776697929,41.925604885834723],[-124.19136958390905,41.926001801858398],[-124.19212839891441,41.926675642942335],[-124.1921554660522,41.926966510259007],[-124.19208166585838,41.927367709889872],[-124.19180146604988,41.927589109764263],[-124.1908434909528,41.927936757926389],[-124.18981791763061,41.927902801879789],[-124.18923058382647,41.927929068076722],[-124.18895131826591,41.9280534021253],[-124.18888998399325,41.9282520676974],[-124.18894931771777,41.92853060186156],[-124.18904058385567,41.928780467683303],[-124.18894231804506,41.929028201914605],[-124.18872051771322,41.9293340021243],[-124.1884499837772,41.929793802074848],[-124.18846071774651,41.930072802003615],[-124.18883018404308,41.930429002331444],[-124.18937358394162,41.930815667974102],[-124.19033371769034,41.931323602145085],[-124.19129411823869,41.931402602313582],[-124.19196611825831,41.931419802284815],[-124.19291911758704,41.931543467916725],[-124.19360218395268,41.931860002216844],[-124.19387358386463,41.932180801973992],[-124.19398771841473,41.932491001768888],[-124.19392791756627,41.932770801864677],[-124.19375771826098,41.932938401724044],[-124.19344498416785,41.933168068256876],[-124.19270058442788,41.93362480192792],[-124.19248858381745,41.933987268172913]]},"properties":{"OBJECTID":202050,"permanent_identifier":"113863802","fdate":1502064000000,"resolution":2,"gnis_id":null,"gnis_name":null,"lengthkm":2.0055269300000003,"reachcode":"18010101002933","flowdir":1,"wbarea_permanent_identifier":"113863300","ftype":558,"fcode":55800,"mainpath":0,"innetwork":1,"visibilityfilter":100000,"nhdplusid":50000400214196,"vpuid":"1801","streamleve":3,"streamorde":1,"streamcalc":1,"fromnode":50000400116052,"tonode":50000400023596,"hydroseq":50000400160780,"levelpathi":50000400160780,"pathlength":1.9892283100000001,"terminalpa":50000400005244,"arbolatesu":2.0825269300000002,"divergence":0,"startflag":0,"terminalfl":0,"uplevelpat":50000400160780,"uphydroseq":50000400314788,"dnlevel":2,"dnlevelpat":50000400051599,"dnhydroseq":50000400071232,"dnminorhyd":0,"dndraincou":1,"frommeas":0,"tomeas":100,"rtndiv":0,"thinner":null,"vpuin":0,"vpuout":0,"areasqkm":0.59599996,"totdasqkm":0.93329998000000003,"divdasqkm":0.93329998000000003,"maxelevraw":-9998,"minelevraw":139,"maxelevsmo":210,"minelevsmo":144,"slope":0.00032909000000000004,"slopelenkm":2.0055269300000003,"elevfixed":null,"hwtype":null,"hwnodesqkm":null,"statusflag":"A","qama":1.2750279999999998,"vama":-9998,"qincrama":0.81152400000000002,"qbma":1.2750279999999998,"vbma":-9998,"qincrbma":0.81152400000000002,"qcma":1.39912131,"vcma":-9998,"qincrcma":0.87051967000000008,"qdma":1.39912131,"vdma":-9998,"qincrdma":0.87051967000000008,"qema":1.39912131,"vema":-9998,"qincrema":0.87051967000000008,"qfma":1.39912131,"qincrfma":0.87051967000000008,"arqnavma":0,"petma":0,"qlossma":0,"qgadjma":0,"qgnavma":0,"gageadjma":0,"avgqadjma":0,"gageidma":"0","gageqma":0,"Shape_Length":2697.3622279316855}},{"type":"Feature","id":580131,"geometry":{"type":"LineString","coordinates":[[-124.15260851817609,41.965180468030177],[-124.15251298414223,41.964884001943339],[-124.15250578414523,41.964735801780023],[-124.15257211844076,41.964450402243969],[-124.15262358382171,41.964285667903873],[-124.15269731843854,41.964033201912329],[-124.1529329842668,41.963347002135656],[-124.15295531818141,41.963182268282559],[-124.15298471824403,41.963067067685721],[-124.15312471798609,41.962726668126145],[-124.15323498439061,41.96255646799839],[-124.15347811791382,41.962035067716116],[-124.153566518426,41.961749601976081],[-124.15383138399255,41.961327002013576],[-124.15385351758286,41.961228068174115],[-124.15381691842155,41.960937202143796],[-124.15376558419463,41.960799867669323],[-124.15367738400676,41.960640668217401],[-124.15350098363108,41.960388068212048],[-124.15319218415891,41.95999280171587],[-124.15317018441759,41.959915867682383],[-124.15308198422973,41.959718201880214],[-124.15303058442581,41.959564467993772],[-124.15303071827478,41.959410801872814],[-124.1530527835931,41.959191068255265],[-124.1530455180191,41.959125268263527],[-124.15296478372956,41.958977001932929],[-124.15284711790207,41.9588890678979],[-124.15256758374522,41.958735402152328],[-124.15242058433043,41.958680402103639],[-124.15186898371169,41.958449667784592],[-124.1513689841195,41.958273868279633],[-124.1512071840621,41.958191467793739],[-124.15106738374601,41.958026667838404],[-124.15089838369161,41.957735668287135],[-124.15077358434243,41.957554602119771],[-124.15027358385193,41.957071201805377],[-124.15009731822352,41.956758267746586],[-124.15007538405924,41.956560668305869],[-124.15009011822652,41.956308068160425],[-124.15007578380951,41.955797467755772],[-124.1502083841286,41.955380401829785],[-124.1502085179776,41.955001601775244],[-124.15017211824227,41.954617201842943],[-124.15018691798659,41.954480002056492],[-124.15026051785613,41.954249402174597],[-124.15028998439408,41.953964001765719],[-124.15029751766605,41.953755267736376],[-124.15028298382305,41.953524802185861],[-124.15020238428082,41.952909801979452],[-124.15018798428683,41.952333468225035],[-124.15034258434721,41.951971068178629],[-124.15044571812835,41.951784602213394],[-124.15062971825138,41.951504602271733],[-124.15078418356447,41.951301468127554],[-124.15101978381574,41.950955668326351],[-124.15104191830433,41.950873402018622],[-124.15118178419743,41.95067026786721],[-124.15146858392831,41.950439801851559],[-124.15171151802555,41.950269667785847],[-124.15185131834164,41.950181868050734],[-124.15214551839382,41.950055667703722],[-124.1522927181329,41.949962468065259],[-124.15234411793682,41.949896601756407],[-124.15246918408562,41.949671467770926],[-124.15251351774153,41.949561667780294],[-124.15258711761108,41.94943000174522],[-124.15277118420941,41.948925001823426],[-124.15288171831186,41.948546202154397],[-124.15290391837749,41.948222267714087],[-124.15297018440103,41.948074068219469],[-124.15304378427059,41.947958802227355],[-124.15313198356013,41.947854467891283],[-124.15321298375098,41.947728268281658],[-124.15335278406707,41.947585601742723],[-124.15362498437794,41.947371602003876],[-124.15376491764471,41.947289202121418],[-124.15416211762906,41.947025802264463],[-124.15462558363696,41.946751467931207],[-124.1550301839426,41.946433202225471],[-124.15547158373386,41.946010602254155],[-124.15558191841032,41.945939202292621],[-124.15569231776547,41.945873401982112],[-124.1560085840343,41.945703267755832],[-124.15667051843117,41.945516868311046],[-124.15683231759027,41.945423601903322],[-124.15690591835813,41.945368802170911],[-124.15699411764768,41.945264468273145],[-124.15712658411776,41.945050401945196],[-124.15722231757759,41.945006468097496],[-124.15733991782808,41.944973602213494],[-124.15806058407826,41.944979202023021],[-124.15825178419827,41.944957267818047],[-124.15864151828428,41.94488606779187],[-124.1588621175686,41.944831202118039],[-124.15902398410134,41.9447818019243],[-124.15942851793164,41.944496401886994],[-124.15970798381652,41.944348201749058],[-124.15981831759467,41.944304268085602],[-124.16011251764685,41.944211068056674],[-124.16032578398352,41.944189201740095],[-124.16059058397308,41.944172802331799],[-124.16075231755516,41.944178402211712],[-124.16094351767516,41.944172867811858],[-124.16126718426528,41.944216802234024],[-124.16174511764085,41.944392667906889],[-124.1621789176848,41.944656202252112],[-124.16229651793527,41.944716601761499],[-124.16241411818577,41.944755068275413],[-124.16276711836318,41.944793602250009],[-124.16369351767803,41.94496946766813],[-124.16388471779804,41.944969601967401],[-124.16403918400944,41.944953067792433],[-124.16424518387377,41.944887267800468],[-124.16440698393119,41.944788601761189],[-124.16450258444036,41.944700668195146],[-124.16459818405119,41.94459086832898],[-124.16485571756843,41.944190201980916],[-124.16504698416378,41.943811402241259],[-124.16537071812756,41.94342726824253],[-124.16548098363373,41.943306401910945],[-124.16561351837582,41.943191202134294],[-124.16598851829451,41.942916801855723],[-124.16613558418463,41.94279600204252],[-124.16655491775926,41.942422802072073],[-124.16679758415854,41.942181267831565],[-124.167113917801,41.9418902681006],[-124.16740811785318,41.941632401941156],[-124.16766551841974,41.94144020204476],[-124.16779051809323,41.941330401909333],[-124.16791558424202,41.941275601999799],[-124.16819498365159,41.941209802221785],[-124.1683715178763,41.941193267740012],[-124.16848178428077,41.941149402063175],[-124.16884958420249,41.941061601794758],[-124.16898198419727,41.941017802178841],[-124.16968058423079,41.940710402184941],[-124.17026878401086,41.940479868089099],[-124.17050418393778,41.940403002045521],[-124.17066598399519,41.940315268237988],[-124.17083511789856,41.9401834681751],[-124.1713277836448,41.939898201911021],[-124.17144558421955,41.939804867813642],[-124.17151171819077,41.939700602323633],[-124.17158538363732,41.939481001886598],[-124.17160751812595,41.93917906784209],[-124.17162951786726,41.939096668062916],[-124.1716735838252,41.939025402020903],[-124.17179138439997,41.93886620230542],[-124.17203411817292,41.938630202170437],[-124.17222531829292,41.938492867741232],[-124.17252678391912,41.938317267786637],[-124.17307098421655,41.938015401737282],[-124.17321058420833,41.937949468290469],[-124.17332831830778,41.937905601718676],[-124.17413711827048,41.937730002151675],[-124.17463711786266,41.937570868030264],[-124.17479151759873,41.937505002283736],[-124.17503431784699,41.93732386795579],[-124.17511518418888,41.937230602260144],[-124.17518858373411,41.937104268021237],[-124.17535778411283,41.936736468211656],[-124.17544611814967,41.936588268080222],[-124.17554911808182,41.936363202037228],[-124.17560058436109,41.936160002272793],[-124.17568138422763,41.936017402066611],[-124.17570358429326,41.93595700166761],[-124.17579918390412,41.935803201782917],[-124.17585058370803,41.935671467906992],[-124.1759755842798,41.935484801904799],[-124.17606391831663,41.935391468030531],[-124.17609331837926,41.935320201857458],[-124.17615951792749,41.935232267930694],[-124.17646831829799,41.934924868114443],[-124.17658611797445,41.934782202329963],[-124.17666691784102,41.934666868202463],[-124.17670358437596,41.934595601887999],[-124.17671098379894,41.934343002244255],[-124.17679931783577,41.934074002267586],[-124.17685818443634,41.933980668333596],[-124.17704938365804,41.933744602003536],[-124.1771229179506,41.933629402327682],[-124.17718171807583,41.933497601812199],[-124.1772699838407,41.933195602015445],[-124.17743918421939,41.932948601702904],[-124.17749798434464,41.932306267835131],[-124.17752751825623,41.932191002073957],[-124.17759371780446,41.932108668114225],[-124.17768178414335,41.932037267956296],[-124.178093584446,41.931966002045087],[-124.17832891789762,41.931949467839743],[-124.17863778384509,41.931889201924839],[-124.17888771761505,41.931768468099484],[-124.17915238375562,41.931554401907569],[-124.17937311778724,41.931395202254549],[-124.17954958373996,41.931290868214759],[-124.17965978366911,41.931236002204237],[-124.18002738416486,41.931159201873356],[-124.1804759183761,41.930890201835211],[-124.1806523178535,41.930824267705269],[-124.1808949842528,41.930796867920449],[-124.18104211841485,41.930813401756254],[-124.18161538370332,41.930917667741873],[-124.18218151816504,41.931082402118278],[-124.18251971769982,41.931159268035088],[-124.18286518370694,41.931203202067266],[-124.18305651767596,41.931285602020743],[-124.18318138439878,41.931373401714524],[-124.18335778387615,41.93151620210007],[-124.18342411817169,41.93157660202656],[-124.18349018387093,41.931664401988094],[-124.18355994973086,41.931731365759092]]},"properties":{"OBJECTID":580131,"permanent_identifier":"113863738","fdate":1502064000000,"resolution":2,"gnis_id":"00231633","gnis_name":"Ritmer Creek","lengthkm":5.7413822300000001,"reachcode":"18010101000286","flowdir":1,"wbarea_permanent_identifier":null,"ftype":460,"fcode":46006,"mainpath":0,"innetwork":1,"visibilityfilter":100000,"nhdplusid":50000400128794,"vpuid":"1801","streamleve":2,"streamorde":1,"streamcalc":1,"fromnode":50000400241132,"tonode":50000400116082,"hydroseq":50000400278059,"levelpathi":50000400051599,"pathlength":2.8396373800000001,"terminalpa":50000400005244,"arbolatesu":5.7413822300000001,"divergence":0,"startflag":1,"terminalfl":0,"uplevelpat":0,"uphydroseq":0,"dnlevel":2,"dnlevelpat":50000400051599,"dnhydroseq":50000400160775,"dnminorhyd":0,"dndraincou":1,"frommeas":2.6445701099999996,"tomeas":100,"rtndiv":0,"thinner":null,"vpuin":0,"vpuout":0,"areasqkm":3.3205000299999998,"totdasqkm":3.3205000299999998,"divdasqkm":3.3205000299999998,"maxelevraw":33120,"minelevraw":295,"maxelevsmo":33120,"minelevsmo":310,"slope":0.058159500000000003,"slopelenkm":5.6413822300000005,"elevfixed":null,"hwtype":0,"hwnodesqkm":0.18680000000000002,"statusflag":"A","qama":5.5462879999999997,"vama":0.99273473000000001,"qincrama":5.5462879999999997,"qbma":5.5462879999999997,"vbma":0.99273473000000001,"qincrbma":5.5462879999999997,"qcma":5.7546392800000001,"vcma":0.99478196000000008,"qincrcma":5.7546392800000001,"qdma":5.7546392800000001,"vdma":0.99478196000000008,"qincrdma":5.7546392800000001,"qema":5.7546392800000001,"vema":0.99478196000000008,"qincrema":5.7546392800000001,"qfma":5.7546392800000001,"qincrfma":5.7546392800000001,"arqnavma":0,"petma":0,"qlossma":0,"qgadjma":0,"qgnavma":0,"gageadjma":0,"avgqadjma":0,"gageidma":"0","gageqma":0,"Shape_Length":7714.7535881334725}},{"type":"Feature","id":1065368,"geometry":{"type":"LineString","coordinates":[[-124.15890311757646,41.934954868331737],[-124.15908711769949,41.934499268207119],[-124.15910931776511,41.934383868077873],[-124.15919031795598,41.934147868062212],[-124.1592343839139,41.934065467796707],[-124.1594035178173,41.933802068108974],[-124.15960951768163,41.933582468076736],[-124.15977878363732,41.933428868294946],[-124.15985971825117,41.933379467955035],[-124.15993311779643,41.933275201983818],[-124.16004351804989,41.933154468108803],[-124.16027878412785,41.932934801691829],[-124.16108778441486,41.932276267708573],[-124.16127171806254,41.932172001938859],[-124.16157318368873,41.931952467801572],[-124.16172758432313,41.93187560217234],[-124.16188938438054,41.931749401677401],[-124.1620069837327,41.931705468021377],[-124.16237478365441,41.931508002103449],[-124.16248511833088,41.931409068091881],[-124.16258058409274,41.931304867734411],[-124.16269098434621,41.931217001784674],[-124.16284551793129,41.930959002245089],[-124.16293378369613,41.930777868038398],[-124.16305891811692,41.930421068181595],[-124.16313251798644,41.930250867998211],[-124.16336051759208,41.930025867808851],[-124.1635297179708,41.929872201987415],[-124.16364718437231,41.929784402232315],[-124.16392671763083,41.929674602077682],[-124.16427971780827,41.929339801798072],[-124.16458131818176,41.928779868195782],[-124.16476518355746,41.9285110018144],[-124.16486078406665,41.928324268073062],[-124.16497118432008,41.928132068167884],[-124.16502998444534,41.928044268022717],[-124.16525798405098,41.927802867793872],[-124.1661035843976,41.927446201673199],[-124.16634638374752,41.927292468150348],[-124.1666919180266,41.927029067895752],[-124.16703751788275,41.926848002062954],[-124.16732431761359,41.926672402127359],[-124.16751538388463,41.926584468308725],[-124.16791251829194,41.926474802331335],[-124.16826531814507,41.926436402318906],[-124.16843438377649,41.926398002283349],[-124.1685961838339,41.926354068283416],[-124.16873578382567,41.9262992682036],[-124.16890498420437,41.926211468209388],[-124.16905198361916,41.926112602175486],[-124.16939751789823,41.925975401865486],[-124.16977251781697,41.925854668209162],[-124.16993431787438,41.925794268211682],[-124.17019158369364,41.925756002129312],[-124.17030918394411,41.925756002129312],[-124.17044891778488,41.925772402263618],[-124.17056651803534,41.92580000204002],[-124.17088258397987,41.925942667864099],[-124.17138231767072,41.92627220198753],[-124.17163231791598,41.926458868217082],[-124.17190418405356,41.926640068155393],[-124.17227171807396,41.92678286777516],[-124.17247758408934,41.926848802072215],[-124.17303631822975,41.927079468316357],[-124.17326418398638,41.927117867941732],[-124.17363931775408,41.927161868249861],[-124.17375678415559,41.927161868249861],[-124.17392598363598,41.927156468046611],[-124.17409511843769,41.927123602319426],[-124.17425671817077,41.927068667895384],[-124.17506551813347,41.926679002054541],[-124.17541098414058,41.926563667978591],[-124.17588151809315,41.926442867932217],[-124.17614618423374,41.92636060207677],[-124.1762711839072,41.926289267666867],[-124.17643298396462,41.92622886808082],[-124.17666818356723,41.926190467920357],[-124.17688131785155,41.926207002281721],[-124.17702098431866,41.926245467930691],[-124.1771239177755,41.926294802282072],[-124.17733711763682,41.926520002100567],[-124.17747678410393,41.926717601756593],[-124.17757231813776,41.926778002216594],[-124.17771198370654,41.926827402322388],[-124.17788838408228,41.926843867679146],[-124.17808691804828,41.926827402322388],[-124.17829278406361,41.926789001853834],[-124.17841771816008,41.926756067766071],[-124.17859418411281,41.926679201890302],[-124.17877798391149,41.926651802330085],[-124.1789397183919,41.926657401743576],[-124.17906471806538,41.926679268056624],[-124.17918231831582,41.926734202147657],[-124.17926311818239,41.926805602226317],[-124.17932198388463,41.926899002131812],[-124.17932198388463,41.927217267759254],[-124.179299783819,41.927431468138657],[-124.17939538432819,41.927546801982416],[-124.17945418355509,41.927684067751741],[-124.17965271841942,41.927898201735346],[-124.17999811795123,41.928123202077657],[-124.18014531769032,41.92819466810321],[-124.18050558434005,41.928238602172293],[-124.18086571803914,41.928309868237925],[-124.18110098411711,41.928386802323523],[-124.18119658372797,41.928469201905116],[-124.18132151782441,41.928694267734436],[-124.1816081837063,41.928963267676352],[-124.18179198440335,41.929095002040967],[-124.18183618421027,41.929440868280523],[-124.18187278426988,41.929550668169142],[-124.18196111830672,41.929633068252343],[-124.18210811772146,41.929704402264925],[-124.18233598437644,41.929847201708647],[-124.18275498377778,41.930198467825981],[-124.1829535177438,41.930308267747222],[-124.18318138439878,41.930462068184561],[-124.18324031837298,41.93059926820181],[-124.18324751836998,41.930967202312289],[-124.18329911759989,41.931066002012422],[-124.18360778412143,41.931296467889325],[-124.18388718442931,41.931455802116396],[-124.18400478378146,41.931499667778183],[-124.18417391768483,41.931549068237423],[-124.184276783768,41.931543602244211],[-124.18443131825138,41.931483202286479],[-124.18457831766619,41.931406402253231],[-124.18470318438899,41.93139540207558]]},"properties":{"OBJECTID":1065368,"permanent_identifier":"113863646","fdate":1329768091000,"resolution":2,"gnis_id":"00222248","gnis_name":"Delilah Creek","lengthkm":3.0939999999999999,"reachcode":"18010101000756","flowdir":1,"wbarea_permanent_identifier":null,"ftype":460,"fcode":46003,"mainpath":0,"innetwork":1,"visibilityfilter":250000,"nhdplusid":50000400256894,"vpuid":"1801","streamleve":3,"streamorde":1,"streamcalc":1,"fromnode":50000400139033,"tonode":50000400092809,"hydroseq":50000400128146,"levelpathi":50000400128146,"pathlength":2.7119746299999998,"terminalpa":50000400005244,"arbolatesu":3.6280000000000001,"divergence":0,"startflag":0,"terminalfl":0,"uplevelpat":50000400128146,"uphydroseq":50000400181594,"dnlevel":2,"dnlevelpat":50000400051599,"dnhydroseq":50000400102336,"dnminorhyd":0,"dndraincou":1,"frommeas":0,"tomeas":85.357040409999996,"rtndiv":0,"thinner":null,"vpuin":0,"vpuout":0,"areasqkm":3.7771999799999998,"totdasqkm":4.1451999800000001,"divdasqkm":4.1451999800000001,"maxelevraw":-9998,"minelevraw":281,"maxelevsmo":2333,"minelevsmo":281,"slope":0.0066321899999999996,"slopelenkm":3.0939999999999999,"elevfixed":null,"hwtype":null,"hwnodesqkm":null,"statusflag":"A","qama":6.0329600000000001,"vama":0.81262677999999999,"qincrama":5.4667600000000007,"qbma":6.0329600000000001,"vbma":0.81262677999999999,"qincrbma":5.4667600000000007,"qcma":6.2395715999999997,"vcma":0.81400399000000001,"qincrcma":5.5987543100000003,"qdma":6.2395715999999997,"vdma":0.81400399000000001,"qincrdma":5.5987543100000003,"qema":6.2395715999999997,"vema":0.81400399000000001,"qincrema":5.5987543100000003,"qfma":6.2395715999999997,"qincrfma":5.5987543100000003,"arqnavma":0,"petma":0,"qlossma":0,"qgadjma":0,"qgnavma":0,"gageadjma":0,"avgqadjma":0,"gageidma":"0","gageqma":0,"Shape_Length":4161.9020232989451}},{"type":"Feature","id":1481644,"geometry":{"type":"LineString","coordinates":[[-124.19666925062327,41.912364277901609],[-124.19620858825735,41.913029503113933]]},"properties":{"OBJECTID":1481644,"permanent_identifier":"{2B24516D-7AC5-4A14-9445-20530F9F90B5}","fdate":1502064000000,"resolution":2,"gnis_id":null,"gnis_name":null,"lengthkm":0.083536170000000007,"reachcode":"18010101002646","flowdir":1,"wbarea_permanent_identifier":"113864578","ftype":558,"fcode":55800,"mainpath":0,"innetwork":1,"visibilityfilter":1000000,"nhdplusid":50000400128741,"vpuid":"1801","streamleve":2,"streamorde":2,"streamcalc":2,"fromnode":50000400069711,"tonode":50000400162525,"hydroseq":50000400063184,"levelpathi":50000400063184,"pathlength":4.2470641599999999,"terminalpa":50000400005244,"arbolatesu":14.37934306,"divergence":0,"startflag":0,"terminalfl":0,"uplevelpat":50000400063184,"uphydroseq":50000400064787,"dnlevel":1,"dnlevelpat":50000400005244,"dnhydroseq":50000400005264,"dnminorhyd":0,"dndraincou":1,"frommeas":0,"tomeas":2.8982698899999999,"rtndiv":0,"thinner":null,"vpuin":0,"vpuout":0,"areasqkm":0.010400000000000001,"totdasqkm":14.83799997,"divdasqkm":14.83799997,"maxelevraw":-9998,"minelevraw":399,"maxelevsmo":399,"minelevsmo":399,"slope":1.0000000000000001e-05,"slopelenkm":0.083536170000000007,"elevfixed":null,"hwtype":null,"hwnodesqkm":null,"statusflag":"A","qama":21.294270000000001,"vama":0.54868486999999999,"qincrama":0.014238000000000001,"qbma":21.294270000000001,"vbma":0.54868486999999999,"qincrbma":0.014238000000000001,"qcma":20.99055044,"vcma":0.54840542999999997,"qincrcma":0.0135005,"qdma":20.99055044,"vdma":0.54840542999999997,"qincrdma":0.0135005,"qema":20.99055044,"vema":0.54840542999999997,"qincrema":0.0135005,"qfma":20.99055044,"qincrfma":0.0135005,"arqnavma":0,"petma":0,"qlossma":0,"qgadjma":0,"qgnavma":0,"gageadjma":0,"avgqadjma":0,"gageidma":"0","gageqma":0,"Shape_Length":111.94717153435593}},{"type":"Feature","id":1593436,"geometry":{"type":"LineString","coordinates":[[-124.19400513225651,41.921362642106182],[-124.19370056025606,41.921553000240664],[-124.19337695385306,41.921819497733964],[-124.19307238275091,41.92218117685227],[-124.19284395464891,41.922466712183393],[-124.19284395464891,41.923056817960855],[-124.192786847848,41.923780174824607],[-124.1928629908481,41.924160888131908],[-124.19316756105189,41.924598709303012],[-124.1937386317561,41.924922315951846],[-124.19427163096027,41.925264957912262],[-124.1945952382616,41.925569529672366],[-124.19482366726194,41.92591217083033],[-124.19512823656744,41.926464206991263],[-124.19547088006793,41.926749741868839],[-124.19564220136905,41.926902027728296],[-124.19585159417019,41.927377918779584],[-124.19625134267498,41.927987062058207],[-124.19657494997631,41.928786560802088],[-124.19664566086392,41.929596639669519]]},"properties":{"OBJECTID":1593436,"permanent_identifier":"{1CA08201-EEAC-4162-9544-9D019F662E7C}","fdate":1502064000000,"resolution":2,"gnis_id":null,"gnis_name":null,"lengthkm":1.0534925499999999,"reachcode":"18010101036702","flowdir":1,"wbarea_permanent_identifier":null,"ftype":460,"fcode":46006,"mainpath":0,"innetwork":1,"visibilityfilter":100000,"nhdplusid":50000400171188,"vpuid":"1801","streamleve":2,"streamorde":1,"streamcalc":1,"fromnode":50000400259450,"tonode":50000400139007,"hydroseq":50000400259939,"levelpathi":50000400155476,"pathlength":2.2829981000000004,"terminalpa":50000400005244,"arbolatesu":1.0534925499999999,"divergence":0,"startflag":1,"terminalfl":0,"uplevelpat":0,"uphydroseq":0,"dnlevel":2,"dnlevelpat":50000400155476,"dnhydroseq":50000400155476,"dnminorhyd":0,"dndraincou":1,"frommeas":43.319568629999999,"tomeas":100,"rtndiv":0,"thinner":null,"vpuin":0,"vpuout":0,"areasqkm":0.87169999000000009,"totdasqkm":0.87169999000000009,"divdasqkm":0.87169999000000009,"maxelevraw":0,"minelevraw":0,"maxelevsmo":0,"minelevsmo":0,"slope":1.0000000000000001e-05,"slopelenkm":0.95349254999999999,"elevfixed":null,"hwtype":0,"hwnodesqkm":0.4234,"statusflag":"A","qama":1.1846340000000002,"vama":0.43313173000000005,"qincrama":1.1846340000000002,"qbma":1.1846340000000002,"vbma":0.43313173000000005,"qincrbma":1.1846340000000002,"qcma":1.30357575,"vcma":0.43410217000000006,"qincrcma":1.30357575,"qdma":1.30357575,"vdma":0.43410217000000006,"qincrdma":1.30357575,"qema":1.30357575,"vema":0.43410217000000006,"qincrema":1.30357575,"qfma":1.30357575,"qincrfma":1.30357575,"arqnavma":0,"petma":0,"qlossma":0,"qgadjma":0,"qgnavma":0,"gageadjma":0,"avgqadjma":0,"gageidma":"0","gageqma":0,"Shape_Length":1412.2889312078742}},{"type":"Feature","id":2088162,"geometry":{"type":"LineString","coordinates":[[-124.16602218355811,41.882856802299742],[-124.16630878386299,41.882977668120461],[-124.1664409844318,41.883043602192238],[-124.16660258416488,41.883109467978002],[-124.16677891806526,41.883148001735258],[-124.16768258371522,41.883126202102268],[-124.16814538407149,41.883060268115763],[-124.16834371771317,41.883049402059825],[-124.16843918437337,41.883027401752003],[-124.16907838420704,41.883027601724436],[-124.16935758419061,41.883038602213666],[-124.1697101837194,41.883077202225188],[-124.1700113843426,41.883247401814266],[-124.17016558375438,41.883390202212937],[-124.17048138379756,41.883582268001732],[-124.17080458416206,41.883851401908842],[-124.17097351774112,41.88403806781001],[-124.17133331816525,41.884587201797316],[-124.17137011765087,41.884686001741997],[-124.17140691803479,41.884779268000599],[-124.17140671771048,41.885114201731945],[-124.17136258437888,41.885317267785474],[-124.17131838367365,41.885454602311256],[-124.17128171803702,41.885542402195917],[-124.17121558406579,41.885630268168846],[-124.17102451779475,41.885932067735119],[-124.17101711837175,41.886151667902205],[-124.17112731830092,41.886305467755562],[-124.17148718430204,41.8866348681386],[-124.17165611788114,41.886750267682658],[-124.17221431842226,41.887359668328436],[-124.17247138391723,41.887551867973549],[-124.17256678410207,41.887766002192478],[-124.17272858415949,41.888161268329235],[-124.17298571792641,41.888424867786398],[-124.17328678380231,41.888617068239313],[-124.17383778434646,41.88879266788939],[-124.17390398389469,41.888831202231515]]},"properties":{"OBJECTID":2088162,"permanent_identifier":"113863742","fdate":1329767950000,"resolution":2,"gnis_id":"00236584","gnis_name":"Tryon Creek","lengthkm":1.1100000000000001,"reachcode":"18010101000269","flowdir":1,"wbarea_permanent_identifier":null,"ftype":460,"fcode":46003,"mainpath":0,"innetwork":1,"visibilityfilter":500000,"nhdplusid":50000400043459,"vpuid":"1801","streamleve":2,"streamorde":2,"streamcalc":2,"fromnode":50000400023629,"tonode":50000400162567,"hydroseq":50000400106370,"levelpathi":50000400063184,"pathlength":9.4166536400000016,"terminalpa":50000400005244,"arbolatesu":7.0256243299999994,"divergence":0,"startflag":0,"terminalfl":0,"uplevelpat":50000400063184,"uphydroseq":50000400109556,"dnlevel":2,"dnlevelpat":50000400063184,"dnhydroseq":50000400089718,"dnminorhyd":0,"dndraincou":1,"frommeas":60.531520839999999,"tomeas":86.175292970000001,"rtndiv":0,"thinner":null,"vpuin":0,"vpuout":0,"areasqkm":0.38890000000000002,"totdasqkm":7.0249000099999996,"divdasqkm":7.0249000099999996,"maxelevraw":-9998,"minelevraw":377,"maxelevsmo":404,"minelevsmo":404,"slope":1.0000000000000001e-05,"slopelenkm":1.1100000000000001,"elevfixed":null,"hwtype":null,"hwnodesqkm":null,"statusflag":"A","qama":10.399834,"vama":0.51126649000000002,"qincrama":0.55444599999999999,"qbma":10.399834,"vbma":0.51126649000000002,"qincrbma":0.55444599999999999,"qcma":10.53519421,"vcma":0.51147910000000008,"qincrcma":0.54082757000000004,"qdma":10.53519421,"vdma":0.51147910000000008,"qincrdma":0.54082757000000004,"qema":10.53519421,"vema":0.51147910000000008,"qincrema":0.54082757000000004,"qfma":10.53519421,"qincrfma":0.54082757000000004,"arqnavma":0,"petma":0,"qlossma":0,"qgadjma":0,"qgnavma":0,"gageadjma":0,"avgqadjma":0,"gageidma":"0","gageqma":0,"Shape_Length":1491.2935134724564}},{"type":"Feature","id":2295450,"geometry":{"type":"LineString","coordinates":[[-124.19599778420289,41.940810267938438],[-124.19630838389892,41.940726402232016]]},"properties":{"OBJECTID":2295450,"permanent_identifier":"113863810","fdate":1419897600000,"resolution":2,"gnis_id":null,"gnis_name":null,"lengthkm":0.027240260000000002,"reachcode":"18010101002958","flowdir":1,"wbarea_permanent_identifier":"113864578","ftype":558,"fcode":55800,"mainpath":0,"innetwork":1,"visibilityfilter":100000,"nhdplusid":50000400128744,"vpuid":"1801","streamleve":3,"streamorde":1,"streamcalc":1,"fromnode":50000400069714,"tonode":50000400046695,"hydroseq":50000400171235,"levelpathi":50000400171235,"pathlength":1.0720545800000001,"terminalpa":50000400005244,"arbolatesu":0.64124026000000001,"divergence":0,"startflag":0,"terminalfl":0,"uplevelpat":50000400171235,"uphydroseq":50000400259938,"dnlevel":2,"dnlevelpat":50000400051599,"dnhydroseq":50000400051599,"dnminorhyd":0,"dndraincou":1,"frommeas":0,"tomeas":100,"rtndiv":0,"thinner":null,"vpuin":0,"vpuout":0,"areasqkm":0.00090000000000000008,"totdasqkm":1.3351999999999999,"divdasqkm":1.3351999999999999,"maxelevraw":-9998,"minelevraw":0,"maxelevsmo":145,"minelevsmo":0,"slope":0.053230040000000006,"slopelenkm":0.027240260000000002,"elevfixed":null,"hwtype":null,"hwnodesqkm":null,"statusflag":"A","qama":1.907465,"vama":0.84884411999999998,"qincrama":0.001232,"qbma":1.907465,"vbma":0.84884411999999998,"qincrbma":0.001232,"qcma":2.0612413199999997,"vcma":0.85224893000000002,"qincrcma":0.00128063,"qdma":2.0612413199999997,"vdma":0.85224893000000002,"qincrdma":0.00128063,"qema":2.0612413199999997,"vema":0.85224893000000002,"qincrema":0.00128063,"qfma":2.0612413199999997,"qincrfma":0.00128063,"arqnavma":0,"petma":0,"qlossma":0,"qgadjma":0,"qgnavma":0,"gageadjma":0,"avgqadjma":0,"gageidma":"0","gageqma":0,"Shape_Length":36.783332458168772}},{"type":"Feature","id":2409607,"geometry":{"type":"LineString","coordinates":[[-124.19004878376029,41.938614601862362],[-124.19026951779192,41.938686002007685],[-124.19039451836369,41.938740868291852],[-124.19054878425081,41.938828667746392],[-124.19076211796111,41.938971401992397],[-124.19083558398167,41.939070268143567],[-124.19105618416431,41.939262401679649],[-124.19129158409126,41.939536867800591],[-124.19165191811466,41.939893801757833],[-124.19210771789993,41.94022866825371],[-124.19236511756819,41.9403878017567],[-124.19268871768298,41.940547001682781],[-124.19312991804824,41.940662202227529],[-124.19367411834567,41.940761067761954],[-124.19382851808177,41.940804868222429],[-124.19411531781265,41.940920201940934],[-124.19438731779921,41.941057402180718],[-124.19465211778876,41.941145267938076],[-124.19490198418504,41.941189201773668],[-124.19508591783273,41.941205601949306],[-124.19535058397329,41.941178201946826],[-124.19556398415895,41.941101267920857],[-124.19565958376978,41.941051868178171],[-124.19574038363635,41.940997001877747],[-124.19590951843803,41.940865201887569],[-124.19599778420289,41.940810267938438]]},"properties":{"OBJECTID":2409607,"permanent_identifier":"113863726","fdate":1329768218000,"resolution":2,"gnis_id":null,"gnis_name":null,"lengthkm":0.61399999999999999,"reachcode":"18010101002650","flowdir":1,"wbarea_permanent_identifier":null,"ftype":460,"fcode":46006,"mainpath":0,"innetwork":1,"visibilityfilter":100000,"nhdplusid":50000400171192,"vpuid":"1801","streamleve":3,"streamorde":1,"streamcalc":1,"fromnode":50000400259451,"tonode":50000400069714,"hydroseq":50000400259938,"levelpathi":50000400171235,"pathlength":1.09929484,"terminalpa":50000400005244,"arbolatesu":0.61399999999999999,"divergence":0,"startflag":1,"terminalfl":0,"uplevelpat":0,"uphydroseq":0,"dnlevel":3,"dnlevelpat":50000400171235,"dnhydroseq":50000400171235,"dnminorhyd":0,"dndraincou":1,"frommeas":0,"tomeas":100,"rtndiv":0,"thinner":null,"vpuin":0,"vpuout":0,"areasqkm":1.3343,"totdasqkm":1.3343,"divdasqkm":1.3343,"maxelevraw":308,"minelevraw":145,"maxelevsmo":308,"minelevsmo":145,"slope":0.0031712100000000003,"slopelenkm":0.51400000000000001,"elevfixed":null,"hwtype":0,"hwnodesqkm":0.74880000000000002,"statusflag":"A","qama":1.9062330000000001,"vama":0.65347871999999996,"qincrama":1.9062330000000001,"qbma":1.9062330000000001,"vbma":0.65347871999999996,"qincrbma":1.9062330000000001,"qcma":2.05996069,"vcma":0.65565342000000004,"qincrcma":2.05996069,"qdma":2.05996069,"vdma":0.65565342000000004,"qincrdma":2.05996069,"qema":2.05996069,"vema":0.65565342000000004,"qincrema":2.05996069,"qfma":2.05996069,"qincrfma":2.05996069,"arqnavma":0,"petma":0,"qlossma":0,"qgadjma":0,"qgnavma":0,"gageadjma":0,"avgqadjma":0,"gageidma":"0","gageqma":0,"Shape_Length":827.04760302153295}},{"type":"Feature","id":2781753,"geometry":{"type":"LineString","coordinates":[[-124.16291471785257,41.882823202150902],[-124.16331771825871,41.882999402261277],[-124.16365831809192,41.883093401983992],[-124.16391498383659,41.883071201719019],[-124.16427278371258,41.882878268290597],[-124.16482871780427,41.882716801674341],[-124.16543991804883,41.882727267840096],[-124.16579838357643,41.882782067877386],[-124.16602218355811,41.882856802299742]]},"properties":{"OBJECTID":2781753,"permanent_identifier":"113863772","fdate":1329767950000,"resolution":2,"gnis_id":"00236584","gnis_name":"Tryon Creek","lengthkm":0.27600000000000002,"reachcode":"18010101000269","flowdir":1,"wbarea_permanent_identifier":"113863340","ftype":558,"fcode":55800,"mainpath":0,"innetwork":1,"visibilityfilter":500000,"nhdplusid":50000400299881,"vpuid":"1801","streamleve":2,"streamorde":2,"streamcalc":2,"fromnode":50000400162568,"tonode":50000400023629,"hydroseq":50000400109556,"levelpathi":50000400063184,"pathlength":10.526653640000001,"terminalpa":50000400005244,"arbolatesu":5.91562433,"divergence":0,"startflag":0,"terminalfl":0,"uplevelpat":50000400063184,"uphydroseq":50000400139224,"dnlevel":2,"dnlevelpat":50000400063184,"dnhydroseq":50000400106370,"dnminorhyd":0,"dndraincou":1,"frommeas":86.175292970000001,"tomeas":92.598121640000002,"rtndiv":0,"thinner":null,"vpuin":0,"vpuout":0,"areasqkm":0.13869998,"totdasqkm":6.6360000100000001,"divdasqkm":6.6360000100000001,"maxelevraw":-9998,"minelevraw":386,"maxelevsmo":404,"minelevsmo":404,"slope":1.0000000000000001e-05,"slopelenkm":0.27600000000000002,"elevfixed":null,"hwtype":null,"hwnodesqkm":null,"statusflag":"A","qama":9.8453879999999998,"vama":-9998,"qincrama":0.19886700000000002,"qbma":9.8453879999999998,"vbma":-9998,"qincrbma":0.19886700000000002,"qcma":9.9943666400000009,"vcma":-9998,"qincrcma":0.19426193,"qdma":9.9943666400000009,"vdma":-9998,"qincrdma":0.19426193,"qema":9.9943666400000009,"vema":-9998,"qincrema":0.19426193,"qfma":9.9943666400000009,"qincrfma":0.19426193,"arqnavma":0,"petma":0,"qlossma":0,"qgadjma":0,"qgnavma":0,"gageadjma":0,"avgqadjma":0,"gageidma":"0","gageqma":0,"Shape_Length":372.93219535376085}},{"type":"Feature","id":3345546,"geometry":{"type":"LineString","coordinates":[[-124.17857278444609,41.921145402166125],[-124.17871978386088,41.921498202052774],[-124.17872431765812,41.921744068315128],[-124.17858931793891,41.922261267797801],[-124.17860978425601,41.922938801786962],[-124.17847371823657,41.923396001708646],[-124.1783277842237,41.923763401891854],[-124.17838091777614,41.924026667918376],[-124.1787377178272,41.924215002292783],[-124.17953478399566,41.924320667939767],[-124.18062631791425,41.924285468133156],[-124.18102191799908,41.92438946808285],[-124.18130758405606,41.92464440232046],[-124.18136918423002,41.924931667720145],[-124.18125098390493,41.925280667755217],[-124.18126731797176,41.925724402217242],[-124.18149471840108,41.926297868008248],[-124.18159158373818,41.926758602134832],[-124.18162278402463,41.927148201992004],[-124.18175471779378,41.927542668312192],[-124.18200771841207,41.927762001753855],[-124.18273618383554,41.928072402150548],[-124.18337138436955,41.928539602228987],[-124.18402611787113,41.929198668010194],[-124.18458231786414,41.929960601766481],[-124.18494298426418,41.930784601869888],[-124.1850771835845,41.931095067755415],[-124.18517691814056,41.93126800170225]]},"properties":{"OBJECTID":3345546,"permanent_identifier":"113863796","fdate":1502064000000,"resolution":2,"gnis_id":null,"gnis_name":null,"lengthkm":1.4412922699999999,"reachcode":"18010101002930","flowdir":1,"wbarea_permanent_identifier":"{58E7631B-9231-413A-96B2-EDC13F5330AA}","ftype":558,"fcode":55800,"mainpath":0,"innetwork":1,"visibilityfilter":24000,"nhdplusid":50000400299883,"vpuid":"1801","streamleve":3,"streamorde":1,"streamcalc":1,"fromnode":50000400162570,"tonode":50000400162528,"hydroseq":50000400150113,"levelpathi":50000400150113,"pathlength":2.6700317500000001,"terminalpa":50000400005244,"arbolatesu":1.5182922699999999,"divergence":0,"startflag":0,"terminalfl":0,"uplevelpat":50000400150113,"uphydroseq":50000400222990,"dnlevel":2,"dnlevelpat":50000400051599,"dnhydroseq":50000400082738,"dnminorhyd":0,"dndraincou":1,"frommeas":0,"tomeas":100,"rtndiv":0,"thinner":null,"vpuin":0,"vpuout":0,"areasqkm":2.3241999600000001,"totdasqkm":2.48299994,"divdasqkm":2.48299994,"maxelevraw":-9998,"minelevraw":139,"maxelevsmo":319,"minelevsmo":145,"slope":0.0012072500000000002,"slopelenkm":1.4412922699999999,"elevfixed":null,"hwtype":null,"hwnodesqkm":null,"statusflag":"A","qama":3.4426920000000001,"vama":-9998,"qincrama":3.2236120000000001,"qbma":3.4426920000000001,"vbma":-9998,"qincrbma":3.2236120000000001,"qcma":3.63749587,"vcma":-9998,"qincrcma":3.3804123399999999,"qdma":3.63749587,"vdma":-9998,"qincrdma":3.3804123399999999,"qema":3.63749587,"vema":-9998,"qincrema":3.3804123399999999,"qfma":3.63749587,"qincrfma":3.3804123399999999,"arqnavma":0,"petma":0,"qlossma":0,"qgadjma":0,"qgnavma":0,"gageadjma":0,"avgqadjma":0,"gageidma":"0","gageqma":0,"Shape_Length":1933.6490640582722}},{"type":"Feature","id":3479339,"geometry":{"type":"LineString","coordinates":[[-124.1791927890788,41.904468327077943],[-124.17930304021193,41.904462813969936],[-124.17954574523876,41.904415225117155],[-124.18007398516853,41.904310528714021],[-124.18072476787948,41.904205832139141],[-124.18331838017453,41.903777528795096],[-124.18403221922853,41.903468198301105],[-124.18619752827085,41.903087485235503],[-124.18693516010347,41.903016102076975],[-124.18793453406043,41.902992306781599],[-124.18888631886689,41.903206458103426],[-124.18974292537237,41.903444405179961],[-124.19124198540946,41.903967885894474],[-124.19238412591957,41.904705517971173],[-124.19400215973126,41.905871455090725],[-124.19542983604263,41.907132568746967],[-124.19631023712336,41.907751228830918],[-124.19653814330417,41.907931981154441]]},"properties":{"OBJECTID":3479339,"permanent_identifier":"113863690","fdate":1502064000000,"resolution":2,"gnis_id":null,"gnis_name":null,"lengthkm":1.6612338900000001,"reachcode":"18010101002646","flowdir":1,"wbarea_permanent_identifier":"113863310","ftype":558,"fcode":55800,"mainpath":0,"innetwork":1,"visibilityfilter":1000000,"nhdplusid":50000400128740,"vpuid":"1801","streamleve":2,"streamorde":2,"streamcalc":2,"fromnode":50000400069710,"tonode":50000400162524,"hydroseq":50000400070233,"levelpathi":50000400063184,"pathlength":4.9051362799999998,"terminalpa":50000400005244,"arbolatesu":13.72127094,"divergence":0,"startflag":0,"terminalfl":0,"uplevelpat":50000400063184,"uphydroseq":50000400072289,"dnlevel":2,"dnlevelpat":50000400063184,"dnhydroseq":50000400064787,"dnminorhyd":0,"dndraincou":1,"frommeas":22.840900420000001,"tomeas":80.95075989,"rtndiv":0,"thinner":null,"vpuin":0,"vpuout":0,"areasqkm":2.23229999,"totdasqkm":14.238099979999999,"divdasqkm":14.238099979999999,"maxelevraw":-9998,"minelevraw":269,"maxelevsmo":399,"minelevsmo":399,"slope":1.0000000000000001e-05,"slopelenkm":1.6612338900000001,"elevfixed":null,"hwtype":null,"hwnodesqkm":null,"statusflag":"A","qama":20.478563000000001,"vama":-9998,"qincrama":3.0762939999999999,"qbma":20.478563000000001,"vbma":-9998,"qincrbma":3.0762939999999999,"qcma":20.216533269999999,"vcma":-9998,"qincrcma":2.93008303,"qdma":20.216533269999999,"vdma":-9998,"qincrdma":2.93008303,"qema":20.216533269999999,"vema":-9998,"qincrema":2.93008303,"qfma":20.216533269999999,"qincrfma":2.93008303,"arqnavma":0,"petma":0,"qlossma":0,"qgadjma":0,"qgnavma":0,"gageadjma":0,"avgqadjma":0,"gageidma":"0","gageqma":0,"Shape_Length":2239.0615390690414}},{"type":"Feature","id":3567325,"geometry":{"type":"LineString","coordinates":[[-124.14025418390631,41.871251867813974],[-124.14035698441248,41.871295867834142],[-124.14041578363941,41.871317868167353],[-124.14046718434167,41.871356267891564],[-124.14049658440426,41.871383667774786],[-124.14059931843511,41.871482601851604],[-124.14066531765904,41.871543001732597],[-124.14070938361699,41.871592467997921],[-124.1407459836766,41.871641868001603],[-124.1407975182278,41.87166926776235],[-124.14086358392709,41.871707801728938],[-124.14092971789832,41.871724267925387],[-124.14101038391586,41.871729801920381],[-124.14109131763138,41.871729868143667],[-124.14118671781625,41.871724401709891],[-124.14131891838502,41.871719002167886],[-124.14155411798767,41.871647668235084],[-124.14160551779158,41.871631202018904],[-124.141774517846,41.871598402020716],[-124.14183318412225,41.871581868230479],[-124.14200951802263,41.871598468244137],[-124.14206091782654,41.871604002250024],[-124.14227391826188,41.87164800202779],[-124.1424133844047,41.871680868223919],[-124.14253091817984,41.871703002209138],[-124.14269251791292,41.871735867708047],[-124.14280258399312,41.871768868312337],[-124.14289071770564,41.871790867813829],[-124.14297891789349,41.871812867976637],[-124.1431183840363,41.871834868131906],[-124.14324331813275,41.871862402263076],[-124.14338298370154,41.871884401732373],[-124.14350778394903,41.871922868008319],[-124.14368398400043,41.871961401822027],[-124.14372811823034,41.871966868235532],[-124.14389711828476,41.871977867953149],[-124.1441393840354,41.872043868225838],[-124.14437438421203,41.872098868066558],[-124.14444791760624,41.87211000221405],[-124.14460211791636,41.872142868172631],[-124.14470498399953,41.872165001997857],[-124.14485918430962,41.872186868248406],[-124.14499871782608,41.872214467781845],[-124.14512358365057,41.872247401916255],[-124.14520438441544,41.872274868309134],[-124.14533658408591,41.872324402237496],[-124.14545398401206,41.872373801675508],[-124.14557158426256,41.872412268325824],[-124.14575518373695,41.872450801844494],[-124.14580658443919,41.872467267849544],[-124.1459901839136,41.872511267702059],[-124.1460415837175,41.872511267702059],[-124.1461957840276,41.872527801920775],[-124.14624718383153,41.872538802210734],[-124.14646031811583,41.872566402261143],[-124.14658511836332,41.87259380229451],[-124.1467247183551,41.87262680178695],[-124.14683471795995,41.872643267746668],[-124.14693031757081,41.872654401799309],[-124.147033118077,41.872648867884422],[-124.14712858383888,41.872654401799309],[-124.14722411787268,41.872670867751964],[-124.14740771824542,41.87270386787349],[-124.14756931797849,41.872720402042383],[-124.14776018392526,41.872764401720595],[-124.14794391814692,41.872797401793875],[-124.14799518410187,41.872813802156344],[-124.14816418415629,41.87286326810716],[-124.14821558396019,41.872896268129352],[-124.14836971779498,41.873006202081299],[-124.14839911785758,41.873039068247998],[-124.14850191836375,41.873225801855284],[-124.14861191796861,41.873390467745416],[-124.14866331777252,41.873445467765265],[-124.14875151796039,41.873516801698372],[-124.14886891788657,41.873593668047711],[-124.14896438364843,41.873637667793709],[-124.1490745835776,41.87369260204845],[-124.14913331812582,41.873736467946038],[-124.14924331773067,41.873851868043019],[-124.14930211785591,41.8739506678643],[-124.14937551829946,41.874104468323367],[-124.14946358374003,41.874285602168747],[-124.14955158360358,41.874422868097625],[-124.14962498404711,41.874565668150083],[-124.14975711814057,41.874692001786897],[-124.14982318383983,41.874736002114552],[-124.14993338376898,41.874768868060677],[-124.15003611779983,41.874785401695384],[-124.15017578426696,41.874785467915558],[-124.15030071836338,41.874780001743055],[-124.15038878380398,41.87475260197796],[-124.1504401836079,41.874725202201134],[-124.15051371790042,41.87460986789462],[-124.15060191808827,41.874522067703261],[-124.150792917884,41.874527667676411],[-124.1510133177423,41.874659468240417],[-124.15121158401035,41.874665068201537],[-124.15149071841689,41.874637667718268],[-124.15154938379486,41.874626802236804],[-124.15165978404831,41.874599267958651],[-124.15178471814478,41.874566401925364],[-124.1520051180031,41.87450060224981],[-124.15210058376498,41.874462201738943],[-124.15218871837581,41.874451201779948],[-124.15227691766535,41.87441840189102],[-124.15238711759453,41.874380001999725],[-124.15249731842201,41.874347002074622],[-124.15257078444256,41.874336068316431],[-124.15265891815511,41.874330602105552],[-124.15276911808427,41.874352468284158],[-124.15299678441494,41.874424001873258],[-124.15320238363061,41.874473467915692],[-124.15345938444688,41.874517467724928],[-124.15369438372521,41.874605267922661],[-124.15394418364617,41.874671268157897],[-124.15403958383104,41.874682268079013],[-124.15411318370056,41.87469886795639],[-124.15430411791928,41.874731802148439],[-124.15447298412467,41.874764801874825],[-124.1545463836699,41.874786667904878],[-124.15458331790282,41.874803267755141],[-124.15460518379514,41.874836201893402],[-124.15465378444866,41.87489360198164],[-124.15471258367556,41.874932067784393],[-124.15478598411914,41.87494846826808],[-124.15488138430401,41.874959468141441],[-124.1550577837814,41.87497600172685],[-124.15527071774139,41.874976067946825],[-124.1554323839498,41.874992602196841],[-124.15564538438514,41.87504760217579],[-124.15593911821168,41.87508606788586],[-124.15640931799098,41.875174001748618],[-124.15675438424779,41.875289401925642],[-124.15705558397266,41.875371868049022],[-124.15736398369454,41.875492802206807],[-124.1580103179482,41.875800402021873],[-124.15901638435402,41.87634420230092],[-124.15939831836843,41.876695601686606],[-124.15959651816112,41.8769098017207],[-124.15981691801947,41.877217268300427],[-124.16008851825572,41.877684001885676],[-124.16013251773835,41.87784320174999],[-124.16016911779796,41.878051802286997],[-124.16015438363068,41.878200001921343],[-124.16011018382376,41.878293268283393],[-124.16008078376113,41.878419601909258],[-124.15991158428074,41.878952067697213],[-124.15987478389681,41.879166201978855],[-124.1598599841525,41.879462667970046],[-124.15983791793587,41.879512067910433],[-124.15980111755194,41.879726202322097],[-124.159749518322,41.879879867823185],[-124.15972018383641,41.88009400167121],[-124.15976391831602,41.880582601702578],[-124.15982271844125,41.880758268247497],[-124.1599329183704,41.880846202331668],[-124.1600871177822,41.8809120677073]]},"properties":{"OBJECTID":3567325,"permanent_identifier":"113860430","fdate":1329768038000,"resolution":2,"gnis_id":"00236584","gnis_name":"Tryon Creek","lengthkm":2.3519999999999999,"reachcode":"18010101000671","flowdir":1,"wbarea_permanent_identifier":null,"ftype":460,"fcode":46003,"mainpath":0,"innetwork":1,"visibilityfilter":500000,"nhdplusid":50000400214345,"vpuid":"1801","streamleve":2,"streamorde":1,"streamcalc":1,"fromnode":50000400278159,"tonode":50000400046757,"hydroseq":50000400241416,"levelpathi":50000400063184,"pathlength":11.122653640000001,"terminalpa":50000400005244,"arbolatesu":2.3519999999999999,"divergence":0,"startflag":1,"terminalfl":0,"uplevelpat":0,"uphydroseq":0,"dnlevel":2,"dnlevelpat":50000400063184,"dnhydroseq":50000400139224,"dnminorhyd":0,"dndraincou":1,"frommeas":0,"tomeas":100,"rtndiv":0,"thinner":null,"vpuin":0,"vpuout":0,"areasqkm":1.7714000400000001,"totdasqkm":1.7714000400000001,"divdasqkm":1.7714000400000001,"maxelevraw":1033,"minelevraw":416,"maxelevsmo":1033,"minelevsmo":416,"slope":0.0027397900000000002,"slopelenkm":2.2519999999999998,"elevfixed":null,"hwtype":0,"hwnodesqkm":0.24510000000000001,"statusflag":"A","qama":2.6145559999999999,"vama":0.66917906999999999,"qincrama":2.6145559999999999,"qbma":2.6145559999999999,"vbma":0.66917906999999999,"qincrbma":2.6145559999999999,"qcma":2.7916057199999997,"vcma":0.67109896000000002,"qincrcma":2.7916057199999997,"qdma":2.7916057199999997,"vdma":0.67109896000000002,"qincrdma":2.7916057199999997,"qema":2.7916057199999997,"vema":0.67109896000000002,"qincrema":2.7916057199999997,"qfma":2.7916057199999997,"qincrfma":2.7916057199999997,"arqnavma":0,"petma":0,"qlossma":0,"qgadjma":0,"qgnavma":0,"gageadjma":0,"avgqadjma":0,"gageidma":"0","gageqma":0,"Shape_Length":3163.6547373375847}},{"type":"Feature","id":3761209,"geometry":{"type":"LineString","coordinates":[[-124.20489611811499,41.946956202058047],[-124.20480858357874,41.946650468299232],[-124.20480118415576,41.946518667968633],[-124.20477911793911,41.946403467982705],[-124.20477898409013,41.946205801696117],[-124.20469798389928,41.945799468254748],[-124.20466851825965,41.945558002261976],[-124.20461698370843,41.945376868091529],[-124.20457271832447,41.944937668141598],[-124.20454331826186,41.944800468233169],[-124.2044181838411,41.944476467988622],[-124.20429311769232,41.944191067920826],[-124.20419751808146,41.943999002020384],[-124.20403551769974,41.943598267808596],[-124.20400611763714,41.943466467849888],[-124.20402078443078,41.943395202014344],[-124.20399131789281,41.943301802209213],[-124.20385878404903,41.942999802066048],[-124.2037631844382,41.942840667731623],[-124.20365291803373,41.942626601952064],[-124.20366751835202,41.942346601876174],[-124.20362331764679,41.942028268076598],[-124.20357178399388,41.941830602257284],[-124.20352758418697,41.941495668000002],[-124.20352751771165,41.941342001747529],[-124.20353478418396,41.941023602126663],[-124.20365958443145,41.940419667699985],[-124.20367431770042,41.940276867870608],[-124.20366691827741,41.940112268163666],[-124.20366678442845,41.939865201756739],[-124.20364471821181,41.939574268300376],[-124.20365931763179,41.93930520218391],[-124.20364458436282,41.939179001688728],[-124.20360038365759,41.939014268177274],[-124.20359298423459,41.938942867731257],[-124.2036591837828,41.938706801726141],[-124.20365178435981,41.938509201788044],[-124.20365178435981,41.93833906795799],[-124.20367378410113,41.938130401709827],[-124.20371038416074,41.938026067995608],[-124.20367351819981,41.937614267737835],[-124.20376538441234,41.936644401820715]]},"properties":{"OBJECTID":3761209,"permanent_identifier":"113864838","fdate":1424908800000,"resolution":2,"gnis_id":null,"gnis_name":null,"lengthkm":1.17134903,"reachcode":"18010101002763","flowdir":1,"wbarea_permanent_identifier":null,"ftype":566,"fcode":56600,"mainpath":0,"innetwork":1,"visibilityfilter":5000000,"nhdplusid":50000400171189,"vpuid":"1801","streamleve":0,"streamorde":-9,"streamcalc":-9,"fromnode":50000400092782,"tonode":50000400000001,"hydroseq":50000400000407,"levelpathi":50000400000001,"pathlength":-9999,"terminalpa":50000400000001,"arbolatesu":-9999,"divergence":0,"startflag":0,"terminalfl":0,"uplevelpat":50000400000001,"uphydroseq":50000400000409,"dnlevel":0,"dnlevelpat":50000400000001,"dnhydroseq":50000400000405,"dnminorhyd":0,"dndraincou":1,"frommeas":0,"tomeas":100,"rtndiv":-9,"thinner":-9,"vpuin":0,"vpuout":0,"areasqkm":0.09379999,"totdasqkm":-9999,"divdasqkm":-9999,"maxelevraw":-9998,"minelevraw":0,"maxelevsmo":-9998,"minelevsmo":-9998,"slope":-9998,"slopelenkm":1.17134903,"elevfixed":null,"hwtype":null,"hwnodesqkm":null,"statusflag":"A","qama":0.12586999999999998,"vama":0.065616000000000008,"qincrama":0.12586999999999998,"qbma":0.12586999999999998,"vbma":0.065616000000000008,"qincrbma":0.12586999999999998,"qcma":0.15085556000000003,"vcma":0.065616000000000008,"qincrcma":0.15085556000000003,"qdma":0.15085556000000003,"vdma":0.065616000000000008,"qincrdma":0.15085556000000003,"qema":0.15085556000000003,"vema":0.065616000000000008,"qincrema":0.15085556000000003,"qfma":0.15085556000000003,"qincrfma":0.15085556000000003,"arqnavma":0,"petma":0,"qlossma":0,"qgadjma":0,"qgnavma":0,"gageadjma":0,"avgqadjma":0,"gageidma":"0","gageqma":0,"Shape_Length":1567.5148381903919}},{"type":"Feature","id":4123884,"geometry":{"type":"LineString","coordinates":[[-124.14398178360196,41.927977867796145],[-124.14400398366756,41.927917467803788],[-124.14407758443542,41.927796668315807],[-124.1440925180287,41.92756066798789],[-124.14414411815696,41.927280667927789],[-124.14415898437657,41.927050067908752],[-124.14406358419174,41.926649267957082],[-124.14399758406947,41.926490068092612],[-124.14385071760539,41.926270468284315],[-124.14382131844108,41.926182602083578],[-124.1438213840181,41.926078268206695],[-124.14382891818839,41.925985002107197],[-124.14389518421194,41.925792801837943],[-124.14407171843662,41.925436002169732],[-124.14408651818091,41.925337267937941],[-124.14409418440357,41.924843202156147],[-124.14410898414786,41.924667467707458],[-124.14419011818772,41.924491802285225],[-124.14443311786195,41.923811202232109],[-124.1444993838855,41.923558668158783],[-124.14463911772629,41.923355467705072],[-124.14472751823844,41.923251268228576],[-124.1448157184263,41.92314700174353],[-124.14492598393247,41.923059202089945],[-124.14508791783885,41.922850668321743],[-124.14524251789923,41.922614667744185],[-124.14532338424112,41.922417201758428],[-124.14543391834358,41.922241467980101],[-124.14558098423367,41.922065868065175],[-124.14567658384453,41.921923067913639],[-124.1457795837767,41.921835402260626],[-124.1459781177427,41.921703668278802],[-124.14635331798574,41.921599468109989],[-124.14654431778142,41.92155566782786],[-124.14669878399287,41.921539267946478],[-124.146801718348,41.921517268196752],[-124.14693411834277,41.921511868184076],[-124.14784551758903,41.921523067912773],[-124.14802931828605,41.921479268246607],[-124.14815438443483,41.921424467990157],[-124.14828671795429,41.921358602280065],[-124.14848531839563,41.92122140177301],[-124.14852938435357,41.921161068240288],[-124.14856618383918,41.921062201732802],[-124.14883098382876,41.920710867931248],[-124.14910318413962,41.920387068140336],[-124.14936058380786,41.920123668118663],[-124.14965478386003,41.919843801855997],[-124.1497577837922,41.919756001667707],[-124.1499343180169,41.919580402265531],[-124.15025051781039,41.919317002256285],[-124.15040491844479,41.919212667847226],[-124.15087551797436,41.918949268325363],[-124.15112538437064,41.918845067669302],[-124.15130931801833,41.918746402113094],[-124.15135338397627,41.918735401757729],[-124.15144898358713,41.918680468132457],[-124.15169158440939,41.918570801938081],[-124.15190478427073,41.918455467910682],[-124.15230938367806,41.918098867848592],[-124.15255198360198,41.917895668055642],[-124.15265491795714,41.917835467740069],[-124.1528901840351,41.917742202291947],[-124.15308131767979,41.917714867743271],[-124.1534563175985,41.917687467675634],[-124.15366211803686,41.917665602291571],[-124.15382378424526,41.917632668173518],[-124.15396351808603,41.917583401989901],[-124.15416198378007,41.917484467774216],[-124.1543825839627,41.917352867857304],[-124.15447818357353,41.917309001826432],[-124.15498571823433,41.916957801772575],[-124.1553679837271,41.916645001703706],[-124.15553711763047,41.916474867710313],[-124.15569891768786,41.916266268306032],[-124.15594158408716,41.916063068025636],[-124.15625771830361,41.91586560181937],[-124.15658858399242,41.91573386821419],[-124.15737511831247,41.915536467835715],[-124.15777211797253,41.915448802098815],[-124.15833798383798,41.91540500227417],[-124.15885991759446,41.91547646783944],[-124.15944051762722,41.915597402287034],[-124.1600431838766,41.915789801719832],[-124.16043271763832,41.915954601897141],[-124.16053558372148,41.915976467867424],[-124.16073411768748,41.915932667736485],[-124.16085158408899,41.915877801886921],[-124.16096931818844,41.91579000225817],[-124.16110898375723,41.915575867744671],[-124.16118998394808,41.915405801758482],[-124.16132971778885,41.915202668259035],[-124.16162378399206,41.914972068038111],[-124.16179291789543,41.914878867926333],[-124.16204278429173,41.914763602095569],[-124.16248391818164,41.914653867670836],[-124.1627705175882,41.914604601861591],[-124.16349098441238,41.914577267974451],[-124.16404958380551,41.914533402041307],[-124.16424811777151,41.914495067705886],[-124.16495378395304,41.914341468091273],[-124.16521091771997,41.914314067912244],[-124.16542418405665,41.914308601779354],[-124.16594598396416,41.914314202276053],[-124.16603418415201,41.914308667958558],[-124.16615918382546,41.914281402129326],[-124.16630618413855,41.914226401833211],[-124.16648258361595,41.91414406808552],[-124.16662231835504,41.914072802240526],[-124.16669578437562,41.914018002308559],[-124.16686491827899,41.913864267849632],[-124.16699718442479,41.913578867831845],[-124.16702678391339,41.913348267760384],[-124.16701211801806,41.913238468064399],[-124.16696798378815,41.913150601966834],[-124.16690918366294,41.913090268156942],[-124.16657392431405,41.91255241807189]]},"properties":{"OBJECTID":4123884,"permanent_identifier":"113863694","fdate":1502064000000,"resolution":2,"gnis_id":"00234594","gnis_name":"Rowdy Creek","lengthkm":3.0202641099999998,"reachcode":"18010101000185","flowdir":1,"wbarea_permanent_identifier":null,"ftype":460,"fcode":46006,"mainpath":0,"innetwork":1,"visibilityfilter":5000000,"nhdplusid":50000400128256,"vpuid":"1801","streamleve":2,"streamorde":7,"streamcalc":7,"fromnode":50000400069484,"tonode":50000400046724,"hydroseq":50000400012912,"levelpathi":50000400012864,"pathlength":6.92459984,"terminalpa":50000400005244,"arbolatesu":421.73600139999996,"divergence":0,"startflag":0,"terminalfl":0,"uplevelpat":50000400012864,"uphydroseq":50000400012947,"dnlevel":2,"dnlevelpat":50000400012864,"dnhydroseq":50000400012864,"dnminorhyd":0,"dndraincou":1,"frommeas":4.0946397799999996,"tomeas":100,"rtndiv":0,"thinner":null,"vpuin":0,"vpuout":0,"areasqkm":2.9531000600000001,"totdasqkm":87.025800770000004,"divdasqkm":87.025800770000004,"maxelevraw":-9998,"minelevraw":293,"maxelevsmo":1282,"minelevsmo":399,"slope":0.0029235900000000002,"slopelenkm":3.0202641099999998,"elevfixed":null,"hwtype":null,"hwnodesqkm":null,"statusflag":"A","qama":183.50442100000001,"vama":1.2264370099999999,"qincrama":4.2793770000000002,"qbma":183.50442100000001,"vbma":1.2264370099999999,"qincrbma":4.2793770000000002,"qcma":166.63975142000001,"vcma":1.2192961600000001,"qincrcma":1.6512104700000001,"qdma":166.63975142000001,"vdma":1.2192961600000001,"qincrdma":1.6512104700000001,"qema":166.63975142000001,"vema":1.2192961600000001,"qincrema":1.6512104700000001,"qfma":166.63975142000001,"qincrfma":1.6512104700000001,"arqnavma":0,"petma":0,"qlossma":0,"qgadjma":0,"qgnavma":0,"gageadjma":0,"avgqadjma":0,"gageidma":"0","gageqma":0,"Shape_Length":4061.5485499290567}},{"type":"Feature","id":4373856,"geometry":{"type":"LineString","coordinates":[[-124.18517691814056,41.93126800170225],[-124.18548398386427,41.931588668104446],[-124.18645458388433,41.9319506019309],[-124.18858831804272,41.93266026772811],[-124.18932518361241,41.932982468187078],[-124.19060491817629,41.933335201951387],[-124.19073909324206,41.93338126829272]]},"properties":{"OBJECTID":4373856,"permanent_identifier":"113863800","fdate":1502064000000,"resolution":2,"gnis_id":null,"gnis_name":null,"lengthkm":0.52158720000000003,"reachcode":"18010101002932","flowdir":1,"wbarea_permanent_identifier":"{58E7631B-9231-413A-96B2-EDC13F5330AA}","ftype":558,"fcode":55800,"mainpath":0,"innetwork":1,"visibilityfilter":250000,"nhdplusid":50000400299814,"vpuid":"1801","streamleve":2,"streamorde":2,"streamcalc":2,"fromnode":50000400162528,"tonode":50000400139008,"hydroseq":50000400082738,"levelpathi":50000400051599,"pathlength":2.1484445500000002,"terminalpa":50000400005244,"arbolatesu":12.920888890000001,"divergence":0,"startflag":0,"terminalfl":0,"uplevelpat":50000400051599,"uphydroseq":50000400094937,"dnlevel":2,"dnlevelpat":50000400051599,"dnhydroseq":50000400077752,"dnminorhyd":0,"dndraincou":1,"frommeas":23.396739959999998,"tomeas":100,"rtndiv":0,"thinner":null,"vpuin":0,"vpuout":0,"areasqkm":0.23860002,"totdasqkm":11.498999980000001,"divdasqkm":11.498999980000001,"maxelevraw":-9998,"minelevraw":142,"maxelevsmo":145,"minelevsmo":144,"slope":1.9170000000000001e-05,"slopelenkm":0.52158720000000003,"elevfixed":null,"hwtype":null,"hwnodesqkm":null,"statusflag":"A","qama":17.312816999999999,"vama":-9998,"qincrama":0.32758799999999999,"qbma":17.312816999999999,"vbma":-9998,"qincrbma":0.32758799999999999,"qcma":17.20096976,"vcma":-9998,"qincrcma":-0.018041290000000001,"qdma":17.20096976,"vdma":-9998,"qincrdma":-0.018041290000000001,"qema":17.20096976,"vema":-9998,"qincrema":-0.018041290000000001,"qfma":17.20096976,"qincrfma":-0.018041290000000001,"arqnavma":0,"petma":0,"qlossma":0,"qgadjma":0,"qgnavma":0,"gageadjma":0,"avgqadjma":0,"gageidma":"0","gageqma":0,"Shape_Length":703.47746681077558}},{"type":"Feature","id":4422217,"geometry":{"type":"LineString","coordinates":[[-124.17786451764179,41.942358401984386],[-124.17801898385322,41.942105867833121],[-124.17811458436238,41.941831402078627],[-124.17815138384802,41.941403202218645],[-124.17823971788482,41.940760867970305],[-124.17828378384277,41.940579668051718],[-124.17845298422149,41.94020640232106],[-124.1785045178744,41.940129467790811],[-124.17864431819049,41.9398276023012],[-124.17877658433629,41.939586068253412],[-124.17895311766266,41.939372002239004],[-124.17900458394195,41.939256667724962],[-124.17910011797576,41.93910846810433],[-124.17919578406195,41.938877868077391],[-124.17929878399411,41.93870766774058],[-124.17933558437804,41.93854846790007],[-124.17933558437804,41.938411268276056],[-124.17922518412455,41.938158667707377],[-124.17917378432064,41.938005002100262],[-124.17916651784832,41.937884267823442],[-124.17926198361019,41.937642668278805],[-124.17941651809357,41.93748346778429],[-124.17954151776702,41.937384668001201],[-124.17962978443022,41.937291401726227],[-124.17976951827096,41.937110201972587],[-124.17979891833359,41.936764402042847],[-124.1798283183962,41.936643601934307],[-124.17992391800706,41.936446002285749],[-124.18004158383454,41.936253802126799],[-124.18011518370412,41.936056201938705],[-124.180159317934,41.9358586018067],[-124.18020351774092,41.935715801787431],[-124.18019611831792,41.935622468251211],[-124.18025498402021,41.935172267742914],[-124.18036518394933,41.934859401928421],[-124.18040938375628,41.934557401897067],[-124.18043878381889,41.934458602258815],[-124.18048298362581,41.93438180179848],[-124.18056391823967,41.934321401855271],[-124.18065211842752,41.934277401807513],[-124.18072558444807,41.934261001854864],[-124.18085058412154,41.934189668260018],[-124.18111518378682,41.933909667892607],[-124.18126238442422,41.933777867956273],[-124.18137271820237,41.933624201817636],[-124.18143878390158,41.933585667775873],[-124.18151971761711,41.933519868082385],[-124.18163731786761,41.933459467991227],[-124.18234877189452,41.933294545953309],[-124.18294453638759,41.932862325855986],[-124.18316648943302,41.932476830759967],[-124.18381358366145,41.931900467997657]]},"properties":{"OBJECTID":4422217,"permanent_identifier":"113863648","fdate":1502064000000,"resolution":2,"gnis_id":null,"gnis_name":null,"lengthkm":1.3420215600000001,"reachcode":"18010101002644","flowdir":1,"wbarea_permanent_identifier":null,"ftype":460,"fcode":46003,"mainpath":0,"innetwork":1,"visibilityfilter":24000,"nhdplusid":50000400086215,"vpuid":"1801","streamleve":3,"streamorde":1,"streamcalc":1,"fromnode":50000400222616,"tonode":50000400000287,"hydroseq":50000400296397,"levelpathi":50000400296397,"pathlength":2.8113709600000001,"terminalpa":50000400005244,"arbolatesu":1.3420215600000001,"divergence":0,"startflag":1,"terminalfl":0,"uplevelpat":0,"uphydroseq":0,"dnlevel":2,"dnlevelpat":50000400051599,"dnhydroseq":50000400122430,"dnminorhyd":0,"dndraincou":1,"frommeas":0,"tomeas":100,"rtndiv":0,"thinner":null,"vpuin":0,"vpuout":0,"areasqkm":1.29740001,"totdasqkm":1.29740001,"divdasqkm":1.29740001,"maxelevraw":2308,"minelevraw":310,"maxelevsmo":2308,"minelevsmo":310,"slope":0.016086679999999999,"slopelenkm":1.24202156,"elevfixed":null,"hwtype":0,"hwnodesqkm":0.077600000000000002,"statusflag":"A","qama":1.9438800000000001,"vama":0.75398357999999999,"qincrama":1.9438800000000001,"qbma":1.9438800000000001,"vbma":0.75398357999999999,"qincrbma":1.9438800000000001,"qcma":2.0990794800000003,"vcma":0.75676461000000006,"qincrcma":2.0990794800000003,"qdma":2.0990794800000003,"vdma":0.75676461000000006,"qincrdma":2.0990794800000003,"qema":2.0990794800000003,"vema":0.75676461000000006,"qincrema":2.0990794800000003,"qfma":2.0990794800000003,"qincrfma":2.0990794800000003,"arqnavma":0,"petma":0,"qlossma":0,"qgadjma":0,"qgnavma":0,"gageadjma":0,"avgqadjma":0,"gageidma":"0","gageqma":0,"Shape_Length":1799.2592201650714}},{"type":"Feature","id":4854622,"geometry":{"type":"LineString","coordinates":[[-124.17813918382812,41.920541467998277],[-124.17822738401597,41.920733668044932],[-124.17849191810423,41.921024668059204],[-124.17857278444609,41.921145402166125]]},"properties":{"OBJECTID":4854622,"permanent_identifier":"113863642","fdate":1329768030000,"resolution":2,"gnis_id":null,"gnis_name":null,"lengthkm":0.076999999999999999,"reachcode":"18010101002643","flowdir":1,"wbarea_permanent_identifier":null,"ftype":460,"fcode":46006,"mainpath":0,"innetwork":1,"visibilityfilter":24000,"nhdplusid":50000400256893,"vpuid":"1801","streamleve":3,"streamorde":1,"streamcalc":1,"fromnode":50000400296771,"tonode":50000400162570,"hydroseq":50000400222990,"levelpathi":50000400150113,"pathlength":4.1113240199999996,"terminalpa":50000400005244,"arbolatesu":0.076999999999999999,"divergence":0,"startflag":1,"terminalfl":0,"uplevelpat":0,"uphydroseq":0,"dnlevel":3,"dnlevelpat":50000400150113,"dnhydroseq":50000400150113,"dnminorhyd":0,"dndraincou":1,"frommeas":0,"tomeas":100,"rtndiv":0,"thinner":null,"vpuin":0,"vpuout":0,"areasqkm":0.15879998000000001,"totdasqkm":0.15879998000000001,"divdasqkm":0.15879998000000001,"maxelevraw":340,"minelevraw":319,"maxelevsmo":340,"minelevsmo":319,"slope":0.031499990000000005,"slopelenkm":0.0066666699999999995,"elevfixed":null,"hwtype":0,"hwnodesqkm":0.15860000000000002,"statusflag":"A","qama":0.21908,"vama":0.61237898000000002,"qincrama":0.21908,"qbma":0.21908,"vbma":0.61237898000000002,"qincrbma":0.21908,"qcma":0.25708353,"vcma":0.61634335000000007,"qincrcma":0.25708353,"qdma":0.25708353,"vdma":0.61634335000000007,"qincrdma":0.25708353,"qema":0.25708353,"vema":0.61634335000000007,"qincrema":0.25708353,"qfma":0.25708353,"qincrfma":0.25708353,"arqnavma":0,"petma":0,"qlossma":0,"qgadjma":0,"qgnavma":0,"gageadjma":0,"avgqadjma":0,"gageidma":"0","gageqma":0,"Shape_Length":103.12700226580519}},{"type":"Feature","id":5314575,"geometry":{"type":"LineString","coordinates":[[-124.19612213169948,41.93651681413143],[-124.19612778300092,41.93653079312503],[-124.19613462367182,41.936544178046951]]},"properties":{"OBJECTID":5314575,"permanent_identifier":"{4FEF7478-A58A-47F5-853A-6AD50E2E2FBE}","fdate":1502064000000,"resolution":2,"gnis_id":null,"gnis_name":null,"lengthkm":0.0032313800000000003,"reachcode":"18010101002957","flowdir":1,"wbarea_permanent_identifier":"113864578","ftype":558,"fcode":55800,"mainpath":0,"innetwork":1,"visibilityfilter":0,"nhdplusid":50000400086153,"vpuid":"1801","streamleve":2,"streamorde":2,"streamcalc":2,"fromnode":50000400046696,"tonode":50000400069713,"hydroseq":50000400060598,"levelpathi":50000400051599,"pathlength":1.5491133500000001,"terminalpa":50000400005244,"arbolatesu":15.602747020000001,"divergence":0,"startflag":0,"terminalfl":0,"uplevelpat":50000400051599,"uphydroseq":50000400062829,"dnlevel":2,"dnlevelpat":50000400051599,"dnhydroseq":50000400057760,"dnminorhyd":0,"dndraincou":1,"frommeas":78.335517879999998,"tomeas":78.866653440000007,"rtndiv":0,"thinner":null,"vpuin":0,"vpuout":0,"areasqkm":0.0026000000000000003,"totdasqkm":12.637899970000001,"divdasqkm":12.637899970000001,"maxelevraw":-9998,"minelevraw":0,"maxelevsmo":0,"minelevsmo":0,"slope":1.0000000000000001e-05,"slopelenkm":0.0032313800000000003,"elevfixed":null,"hwtype":null,"hwnodesqkm":null,"statusflag":"A","qama":18.867820999999999,"vama":0.54072843000000004,"qincrama":0.0035100000000000001,"qbma":18.867820999999999,"vbma":0.54072843000000004,"qincrbma":0.0035100000000000001,"qcma":18.684613479999999,"vcma":0.54054488000000001,"qincrcma":0.0033435399999999999,"qdma":18.684613479999999,"vdma":0.54054488000000001,"qincrdma":0.0033435399999999999,"qema":18.684613479999999,"vema":0.54054488000000001,"qincrema":0.0033435399999999999,"qfma":18.684613479999999,"qincrfma":0.0033435399999999999,"arqnavma":0,"petma":0,"qlossma":0,"qgadjma":0,"qgnavma":0,"gageadjma":0,"avgqadjma":0,"gageidma":"0","gageqma":0,"Shape_Length":4.3273177127018156}},{"type":"Feature","id":5724527,"geometry":{"type":"LineString","coordinates":[[-124.13321191759324,41.878491601817807],[-124.13727138370095,41.879776202006624],[-124.14102433205727,41.880919557892213],[-124.14338475697592,41.88209976971909],[-124.14458400608358,41.882880233910456],[-124.14566903979276,41.884136589048623],[-124.14612589689513,41.884859944916514],[-124.14675407440028,41.885564265875956],[-124.14743935870635,41.886687370957766],[-124.14791525110957,41.887696263095478],[-124.14856246481389,41.889066832854617],[-124.14884799971684,41.889714045715884],[-124.149380998921,41.890894258932555],[-124.15151058376109,41.893269267757027],[-124.15380203782887,41.895241534096243],[-124.15523685305182,41.896440781673128],[-124.15635044061061,41.8969190543013],[-124.15708569370436,41.89726169616403],[-124.15784950064773,41.898011226728094],[-124.15884318377735,41.899417601766991],[-124.15937031788103,41.900676201853585],[-124.16026941290279,41.902277600688734],[-124.16051687720402,41.903191313136105],[-124.16069146837275,41.905099860280266]]},"properties":{"OBJECTID":5724527,"permanent_identifier":"113863778","fdate":1505174400000,"resolution":2,"gnis_id":"00253899","gnis_name":"Smith River","lengthkm":3.9579136500000001,"reachcode":"18010101002653","flowdir":1,"wbarea_permanent_identifier":"113864578","ftype":558,"fcode":55800,"mainpath":0,"innetwork":1,"visibilityfilter":0,"nhdplusid":50000400000002,"vpuid":"1801","streamleve":1,"streamorde":8,"streamcalc":8,"fromnode":50000400000002,"tonode":50000400092843,"hydroseq":50000400005311,"levelpathi":50000400005244,"pathlength":7.7054821200000001,"terminalpa":50000400005244,"arbolatesu":6850.38310852,"divergence":0,"startflag":0,"terminalfl":0,"uplevelpat":50000400005244,"uphydroseq":50000400005319,"dnlevel":1,"dnlevelpat":50000400005244,"dnhydroseq":50000400005300,"dnminorhyd":0,"dndraincou":1,"frommeas":1.8764300300000001,"tomeas":100,"rtndiv":0,"thinner":null,"vpuin":0,"vpuout":0,"areasqkm":5.2854000800000005,"totdasqkm":1726.29790478,"divdasqkm":1726.29790478,"maxelevraw":-9998,"minelevraw":334,"maxelevsmo":706,"minelevsmo":515,"slope":0.00048258000000000003,"slopelenkm":3.9579136500000001,"elevfixed":null,"hwtype":null,"hwnodesqkm":null,"statusflag":"A","qama":4196.115127,"vama":1.6937558799999999,"qincrama":7.8300450000000001,"qbma":4196.115127,"vbma":1.6937558799999999,"qincrbma":7.8300450000000001,"qcma":4196.115127,"vcma":1.6937558799999999,"qincrcma":7.6733501200000003,"qdma":4196.115127,"vdma":1.6937558799999999,"qincrdma":7.6733501200000003,"qema":4819.5611915899999,"vema":1.7093877500000001,"qincrema":7.6733501200000003,"qfma":4819.5611915899999,"qincrfma":7.6733501200000003,"arqnavma":0,"petma":0,"qlossma":0,"qgadjma":0,"qgnavma":0,"gageadjma":1,"avgqadjma":0,"gageidma":"0","gageqma":0,"Shape_Length":5312.5932205899726}},{"type":"Feature","id":5812772,"geometry":{"type":"LineString","coordinates":[[-124.19630838389892,41.940726402232016],[-124.19770489855142,41.942182695742041],[-124.19961737585867,41.943818472789467],[-124.20050118424928,41.944216802234024]]},"properties":{"OBJECTID":5812772,"permanent_identifier":"{33057EE9-573E-45D9-8B4C-E124FF103476}","fdate":1419897600000,"resolution":2,"gnis_id":null,"gnis_name":null,"lengthkm":0.52614543000000003,"reachcode":"18010101026973","flowdir":1,"wbarea_permanent_identifier":"113864578","ftype":558,"fcode":55800,"mainpath":0,"innetwork":1,"visibilityfilter":250000,"nhdplusid":50000400086152,"vpuid":"1801","streamleve":2,"streamorde":2,"streamcalc":2,"fromnode":50000400046695,"tonode":50000400023594,"hydroseq":50000400051599,"levelpathi":50000400051599,"pathlength":0.54590915000000007,"terminalpa":50000400005244,"arbolatesu":17.247191479999998,"divergence":0,"startflag":0,"terminalfl":0,"uplevelpat":50000400051599,"uphydroseq":50000400053767,"dnlevel":1,"dnlevelpat":50000400005244,"dnhydroseq":50000400005244,"dnminorhyd":0,"dndraincou":1,"frommeas":0,"tomeas":100,"rtndiv":0,"thinner":null,"vpuin":0,"vpuout":0,"areasqkm":0.88509998000000001,"totdasqkm":15.037499949999999,"divdasqkm":15.037499949999999,"maxelevraw":-9998,"minelevraw":-1,"maxelevsmo":0,"minelevsmo":0,"slope":1.0000000000000001e-05,"slopelenkm":0.52614543000000003,"elevfixed":null,"hwtype":null,"hwnodesqkm":null,"statusflag":"A","qama":22.276574999999998,"vama":0.55004382000000007,"qincrama":1.2575690000000002,"qbma":22.276574999999998,"vbma":0.55004382000000007,"qincrbma":1.2575690000000002,"qcma":21.921156759999999,"vcma":0.54972922000000013,"qincrcma":0.94319857000000007,"qdma":21.921156759999999,"vdma":0.54972922000000013,"qincrdma":0.94319857000000007,"qema":21.921156759999999,"vema":0.54972922000000013,"qincrema":0.94319857000000007,"qfma":21.921156759999999,"qincrfma":0.94319857000000007,"arqnavma":0,"petma":0,"qlossma":0,"qgadjma":0,"qgnavma":0,"gageadjma":0,"avgqadjma":0,"gageidma":"0","gageqma":0,"Shape_Length":707.1803520273927}},{"type":"Feature","id":5892042,"geometry":{"type":"LineString","coordinates":[[-124.17634049971116,41.903661504127697],[-124.17644768579252,41.903615725884173],[-124.17674389807097,41.903576493762969]]},"properties":{"OBJECTID":5892042,"permanent_identifier":"{4BB4F9F0-3067-43C8-B288-6B76BBF0D3DE}","fdate":1502064000000,"resolution":2,"gnis_id":null,"gnis_name":null,"lengthkm":0.035001110000000002,"reachcode":"18010101002646","flowdir":1,"wbarea_permanent_identifier":"113863348","ftype":558,"fcode":55800,"mainpath":0,"innetwork":1,"visibilityfilter":1000000,"nhdplusid":50000400214252,"vpuid":"1801","streamleve":3,"streamorde":1,"streamcalc":1,"fromnode":50000400116081,"tonode":50000400069742,"hydroseq":50000400130926,"levelpathi":50000400130926,"pathlength":6.7941119099999998,"terminalpa":50000400005244,"arbolatesu":0.31612924999999997,"divergence":0,"startflag":0,"terminalfl":0,"uplevelpat":50000400130926,"uphydroseq":50000400166072,"dnlevel":2,"dnlevelpat":50000400063184,"dnhydroseq":50000400086077,"dnminorhyd":0,"dndraincou":1,"frommeas":88.920867920000006,"tomeas":90.147880550000011,"rtndiv":0,"thinner":null,"vpuin":0,"vpuout":0,"areasqkm":0.0035000000000000001,"totdasqkm":0.78769996000000009,"divdasqkm":0.78769996000000009,"maxelevraw":-9998,"minelevraw":404,"maxelevsmo":404,"minelevsmo":404,"slope":1.0000000000000001e-05,"slopelenkm":0.035001110000000002,"elevfixed":null,"hwtype":null,"hwnodesqkm":null,"statusflag":"A","qama":1.106665,"vama":-9998,"qincrama":0.0048790000000000005,"qbma":1.106665,"vbma":-9998,"qincrbma":0.0048790000000000005,"qcma":1.2209405200000001,"vcma":-9998,"qincrcma":0.0051782100000000008,"qdma":1.2209405200000001,"vdma":-9998,"qincrdma":0.0051782100000000008,"qema":1.2209405200000001,"vema":-9998,"qincrema":0.0051782100000000008,"qfma":1.2209405200000001,"qincrfma":0.0051782100000000008,"arqnavma":0,"petma":0,"qlossma":0,"qgadjma":0,"qgnavma":0,"gageadjma":0,"avgqadjma":0,"gageidma":"0","gageqma":0,"Shape_Length":47.249115979113348}},{"type":"Feature","id":6099478,"geometry":{"type":"LineString","coordinates":[[-124.18381358366145,41.931900467997657],[-124.18390931801959,41.931927867976725],[-124.18406358390668,41.931900401836742],[-124.18434298421455,41.931735801895101],[-124.18450478427197,41.931604068306015],[-124.1845929835615,41.931499667778183],[-124.18470318438899,41.93139540207558]]},"properties":{"OBJECTID":6099478,"permanent_identifier":"{5C5F6AF1-2319-4550-A3BF-689902962ECB}","fdate":1502064000000,"resolution":2,"gnis_id":"00231633","gnis_name":"Ritmer Creek","lengthkm":0.099396330000000005,"reachcode":"18010101000286","flowdir":1,"wbarea_permanent_identifier":null,"ftype":460,"fcode":46006,"mainpath":0,"innetwork":1,"visibilityfilter":0,"nhdplusid":50000400000568,"vpuid":"1801","streamleve":2,"streamorde":2,"streamcalc":2,"fromnode":50000400000287,"tonode":50000400092809,"hydroseq":50000400122430,"levelpathi":50000400051599,"pathlength":2.7119746299999998,"terminalpa":50000400005244,"arbolatesu":7.21106654,"divergence":0,"startflag":0,"terminalfl":0,"uplevelpat":50000400051599,"uphydroseq":50000400125267,"dnlevel":2,"dnlevelpat":50000400051599,"dnhydroseq":50000400102336,"dnminorhyd":0,"dndraincou":1,"frommeas":0.47494000000000003,"tomeas":2.1642599100000002,"rtndiv":0,"thinner":null,"vpuin":0,"vpuout":0,"areasqkm":0.010700000000000001,"totdasqkm":4.63060004,"divdasqkm":4.63060004,"maxelevraw":-9998,"minelevraw":275,"maxelevsmo":310,"minelevsmo":281,"slope":0.0029176100000000002,"slopelenkm":0.099396330000000005,"elevfixed":null,"hwtype":null,"hwnodesqkm":null,"statusflag":"A","qama":7.5074050000000003,"vama":0.76629586999999999,"qincrama":0.014522,"qbma":7.5074050000000003,"vbma":0.76629586999999999,"qincrbma":0.014522,"qcma":7.7001138400000002,"vcma":0.76723688999999995,"qincrcma":-0.15631457999999998,"qdma":7.7001138400000002,"vdma":0.76723688999999995,"qincrdma":-0.15631457999999998,"qema":7.7001138400000002,"vema":0.76723688999999995,"qincrema":-0.15631457999999998,"qfma":7.7001138400000002,"qincrfma":-0.15631457999999998,"arqnavma":0,"petma":0,"qlossma":0,"qgadjma":0,"qgnavma":0,"gageadjma":0,"avgqadjma":0,"gageidma":"0","gageqma":0,"Shape_Length":133.74979952656011}},{"type":"Feature","id":6136155,"geometry":{"type":"LineString","coordinates":[[-124.19653814330417,41.907931981154441],[-124.1970002807038,41.908298504998378],[-124.19733340475723,41.908679217743725],[-124.19783309263403,41.909083727269454],[-124.19809483296173,41.90984515516292],[-124.198023449236,41.910440019169386],[-124.19783309263403,41.91108247492101],[-124.19752376225749,41.91170113416247],[-124.19688130782755,41.912058054084874],[-124.19666925062327,41.912364277901609]]},"properties":{"OBJECTID":6136155,"permanent_identifier":"{D2356C10-F255-4360-B366-C8C2AD57DB7B}","fdate":1502064000000,"resolution":2,"gnis_id":null,"gnis_name":null,"lengthkm":0.57453595000000002,"reachcode":"18010101002646","flowdir":1,"wbarea_permanent_identifier":null,"ftype":460,"fcode":46006,"mainpath":0,"innetwork":1,"visibilityfilter":1000000,"nhdplusid":50000400299810,"vpuid":"1801","streamleve":2,"streamorde":2,"streamcalc":2,"fromnode":50000400162524,"tonode":50000400069711,"hydroseq":50000400064787,"levelpathi":50000400063184,"pathlength":4.3306003300000002,"terminalpa":50000400005244,"arbolatesu":14.29580689,"divergence":0,"startflag":0,"terminalfl":0,"uplevelpat":50000400063184,"uphydroseq":50000400070233,"dnlevel":2,"dnlevelpat":50000400063184,"dnhydroseq":50000400063184,"dnminorhyd":0,"dndraincou":1,"frommeas":2.8982698899999999,"tomeas":22.840900420000001,"rtndiv":0,"thinner":null,"vpuin":0,"vpuout":0,"areasqkm":0.58949999000000008,"totdasqkm":14.827599970000001,"divdasqkm":14.827599970000001,"maxelevraw":-9998,"minelevraw":224,"maxelevsmo":399,"minelevsmo":399,"slope":1.0000000000000001e-05,"slopelenkm":0.57453595000000002,"elevfixed":null,"hwtype":null,"hwnodesqkm":null,"statusflag":"A","qama":21.280032000000002,"vama":0.54864678999999994,"qincrama":0.80146899999999999,"qbma":21.280032000000002,"vbma":0.54864678999999994,"qincrbma":0.80146899999999999,"qcma":20.977049940000001,"vcma":0.54836788999999997,"qincrcma":0.76051667000000012,"qdma":20.977049940000001,"vdma":0.54836788999999997,"qincrdma":0.76051667000000012,"qema":20.977049940000001,"vema":0.54836788999999997,"qincrema":0.76051667000000012,"qfma":20.977049940000001,"qincrfma":0.76051667000000012,"arqnavma":0,"petma":0,"qlossma":0,"qgadjma":0,"qgnavma":0,"gageadjma":0,"avgqadjma":0,"gageidma":"0","gageqma":0,"Shape_Length":770.16347639412913}},{"type":"Feature","id":6281177,"geometry":{"type":"LineString","coordinates":[[-124.16666591808735,41.89182760180379],[-124.16710678427933,41.891547668315809],[-124.1675919176519,41.891119467979259],[-124.16774631828631,41.890927402112432],[-124.16811371755939,41.890603467951422],[-124.1684149837596,41.890416868043374],[-124.16868691816914,41.890208267748932],[-124.16931158415987,41.889835202169131],[-124.16959818356642,41.889725467693744],[-124.17003898418139,41.889582801827274],[-124.17018598359616,41.889549867932821],[-124.17027411820699,41.889538867895922],[-124.17047251832402,41.889478468304013],[-124.17062691806012,41.88945660195111],[-124.17093551810629,41.889451201901061],[-124.17109711783939,41.889495067681622],[-124.17126598404479,41.889583001779187],[-124.17150851839176,41.889616001861405],[-124.17167751844613,41.889621468102327],[-124.17194191778709,41.889588601770043],[-124.17203758387328,41.88953920226389],[-124.17213318438245,41.889462268157963],[-124.17225071815757,41.88940740229539],[-124.17265491781461,41.889094602314564],[-124.17284591761032,41.889012268254788],[-124.1732867182253,41.888902468166478],[-124.173668918141,41.888886067920225],[-124.17390398389469,41.888831202231515]]},"properties":{"OBJECTID":6281177,"permanent_identifier":"113863744","fdate":1329767968000,"resolution":2,"gnis_id":null,"gnis_name":null,"lengthkm":1.8679999999999999,"reachcode":"18010101002651","flowdir":1,"wbarea_permanent_identifier":null,"ftype":460,"fcode":46003,"mainpath":0,"innetwork":1,"visibilityfilter":100000,"nhdplusid":50000400171245,"vpuid":"1801","streamleve":3,"streamorde":1,"streamcalc":1,"fromnode":50000400259478,"tonode":50000400162567,"hydroseq":50000400259911,"levelpathi":50000400259911,"pathlength":9.4166536400000016,"terminalpa":50000400005244,"arbolatesu":1.8679999999999999,"divergence":0,"startflag":1,"terminalfl":0,"uplevelpat":0,"uphydroseq":0,"dnlevel":2,"dnlevelpat":50000400063184,"dnhydroseq":50000400089718,"dnminorhyd":0,"dndraincou":1,"frommeas":0,"tomeas":100,"rtndiv":0,"thinner":null,"vpuin":0,"vpuout":0,"areasqkm":1.0670000099999999,"totdasqkm":1.0670000099999999,"divdasqkm":1.0670000099999999,"maxelevraw":400,"minelevraw":383,"maxelevsmo":404,"minelevsmo":404,"slope":1.0000000000000001e-05,"slopelenkm":1.768,"elevfixed":null,"hwtype":0,"hwnodesqkm":0.06720000000000001,"statusflag":"A","qama":1.524346,"vama":0.43959190999999997,"qincrama":1.524346,"qbma":1.524346,"vbma":0.43959190999999997,"qincrbma":1.524346,"qcma":1.66136393,"vcma":0.44050981,"qincrcma":1.66136393,"qdma":1.66136393,"vdma":0.44050981,"qincrdma":1.66136393,"qema":1.66136393,"vema":0.44050981,"qincrema":1.66136393,"qfma":1.66136393,"qincrfma":1.66136393,"arqnavma":0,"petma":0,"qlossma":0,"qgadjma":0,"qgnavma":0,"gageadjma":0,"avgqadjma":0,"gageidma":"0","gageqma":0,"Shape_Length":987.06278666459309}},{"type":"Feature","id":6579380,"geometry":{"type":"LineString","coordinates":[[-124.16002631800714,41.939347001674378],[-124.16018078421857,41.939231802094646],[-124.16032051805931,41.938973802232219],[-124.16037211818754,41.938825468310242],[-124.16040891767317,41.938540067672463],[-124.16041638357149,41.938347867810478],[-124.16035031787224,41.938084402280261],[-124.16023278409709,41.937777002178308],[-124.16018871813914,41.937546402014327],[-124.16015938365355,41.937480468082619],[-124.16016678397487,41.937310268025634],[-124.16022578442441,41.936964467844255],[-124.16021851795206,41.936788802202948],[-124.16019638436178,41.936673467694646],[-124.15974818432382,41.936069468012001],[-124.15969678362158,41.936009068330577],[-124.15953511831147,41.935877268054817],[-124.15931458370585,41.935646602215257],[-124.1592411176853,41.93554240209788],[-124.15904271756827,41.935355668224062]]},"properties":{"OBJECTID":6579380,"permanent_identifier":"113863644","fdate":1329768091000,"resolution":2,"gnis_id":"00222248","gnis_name":"Delilah Creek","lengthkm":0.48600000000000004,"reachcode":"18010101000756","flowdir":1,"wbarea_permanent_identifier":null,"ftype":460,"fcode":46003,"mainpath":0,"innetwork":1,"visibilityfilter":250000,"nhdplusid":50000400043558,"vpuid":"1801","streamleve":3,"streamorde":1,"streamcalc":1,"fromnode":50000400204052,"tonode":50000400023663,"hydroseq":50000400314743,"levelpathi":50000400128146,"pathlength":5.8539746300000006,"terminalpa":50000400005244,"arbolatesu":0.48600000000000004,"divergence":0,"startflag":1,"terminalfl":0,"uplevelpat":0,"uphydroseq":0,"dnlevel":3,"dnlevelpat":50000400128146,"dnhydroseq":50000400181594,"dnminorhyd":0,"dndraincou":1,"frommeas":86.664520260000003,"tomeas":100,"rtndiv":0,"thinner":null,"vpuin":0,"vpuout":0,"areasqkm":0.3533,"totdasqkm":0.3533,"divdasqkm":0.3533,"maxelevraw":5147,"minelevraw":2452,"maxelevsmo":5147,"minelevsmo":2452,"slope":0.069818649999999996,"slopelenkm":0.38600000000000001,"elevfixed":null,"hwtype":0,"hwnodesqkm":0.25480000000000003,"statusflag":"A","qama":0.544323,"vama":0.72669335000000002,"qincrama":0.544323,"qbma":0.544323,"vbma":0.72669335000000002,"qincrbma":0.544323,"qcma":0.61698255999999996,"vcma":0.73096033000000005,"qincrcma":0.61698255999999996,"qdma":0.61698255999999996,"vdma":0.73096033000000005,"qincrdma":0.61698255999999996,"qema":0.61698255999999996,"vema":0.73096033000000005,"qincrema":0.61698255999999996,"qfma":0.61698255999999996,"qincrfma":0.61698255999999996,"arqnavma":0,"petma":0,"qlossma":0,"qgadjma":0,"qgnavma":0,"gageadjma":0,"avgqadjma":0,"gageidma":"0","gageqma":0,"Shape_Length":651.37285778587307}},{"type":"Feature","id":6693785,"geometry":{"type":"LineString","coordinates":[[-124.18618111784723,41.921870467734216],[-124.18642358392219,41.922178001980036],[-124.18651918443136,41.922331668288237],[-124.18685731838917,41.922842201861492]]},"properties":{"OBJECTID":6693785,"permanent_identifier":"113863640","fdate":1329767991000,"resolution":2,"gnis_id":null,"gnis_name":null,"lengthkm":0.076999999999999999,"reachcode":"18010101002642","flowdir":1,"wbarea_permanent_identifier":null,"ftype":460,"fcode":46006,"mainpath":0,"innetwork":1,"visibilityfilter":0,"nhdplusid":50000400043399,"vpuid":"1801","streamleve":3,"streamorde":1,"streamcalc":1,"fromnode":50000400204006,"tonode":50000400116052,"hydroseq":50000400314788,"levelpathi":50000400160780,"pathlength":3.9947552399999999,"terminalpa":50000400005244,"arbolatesu":0.076999999999999999,"divergence":0,"startflag":1,"terminalfl":0,"uplevelpat":0,"uphydroseq":0,"dnlevel":3,"dnlevelpat":50000400160780,"dnhydroseq":50000400160780,"dnminorhyd":0,"dndraincou":1,"frommeas":0,"tomeas":100,"rtndiv":0,"thinner":null,"vpuin":0,"vpuout":0,"areasqkm":0.33730001999999998,"totdasqkm":0.33730001999999998,"divdasqkm":0.33730001999999998,"maxelevraw":273,"minelevraw":210,"maxelevsmo":273,"minelevsmo":210,"slope":0.094499949999999999,"slopelenkm":0.0066666699999999995,"elevfixed":null,"hwtype":0,"hwnodesqkm":0.3342,"statusflag":"A","qama":0.46350400000000003,"vama":0.73866426000000007,"qincrama":0.46350400000000003,"qbma":0.46350400000000003,"vbma":0.73866426000000007,"qincrbma":0.46350400000000003,"qcma":0.52860164000000009,"vcma":0.74326895000000004,"qincrcma":0.52860164000000009,"qdma":0.52860164000000009,"vdma":0.74326895000000004,"qincrdma":0.52860164000000009,"qema":0.52860164000000009,"vema":0.74326895000000004,"qincrema":0.52860164000000009,"qfma":0.52860164000000009,"qincrfma":0.52860164000000009,"arqnavma":0,"petma":0,"qlossma":0,"qgadjma":0,"qgnavma":0,"gageadjma":0,"avgqadjma":0,"gageidma":"0","gageqma":0,"Shape_Length":163.83108841810878}},{"type":"Feature","id":6702844,"geometry":{"type":"LineString","coordinates":[[-124.17674389807097,41.903576493762969],[-124.17708919609314,41.903682239715586]]},"properties":{"OBJECTID":6702844,"permanent_identifier":"{8980E3CD-092E-466E-83DD-06CB2E4D76AF}","fdate":1502064000000,"resolution":2,"gnis_id":null,"gnis_name":null,"lengthkm":0.030807540000000001,"reachcode":"18010101002646","flowdir":1,"wbarea_permanent_identifier":null,"ftype":460,"fcode":46006,"mainpath":0,"innetwork":1,"visibilityfilter":1000000,"nhdplusid":50000400128792,"vpuid":"1801","streamleve":2,"streamorde":2,"streamcalc":2,"fromnode":50000400069742,"tonode":50000400092806,"hydroseq":50000400086077,"levelpathi":50000400063184,"pathlength":6.7633043700000002,"terminalpa":50000400005244,"arbolatesu":11.863102849999999,"divergence":0,"startflag":0,"terminalfl":0,"uplevelpat":50000400063184,"uphydroseq":50000400089718,"dnlevel":2,"dnlevelpat":50000400063184,"dnhydroseq":50000400079168,"dnminorhyd":0,"dndraincou":1,"frommeas":87.841690060000005,"tomeas":88.920867920000006,"rtndiv":0,"thinner":null,"vpuin":0,"vpuout":0,"areasqkm":0.00090000000000000008,"totdasqkm":11.938000000000001,"divdasqkm":11.938000000000001,"maxelevraw":-9998,"minelevraw":404,"maxelevsmo":404,"minelevsmo":404,"slope":1.0000000000000001e-05,"slopelenkm":0.030807540000000001,"elevfixed":null,"hwtype":null,"hwnodesqkm":null,"statusflag":"A","qama":17.308043000000001,"vama":0.53716326000000003,"qincrama":0.0012510000000000002,"qbma":17.308043000000001,"vbma":0.53716326000000003,"qincrbma":0.0012510000000000002,"qcma":17.19640725,"vcma":0.53704338000000007,"qincrcma":-0.16077869,"qdma":17.19640725,"vdma":0.53704338000000007,"qincrdma":-0.16077869,"qema":17.19640725,"vema":0.53704338000000007,"qincrema":-0.16077869,"qfma":17.19640725,"qincrfma":-0.16077869,"arqnavma":0,"petma":0,"qlossma":0,"qgadjma":0,"qgnavma":0,"gageadjma":0,"avgqadjma":0,"gageidma":"0","gageqma":0,"Shape_Length":41.565201072403184}},{"type":"Feature","id":7136177,"geometry":{"type":"LineString","coordinates":[[-124.20376538441234,41.936644401820715],[-124.20387138381923,41.935522667881337],[-124.20395958400708,41.93532500194361],[-124.20404031829663,41.934962668265634],[-124.20407711778222,41.934858402209485],[-124.20417991828839,41.934380667750496],[-124.20420191802971,41.934232468159202],[-124.20429731821457,41.93375486801245],[-124.20437078423512,41.933502402035522],[-124.20446631826898,41.933255267918852],[-124.20451031775158,41.932805068076433],[-124.20458371819514,41.932409802279444],[-124.20457631787383,41.93216280226531],[-124.20457618402487,41.931932201850408],[-124.20456151812951,41.931729068163975],[-124.20456871812651,41.931657668249436],[-124.20465698389138,41.931558868129159],[-124.20465691831437,41.931432602182738],[-124.20470098427231,41.931311868161401],[-124.204686318377,41.931180068203403],[-124.20466418388838,41.931092202081757],[-124.20468618362969,41.930867202186747],[-124.20466398356409,41.930647602074593],[-124.20471538426632,41.930488267833624],[-124.20475951759792,41.930279668125543],[-124.20479618413289,41.929890001848456],[-124.20481811829717,41.929747201832221],[-124.20481818387418,41.929582468017571],[-124.20484018361547,41.929478201854437],[-124.20489891816371,41.929335402253024],[-124.20495771828895,41.929214668272166],[-124.20497238418429,41.929088268031066],[-124.20492818437737,41.928890802031034],[-124.20488391809511,41.928572401730612],[-124.20483978386518,41.928330802332979],[-124.20486918392781,41.928061801729093],[-124.20495731764034,41.92788060181887],[-124.20497198443398,41.927776268045534],[-124.20490578398743,41.927578602161468],[-124.20481751822255,41.927457868197401],[-124.2047219177134,41.927414001761257],[-124.20456018413131,41.927408467911441],[-124.20447938426477,41.92740306772906],[-124.20443518355954,41.927381067996137],[-124.2044205176642,41.927271267714893],[-124.20441311824119,41.927013268256957],[-124.2044277176612,41.92685406796415],[-124.20441298439223,41.926755267755652],[-124.20442758381225,41.926574068144483],[-124.20444971830084,41.926425867792254],[-124.20445691829786,41.926217202000238],[-124.20445691829786,41.926085467708191],[-124.20442738438625,41.925937268226008],[-124.20442738438625,41.925794601721485],[-124.20440531816961,41.925613402055248],[-124.20439058400231,41.925355401908064],[-124.2043683839367,41.925146667783672],[-124.20431691765742,41.92482840185221],[-124.20426538400453,41.924625268268919],[-124.20422858362059,41.924504401725564],[-124.20420651830227,41.924400202120268],[-124.20420638355499,41.924323267905713],[-124.20419171765965,41.924240868316154],[-124.20419171765965,41.924054267781585],[-124.20423578361762,41.923845667754335],[-124.20430178373984,41.923521802328651],[-124.20430911758582,41.92342846832738],[-124.20433111822545,41.923324067787107],[-124.20432378437947,41.923165001991002],[-124.20429431784152,41.922912401863364],[-124.20428698399554,41.922835467859962],[-124.20430158431384,41.922632402122872],[-124.20427951809722,41.922418267843142],[-124.2042427177133,41.922270067863359],[-124.20424991771029,41.922121868207775],[-124.2042425182873,41.922017601882317],[-124.20430871783553,41.92189666823819],[-124.2043747844331,41.921726468037747],[-124.20443358366001,41.921545401860875],[-124.20445558429964,41.921408068075046],[-124.20449218435925,41.92119400187417],[-124.20453631769085,41.921012868014152],[-124.20459498396711,41.920809668142248],[-124.20466098408936,41.920667002203444],[-124.20469771799796,41.920535267814664],[-124.20471251774225,41.920408867755896],[-124.2047197842146,41.920271667880478],[-124.20472698421159,41.9201564017634],[-124.20466818408634,41.919898402276075],[-124.20466078376505,41.919777667814976],[-124.20463138370245,41.919689802030497],[-124.20461671780708,41.91951960195945],[-124.2046093183841,41.919442667875877],[-124.20460191806279,41.919338468025472],[-124.20459451774148,41.919201201679755],[-124.20460178421381,41.919058467975873],[-124.20460171773848,41.918904668120511],[-124.2046311178011,41.918652202192732],[-124.20464578369644,41.918504002155721],[-124.20466778433604,41.918152602131265],[-124.20466758401176,41.917779267982787],[-124.20471158439268,41.917554201749923],[-124.20472618381267,41.917389467868553],[-124.20473358413398,41.917307201703572],[-124.20473358413398,41.917197402133766],[-124.20474831830127,41.91702166801749],[-124.2047775836166,41.91692840204847],[-124.20480698367921,41.91685700228021],[-124.20486571822745,41.916681267895058],[-124.20487298380148,41.916648267760714],[-124.2049245183527,41.916406801686399],[-124.20494651809399,41.916231068066935],[-124.20494651809399,41.916148801745649],[-124.20495371809098,41.915912668090996],[-124.20496838398631,41.915748002166154],[-124.2049757178323,41.915599802069494],[-124.20502718411156,41.9154240682333],[-124.20506378417117,41.915264867767817],[-124.20510791840108,41.91521000201265],[-124.20514458403774,41.915078202212811],[-124.20517398410034,41.915045268096478],[-124.20525471838987,41.91472126776047],[-124.2052767837082,41.914611467752536],[-124.20535751799773,41.91424920225829],[-124.20537951773905,41.914122867960586],[-124.205423583697,41.914013068260147],[-124.20548231824522,41.913908802055019],[-124.20552638420314,41.913766001698619],[-124.20554838394443,41.913590401857881],[-124.20555571779045,41.913414667836825],[-124.20555571779045,41.913206067789254],[-124.20557758368277,41.912937068261662],[-124.20560691816836,41.912657068202833],[-124.20561431759138,41.912503401994911],[-124.20559938399809,41.912393602182512],[-124.20557751810574,41.912333202144318],[-124.20554798419415,41.912228867682138],[-124.20554798419415,41.912108202273735],[-124.20560671784405,41.911998268081376],[-124.20565091765097,41.911844602292923],[-124.205650718225,41.911734668315091],[-124.205650718225,41.911685402258136],[-124.20562118431339,41.911520667935513],[-124.2056139843164,41.911416401669896],[-124.20562858373641,41.911372468050608],[-124.20564331790368,41.911284602058409],[-124.205657983799,41.911152802174733],[-124.205657983799,41.911004602104263],[-124.20565051790066,41.910922268211721],[-124.20561378399209,41.910834467782571],[-124.20556958418517,41.910763067882094],[-124.20555491828983,41.910680668163565],[-124.20554758444388,41.910636802226442],[-124.20559158392646,41.91047760185338],[-124.20564298373037,41.910285467853463],[-124.20568711796031,41.910104268268071],[-124.20575311808255,41.909747402267818],[-124.20576778397789,41.909676001819911],[-124.20579711756515,41.909560667762982],[-124.20584851826742,41.909280801975164],[-124.2058631176874,41.909149001965339],[-124.20589251775003,41.90900626784137],[-124.20588511832703,41.908940402016533],[-124.20590711806835,41.908770202025067],[-124.20594378370498,41.908572467902928],[-124.20595111755094,41.908424402234893],[-124.20595098370197,41.908363868075796],[-124.20597311819057,41.907996067690576],[-124.20597298434159,41.907924667958035],[-124.20598771761058,41.907793002199966],[-124.20601711767318,41.907727068268734],[-124.20606111805412,41.907535002204646],[-124.20609038426777,41.907342801852735],[-124.20611238400907,41.907276868125102],[-124.20611978433038,41.907156202046941],[-124.20611971785503,41.906914601784798],[-124.20617098381,41.906656602250891],[-124.20617091823298,41.90648640218761],[-124.20627378431617,41.906184402225712],[-124.20631778379877,41.905975801949651],[-124.20633991828738,41.905871467793474],[-124.20634718386142,41.905794602165571],[-124.20634711828438,41.905673802246696],[-124.20631771822177,41.905542068332458],[-124.20636911802571,41.905377401727449],[-124.20641318398363,41.905212602320461],[-124.20642051782961,41.905141267669308],[-124.20641311840663,41.905048001723046],[-124.20637618417371,41.904850268106401],[-124.20639818391503,41.904713068212644],[-124.20641298365935,41.904592268253147],[-124.20644218429595,41.9044770018983],[-124.20645698404027,41.90431226769396],[-124.20645691756492,41.904197002170811],[-124.20647151788326,41.904098202316739],[-124.20647151788326,41.903790802249141],[-124.20649351762457,41.903686401675017],[-124.20650078409689,41.903598601991213],[-124.20650071762157,41.903401002284099],[-124.20650078409689,41.903230802233558],[-124.2064859843526,41.903022201667554],[-124.20647851755594,41.902874002110998],[-124.20647851755594,41.902758602277608],[-124.20648578402829,41.902528068087967],[-124.20650038434658,41.902341402058958],[-124.20652978440921,41.902242602007988],[-124.20655171767517,41.902187668228272],[-124.20658838421014,41.902028468180163],[-124.20662511811875,41.901880268322948],[-124.20663238369275,41.901808867768196],[-124.20666911760134,41.901594802021208],[-124.20667638407367,41.901386202127966],[-124.20666171817834,41.901232401810567],[-124.20664691843405,41.901111668144765],[-124.20659538388283,41.900952468088455],[-124.2065659182432,41.900782268197311],[-124.2065659182432,41.900573668324171],[-124.20658791798451,41.90042000177997],[-124.2066099177258,41.900343068075777],[-124.20662458362114,41.900194868318643],[-124.20662451804411,41.899914867865753],[-124.20662451804411,41.899788602150117],[-124.20662438419514,41.899552468150304],[-124.20663898361514,41.89938240226607],[-124.20665371778244,41.899206667912445],[-124.20669771816337,41.899091401864759],[-124.20683718430617,41.898624668194003],[-124.2069253180187,41.89832826771476],[-124.20694731776,41.898075668244068],[-124.20696198365533,41.898004401845171],[-124.20697651839663,41.897707868100206],[-124.20700578371195,41.89755420201498],[-124.20703518377458,41.897455401912147],[-124.20702778435158,41.89730160215715],[-124.20707178383419,41.897005202223681],[-124.20708651800147,41.896950267950281],[-124.20710838389381,41.896736068231569],[-124.20713778395644,41.896560467683393],[-124.20713778395644,41.896456201724973],[-124.20714511780241,41.896275001671775],[-124.20715238427474,41.895989468186038],[-124.20715971812072,41.895912668227403],[-124.2072109840757,41.895654602170715],[-124.20726238387961,41.895407602304232],[-124.20731378368353,41.895220867984406],[-124.20742391803569,41.894853068116284],[-124.20748998373496,41.894688268293663],[-124.20752658379455,41.894507202310805],[-124.20757058417547,41.894304067840608],[-124.20761471840538,41.894172267673198],[-124.20767331820632,41.893809868135484],[-124.20770998384297,41.893606802329003],[-124.20771731768893,41.893431201869973],[-124.20774658390256,41.893206002311189],[-124.20774658390256,41.893118202259757],[-124.20776851806687,41.892871068205814],[-124.2078051837035,41.892777801723661],[-124.20786398382874,41.892503268180242],[-124.20792998395099,41.89220680184328],[-124.20817218412461,41.891191202139346],[-124.20820138386294,41.891009868116711],[-124.2082087177089,41.890839802220505],[-124.20823071834856,41.890686068118654],[-124.20823071834856,41.890570802073192],[-124.20828198430348,41.890400601931368],[-124.20831138436611,41.890257801820823],[-124.20833338410741,41.890142601875532],[-124.20837011801601,41.890032801723827],[-124.20839951807865,41.889807602220586],[-124.20843611813825,41.889654002056481],[-124.20847278377488,41.88952766790505],[-124.20850951768348,41.889395867912704],[-124.2085389177461,41.889269602130831],[-124.20854618421845,41.889170801918247],[-124.20857538395676,41.88898960192725],[-124.20857551780574,41.888934801864124],[-124.20865618382329,41.888599868099831],[-124.20873691811283,41.888308868055795],[-124.20877358374948,41.888111267849773],[-124.20878091759543,41.888029002072798],[-124.20877351817245,41.887908201983016],[-124.20878811759243,41.887732468156997],[-124.20880278438608,41.887650201892235],[-124.2088247841274,41.887600802224654],[-124.2088909180986,41.887403068083131],[-124.20891291783992,41.887331668061186],[-124.20894958437489,41.887238402184778],[-124.20896418379488,41.887150468203664],[-124.20897891796216,41.887062667853819],[-124.20899358385749,41.886985802323004],[-124.20900078385449,41.886596002100916],[-124.20903018391709,41.886442267817515],[-124.20908151814402,41.886299601975303],[-124.2091621841616,41.885992201833268],[-124.20920631839148,41.885810867765507],[-124.20923551812982,41.88570120194899],[-124.20925758434643,41.885607801943245],[-124.20931631799635,41.885399201995945],[-124.20938971843991,41.885218002007683],[-124.20949251804777,41.885036867715016],[-124.20960258412796,41.884866602001495],[-124.2096833839945,41.884723802227406],[-124.20971271758178,41.884641467884791],[-124.20972011790307,41.884608467908095],[-124.20976418386104,41.884460402180522],[-124.20977138385803,41.884268201929252],[-124.20977858385505,41.884065067668494],[-124.20976391795972,41.883757668144682],[-124.20978591770101,41.883686268061489],[-124.20980058359638,41.883592867785346],[-124.20980778359333,41.883466601903628],[-124.20980778359333,41.883285467996153],[-124.20980778359333,41.883060401876548],[-124.20979298384904,41.882923201984696],[-124.20979291827204,41.882720068129451],[-124.20978551795073,41.882665068065378],[-124.20980018384607,41.882505868174889],[-124.20983678390566,41.882390602083532],[-124.20992498409353,41.882072201875779],[-124.20996158415315,41.881874468012583],[-124.20997631832043,41.881841601707656],[-124.21013018355893,41.881177268140725],[-124.21025498380642,41.880776467720146],[-124.21034291809295,41.880403201925802],[-124.21038691757555,41.880150601793325],[-124.21039418404787,41.880051802192732],[-124.21041618378919,41.879942002087724],[-124.21045298417312,41.87979926822382],[-124.21051158397405,41.879519267982495],[-124.21052618429238,41.879464402275865],[-124.21058491794226,41.879140401964463],[-124.21060691768358,41.879030667846898],[-124.21062891832321,41.878909801917601],[-124.21070231786844,41.878591401755649],[-124.21081958394564,41.878064267758816],[-124.21088558406787,41.877778868242771],[-124.21090031823516,41.877702067793074],[-124.2109589180361,41.877433002294794],[-124.21098818424973,41.877356202098277],[-124.21103231758133,41.877284667777793],[-124.21106898411627,41.877098067762546],[-124.2111495836585,41.876829067945899],[-124.21115698397983,41.876790668165199],[-124.21129638364729,41.876296468084938],[-124.21131838428694,41.876186668216306],[-124.21137711793683,41.876005601964231],[-124.21156791830653,41.875451001688894],[-124.21160451836616,41.875258867981891],[-124.21164851784879,41.875094067776757],[-124.21167051759008,41.874978867913569],[-124.21170258385249,41.874837801877888],[-124.21171731801977,41.874733402135597],[-124.21173938423641,41.874612667877415],[-124.21174651775806,41.874316202129208],[-124.21177591782069,41.874255802193147],[-124.21179778371301,41.874091068298107],[-124.21182718377564,41.874014201878083],[-124.21188591832387,41.873926267757469],[-124.21190058421918,41.873893402046967],[-124.21190791806517,41.873761601909862],[-124.21190791806517,41.873684801983792],[-124.2119371842788,41.873608001965451],[-124.21198118376144,41.873520067954892],[-124.21200331825003,41.87343226827317],[-124.21203991830964,41.873300467854094],[-124.21205451772964,41.873218067955456],[-124.21206918362496,41.873135801732147],[-124.21212791817318,41.872932601980935],[-124.21217191765581,41.872806268211086],[-124.21220858419076,41.87271300186854],[-124.21223798425338,41.872608668222469],[-124.21223791777805,41.872504268183611],[-124.21225251809636,41.87246040210924],[-124.21224518425038,41.872334201858251],[-124.21223038360776,41.872202401850572],[-124.21222311803373,41.872164068188582],[-124.21222298418478,41.872114601696708],[-124.21225971809335,41.871977267932131],[-124.21228171783467,41.871878602189241],[-124.2123109840483,41.871768668304682],[-124.21234038411096,41.87166986778626],[-124.21239911776082,41.871582068238773],[-124.21247251820441,41.871433801751024],[-124.21251651768701,41.87134046785107],[-124.21256791838927,41.871203201991733],[-124.21258978428158,41.871109802200031],[-124.21259711812755,41.871022001883212],[-124.21258251780925,41.87091766815275],[-124.21255311774662,41.870840801929987],[-124.21253091768099,41.870785867899997],[-124.21254558357633,41.870709067743135],[-124.21259698427856,41.870588402141784],[-124.21261158369857,41.870467468069435],[-124.2126409837612,41.870346802012023],[-124.21267018439782,41.870275402329909],[-124.21275838368736,41.870061202136206],[-124.21281691791128,41.869858068201282],[-124.21283158380659,41.869781202042283],[-124.21285358444622,41.869726267770645],[-124.21286831771519,41.869655001853218],[-124.21286091829221,41.8695396677631],[-124.21284618412491,41.869473802038669],[-124.21283891765258,41.869424401697444],[-124.21285351797087,41.869353002322974],[-124.21287551771219,41.869309067860186],[-124.21290491777482,41.86923766768799],[-124.21295618372977,41.869144402159002],[-124.21300771828099,41.869073001802839],[-124.21305171776362,41.868990601806118],[-124.21307358365593,41.8689412017604],[-124.2131321843552,41.868606402007231],[-124.21316891826379,41.868326267770186],[-124.21319818357911,41.868123201907899],[-124.21320551832341,41.868062802140365],[-124.21321278389743,41.86794746785349],[-124.21322011774342,41.867859667875933],[-124.21321998389442,41.867640067728658],[-124.21324931838002,41.867563202247474],[-124.21329331786265,41.867491802132207],[-124.21330798375796,41.867431401768187],[-124.21332258407628,41.86732706819803],[-124.21333738382059,41.867244667957813],[-124.21338871804751,41.86714586780576],[-124.21342538368414,41.86705260190088],[-124.21346938406506,41.86700866786407],[-124.21349878412769,41.866948267712573],[-124.21351338444599,41.866871402068611],[-124.21352071829197,41.866789068138473],[-124.21353531771199,41.86669026795132],[-124.21357211809591,41.866602402025421],[-124.21360878373254,41.866542002159036],[-124.21361598372955,41.866454202258176],[-124.21366011795945,41.866393802251821],[-124.21368938417308,41.866333267723583],[-124.21372618365872,41.866223468133093],[-124.21378478435794,41.866042401754157],[-124.21385811832617,41.86585020230244],[-124.21392411844842,41.8656580678336],[-124.21399011767234,41.865438401921885],[-124.21406351811588,41.86518586774389],[-124.21410758407384,41.865054067715455],[-124.21412211791682,41.864977201801054],[-124.21412211791682,41.864894868107505],[-124.21409998432654,41.864790601980339],[-124.2140927178542,41.864680801747447],[-124.21410731817249,41.864543468068184],[-124.21413658438614,41.864428267922065],[-124.21415118380615,41.864318402173879],[-124.21418058386877,41.864236068300976],[-124.21423191809568,41.864137268182539],[-124.21430531764091,41.863961602114081],[-124.21434938359887,41.86386280224049],[-124.21435658359586,41.863774868204196],[-124.2144153837211,41.863703601673386],[-124.21445931762668,41.863527801949843],[-124.21446658409906,41.863461867813612],[-124.21449598416164,41.8634180022243],[-124.21448858384035,41.863363067836879],[-124.21451798390297,41.863308202310257],[-124.21453998364426,41.863269667963571],[-124.21453991806725,41.863198402207665],[-124.21453991806725,41.863121602301689],[-124.21456191780857,41.863066668328536],[-124.2145765837039,41.862869002106564],[-124.21461318376349,41.862759201918735],[-124.21467191831171,41.862589001955691],[-124.21472318426669,41.862429667758136],[-124.21475991817529,41.862265067965311],[-124.2147817840676,41.862182667891183],[-124.21478911791358,41.862012602205354],[-124.21480371823191,41.861941201912472],[-124.21480371823191,41.861831402138527],[-124.21484038386853,41.861617267985437],[-124.21486971835415,41.861452468068528],[-124.21492831815506,41.861293268190337],[-124.21499431827732,41.861150467925427],[-124.21503098391395,41.861084667820691],[-124.21505298365527,41.860952868035547],[-124.21506758397356,41.860854068196147],[-124.21510431788215,41.860639867880579],[-124.21515551826009,41.860464202239086],[-124.21522891780533,41.860228201871614],[-124.21535358420383,41.859948067721426],[-124.21539758368647,41.859789001921612],[-124.21547831797596,41.859607802244149],[-124.21553691777693,41.859410067791273],[-124.21558818373185,41.859212467875743],[-124.21562478379147,41.859064202138264],[-124.21568351833972,41.858927002249679],[-124.21574218371765,41.858828068144952],[-124.21583751832549,41.858559067714182],[-124.21591818434307,41.858410801799934],[-124.21601358362959,41.858207668315146],[-124.21607218432887,41.858032002013928],[-124.21616031804136,41.857861667698096],[-124.21620431842231,41.857740868120821],[-124.21627771796754,41.857636667939921],[-124.21632898392247,41.857521401824407],[-124.21634371808976,41.857417001902384],[-124.21633618391949,41.857290668248019],[-124.21634351776547,41.857181002332553],[-124.21637278397911,41.857093067805387],[-124.21641691820902,41.857010802241703],[-124.216431517629,41.856922868149617],[-124.21643891795034,41.856835067752229],[-124.21644611794733,41.85667586775309],[-124.21646071826564,41.856593467836632],[-124.21651938364357,41.856434267905122],[-124.21654871812919,41.85636286807447],[-124.21659278408715,41.856302467902438],[-124.21660018440843,41.856247601670304],[-124.21662211767442,41.856055402215716],[-124.21665131831105,41.855934668142666],[-124.21667338362937,41.855824801851639],[-124.21673211817759,41.855687601704204],[-124.21680538387383,41.855528402194196],[-124.21683471835948,41.855451467955895],[-124.21684938425479,41.85540206815454],[-124.21689331816039,41.855336201916444],[-124.21691538437703,41.855248402017232],[-124.21697411802693,41.855166002268845],[-124.21700338424056,41.855083601745292],[-124.21701798366057,41.854946402015067],[-124.21703258397888,41.854770667875023],[-124.21701791808357,41.854732268225391],[-124.21702518365757,41.854699268194388],[-124.2170471842972,41.854644401925185],[-124.21708391820577,41.854512602248555],[-124.21709118377981,41.854430267793468],[-124.21713518416074,41.854337002075617],[-124.21714251800671,41.854238068230345],[-124.21716438389905,41.854150268161838],[-124.21717918364337,41.854057002035688],[-124.21720111780765,41.854018601957584],[-124.21723051787028,41.853969201718677],[-124.21724518376558,41.853908668140726],[-124.21725251761158,41.853804467738073],[-124.21725971760858,41.853601268100675],[-124.21728171824819,41.853529867783777],[-124.21733311805211,41.85343106785102],[-124.217428518237,41.853315802185058],[-124.21748718361494,41.853227867696496],[-124.21750918425458,41.853156468300966],[-124.2175017183562,41.853068668085932],[-124.21750158360894,41.852936867838721],[-124.21750158360894,41.852832602286497],[-124.21752358424857,41.852755668151104],[-124.21755298431117,41.852684402052788],[-124.21758958437081,41.852646001819735],[-124.21761898443343,41.85261846811111],[-124.21762631827939,41.85257466801783],[-124.21763358385341,41.852486802099222],[-124.21767018391303,41.852388001893551],[-124.21774358435658,41.852256202251141],[-124.21775831762555,41.852212268084514],[-124.21777291794388,41.852124401668021],[-124.21779491768517,41.851976201800866],[-124.21785358396143,41.85189380185173],[-124.21789758434238,41.851800468198739],[-124.21791218376237,41.851707201991886],[-124.21794151824798,41.851580867765001],[-124.21794891767098,41.851526002166423],[-124.21797078356327,41.851443667881647],[-124.21796351798928,41.851383202172784],[-124.21795611766797,41.851295402200194],[-124.21797071798629,41.851235001926604],[-124.21799271772758,41.85116906782914],[-124.21800011804889,41.851125201837043],[-124.21804411842984,41.851075802039972],[-124.2180953843848,41.850988002314594],[-124.21813938386738,41.850889067973227],[-124.21819078367132,41.850790201731222],[-124.21820551783861,41.850707867837613],[-124.21824198404924,41.850576201907792],[-124.21828611827918,41.850466268196726],[-124.21833011776178,41.850340068024778],[-124.21835938397543,41.850274201927014],[-124.21837398429375,41.850180801672678],[-124.21838871756269,41.850109467798212],[-124.21843271794361,41.84993926829442],[-124.21845471768493,41.84980200198985],[-124.21848398389859,41.849703202321315],[-124.2185353181255,41.849587867706319],[-124.21858658408043,41.849439601738389],[-124.21863798388438,41.849247401900435],[-124.21866718362269,41.849110201696313],[-124.2187037836823,41.849049802035964],[-124.2187259181709,41.848973001867051],[-124.21874778406325,41.848725867718173],[-124.21875511790924,41.848654467981575],[-124.21879171796883,41.848577668007167],[-124.2188577836681,41.848473268207854],[-124.21893111763633,41.848369002071479],[-124.2189971842339,41.848292201754418],[-124.21902658429651,41.848220802202938],[-124.21913638357705,41.847858401693124],[-124.21918778427931,41.847704602334545],[-124.21927578414285,41.847485001892551],[-124.21927578414285,41.847452067716915],[-124.21929778388416,41.84741906794499],[-124.21932711836975,41.847336668148138],[-124.21937838432471,41.847177601764123],[-124.21943711797461,41.846996401822395],[-124.21948111835556,41.846908468015016],[-124.21953971815647,41.846826068229724],[-124.21957638379308,41.846738268025014],[-124.21959838443273,41.846639402059779],[-124.21962038417404,41.846557202014466],[-124.21963498359405,41.846496668114028],[-124.21965711808265,41.84646380168666],[-124.21966431807964,41.846381401997846],[-124.21969358429328,41.846354002107063],[-124.21971558403459,41.846244201669833],[-124.21973031820188,41.8462002018086],[-124.2197523179432,41.846145268022056],[-124.2197523179432,41.846063001761195],[-124.2197743176845,41.846013602070094],[-124.2197743176845,41.845969602050261],[-124.21985491812507,41.845799467820328],[-124.21987691786636,41.84570606772472],[-124.21989151818468,41.8456236677292],[-124.21989158376168,41.845568867956032],[-124.2198913843357,41.845442601910165],[-124.21992071792299,41.845365668255525],[-124.21995738355962,41.845250402109258],[-124.21996471830391,41.845190002150822],[-124.21994998413663,41.845102201708428],[-124.21996458355662,41.845047268317494],[-124.22000131836353,41.844975867821326],[-124.22006738406279,41.844893602064396],[-124.22013338418502,41.844756201799697],[-124.22022138404859,41.844602467926926],[-124.22028738417083,41.84445426803282],[-124.22036798371305,41.844278468260661],[-124.22039011820165,41.844190801747928],[-124.22041931793996,41.844053468233547],[-124.22044131768128,41.843927201873868],[-124.22047051831791,41.843822868099124],[-124.22051458427583,41.843746002095287],[-124.22053658401715,41.843674602154586],[-124.22055851818143,41.843625201957764],[-124.22057318407677,41.843564801803495],[-124.22056571817843,41.84342760212764],[-124.22058038407377,41.843394602287518],[-124.22058778439509,41.843339668099709],[-124.22058778439509,41.843301268280079],[-124.22064638419602,41.84322440231881],[-124.22073451790853,41.843109068069637],[-124.22077118444348,41.843043201888342],[-124.22083718366743,41.842911467983967],[-124.22085911783171,41.842796068255893],[-124.220881117573,41.84271926794105],[-124.22090311821263,41.842653402027743],[-124.22091771763264,41.842587467785485],[-124.22095431769226,41.84247220198796],[-124.22099111807618,41.842417267677469],[-124.22102038428983,41.842340401992722],[-124.22104971787709,41.842263467954055],[-124.22103498370981,41.84219220221302],[-124.22107171761841,41.842142802210184],[-124.22107158376946,41.841989001827066],[-124.22107891761544,41.84194506797062],[-124.22110098383206,41.841884668238045],[-124.22113018357039,41.841807801913497],[-124.22117418395132,41.841742001985537],[-124.22122558375523,41.841681468213963],[-124.22126971798514,41.841610201824679],[-124.22129891772346,41.841533268246565],[-124.22132831778607,41.841450868230936],[-124.22138691758698,41.841269668131993],[-124.22139418405933,41.841170868002237],[-124.22143091796794,41.841094067744457],[-124.22145278386027,41.841017201808668],[-124.22147471802455,41.840918401958355],[-124.22148938391986,41.840847002208626],[-124.22150411808718,41.84073166768971],[-124.22151131808417,41.840616401895424],[-124.22154791814381,41.840435267696932],[-124.22160651794472,41.840287001933724],[-124.22167251806697,41.840171667743959],[-124.22176798382884,41.840028867836956],[-124.22181931805575,41.839930067799159],[-124.22184851779406,41.839864201691782],[-124.22186318368939,41.83979280210432],[-124.22187791785669,41.83960066832006],[-124.22188511785367,41.83954580181652],[-124.22189978374901,41.839485401827012],[-124.22195111797592,41.839414001816905],[-124.22200978425218,41.839342601727132],[-124.22205391758378,41.839287668076167],[-124.2220685179021,41.83923820225111],[-124.22211978385702,41.839068068192027],[-124.22219311782526,41.83877160226745],[-124.22226631794449,41.8385190022735],[-124.22233958364076,41.838310401914669],[-124.22235431780805,41.838211601900788],[-124.22239078401869,41.838145667766582],[-124.22244218382262,41.838052267876009],[-124.22247891773122,41.83798086827472],[-124.22251558426616,41.837909601779742],[-124.22251551779082,41.837838202019277],[-124.22253751843046,41.837700868255979],[-124.22255951817176,41.837640467863743],[-124.22255938432278,41.837569202328226],[-124.22258871791009,41.837525201855676],[-124.22258871791009,41.837453867925184],[-124.22263271829101,41.837360602219903],[-124.22266191802932,41.837256202187561],[-124.22275718436519,41.836998067912397],[-124.22275711788987,41.836943268113998],[-124.22277911763119,41.836871867944723],[-124.22279371794949,41.836767467784405],[-124.22283038358614,41.836657668297526],[-124.22285958422275,41.836449201753503],[-124.22287418364276,41.83633380174922],[-124.22288878396105,41.836169067867523],[-124.22291818402368,41.836048402009553],[-124.22294738376199,41.835966002293546],[-124.22300611831021,41.835878068051301],[-124.22309411817376,41.835724401864823],[-124.22313071823338,41.835631001787043],[-124.22315271797467,41.835565202200776],[-124.22317471771599,41.835427868244977],[-124.22323331841524,41.835224802327197],[-124.22326991757654,41.835136867735905],[-124.22333598417411,41.835032601953181],[-124.22337998365674,41.834983067916355],[-124.22343858435597,41.83493926779655],[-124.22347538384159,41.834889801956933],[-124.22350471832721,41.834829402258237],[-124.22354131838682,41.834758001738592],[-124.22359998376476,41.834626268179882],[-124.22365131799167,41.834500001958638],[-124.22368791805128,41.834401068223507],[-124.2237099177926,41.834329801758095],[-124.22375378432457,41.834181468304273],[-124.22378318438716,41.834066202090227],[-124.22380511765316,41.833928868264508],[-124.22381971797147,41.833852001754131],[-124.2238489841851,41.833747802148849],[-124.22386358360508,41.833643402247077],[-124.22392231815331,41.833544601721542],[-124.22395898378997,41.833473268039548],[-124.22401038359389,41.833379868023343],[-124.22404698365351,41.833281002166522],[-124.22406898429311,41.833226067997735],[-124.22409818403145,41.83314380185989],[-124.22414218441237,41.833044868036467],[-124.22418618389499,41.832918668305645],[-124.22420818363631,41.832891201740949],[-124.22427418375854,41.832770468124828],[-124.22432551798542,41.832627667766857],[-124.22439151810769,41.832495801981011],[-124.22445738438094,41.832358601999339],[-124.2245601839888,41.832150002310591],[-124.22471411839757,41.831848001698539],[-124.2247653178772,41.8316996678479],[-124.22481678415643,41.831617267887957],[-124.22488271780338,41.831458068048271],[-124.2249487179256,41.831309867832438],[-124.22502198362184,41.831106667697739],[-124.22508058432112,41.830963868313411],[-124.22512451822669,41.830826667725553],[-124.22517591803063,41.830651001868688],[-124.22522711840855,41.830469801980698],[-124.22527838436351,41.830310601964612],[-124.22533698416444,41.83018980190019],[-124.22538098364704,41.830123868203522],[-124.2254323843493,41.830069067874177],[-124.22546911825789,41.829992202083467],[-124.22547631825491,41.829931801779324],[-124.22547631825491,41.829833002218358],[-124.2254689179336,41.829761602149411],[-124.22546878408461,41.829701202297052],[-124.22550558357023,41.829651802022966],[-124.22556418426946,41.829607867729194],[-124.22564491766069,41.829520001728589],[-124.22567431772329,41.829448601979898],[-124.22572551810124,41.829366201799708],[-124.22575491816386,41.829294801879477],[-124.22577678405619,41.829212467768635],[-124.2257987837975,41.82911366776684],[-124.22580611764346,41.829036802167657],[-124.22582811828308,41.828976402300768],[-124.22590138397936,41.828822668002985],[-124.2260039841612,41.828581068054802],[-124.22608471755241,41.828476667758459],[-124.22618718388532,41.828268068137575],[-124.22623858368922,41.828125402321085],[-124.22630451823446,41.827982467765324],[-124.22641451783932,41.827713468153142],[-124.22645118437426,41.827603667860686],[-124.22645838437127,41.827543267980452],[-124.22648778443387,41.827477468112512],[-124.2264949844309,41.82740060188754],[-124.22651698417218,41.82736760181546],[-124.2265389839135,41.827296201674287],[-124.22661231788173,41.827148001863996],[-124.22667831800396,41.827043601908223],[-124.22675898402152,41.826955802004669],[-124.22677358433985,41.8269282679505],[-124.22678091818582,41.826802068209751],[-124.22683951798673,41.826664801803531],[-124.22690551810901,41.826549467832798],[-124.22697151823125,41.826445202118997],[-124.22705218424879,41.826329802151726],[-124.22710351757742,41.826236468023666],[-124.22716211827664,41.826121067680155],[-124.22727211788151,41.825846601940555],[-124.22735998389606,41.825627002127177],[-124.2274259184413,41.825445802076096],[-124.22746978407491,41.82533046791761],[-124.22752118387886,41.825187667697691],[-124.22757251810576,41.825132867828735],[-124.22759458432243,41.82508886817854],[-124.22764578380203,41.82485280223225],[-124.22765298379903,41.824803402233385],[-124.22767498443866,41.824781401964152],[-124.22768231828465,41.824704602121273],[-124.22771171834724,41.824627668303229],[-124.22776291782688,41.824523402137324],[-124.22780698378483,41.824408068325468],[-124.22784351826742,41.824331201762398],[-124.22799031825619,41.82413900214933],[-124.22807831811976,41.824018201819349],[-124.22812958407471,41.823924867668573],[-124.22818091830162,41.823880867857618],[-124.22821751836123,41.823831467778291],[-124.22822491778422,41.823771067686344],[-124.22826151784386,41.823672267989487],[-124.22831271822179,41.823540468103744],[-124.22836411802571,41.823441668051053],[-124.22839338423934,41.823381268260839],[-124.22842998429898,41.823315267972752],[-124.2285107176902,41.823178067728243],[-124.22859138370777,41.82301880204944],[-124.22865731825298,41.822909001738687],[-124.22870858420794,41.822771801962546],[-124.22874518426755,41.822661868010542],[-124.22883318413109,41.822447802227884],[-124.22891378367333,41.822184201830154],[-124.2290235838522,41.821920667961038],[-124.2290823184004,41.821810867775568],[-124.22914818377537,41.821640667978023],[-124.22925811780321,41.821382468050004],[-124.22933871824375,41.821157467859088],[-124.22942658425833,41.820899401881853],[-124.22949998380356,41.820756601821238],[-124.2296171178284,41.820531468217403],[-124.22969051827195,41.820350267804486],[-124.2297785181355,41.82019660183142],[-124.22985171825474,41.820086668144441],[-124.22991031805567,41.820004401857773],[-124.22996171785962,41.819905467811786],[-124.23000558439155,41.819817601884424],[-124.23004231830014,41.819718802112554],[-124.23006431804146,41.819647402144639],[-124.23008618393378,41.819559602140536],[-124.2301153836721,41.819427801822989],[-124.23015951790201,41.819268601797013],[-124.230166717899,41.819147802320536],[-124.23018131821733,41.819098401937012],[-124.23021798385396,41.819054467765248],[-124.23029871814349,41.818966602009212],[-124.2303353182031,41.818895201872053],[-124.23035731794442,41.818834801810141],[-124.23037178441376,41.818758002198898],[-124.23038658415805,41.8187030020093],[-124.23041591774533,41.818648068050727],[-124.2304597842773,41.818587802320828],[-124.23051118408124,41.818494402009833],[-124.23056251830815,41.818395602204937],[-124.23062118368608,41.818296667681935],[-124.23067238406404,41.818181402322722],[-124.23073831771092,41.818000268233817],[-124.23095078364867,41.817478601900028],[-124.23099478402959,41.817379667968801],[-124.23101678377091,41.817313802087931],[-124.23106811799782,41.817220468207118],[-124.23122931798059,41.8169240021845],[-124.23126598361725,41.816847067721525],[-124.23133918373648,41.816715267846767],[-124.23136838437311,41.816616467975138],[-124.23145651808562,41.816473802306398],[-124.23152971820487,41.816330867849565],[-124.2315811180088,41.816265067840334],[-124.23161758421946,41.816149802172092],[-124.23166891844637,41.816061801877403],[-124.23168371819067,41.816001468102193],[-124.23169091818767,41.815869801727615],[-124.23172738439831,41.815759867977548],[-124.23179351836954,41.815655602101003],[-124.23188878380711,41.815501801672859],[-124.23199138398894,41.815337067742341],[-124.23205718378688,41.815188802089047],[-124.23215978396875,41.814996668097095],[-124.23228438389191,41.814760467863785],[-124.23238698407377,41.814573801897339],[-124.23240891823805,41.814513401776885],[-124.23244558387471,41.814365201838619],[-124.232460184193,41.814299267913881],[-124.23251878399394,41.814233402212643],[-124.23256291822385,41.814145468245812],[-124.2326213841758,41.813964267840888],[-124.23265071776311,41.813865602317669],[-124.23267271840274,41.813788802103652],[-124.23275318409597,41.813629468213847],[-124.23281918421822,41.813519667872299],[-124.23285578427783,41.813420867757756],[-124.23289971818343,41.813316468184013],[-124.23296571830568,41.813256068216994],[-124.2330171181096,41.813195668192989],[-124.23307578438585,41.813118802230697],[-124.23319298398772,41.812871668213788],[-124.23324431821463,41.812750868053385],[-124.23328818384826,41.812635602086537],[-124.23330278416658,41.812547667934744],[-124.23332471833089,41.812366467696471],[-124.23336858396451,41.812262202321655],[-124.23343471793571,41.812152402314474],[-124.23348591831366,41.812075468145615],[-124.23351531837628,41.812004067690786],[-124.2335297839473,41.811910868016341],[-124.2335517836886,41.8117734679156],[-124.23358838374824,41.811691202332447],[-124.23365431829345,41.811608867679801],[-124.23377171821963,41.811466002042806],[-124.23386691808018,41.811339668046351],[-124.23389618429383,41.811273801979894],[-124.2339183178841,41.811186001878447],[-124.23393278435344,41.811103667915582],[-124.23397678383606,41.810971868273853],[-124.23402078421699,41.810900402311262],[-124.23404271838129,41.810812601697968],[-124.23409398433624,41.810724667721793],[-124.2341233179235,41.810642402130789],[-124.23413791824181,41.810543602265113],[-124.23415978413416,41.810499668250856],[-124.23419651804275,41.810406268196672],[-124.23422578425638,41.810345868163665],[-124.2342845179063,41.810269002129452],[-124.23432851828723,41.81020860196702],[-124.23435038417956,41.810164602105495],[-124.23441631782649,41.809999867839345],[-124.23446758378144,41.809895601960186],[-124.23453351832667,41.809747402050704],[-124.23455551806796,41.809670467671616],[-124.23462878376421,41.809522267910829],[-124.23470931772943,41.809374002188925],[-124.23476058368438,41.809253202128126],[-124.23483398412792,41.809143402319755],[-124.23487791803352,41.809066467884868],[-124.23493651783446,41.808967668266902],[-124.23497318436942,41.808863268130892],[-124.23502438384904,41.808742467776547],[-124.23508311839724,41.808643602039822],[-124.23516358409051,41.808544801769628],[-124.2352809840167,41.808402002283678],[-124.23536891830322,41.808259201809868],[-124.23543491842544,41.80812746796159],[-124.2355081841217,41.808006601939255],[-124.23559611840822,41.807819868079847],[-124.2356399840419,41.807704601944614],[-124.23566198378319,41.80763320197461],[-124.23574991806971,41.807512401979203],[-124.23584518440559,41.807408067770318],[-124.23589651773422,41.807336668139385],[-124.23597718375176,41.807166468041871],[-124.236050383871,41.807012667987308],[-124.23610898367194,41.806892002081121],[-124.2361821837912,41.806787601910521],[-124.23622618417212,41.806694268091597],[-124.23627751839904,41.806633802285667],[-124.23630691756334,41.806556868184977],[-124.23634338377397,41.806436068168864],[-124.23638731767957,41.806271468280251],[-124.2364093183192,41.806189067736213],[-124.23646058427416,41.8060738020149],[-124.23656318355771,41.80594746809804],[-124.23659978361732,41.805898001955164],[-124.23666591758852,41.805826601980563],[-124.23670238379918,41.805661867942753],[-124.23670238379918,41.80562886805096],[-124.23675371802607,41.80556860212377],[-124.23685631820794,41.805469667875556],[-124.23691498358586,41.805398268093235],[-124.23698818370512,41.80529400209042],[-124.23706151767333,41.80516760168296],[-124.23711291837559,41.805057802238046],[-124.23716398400623,41.804959001794813],[-124.23722998412846,41.804816267974616],[-124.23728131835537,41.804722867669739],[-124.23733991815631,41.804552601701374],[-124.23736918436994,41.80449766832897],[-124.23747911839779,41.804360467947781],[-124.23751578403441,41.804294602071373],[-124.23762571806226,41.804151801817049],[-124.23775771830674,41.803948467949979],[-124.23792618386354,41.803707001825089],[-124.23806538410501,41.803553202171116],[-124.23812411775494,41.803454402086331],[-124.23816811813586,41.803382868139664],[-124.23821198376952,41.803289601681804],[-124.23826331799641,41.803174267798056],[-124.23838051759829,41.802960067904529],[-124.23840971823489,41.802905202139918],[-124.23846111803883,41.802795402166154],[-124.23850498367248,41.802696602252141],[-124.23859291795901,41.802520802300897],[-124.23865878423226,41.802367068103742],[-124.23868078397355,41.802295668212153],[-124.23873938377452,41.802202402180711],[-124.23884198395638,41.80204306826672],[-124.23895918355822,41.801839867665308],[-124.23904711784475,41.801675067795784],[-124.23912031796398,41.801532402331254],[-124.23920091840455,41.801378667771623],[-124.23931818358342,41.801175467741913],[-124.23944998440189,41.800983201983051],[-124.23955998400676,41.80079106824077],[-124.23966991803461,41.800609868231597],[-124.23976511789513,41.800456067840308],[-124.23981651769908,41.800346267687786],[-124.23986038423102,41.800253002167281],[-124.23988958396933,41.800143201666813],[-124.23997011793455,41.799956468327444],[-124.24007271811641,41.799709402065275],[-124.24017518355099,41.799473201716253],[-124.24027038430987,41.799297601861596],[-124.2403729180164,41.799105268187965],[-124.24043891813861,41.799017401852936],[-124.24051218383488,41.798880201791455],[-124.24056338421283,41.798726401936634],[-124.24059998427242,41.798627601775934],[-124.24063671818102,41.798583668296018],[-124.24066591791934,41.798473868283715],[-124.24069531798196,41.798424401728589],[-124.24074651835988,41.798331002151748],[-124.24083451822344,41.798254202065081],[-124.24098838436025,41.798166268263664],[-124.24106178390549,41.798122268167987],[-124.24112038370642,41.798078268042048],[-124.24116438408734,41.798017867771335],[-124.24129631785651,41.797842202316914],[-124.24139891803837,41.797677467842028],[-124.24153078443386,41.797479801852106],[-124.24166998377703,41.797276468243332],[-124.24175791806356,41.797122801828685],[-124.24188251798672,41.796919667998701],[-124.24198511816859,41.796765868126705],[-124.24206571771084,41.796606601729579],[-124.24218278436202,41.796392401982445],[-124.24231471813118,41.796156267764154],[-124.24242451831003,41.795975068044015],[-124.24249038368497,41.795854201867328],[-124.24258571829283,41.795706002294132],[-124.24263698424778,41.795634601677868],[-124.24270291789468,41.795557667764733],[-124.24276151769561,41.795464401972296],[-124.24283491813915,41.79536000193395],[-124.24290798440941,41.795222668134684],[-124.24295938421335,41.795112867721798],[-124.24302518401127,41.795003067790532],[-124.2430765838152,41.794887802038275],[-124.2431205177208,41.794810802265218],[-124.24315711778041,41.794761401864598],[-124.24321571758138,41.794640668014594],[-124.24327418443161,41.794514268023228],[-124.24331798358993,41.794415468066234],[-124.24335471839683,41.794338601672031],[-124.24337671813815,41.794272667897175],[-124.24349391774,41.794140867787149],[-124.24358178375459,41.794053068316508],[-124.24374318406167,41.793888202210063],[-124.24389698372316,41.79370700210535],[-124.24399958390502,41.793586068026279],[-124.24402898396765,41.793536668021197],[-124.24410218408686,41.793432402139722],[-124.24415338356651,41.79333900198526],[-124.24427791791265,41.793124867668389],[-124.24439518398985,41.792921668257094],[-124.2445123835917,41.79271846820162],[-124.24458558371093,41.792597668216658],[-124.24464418441019,41.792520802321469],[-124.24471751837838,41.792433001971169],[-124.24479078407465,41.792350601714517],[-124.24492278431914,41.792207667682661],[-124.24496671822475,41.792152802088616],[-124.2450619180853,41.792053867889202],[-124.24514251762751,41.791966001932941],[-124.24520851774976,41.791878068210693],[-124.2452891181903,41.791790268319495],[-124.24532578382696,41.791713402125865],[-124.24538431805085,41.791625602009155],[-124.24541371811348,41.791581667747884],[-124.24549411822971,41.791422401863564],[-124.24553811771234,41.791307068053804],[-124.2456039839856,41.791197268300593],[-124.24567731795383,41.79107086821638],[-124.2457651839684,41.790950067805461],[-124.24583111761531,41.79086766832161],[-124.24587511799623,41.790807267953141],[-124.24591171805586,41.790724868285736],[-124.2459481842665,41.790620601849064],[-124.24598478432614,41.790521801918231],[-124.24600678406743,41.790461401893651]]},"properties":{"OBJECTID":7136177,"permanent_identifier":"113863752","fdate":1424908800000,"resolution":2,"gnis_id":null,"gnis_name":null,"lengthkm":17.0040604,"reachcode":"18010101002762","flowdir":1,"wbarea_permanent_identifier":null,"ftype":566,"fcode":56600,"mainpath":0,"innetwork":1,"visibilityfilter":0,"nhdplusid":50000400000001,"vpuid":"1801","streamleve":0,"streamorde":-9,"streamcalc":-9,"fromnode":50000400000001,"tonode":50000400069639,"hydroseq":50000400000405,"levelpathi":50000400000001,"pathlength":-9999,"terminalpa":50000400000001,"arbolatesu":-9999,"divergence":0,"startflag":0,"terminalfl":0,"uplevelpat":50000400000001,"uphydroseq":50000400000407,"dnlevel":0,"dnlevelpat":50000400000001,"dnhydroseq":50000400000403,"dnminorhyd":0,"dndraincou":1,"frommeas":0,"tomeas":100,"rtndiv":-9,"thinner":-9,"vpuin":0,"vpuout":0,"areasqkm":14.128999990000001,"totdasqkm":-9999,"divdasqkm":-9999,"maxelevraw":-9998,"minelevraw":-2,"maxelevsmo":-9998,"minelevsmo":-9998,"slope":-9998,"slopelenkm":17.0040604,"elevfixed":null,"hwtype":null,"hwnodesqkm":null,"statusflag":"A","qama":17.287332999999997,"vama":0.065616000000000008,"qincrama":17.287332999999997,"qbma":17.287332999999997,"vbma":0.065616000000000008,"qincrbma":17.287332999999997,"qcma":17.176614140000002,"vcma":0.065616000000000008,"qincrcma":17.176614140000002,"qdma":17.176614140000002,"vdma":0.065616000000000008,"qincrdma":17.176614140000002,"qema":17.176614140000002,"vema":0.065616000000000008,"qincrema":17.176614140000002,"qfma":17.176614140000002,"qincrfma":17.176614140000002,"arqnavma":0,"petma":0,"qlossma":0,"qgadjma":0,"qgnavma":0,"gageadjma":0,"avgqadjma":0,"gageidma":"0","gageqma":0,"Shape_Length":22735.490458011136}},{"type":"Feature","id":7279593,"geometry":{"type":"LineString","coordinates":[[-124.19620858825735,41.913029503113933],[-124.19698165862795,41.913253914810234],[-124.19858022235415,41.915016523259602],[-124.20133607308443,41.918179399738335],[-124.20266381092213,41.920492234807249],[-124.20264328621455,41.923359348329896],[-124.2018800218536,41.931323711746032]]},"properties":{"OBJECTID":7279593,"permanent_identifier":"{C8A884BC-3873-4B54-A09E-3ED8DFE17F95}","fdate":1502064000000,"resolution":2,"gnis_id":"00253899","gnis_name":"Smith River","lengthkm":2.2208051200000001,"reachcode":"18010101002654","flowdir":1,"wbarea_permanent_identifier":"113864578","ftype":558,"fcode":55800,"mainpath":0,"innetwork":1,"visibilityfilter":5000000,"nhdplusid":50000400299811,"vpuid":"1801","streamleve":1,"streamorde":8,"streamcalc":8,"fromnode":50000400162525,"tonode":50000400069712,"hydroseq":50000400005264,"levelpathi":50000400005244,"pathlength":2.0262590400000002,"terminalpa":50000400005244,"arbolatesu":7303.1256202200002,"divergence":0,"startflag":0,"terminalfl":0,"uplevelpat":50000400005244,"uphydroseq":50000400005278,"dnlevel":1,"dnlevelpat":50000400005244,"dnhydroseq":50000400005261,"dnminorhyd":0,"dndraincou":1,"frommeas":0,"tomeas":39.396450039999998,"rtndiv":0,"thinner":null,"vpuin":0,"vpuout":0,"areasqkm":1.2377000600000001,"totdasqkm":1841.07860557,"divdasqkm":1841.07860557,"maxelevraw":-9998,"minelevraw":142,"maxelevsmo":399,"minelevsmo":142,"slope":0.0011572400000000001,"slopelenkm":2.2208051200000001,"elevfixed":null,"hwtype":null,"hwnodesqkm":null,"statusflag":"A","qama":4420.9460259999996,"vama":1.9225838800000001,"qincrama":1.6747450000000002,"qbma":4420.9460259999996,"vbma":1.9225838800000001,"qincrbma":1.6747450000000002,"qcma":4420.9460259999996,"vcma":1.9225838800000001,"qincrcma":1.9784645600000001,"qdma":4420.9460259999996,"vdma":1.9225838800000001,"qincrdma":1.9784645600000001,"qema":5044.3920905899995,"vema":1.9399252600000001,"qincrema":1.9784645600000001,"qfma":5044.3920905899995,"qincrfma":1.9784645600000001,"arqnavma":0,"petma":0,"qlossma":0,"qgadjma":0,"qgnavma":0,"gageadjma":1,"avgqadjma":0,"gageidma":"0","gageqma":0,"Shape_Length":2974.299575677288}},{"type":"Feature","id":7303594,"geometry":{"type":"LineString","coordinates":[[-124.2018800218536,41.931323711746032],[-124.2017810526621,41.93199826314703],[-124.20156248806192,41.932653957118667],[-124.20083393819681,41.93360107083663],[-124.20027538371947,41.936029568878318]]},"properties":{"OBJECTID":7303594,"permanent_identifier":"{AE132BAF-7C99-4B05-9388-D296DCECFFFC}","fdate":1502064000000,"resolution":2,"gnis_id":"00253899","gnis_name":"Smith River","lengthkm":0.54873480000000008,"reachcode":"18010101026972","flowdir":1,"wbarea_permanent_identifier":"113864578","ftype":558,"fcode":55800,"mainpath":0,"innetwork":1,"visibilityfilter":0,"nhdplusid":50000400128742,"vpuid":"1801","streamleve":1,"streamorde":8,"streamcalc":8,"fromnode":50000400069712,"tonode":50000400139006,"hydroseq":50000400005261,"levelpathi":50000400005244,"pathlength":1.4775242399999999,"terminalpa":50000400005244,"arbolatesu":7303.6743550199999,"divergence":0,"startflag":0,"terminalfl":0,"uplevelpat":50000400005244,"uphydroseq":50000400005264,"dnlevel":1,"dnlevelpat":50000400005244,"dnhydroseq":50000400005247,"dnminorhyd":0,"dndraincou":1,"frommeas":62.916770939999999,"tomeas":100,"rtndiv":0,"thinner":null,"vpuin":0,"vpuout":0,"areasqkm":0.17879998999999999,"totdasqkm":1841.2574055600001,"divdasqkm":1841.2574055600001,"maxelevraw":-9998,"minelevraw":0,"maxelevsmo":142,"minelevsmo":0,"slope":0.0025877700000000001,"slopelenkm":0.54873480000000008,"elevfixed":null,"hwtype":null,"hwnodesqkm":null,"statusflag":"A","qama":4421.1858270000002,"vama":2.14296117,"qincrama":0.23980100000000001,"qbma":4421.1858270000002,"vbma":2.14296117,"qincrbma":0.23980100000000001,"qcma":4421.1858270000002,"vcma":2.14296117,"qincrcma":0.23980100000000001,"qdma":4421.1858270000002,"vdma":2.14296117,"qincrdma":0.23980100000000001,"qema":5044.6318915900001,"vema":2.1626690799999997,"qincrema":0.23980100000000001,"qfma":5044.6318915900001,"qincrfma":0.23980100000000001,"arqnavma":0,"petma":0,"qlossma":0,"qgadjma":0,"qgnavma":0,"gageadjma":1,"avgqadjma":0,"gageidma":"0","gageqma":0,"Shape_Length":734.59785763965385}},{"type":"Feature","id":7352922,"geometry":{"type":"LineString","coordinates":[[-124.19540223800047,41.935283104924409],[-124.19547671821897,41.935356867743771],[-124.19553128368598,41.935453718695278]]},"properties":{"OBJECTID":7352922,"permanent_identifier":"{FD0DC302-BB1A-419E-A0B8-B19192E327C3}","fdate":1502064000000,"resolution":2,"gnis_id":null,"gnis_name":null,"lengthkm":0.022010880000000003,"reachcode":"18010101002934","flowdir":1,"wbarea_permanent_identifier":"113863300","ftype":334,"fcode":33400,"mainpath":0,"innetwork":1,"visibilityfilter":250000,"nhdplusid":50000400299812,"vpuid":"1801","streamleve":2,"streamorde":2,"streamcalc":2,"fromnode":50000400162526,"tonode":50000400092784,"hydroseq":50000400064786,"levelpathi":50000400051599,"pathlength":1.68084035,"terminalpa":50000400005244,"arbolatesu":15.471020019999999,"divergence":0,"startflag":0,"terminalfl":0,"uplevelpat":50000400051599,"uphydroseq":50000400071232,"dnlevel":2,"dnlevelpat":50000400051599,"dnhydroseq":50000400062829,"dnminorhyd":0,"dndraincou":1,"frommeas":0,"tomeas":7.0912399299999995,"rtndiv":0,"thinner":null,"vpuin":0,"vpuout":0,"areasqkm":0.012200010000000001,"totdasqkm":12.602599939999999,"divdasqkm":12.602599939999999,"maxelevraw":-9998,"minelevraw":0,"maxelevsmo":94,"minelevsmo":0,"slope":0.042706150000000005,"slopelenkm":0.022010880000000003,"elevfixed":null,"hwtype":null,"hwnodesqkm":null,"statusflag":"A","qama":18.819844,"vama":-9998,"qincrama":0.016400000000000001,"qbma":18.819844,"vbma":-9998,"qincrbma":0.016400000000000001,"qcma":18.638909829999999,"vcma":-9998,"qincrcma":0.015623910000000001,"qdma":18.638909829999999,"vdma":-9998,"qincrdma":0.015623910000000001,"qema":18.638909829999999,"vema":-9998,"qincrema":0.015623910000000001,"qfma":18.638909829999999,"qincrfma":0.015623910000000001,"arqnavma":0,"petma":0,"qlossma":0,"qgadjma":0,"qgnavma":0,"gageadjma":0,"avgqadjma":0,"gageidma":"0","gageqma":0,"Shape_Length":29.519654549140036}},{"type":"Feature","id":7646496,"geometry":{"type":"LineString","coordinates":[[-124.18470318438899,41.93139540207558],[-124.1847915184258,41.931356868023876],[-124.18501211771012,41.931296602217337]]},"properties":{"OBJECTID":7646496,"permanent_identifier":"113863728","fdate":1329768131000,"resolution":2,"gnis_id":"00231633","gnis_name":"Ritmer Creek","lengthkm":0.028000000000000001,"reachcode":"18010101000286","flowdir":1,"wbarea_permanent_identifier":null,"ftype":460,"fcode":46006,"mainpath":0,"innetwork":1,"visibilityfilter":0,"nhdplusid":50000400171249,"vpuid":"1801","streamleve":2,"streamorde":2,"streamcalc":2,"fromnode":50000400092809,"tonode":50000400046725,"hydroseq":50000400102336,"levelpathi":50000400051599,"pathlength":2.6839746299999998,"terminalpa":50000400005244,"arbolatesu":10.867066540000001,"divergence":0,"startflag":0,"terminalfl":0,"uplevelpat":50000400051599,"uphydroseq":50000400122430,"dnlevel":2,"dnlevelpat":50000400051599,"dnhydroseq":50000400094937,"dnminorhyd":0,"dndraincou":1,"frommeas":0,"tomeas":0.47494000000000003,"rtndiv":0,"thinner":null,"vpuin":0,"vpuout":0,"areasqkm":0.0015,"totdasqkm":8.7773000200000002,"divdasqkm":8.7773000200000002,"maxelevraw":-9998,"minelevraw":154,"maxelevsmo":281,"minelevsmo":154,"slope":0.045357139999999997,"slopelenkm":0.028000000000000001,"elevfixed":null,"hwtype":null,"hwnodesqkm":null,"statusflag":"A","qama":13.542401,"vama":1.1255468799999999,"qincrama":0.002036,"qbma":13.542401,"vbma":1.1255468799999999,"qincrbma":0.002036,"qcma":13.581383990000001,"vcma":1.1257371599999999,"qincrcma":-0.35830145000000002,"qdma":13.581383990000001,"vdma":1.1257371599999999,"qincrdma":-0.35830145000000002,"qema":13.581383990000001,"vema":1.1257371599999999,"qincrema":-0.35830145000000002,"qfma":13.581383990000001,"qincrfma":-0.35830145000000002,"arqnavma":0,"petma":0,"qlossma":0,"qgadjma":0,"qgnavma":0,"gageadjma":0,"avgqadjma":0,"gageidma":"0","gageqma":0,"Shape_Length":37.559555040009627}},{"type":"Feature","id":7683244,"geometry":{"type":"LineString","coordinates":[[-124.19084244890708,41.933416755117577],[-124.19165578356534,41.933696001831514],[-124.19248858381745,41.933987268172913]]},"properties":{"OBJECTID":7683244,"permanent_identifier":"{309D46C1-9996-421A-8B9F-89017CE38EA8}","fdate":1502064000000,"resolution":2,"gnis_id":null,"gnis_name":null,"lengthkm":0.14982505000000002,"reachcode":"18010101002932","flowdir":1,"wbarea_permanent_identifier":"113863300","ftype":558,"fcode":55800,"mainpath":0,"innetwork":1,"visibilityfilter":250000,"nhdplusid":50000400299813,"vpuid":"1801","streamleve":2,"streamorde":2,"streamcalc":2,"fromnode":50000400162527,"tonode":50000400023596,"hydroseq":50000400072293,"levelpathi":50000400051599,"pathlength":1.9892283100000001,"terminalpa":50000400005244,"arbolatesu":13.08010513,"divergence":0,"startflag":0,"terminalfl":0,"uplevelpat":50000400051599,"uphydroseq":50000400077752,"dnlevel":2,"dnlevelpat":50000400051599,"dnhydroseq":50000400071232,"dnminorhyd":0,"dndraincou":1,"frommeas":0,"tomeas":22.01664925,"rtndiv":0,"thinner":null,"vpuin":0,"vpuout":0,"areasqkm":0.077799989999999999,"totdasqkm":11.58489997,"divdasqkm":11.58489997,"maxelevraw":-9998,"minelevraw":144,"maxelevsmo":144,"minelevsmo":144,"slope":1.0000000000000001e-05,"slopelenkm":0.14982505000000002,"elevfixed":null,"hwtype":null,"hwnodesqkm":null,"statusflag":"A","qama":17.429987000000001,"vama":-9998,"qincrama":0.106126,"qbma":17.429987000000001,"vbma":-9998,"qincrbma":0.106126,"qcma":17.312934200000001,"vcma":-9998,"qincrcma":0.10140987,"qdma":17.312934200000001,"vdma":-9998,"qincrdma":0.10140987,"qema":17.312934200000001,"vema":-9998,"qincrema":0.10140987,"qfma":17.312934200000001,"qincrfma":0.10140987,"arqnavma":0,"petma":0,"qlossma":0,"qgadjma":0,"qgnavma":0,"gageadjma":0,"avgqadjma":0,"gageidma":"0","gageqma":0,"Shape_Length":202.15879924017622}},{"type":"Feature","id":8140001,"geometry":{"type":"LineString","coordinates":[[-124.20027538371947,41.936029568878318],[-124.20090679336298,41.937462382999129],[-124.20088250830759,41.939842310921648],[-124.20110107290779,41.942683653801254],[-124.20050118424928,41.944216802234024]]},"properties":{"OBJECTID":8140001,"permanent_identifier":"{9BF09AD3-FCFD-464D-A72A-AAF0D81F28E5}","fdate":1502064000000,"resolution":2,"gnis_id":"00253899","gnis_name":"Smith River","lengthkm":0.93161509000000009,"reachcode":"18010101026972","flowdir":1,"wbarea_permanent_identifier":"113864578","ftype":558,"fcode":55800,"mainpath":0,"innetwork":1,"visibilityfilter":5000000,"nhdplusid":50000400256834,"vpuid":"1801","streamleve":1,"streamorde":8,"streamcalc":8,"fromnode":50000400139006,"tonode":50000400023594,"hydroseq":50000400005247,"levelpathi":50000400005244,"pathlength":0.54590915000000007,"terminalpa":50000400005244,"arbolatesu":7306.4649365200003,"divergence":0,"startflag":0,"terminalfl":0,"uplevelpat":50000400005244,"uphydroseq":50000400005261,"dnlevel":1,"dnlevelpat":50000400005244,"dnhydroseq":50000400005244,"dnminorhyd":0,"dndraincou":1,"frommeas":0,"tomeas":62.916770939999999,"rtndiv":0,"thinner":null,"vpuin":0,"vpuout":0,"areasqkm":0.27729997000000001,"totdasqkm":1842.6847055400001,"divdasqkm":1842.6847055400001,"maxelevraw":-9998,"minelevraw":0,"maxelevsmo":0,"minelevsmo":0,"slope":1.0000000000000001e-05,"slopelenkm":0.93161509000000009,"elevfixed":null,"hwtype":null,"hwnodesqkm":null,"statusflag":"A","qama":4423.1165529999998,"vama":1.0668742099999999,"qincrama":0.37196499999999999,"qbma":4423.1165529999998,"vbma":1.0668742099999999,"qincrbma":0.37196499999999999,"qcma":4423.1165529999998,"vcma":1.0668742099999999,"qincrcma":0.23329772000000001,"qdma":4423.1165529999998,"vdma":1.0668742099999999,"qincrdma":0.23329772000000001,"qema":5046.5626175900006,"vema":1.0750188599999999,"qincrema":0.23329772000000001,"qfma":5046.5626175900006,"qincrfma":0.23329772000000001,"arqnavma":0,"petma":0,"qlossma":0,"qgadjma":0,"qgnavma":0,"gageadjma":1,"avgqadjma":0,"gageidma":"0","gageqma":0,"Shape_Length":1246.7081999053482}},{"type":"Feature","id":8141766,"geometry":{"type":"LineString","coordinates":[[-124.17581898367128,41.903830002146528],[-124.17588613273877,41.903839395115234],[-124.17599082958851,41.903810841127886],[-124.17634049971116,41.903661504127697]]},"properties":{"OBJECTID":8141766,"permanent_identifier":"{C1167B06-9035-4C7A-B96F-B659AC41FB4E}","fdate":1502064000000,"resolution":2,"gnis_id":null,"gnis_name":null,"lengthkm":0.048128140000000007,"reachcode":"18010101002646","flowdir":1,"wbarea_permanent_identifier":null,"ftype":460,"fcode":46006,"mainpath":0,"innetwork":1,"visibilityfilter":1000000,"nhdplusid":50000400171247,"vpuid":"1801","streamleve":3,"streamorde":1,"streamcalc":1,"fromnode":50000400092807,"tonode":50000400116081,"hydroseq":50000400166072,"levelpathi":50000400130926,"pathlength":6.8291130200000003,"terminalpa":50000400005244,"arbolatesu":0.28112814000000003,"divergence":0,"startflag":0,"terminalfl":0,"uplevelpat":50000400130926,"uphydroseq":50000400278060,"dnlevel":3,"dnlevelpat":50000400130926,"dnhydroseq":50000400130926,"dnminorhyd":0,"dndraincou":1,"frommeas":90.147880550000011,"tomeas":91.832450870000002,"rtndiv":0,"thinner":null,"vpuin":0,"vpuout":0,"areasqkm":0.019100020000000002,"totdasqkm":0.78419996000000003,"divdasqkm":0.78419996000000003,"maxelevraw":-9998,"minelevraw":404,"maxelevsmo":404,"minelevsmo":404,"slope":1.0000000000000001e-05,"slopelenkm":0.048128140000000007,"elevfixed":null,"hwtype":null,"hwnodesqkm":null,"statusflag":"A","qama":1.1017859999999999,"vama":0.43046538000000001,"qincrama":0.026575000000000001,"qbma":1.1017859999999999,"vbma":0.43046538000000001,"qincrbma":0.026575000000000001,"qcma":1.2157623099999999,"vcma":0.43144261,"qincrcma":0.028220210000000003,"qdma":1.2157623099999999,"vdma":0.43144261,"qincrdma":0.028220210000000003,"qema":1.2157623099999999,"vema":0.43144261,"qincrema":0.028220210000000003,"qfma":1.2157623099999999,"qincrfma":0.028220210000000003,"arqnavma":0,"petma":0,"qlossma":0,"qgadjma":0,"qgnavma":0,"gageadjma":0,"avgqadjma":0,"gageidma":"0","gageqma":0,"Shape_Length":64.896918730715754}},{"type":"Feature","id":8359593,"geometry":{"type":"LineString","coordinates":[[-124.18369451736044,41.93182633495632],[-124.18381358366145,41.931900467997657]]},"properties":{"OBJECTID":8359593,"permanent_identifier":"{64E81FF5-5E95-4E4E-92E9-3EE78EDD40CC}","fdate":1502064000000,"resolution":2,"gnis_id":"00231633","gnis_name":"Ritmer Creek","lengthkm":0.01284191,"reachcode":"18010101000286","flowdir":1,"wbarea_permanent_identifier":null,"ftype":460,"fcode":46006,"mainpath":0,"innetwork":1,"visibilityfilter":0,"nhdplusid":50000400299884,"vpuid":"1801","streamleve":2,"streamorde":1,"streamcalc":1,"fromnode":50000400162571,"tonode":50000400000287,"hydroseq":50000400125267,"levelpathi":50000400051599,"pathlength":2.8113709600000001,"terminalpa":50000400005244,"arbolatesu":5.7696486500000006,"divergence":0,"startflag":0,"terminalfl":0,"uplevelpat":50000400051599,"uphydroseq":50000400160775,"dnlevel":2,"dnlevelpat":50000400051599,"dnhydroseq":50000400122430,"dnminorhyd":0,"dndraincou":1,"frommeas":2.1642599100000002,"tomeas":2.3825800399999997,"rtndiv":0,"thinner":null,"vpuin":0,"vpuout":0,"areasqkm":0.00040000000000000002,"totdasqkm":3.3225000299999996,"divdasqkm":3.3225000299999996,"maxelevraw":-9998,"minelevraw":302,"maxelevsmo":310,"minelevsmo":310,"slope":1.0000000000000001e-05,"slopelenkm":0.01284191,"elevfixed":null,"hwtype":null,"hwnodesqkm":null,"statusflag":"A","qama":5.5490030000000008,"vama":0.48088089000000001,"qincrama":0.00054299999999999997,"qbma":5.5490030000000008,"vbma":0.48088089000000001,"qincrbma":0.00054299999999999997,"qcma":5.75734894,"vcma":0.48139662,"qincrcma":0.00054193000000000004,"qdma":5.75734894,"vdma":0.48139662,"qincrdma":0.00054193000000000004,"qema":5.75734894,"vema":0.48139662,"qincrema":0.00054193000000000004,"qfma":5.75734894,"qincrfma":0.00054193000000000004,"arqnavma":0,"petma":0,"qlossma":0,"qgadjma":0,"qgnavma":0,"gageadjma":0,"avgqadjma":0,"gageidma":"0","gageqma":0,"Shape_Length":17.283852279380408}},{"type":"Feature","id":8502124,"geometry":{"type":"LineString","coordinates":[[-124.16066916320422,41.905780165823451],[-124.1607096143415,41.906729571165407],[-124.1609951483461,41.907719428130051],[-124.16211825355536,41.909432638827127],[-124.16293678856077,41.910175031137491],[-124.16402182316827,41.910822244021553],[-124.16602051808157,41.911475868003897]]},"properties":{"OBJECTID":8502124,"permanent_identifier":"{D258BD15-C5C8-4682-AD85-3C68BAF592F3}","fdate":1502064000000,"resolution":2,"gnis_id":"00253899","gnis_name":"Smith River","lengthkm":0.83444604,"reachcode":"18010101002654","flowdir":1,"wbarea_permanent_identifier":"113864578","ftype":558,"fcode":55800,"mainpath":0,"innetwork":1,"visibilityfilter":0,"nhdplusid":50000400171248,"vpuid":"1801","streamleve":1,"streamorde":8,"streamcalc":8,"fromnode":50000400092808,"tonode":50000400046694,"hydroseq":50000400005286,"levelpathi":50000400005244,"pathlength":6.7949048400000001,"terminalpa":50000400005244,"arbolatesu":6862.1119349600003,"divergence":0,"startflag":0,"terminalfl":0,"uplevelpat":50000400005244,"uphydroseq":50000400005300,"dnlevel":1,"dnlevelpat":50000400005244,"dnhydroseq":50000400005278,"dnminorhyd":0,"dndraincou":1,"frommeas":85.145767210000002,"tomeas":100,"rtndiv":0,"thinner":null,"vpuin":0,"vpuout":0,"areasqkm":0.76799998000000003,"totdasqkm":1736.52380475,"divdasqkm":1736.52380475,"maxelevraw":-9998,"minelevraw":293,"maxelevsmo":515,"minelevsmo":399,"slope":0.0013901400000000002,"slopelenkm":0.83444604,"elevfixed":null,"hwtype":null,"hwnodesqkm":null,"statusflag":"A","qama":4212.4599760000001,"vama":1.9495137200000001,"qincrama":1.0847500000000001,"qbma":4212.4599760000001,"vbma":1.9495137200000001,"qincrbma":1.0847500000000001,"qcma":4212.4599760000001,"vcma":1.9495137200000001,"qincrcma":0.92702069000000009,"qdma":4212.4599760000001,"vdma":1.9495137200000001,"qincrdma":0.92702069000000009,"qema":4835.90604059,"vema":1.9679639700000002,"qincrema":0.92702069000000009,"qfma":4835.90604059,"qincrfma":0.92702069000000009,"arqnavma":0,"petma":0,"qlossma":0,"qgadjma":0,"qgnavma":0,"gageadjma":1,"avgqadjma":0,"gageidma":"0","gageqma":0,"Shape_Length":1120.1194401144567}},{"type":"Feature","id":8518833,"geometry":{"type":"LineString","coordinates":[[-124.18501211771012,41.931296602217337],[-124.18517691814056,41.93126800170225]]},"properties":{"OBJECTID":8518833,"permanent_identifier":"113863798","fdate":1502064000000,"resolution":2,"gnis_id":"00231633","gnis_name":"Ritmer Creek","lengthkm":0.013942880000000001,"reachcode":"18010101002931","flowdir":1,"wbarea_permanent_identifier":"{58E7631B-9231-413A-96B2-EDC13F5330AA}","ftype":558,"fcode":55800,"mainpath":0,"innetwork":1,"visibilityfilter":0,"nhdplusid":50000400086214,"vpuid":"1801","streamleve":2,"streamorde":2,"streamcalc":2,"fromnode":50000400046725,"tonode":50000400162528,"hydroseq":50000400094937,"levelpathi":50000400051599,"pathlength":2.6700317500000001,"terminalpa":50000400005244,"arbolatesu":10.88100942,"divergence":0,"startflag":0,"terminalfl":0,"uplevelpat":50000400051599,"uphydroseq":50000400102336,"dnlevel":2,"dnlevelpat":50000400051599,"dnhydroseq":50000400082738,"dnminorhyd":0,"dndraincou":1,"frommeas":0,"tomeas":100,"rtndiv":0,"thinner":null,"vpuin":0,"vpuout":0,"areasqkm":0.0001,"totdasqkm":8.77740002,"divdasqkm":8.77740002,"maxelevraw":-9998,"minelevraw":145,"maxelevsmo":154,"minelevsmo":145,"slope":0.0064549100000000003,"slopelenkm":0.013942880000000001,"elevfixed":null,"hwtype":null,"hwnodesqkm":null,"statusflag":"A","qama":13.542537000000001,"vama":-9998,"qincrama":0.000136,"qbma":13.542537000000001,"vbma":-9998,"qincrbma":0.000136,"qcma":13.58151518,"vcma":-9998,"qincrcma":0.00013119,"qdma":13.58151518,"vdma":-9998,"qincrdma":0.00013119,"qema":13.58151518,"vema":-9998,"qincrema":0.00013119,"qfma":13.58151518,"qincrfma":0.00013119,"arqnavma":0,"petma":0,"qlossma":0,"qgadjma":0,"qgnavma":0,"gageadjma":0,"avgqadjma":0,"gageidma":"0","gageqma":0,"Shape_Length":18.838055800843339}},{"type":"Feature","id":8697770,"geometry":{"type":"LineString","coordinates":[[-124.15041659025528,41.880615801732056],[-124.15050031773133,41.880568867951766],[-124.1506325183001,41.880481067920918],[-124.15085298373546,41.880355001890216],[-124.15119098384427,41.880333068206745],[-124.15138198363996,41.88031120206783],[-124.15174918438541,41.880305801913543],[-124.1522635839716,41.880322467882372],[-124.15267491804863,41.880350001701302],[-124.15288791758564,41.880405001751548],[-124.15304211789574,41.880542201699861],[-124.15311551833928,41.880635601753511],[-124.1533285178763,41.880718067666649],[-124.15360751843387,41.880855402045746],[-124.15390871815873,41.881047601861852],[-124.15428318357986,41.88136060175944],[-124.15486338386232,41.881651801994273],[-124.15510578436027,41.881750601796313],[-124.15542158440346,41.881811068219136],[-124.15570798438402,41.88191000220688],[-124.15586958411713,41.881976002255463],[-124.15594311840965,41.882058267800886],[-124.1560017837876,41.88216820204498],[-124.15611191813976,41.882442668313352],[-124.15622931806591,41.882651267881357],[-124.15644958407525,41.882876467865678],[-124.15651578362348,41.882931402204875],[-124.1567213837375,41.88296446792183],[-124.15708871833191,41.882975602182881],[-124.1572061838351,41.882992001939989],[-124.15738258421081,41.883052467856821],[-124.15738991805679,41.883063467672955],[-124.1575663184325,41.88313486778334],[-124.157904118217,41.88334906830449],[-124.15843311812152,41.883354668172991],[-124.15877838380432,41.88327240229026],[-124.15913098423142,41.883173667708682],[-124.15944691812361,41.883113401878703],[-124.15955718362977,41.883025602000068],[-124.15968951804756,41.882866401670235],[-124.15979238413072,41.882624868015384],[-124.15996151803412,41.882454668105645],[-124.16013058366553,41.882388867857131],[-124.16035831826815,41.882350468073099],[-124.16051998357827,41.882240801667535],[-124.16058618402482,41.882103602022276],[-124.16055678396219,41.881999202110414],[-124.16041731781939,41.881757602308575],[-124.16029978404426,41.881603867752887],[-124.16018971796406,41.88149400209511],[-124.16010158425154,41.881329268130045],[-124.16002831765698,41.881104201808164],[-124.1600871177822,41.8809120677073]]},"properties":{"OBJECTID":8697770,"permanent_identifier":"113863708","fdate":1502064000000,"resolution":2,"gnis_id":null,"gnis_name":null,"lengthkm":1.2035482100000001,"reachcode":"18010101002649","flowdir":1,"wbarea_permanent_identifier":null,"ftype":460,"fcode":46003,"mainpath":0,"innetwork":1,"visibilityfilter":0,"nhdplusid":50000400043555,"vpuid":"1801","streamleve":3,"streamorde":2,"streamcalc":2,"fromnode":50000400023661,"tonode":50000400046757,"hydroseq":50000400181596,"levelpathi":50000400181596,"pathlength":11.122653640000001,"terminalpa":50000400005244,"arbolatesu":2.96762433,"divergence":0,"startflag":0,"terminalfl":0,"uplevelpat":50000400181596,"uphydroseq":50000400259886,"dnlevel":2,"dnlevelpat":50000400063184,"dnhydroseq":50000400139224,"dnminorhyd":0,"dndraincou":1,"frommeas":0,"tomeas":84.966667180000002,"rtndiv":0,"thinner":null,"vpuin":0,"vpuout":0,"areasqkm":0.43060003000000002,"totdasqkm":4.6383000000000001,"divdasqkm":4.6383000000000001,"maxelevraw":-9998,"minelevraw":395,"maxelevsmo":799,"minelevsmo":416,"slope":0.0031822600000000001,"slopelenkm":1.2035482100000001,"elevfixed":null,"hwtype":null,"hwnodesqkm":null,"statusflag":"A","qama":6.9053810000000002,"vama":0.7696424300000001,"qincrama":0.62613299999999994,"qbma":6.9053810000000002,"vbma":0.7696424300000001,"qincrbma":0.62613299999999994,"qcma":7.1052228800000004,"vcma":0.77070955000000008,"qincrcma":0.58214500000000002,"qdma":7.1052228800000004,"vdma":0.77070955000000008,"qincrdma":0.58214500000000002,"qema":7.1052228800000004,"vema":0.77070955000000008,"qincrema":0.58214500000000002,"qfma":7.1052228800000004,"qincrfma":0.58214500000000002,"arqnavma":0,"petma":0,"qlossma":0,"qgadjma":0,"qgnavma":0,"gageadjma":0,"avgqadjma":0,"gageidma":"0","gageqma":0,"Shape_Length":1619.0449038661231}},{"type":"Feature","id":8859477,"geometry":{"type":"LineString","coordinates":[[-124.17317431832198,41.904532467902989],[-124.17407871789554,41.904232001786021],[-124.17484358395261,41.903999467831134],[-124.17557591841999,41.90389866793187],[-124.17573931837694,41.903870668228713],[-124.17581898367128,41.903830002146528]]},"properties":{"OBJECTID":8859477,"permanent_identifier":"113863792","fdate":1329767950000,"resolution":2,"gnis_id":null,"gnis_name":null,"lengthkm":0.23300000000000001,"reachcode":"18010101002646","flowdir":1,"wbarea_permanent_identifier":"113863350","ftype":558,"fcode":55800,"mainpath":0,"innetwork":1,"visibilityfilter":1000000,"nhdplusid":50000400128793,"vpuid":"1801","streamleve":3,"streamorde":1,"streamcalc":1,"fromnode":50000400241131,"tonode":50000400092807,"hydroseq":50000400278060,"levelpathi":50000400130926,"pathlength":6.8772411600000005,"terminalpa":50000400005244,"arbolatesu":0.23300000000000001,"divergence":0,"startflag":1,"terminalfl":0,"uplevelpat":0,"uphydroseq":0,"dnlevel":3,"dnlevelpat":50000400130926,"dnhydroseq":50000400166072,"dnminorhyd":0,"dndraincou":1,"frommeas":91.832450870000002,"tomeas":100,"rtndiv":0,"thinner":null,"vpuin":0,"vpuout":0,"areasqkm":0.76509994000000003,"totdasqkm":0.76509994000000003,"divdasqkm":0.76509994000000003,"maxelevraw":404,"minelevraw":404,"maxelevsmo":404,"minelevsmo":404,"slope":1.0000000000000001e-05,"slopelenkm":0.13300000000000001,"elevfixed":null,"hwtype":0,"hwnodesqkm":0.60510000000000008,"statusflag":"A","qama":1.0752109999999999,"vama":-9998,"qincrama":1.0752109999999999,"qbma":1.0752109999999999,"vbma":-9998,"qincrbma":1.0752109999999999,"qcma":1.1875420999999999,"vcma":-9998,"qincrcma":1.1875420999999999,"qdma":1.1875420999999999,"vdma":-9998,"qincrdma":1.1875420999999999,"qema":1.1875420999999999,"vema":-9998,"qincrema":1.1875420999999999,"qfma":1.1875420999999999,"qincrfma":1.1875420999999999,"arqnavma":0,"petma":0,"qlossma":0,"qgadjma":0,"qgnavma":0,"gageadjma":0,"avgqadjma":0,"gageidma":"0","gageqma":0,"Shape_Length":314.55126253624854}},{"type":"Feature","id":8894545,"geometry":{"type":"LineString","coordinates":[[-124.17708919609314,41.903682239715586],[-124.1772138732714,41.903720420752343],[-124.17758506882488,41.903829877120856],[-124.17789439920142,41.903925056332028],[-124.17821800470611,41.90408210014909],[-124.1784987821313,41.904239144248464],[-124.17872721023333,41.904353358686429],[-124.17893532742677,41.904443843686472]]},"properties":{"OBJECTID":8894545,"permanent_identifier":"{DCFE4399-DC18-4683-ADE8-81A3E2CB261C}","fdate":1502064000000,"resolution":2,"gnis_id":null,"gnis_name":null,"lengthkm":0.17531040000000001,"reachcode":"18010101002646","flowdir":1,"wbarea_permanent_identifier":"113863312","ftype":558,"fcode":55800,"mainpath":0,"innetwork":1,"visibilityfilter":1000000,"nhdplusid":50000400171246,"vpuid":"1801","streamleve":2,"streamorde":2,"streamcalc":2,"fromnode":50000400092806,"tonode":50000400162569,"hydroseq":50000400079168,"levelpathi":50000400063184,"pathlength":6.5879939700000003,"terminalpa":50000400005244,"arbolatesu":12.03841325,"divergence":0,"startflag":0,"terminalfl":0,"uplevelpat":50000400063184,"uphydroseq":50000400086077,"dnlevel":2,"dnlevelpat":50000400063184,"dnhydroseq":50000400072289,"dnminorhyd":0,"dndraincou":1,"frommeas":81.709457400000005,"tomeas":87.841690060000005,"rtndiv":0,"thinner":null,"vpuin":0,"vpuout":0,"areasqkm":0.043599990000000005,"totdasqkm":11.981599990000001,"divdasqkm":11.981599990000001,"maxelevraw":-9998,"minelevraw":400,"maxelevsmo":404,"minelevsmo":400,"slope":0.00022817000000000001,"slopelenkm":0.17531040000000001,"elevfixed":null,"hwtype":null,"hwnodesqkm":null,"statusflag":"A","qama":17.368639000000002,"vama":-9998,"qincrama":0.060596000000000004,"qbma":17.368639000000002,"vbma":-9998,"qincrbma":0.060596000000000004,"qcma":17.25431532,"vcma":-9998,"qincrcma":0.057908069999999999,"qdma":17.25431532,"vdma":-9998,"qincrdma":0.057908069999999999,"qema":17.25431532,"vema":-9998,"qincrema":0.057908069999999999,"qfma":17.25431532,"qincrfma":0.057908069999999999,"arqnavma":0,"petma":0,"qlossma":0,"qgadjma":0,"qgnavma":0,"gageadjma":0,"avgqadjma":0,"gageidma":"0","gageqma":0,"Shape_Length":236.28362635972798}},{"type":"Feature","id":8909138,"geometry":{"type":"LineString","coordinates":[[-124.20050118424928,41.944216802234024],[-124.20128378394837,41.944919402098286],[-124.20204358440557,41.946138201683205],[-124.20251318411024,41.946834268053919],[-124.2030531183084,41.947110867669657],[-124.20390051798054,41.947092268182431],[-124.20489611811499,41.946956202058047]]},"properties":{"OBJECTID":8909138,"permanent_identifier":"113863812","fdate":1419897600000,"resolution":2,"gnis_id":"00253899","gnis_name":"Smith River","lengthkm":0.54590915000000007,"reachcode":"18010101002959","flowdir":1,"wbarea_permanent_identifier":"113864578","ftype":558,"fcode":55800,"mainpath":0,"innetwork":1,"visibilityfilter":5000000,"nhdplusid":50000400043400,"vpuid":"1801","streamleve":1,"streamorde":8,"streamcalc":8,"fromnode":50000400023594,"tonode":50000400092782,"hydroseq":50000400005244,"levelpathi":50000400005244,"pathlength":0,"terminalpa":50000400005244,"arbolatesu":7324.2580371499998,"divergence":0,"startflag":0,"terminalfl":1,"uplevelpat":50000400005244,"uphydroseq":50000400005247,"dnlevel":-1,"dnlevelpat":50000400000001,"dnhydroseq":50000400000407,"dnminorhyd":0,"dndraincou":1,"frommeas":0,"tomeas":100,"rtndiv":0,"thinner":null,"vpuin":0,"vpuout":0,"areasqkm":0.64560006000000003,"totdasqkm":1858.36780555,"divdasqkm":1858.36780555,"maxelevraw":-9998,"minelevraw":0,"maxelevsmo":0,"minelevsmo":0,"slope":1.0000000000000001e-05,"slopelenkm":0.54590915000000007,"elevfixed":null,"hwtype":null,"hwnodesqkm":null,"statusflag":"A","qama":4446.2956440000007,"vama":1.06815259,"qincrama":0.9025160000000001,"qbma":4446.2956440000007,"vbma":1.06815259,"qincrbma":0.9025160000000001,"qcma":4446.2956440000007,"vcma":1.06815259,"qincrcma":1.25793424,"qdma":4446.2956440000007,"vdma":1.06815259,"qincrdma":1.25793424,"qema":5069.7417085899997,"vema":1.07627089,"qincrema":1.25793424,"qfma":5069.7417085899997,"qincrfma":1.25793424,"arqnavma":0,"petma":0,"qlossma":0,"qgadjma":0,"qgnavma":0,"gageadjma":1,"avgqadjma":0,"gageidma":"0","gageqma":0,"Shape_Length":734.22460273481261}},{"type":"Feature","id":8962411,"geometry":{"type":"LineString","coordinates":[[-124.19622930430614,41.938493664263319],[-124.19626291836576,41.939685002277358],[-124.19609278373916,41.940358601930306],[-124.19613538364653,41.940543202287664],[-124.19630838389892,41.940726402232016]]},"properties":{"OBJECTID":8962411,"permanent_identifier":"{371B950C-EA68-4577-BC23-9D0C4C62E6BA}","fdate":1502064000000,"resolution":2,"gnis_id":null,"gnis_name":null,"lengthkm":0.25585639000000004,"reachcode":"18010101002957","flowdir":1,"wbarea_permanent_identifier":"113864578","ftype":558,"fcode":55800,"mainpath":0,"innetwork":1,"visibilityfilter":0,"nhdplusid":50000400043401,"vpuid":"1801","streamleve":2,"streamorde":2,"streamcalc":2,"fromnode":50000400023595,"tonode":50000400046695,"hydroseq":50000400053767,"levelpathi":50000400051599,"pathlength":1.0720545800000001,"terminalpa":50000400005244,"arbolatesu":16.079805789999998,"divergence":0,"startflag":0,"terminalfl":0,"uplevelpat":50000400051599,"uphydroseq":50000400055117,"dnlevel":2,"dnlevelpat":50000400051599,"dnhydroseq":50000400051599,"dnminorhyd":0,"dndraincou":1,"frommeas":0,"tomeas":42.017810820000001,"rtndiv":0,"thinner":null,"vpuin":0,"vpuout":0,"areasqkm":0.10690000000000001,"totdasqkm":12.817199970000001,"divdasqkm":12.817199970000001,"maxelevraw":-9998,"minelevraw":0,"maxelevsmo":0,"minelevsmo":0,"slope":1.0000000000000001e-05,"slopelenkm":0.25585639000000004,"elevfixed":null,"hwtype":null,"hwnodesqkm":null,"statusflag":"A","qama":19.111540999999999,"vama":0.54145798000000001,"qincrama":0.14513600000000001,"qbma":19.111540999999999,"vbma":0.54145798000000001,"qincrbma":0.14513600000000001,"qcma":18.916716869999998,"vcma":0.54126461999999997,"qincrcma":0.13820460000000001,"qdma":18.916716869999998,"vdma":0.54126461999999997,"qincrdma":0.13820460000000001,"qema":18.916716869999998,"vema":0.54126461999999997,"qincrema":0.13820460000000001,"qfma":18.916716869999998,"qincrfma":0.13820460000000001,"arqnavma":0,"petma":0,"qlossma":0,"qgadjma":0,"qgnavma":0,"gageadjma":0,"avgqadjma":0,"gageidma":"0","gageqma":0,"Shape_Length":342.4312719993772}},{"type":"Feature","id":9588644,"geometry":{"type":"LineString","coordinates":[[-124.1600871177822,41.8809120677073],[-124.16034411770013,41.881027468224332],[-124.16043958436032,41.881098801720889],[-124.16052778364988,41.881219601978216],[-124.16076271824952,41.881389868046959],[-124.16129898372803,41.881631467901549],[-124.16165871767681,41.881873201943513],[-124.16218758373235,41.882191801780294],[-124.16251798409385,41.882554201687491],[-124.16277511786079,41.882746401744264],[-124.16291471785257,41.882823202150902]]},"properties":{"OBJECTID":9588644,"permanent_identifier":"113863740","fdate":1329767950000,"resolution":2,"gnis_id":"00236584","gnis_name":"Tryon Creek","lengthkm":0.32000000000000001,"reachcode":"18010101000269","flowdir":1,"wbarea_permanent_identifier":null,"ftype":460,"fcode":46003,"mainpath":0,"innetwork":1,"visibilityfilter":500000,"nhdplusid":50000400086310,"vpuid":"1801","streamleve":2,"streamorde":2,"streamcalc":2,"fromnode":50000400046757,"tonode":50000400162568,"hydroseq":50000400139224,"levelpathi":50000400063184,"pathlength":10.802653640000001,"terminalpa":50000400005244,"arbolatesu":5.6396243299999993,"divergence":0,"startflag":0,"terminalfl":0,"uplevelpat":50000400063184,"uphydroseq":50000400241416,"dnlevel":2,"dnlevelpat":50000400063184,"dnhydroseq":50000400109556,"dnminorhyd":0,"dndraincou":1,"frommeas":92.598121640000002,"tomeas":100,"rtndiv":0,"thinner":null,"vpuin":0,"vpuout":0,"areasqkm":0.087599990000000003,"totdasqkm":6.4973000299999999,"divdasqkm":6.4973000299999999,"maxelevraw":-9998,"minelevraw":381,"maxelevsmo":416,"minelevsmo":404,"slope":0.00037500000000000001,"slopelenkm":0.32000000000000001,"elevfixed":null,"hwtype":null,"hwnodesqkm":null,"statusflag":"A","qama":9.6465209999999999,"vama":0.66304748000000002,"qincrama":0.126584,"qbma":9.6465209999999999,"vbma":0.66304748000000002,"qincrbma":0.126584,"qcma":9.8001047100000012,"vcma":0.66350153000000001,"qincrcma":-0.096723890000000007,"qdma":9.8001047100000012,"vdma":0.66350153000000001,"qincrdma":-0.096723890000000007,"qema":9.8001047100000012,"vema":0.66350153000000001,"qincrema":-0.096723890000000007,"qfma":9.8001047100000012,"qincrfma":-0.096723890000000007,"arqnavma":0,"petma":0,"qlossma":0,"qgadjma":0,"qgnavma":0,"gageadjma":0,"avgqadjma":0,"gageidma":"0","gageqma":0,"Shape_Length":430.34495869433306}},{"type":"Feature","id":9594142,"geometry":{"type":"LineString","coordinates":[[-124.15958129081876,41.904733858282356],[-124.16003789818949,41.90501899030312],[-124.16069146837275,41.905099860280266]]},"properties":{"OBJECTID":9594142,"permanent_identifier":"{A777E6B4-1F8F-4772-A71A-9DFCFA65FCCF}","fdate":1505174400000,"resolution":2,"gnis_id":"00229082","gnis_name":"Morrison Creek","lengthkm":0.10391405000000001,"reachcode":"18010101000630","flowdir":1,"wbarea_permanent_identifier":"113864578","ftype":558,"fcode":55800,"mainpath":0,"innetwork":1,"visibilityfilter":0,"nhdplusid":50000400214346,"vpuid":"1801","streamleve":2,"streamorde":2,"streamcalc":2,"fromnode":50000400116126,"tonode":50000400092843,"hydroseq":50000400091815,"levelpathi":50000400091815,"pathlength":7.7054821200000001,"terminalpa":50000400005244,"arbolatesu":9.3865158999999991,"divergence":0,"startflag":0,"terminalfl":0,"uplevelpat":50000400091815,"uphydroseq":50000400107750,"dnlevel":1,"dnlevelpat":50000400005244,"dnhydroseq":50000400005300,"dnminorhyd":0,"dndraincou":1,"frommeas":0,"tomeas":2.4166600699999998,"rtndiv":0,"thinner":null,"vpuin":0,"vpuout":0,"areasqkm":0.010400000000000001,"totdasqkm":8.0518999700000009,"divdasqkm":8.0518999700000009,"maxelevraw":-9998,"minelevraw":431,"maxelevsmo":515,"minelevsmo":515,"slope":1.0000000000000001e-05,"slopelenkm":0.10391405000000001,"elevfixed":null,"hwtype":null,"hwnodesqkm":null,"statusflag":"A","qama":13.235861999999999,"vama":0.51950969000000002,"qincrama":0.014815,"qbma":13.235861999999999,"vbma":0.51950969000000002,"qincrbma":0.014815,"qcma":13.285543850000002,"vcma":0.51957377000000005,"qincrcma":0.01430449,"qdma":13.285543850000002,"vdma":0.51957377000000005,"qincrdma":0.01430449,"qema":13.285543850000002,"vema":0.51957377000000005,"qincrema":0.01430449,"qfma":13.285543850000002,"qincrfma":0.01430449,"arqnavma":0,"petma":0,"qlossma":0,"qgadjma":0,"qgnavma":0,"gageadjma":0,"avgqadjma":0,"gageidma":"0","gageqma":0,"Shape_Length":140.10466419069823}},{"type":"Feature","id":9950478,"geometry":{"type":"LineString","coordinates":[[-124.16069146837275,41.905099860280266],[-124.16068305205687,41.905356540330246],[-124.16066916320422,41.905780165823451]]},"properties":{"OBJECTID":9950478,"permanent_identifier":"{4CA85FB7-9C20-4DEF-9864-4B7F0F32B1E1}","fdate":1505174400000,"resolution":2,"gnis_id":"00253899","gnis_name":"Smith River","lengthkm":0.076131240000000003,"reachcode":"18010101002653","flowdir":1,"wbarea_permanent_identifier":"113864578","ftype":558,"fcode":55800,"mainpath":0,"innetwork":1,"visibilityfilter":5000000,"nhdplusid":50000400171336,"vpuid":"1801","streamleve":1,"streamorde":8,"streamcalc":8,"fromnode":50000400092843,"tonode":50000400092808,"hydroseq":50000400005300,"levelpathi":50000400005244,"pathlength":7.6293508799999996,"terminalpa":50000400005244,"arbolatesu":6859.8457556599997,"divergence":0,"startflag":0,"terminalfl":0,"uplevelpat":50000400005244,"uphydroseq":50000400005311,"dnlevel":1,"dnlevelpat":50000400005244,"dnhydroseq":50000400005286,"dnminorhyd":0,"dndraincou":1,"frommeas":0,"tomeas":1.8764300300000001,"rtndiv":0,"thinner":null,"vpuin":0,"vpuout":0,"areasqkm":0.0097999999999999997,"totdasqkm":1734.35960475,"divdasqkm":1734.35960475,"maxelevraw":-9998,"minelevraw":515,"maxelevsmo":515,"minelevsmo":515,"slope":1.0000000000000001e-05,"slopelenkm":0.076131240000000003,"elevfixed":null,"hwtype":null,"hwnodesqkm":null,"statusflag":"A","qama":4209.3648410000005,"vama":1.05705966,"qincrama":0.013852000000000001,"qbma":4209.3648410000005,"vbma":1.05705966,"qincrbma":0.013852000000000001,"qcma":4209.3648410000005,"vcma":1.05705966,"qincrcma":-0.035829849999999996,"qdma":4209.3648410000005,"vdma":1.05705966,"qincrdma":-0.035829849999999996,"qema":4832.8109055900004,"vema":1.0654823299999998,"qincrema":-0.035829849999999996,"qfma":4832.8109055900004,"qincrfma":-0.035829849999999996,"arqnavma":0,"petma":0,"qlossma":0,"qgadjma":0,"qgnavma":0,"gageadjma":1,"avgqadjma":0,"gageidma":"0","gageqma":0,"Shape_Length":101.78569014645369}},{"type":"Feature","id":10159385,"geometry":{"type":"LineString","coordinates":[[-124.15942900481853,41.905628536231568],[-124.16066916320422,41.905780165823451]]},"properties":{"OBJECTID":10159385,"permanent_identifier":"{361AD2B6-CD46-4DC9-8242-03C31919BE5A}","fdate":1502064000000,"resolution":2,"gnis_id":null,"gnis_name":null,"lengthkm":0.10355955000000001,"reachcode":"18010101002647","flowdir":1,"wbarea_permanent_identifier":"113864578","ftype":558,"fcode":55800,"mainpath":0,"innetwork":1,"visibilityfilter":0,"nhdplusid":50000400043556,"vpuid":"1801","streamleve":2,"streamorde":1,"streamcalc":1,"fromnode":50000400023662,"tonode":50000400092808,"hydroseq":50000400181595,"levelpathi":50000400181595,"pathlength":7.6293508799999996,"terminalpa":50000400005244,"arbolatesu":1.4317332599999999,"divergence":0,"startflag":0,"terminalfl":0,"uplevelpat":50000400181595,"uphydroseq":50000400314744,"dnlevel":1,"dnlevelpat":50000400005244,"dnhydroseq":50000400005286,"dnminorhyd":0,"dndraincou":1,"frommeas":0,"tomeas":7.2873101199999999,"rtndiv":0,"thinner":null,"vpuin":0,"vpuout":0,"areasqkm":0.012700000000000001,"totdasqkm":1.39620002,"divdasqkm":1.39620002,"maxelevraw":-9998,"minelevraw":392,"maxelevsmo":515,"minelevsmo":515,"slope":1.0000000000000001e-05,"slopelenkm":0.10355955000000001,"elevfixed":null,"hwtype":null,"hwnodesqkm":null,"statusflag":"A","qama":2.0103849999999999,"vama":0.44804178,"qincrama":0.018095000000000003,"qbma":2.0103849999999999,"vbma":0.44804178,"qincrbma":0.018095000000000003,"qcma":2.16811431,"vcma":0.44889877000000006,"qincrcma":0.018774590000000001,"qdma":2.16811431,"vdma":0.44889877000000006,"qincrdma":0.018774590000000001,"qema":2.16811431,"vema":0.44889877000000006,"qincrema":0.018774590000000001,"qfma":2.16811431,"qincrfma":0.018774590000000001,"arqnavma":0,"petma":0,"qlossma":0,"qgadjma":0,"qgnavma":0,"gageadjma":0,"avgqadjma":0,"gageidma":"0","gageqma":0,"Shape_Length":139.90434239781439}},{"type":"Feature","id":10297569,"geometry":{"type":"LineString","coordinates":[[-124.18355994973086,41.931731365759092],[-124.1835931182261,41.931763201944904],[-124.18369451736044,41.93182633495632]]},"properties":{"OBJECTID":10297569,"permanent_identifier":"{A9684A01-A3F0-49A8-93AD-7FA830E09BC8}","fdate":1502064000000,"resolution":2,"gnis_id":"00231633","gnis_name":"Ritmer Creek","lengthkm":0.015424510000000001,"reachcode":"18010101000286","flowdir":1,"wbarea_permanent_identifier":"{A648C874-5CA2-41D6-88E1-FB2C89276B29}","ftype":558,"fcode":55800,"mainpath":0,"innetwork":1,"visibilityfilter":0,"nhdplusid":50000400214253,"vpuid":"1801","streamleve":2,"streamorde":1,"streamcalc":1,"fromnode":50000400116082,"tonode":50000400162571,"hydroseq":50000400160775,"levelpathi":50000400051599,"pathlength":2.8242128700000002,"terminalpa":50000400005244,"arbolatesu":5.75680674,"divergence":0,"startflag":0,"terminalfl":0,"uplevelpat":50000400051599,"uphydroseq":50000400278059,"dnlevel":2,"dnlevelpat":50000400051599,"dnhydroseq":50000400125267,"dnminorhyd":0,"dndraincou":1,"frommeas":2.3825800399999997,"tomeas":2.6445701099999996,"rtndiv":0,"thinner":null,"vpuin":0,"vpuout":0,"areasqkm":0.0016000000000000001,"totdasqkm":3.3221000299999996,"divdasqkm":3.3221000299999996,"maxelevraw":-9998,"minelevraw":303,"maxelevsmo":310,"minelevsmo":310,"slope":1.0000000000000001e-05,"slopelenkm":0.015424510000000001,"elevfixed":null,"hwtype":null,"hwnodesqkm":null,"statusflag":"A","qama":5.5484600000000004,"vama":-9998,"qincrama":0.0021720000000000003,"qbma":5.5484600000000004,"vbma":-9998,"qincrbma":0.0021720000000000003,"qcma":5.7568070100000002,"vcma":-9998,"qincrcma":0.0021677300000000005,"qdma":5.7568070100000002,"vdma":-9998,"qincrdma":0.0021677300000000005,"qema":5.7568070100000002,"vema":-9998,"qincrema":0.0021677300000000005,"qfma":5.7568070100000002,"qincrfma":0.0021677300000000005,"arqnavma":0,"petma":0,"qlossma":0,"qgadjma":0,"qgnavma":0,"gageadjma":0,"avgqadjma":0,"gageidma":"0","gageqma":0,"Shape_Length":20.746419795176934}},{"type":"Feature","id":10415018,"geometry":{"type":"LineString","coordinates":[[-124.19613462367182,41.936544178046951],[-124.19610656120066,41.937547354914798]]},"properties":{"OBJECTID":10415018,"permanent_identifier":"{478129E7-33E9-446E-BA50-27301779F5A8}","fdate":1502064000000,"resolution":2,"gnis_id":null,"gnis_name":null,"lengthkm":0.11224987,"reachcode":"18010101002957","flowdir":1,"wbarea_permanent_identifier":"113864578","ftype":558,"fcode":55800,"mainpath":0,"innetwork":1,"visibilityfilter":0,"nhdplusid":50000400128743,"vpuid":"1801","streamleve":2,"streamorde":2,"streamcalc":2,"fromnode":50000400069713,"tonode":50000400092783,"hydroseq":50000400057760,"levelpathi":50000400051599,"pathlength":1.43686348,"terminalpa":50000400005244,"arbolatesu":15.71499689,"divergence":0,"startflag":0,"terminalfl":0,"uplevelpat":50000400051599,"uphydroseq":50000400060598,"dnlevel":2,"dnlevelpat":50000400051599,"dnhydroseq":50000400055117,"dnminorhyd":0,"dndraincou":1,"frommeas":59.913539889999996,"tomeas":78.335517879999998,"rtndiv":0,"thinner":null,"vpuin":0,"vpuout":0,"areasqkm":0.028700010000000001,"totdasqkm":12.666599979999999,"divdasqkm":12.666599979999999,"maxelevraw":-9998,"minelevraw":0,"maxelevsmo":0,"minelevsmo":0,"slope":1.0000000000000001e-05,"slopelenkm":0.11224987,"elevfixed":null,"hwtype":null,"hwnodesqkm":null,"statusflag":"A","qama":18.906738000000001,"vama":0.54084563000000008,"qincrama":0.038917000000000007,"qbma":18.906738000000001,"vbma":0.54084563000000008,"qincrbma":0.038917000000000007,"qcma":18.721683169999999,"vcma":0.54066051000000004,"qincrcma":0.037069690000000002,"qdma":18.721683169999999,"vdma":0.54066051000000004,"qincrdma":0.037069690000000002,"qema":18.721683169999999,"vema":0.54066051000000004,"qincrema":0.037069690000000002,"qfma":18.721683169999999,"qincrfma":0.037069690000000002,"arqnavma":0,"petma":0,"qlossma":0,"qgadjma":0,"qgnavma":0,"gageadjma":0,"avgqadjma":0,"gageidma":"0","gageqma":0,"Shape_Length":150.15509909155307}},{"type":"Feature","id":10457553,"geometry":{"type":"LineString","coordinates":[[-124.19073909324206,41.93338126829272],[-124.19084244890708,41.933416755117577]]},"properties":{"OBJECTID":10457553,"permanent_identifier":"{58B4E418-D841-4ACD-B2FC-BDA8B34C39BA}","fdate":1502064000000,"resolution":2,"gnis_id":null,"gnis_name":null,"lengthkm":0.0093911900000000006,"reachcode":"18010101002932","flowdir":1,"wbarea_permanent_identifier":"113863300","ftype":334,"fcode":33400,"mainpath":0,"innetwork":1,"visibilityfilter":250000,"nhdplusid":50000400256836,"vpuid":"1801","streamleve":2,"streamorde":2,"streamcalc":2,"fromnode":50000400139008,"tonode":50000400162527,"hydroseq":50000400077752,"levelpathi":50000400051599,"pathlength":2.1390533600000001,"terminalpa":50000400005244,"arbolatesu":12.930280079999999,"divergence":0,"startflag":0,"terminalfl":0,"uplevelpat":50000400051599,"uphydroseq":50000400082738,"dnlevel":2,"dnlevelpat":50000400051599,"dnhydroseq":50000400072293,"dnminorhyd":0,"dndraincou":1,"frommeas":22.01664925,"tomeas":23.396739959999998,"rtndiv":0,"thinner":null,"vpuin":0,"vpuout":0,"areasqkm":0.0080999999999999996,"totdasqkm":11.50709998,"divdasqkm":11.50709998,"maxelevraw":-9998,"minelevraw":144,"maxelevsmo":144,"minelevsmo":144,"slope":1.0000000000000001e-05,"slopelenkm":0.0093911900000000006,"elevfixed":null,"hwtype":null,"hwnodesqkm":null,"statusflag":"A","qama":17.323860999999997,"vama":-9998,"qincrama":0.011044000000000002,"qbma":17.323860999999997,"vbma":-9998,"qincrbma":0.011044000000000002,"qcma":17.21152433,"vcma":-9998,"qincrcma":0.010554570000000001,"qdma":17.21152433,"vdma":-9998,"qincrdma":0.010554570000000001,"qema":17.21152433,"vema":-9998,"qincrema":0.010554570000000001,"qfma":17.21152433,"qincrfma":0.010554570000000001,"arqnavma":0,"petma":0,"qlossma":0,"qgadjma":0,"qgnavma":0,"gageadjma":0,"avgqadjma":0,"gageidma":"0","gageqma":0,"Shape_Length":12.671809434748893}},{"type":"Feature","id":10549967,"geometry":{"type":"LineString","coordinates":[[-124.19610656120066,41.937547354914798],[-124.19601153471497,41.937840355098885],[-124.19622930430614,41.938493664263319]]},"properties":{"OBJECTID":10549967,"permanent_identifier":"{0E088759-39CF-413E-A0AE-9EF364B1606C}","fdate":1502064000000,"resolution":2,"gnis_id":null,"gnis_name":null,"lengthkm":0.10895251000000002,"reachcode":"18010101002957","flowdir":1,"wbarea_permanent_identifier":"113864578","ftype":558,"fcode":55800,"mainpath":0,"innetwork":1,"visibilityfilter":0,"nhdplusid":50000400171190,"vpuid":"1801","streamleve":2,"streamorde":2,"streamcalc":2,"fromnode":50000400092783,"tonode":50000400023595,"hydroseq":50000400055117,"levelpathi":50000400051599,"pathlength":1.32791097,"terminalpa":50000400005244,"arbolatesu":15.8239494,"divergence":0,"startflag":0,"terminalfl":0,"uplevelpat":50000400051599,"uphydroseq":50000400057760,"dnlevel":2,"dnlevelpat":50000400051599,"dnhydroseq":50000400053767,"dnminorhyd":0,"dndraincou":1,"frommeas":42.017810820000001,"tomeas":59.913539889999996,"rtndiv":0,"thinner":null,"vpuin":0,"vpuout":0,"areasqkm":0.043699990000000001,"totdasqkm":12.710299970000001,"divdasqkm":12.710299970000001,"maxelevraw":-9998,"minelevraw":0,"maxelevsmo":0,"minelevsmo":0,"slope":1.0000000000000001e-05,"slopelenkm":0.10895251000000002,"elevfixed":null,"hwtype":null,"hwnodesqkm":null,"statusflag":"A","qama":18.966405000000002,"vama":0.54102411000000006,"qincrama":0.059666999999999998,"qbma":18.966405000000002,"vbma":0.54102411000000006,"qincrbma":0.059666999999999998,"qcma":18.77851227,"vcma":0.54083659000000006,"qincrcma":0.0568291,"qdma":18.77851227,"vdma":0.54083659000000006,"qincrdma":0.0568291,"qema":18.77851227,"vema":0.54083659000000006,"qincrema":0.0568291,"qfma":18.77851227,"qincrfma":0.0568291,"arqnavma":0,"petma":0,"qlossma":0,"qgadjma":0,"qgnavma":0,"gageadjma":0,"avgqadjma":0,"gageidma":"0","gageqma":0,"Shape_Length":145.83332327743261}},{"type":"Feature","id":10734705,"geometry":{"type":"LineString","coordinates":[[-124.19248858381745,41.933987268172913],[-124.19410818429097,41.934447601939262],[-124.19493098359904,41.934851601981897],[-124.19519918371195,41.935082002056618],[-124.19540223800047,41.935283104924409]]},"properties":{"OBJECTID":10734705,"permanent_identifier":"113863804","fdate":1502064000000,"resolution":2,"gnis_id":null,"gnis_name":null,"lengthkm":0.28637708000000001,"reachcode":"18010101002934","flowdir":1,"wbarea_permanent_identifier":"113863300","ftype":558,"fcode":55800,"mainpath":0,"innetwork":1,"visibilityfilter":250000,"nhdplusid":50000400043402,"vpuid":"1801","streamleve":2,"streamorde":2,"streamcalc":2,"fromnode":50000400023596,"tonode":50000400162526,"hydroseq":50000400071232,"levelpathi":50000400051599,"pathlength":1.7028512299999998,"terminalpa":50000400005244,"arbolatesu":15.449009139999999,"divergence":0,"startflag":0,"terminalfl":0,"uplevelpat":50000400051599,"uphydroseq":50000400072293,"dnlevel":2,"dnlevelpat":50000400051599,"dnhydroseq":50000400064786,"dnminorhyd":0,"dndraincou":1,"frommeas":7.0912399299999995,"tomeas":100,"rtndiv":0,"thinner":null,"vpuin":0,"vpuout":0,"areasqkm":0.072199979999999997,"totdasqkm":12.590399929999998,"divdasqkm":12.590399929999998,"maxelevraw":-9998,"minelevraw":94,"maxelevsmo":144,"minelevsmo":94,"slope":0.00174595,"slopelenkm":0.28637708000000001,"elevfixed":null,"hwtype":null,"hwnodesqkm":null,"statusflag":"A","qama":18.803443999999999,"vama":-9998,"qincrama":0.098429000000000003,"qbma":18.803443999999999,"vbma":-9998,"qincrbma":0.098429000000000003,"qcma":18.623285920000001,"vcma":-9998,"qincrcma":-0.088769589999999995,"qdma":18.623285920000001,"vdma":-9998,"qincrdma":-0.088769589999999995,"qema":18.623285920000001,"vema":-9998,"qincrema":-0.088769589999999995,"qfma":18.623285920000001,"qincrfma":-0.088769589999999995,"arqnavma":0,"petma":0,"qlossma":0,"qgadjma":0,"qgnavma":0,"gageadjma":0,"avgqadjma":0,"gageidma":"0","gageqma":0,"Shape_Length":385.99565436291533}},{"type":"Feature","id":11240819,"geometry":{"type":"LineString","coordinates":[[-124.16657392431405,41.91255241807189],[-124.16655658413411,41.912524601989304],[-124.16641698414233,41.912217068016155],[-124.16633618427579,41.912063402085977],[-124.16616731807038,41.911865801837607],[-124.16614531832906,41.911794401753752],[-124.1660719178855,41.911662602254246],[-124.16602051808157,41.911475868003897]]},"properties":{"OBJECTID":11240819,"permanent_identifier":"{91FBE4C6-945A-43F0-AF2E-A37D754FA470}","fdate":1502064000000,"resolution":2,"gnis_id":"00234594","gnis_name":"Rowdy Creek","lengthkm":0.129695,"reachcode":"18010101000185","flowdir":1,"wbarea_permanent_identifier":"113864578","ftype":558,"fcode":55800,"mainpath":0,"innetwork":1,"visibilityfilter":5000000,"nhdplusid":50000400086213,"vpuid":"1801","streamleve":2,"streamorde":7,"streamcalc":7,"fromnode":50000400046724,"tonode":50000400046694,"hydroseq":50000400012864,"levelpathi":50000400012864,"pathlength":6.7949048400000001,"terminalpa":50000400005244,"arbolatesu":421.86569639999999,"divergence":0,"startflag":0,"terminalfl":0,"uplevelpat":50000400012864,"uphydroseq":50000400012912,"dnlevel":1,"dnlevelpat":50000400005244,"dnhydroseq":50000400005278,"dnminorhyd":0,"dndraincou":1,"frommeas":0,"tomeas":4.0946397799999996,"rtndiv":0,"thinner":null,"vpuin":0,"vpuout":0,"areasqkm":0.0258,"totdasqkm":87.051600769999993,"divdasqkm":87.051600769999993,"maxelevraw":-9998,"minelevraw":293,"maxelevsmo":399,"minelevsmo":399,"slope":1.0000000000000001e-05,"slopelenkm":0.129695,"elevfixed":null,"hwtype":null,"hwnodesqkm":null,"statusflag":"A","qama":183.54065700000001,"vama":0.68062217000000003,"qincrama":0.036236000000000004,"qbma":183.54065700000001,"vbma":0.68062217000000003,"qincrbma":0.036236000000000004,"qcma":166.67140370999999,"vcma":0.67772663000000011,"qincrcma":0.031652290000000007,"qdma":166.67140370999999,"vdma":0.67772663000000011,"qincrdma":0.031652290000000007,"qema":166.67140370999999,"vema":0.67772663000000011,"qincrema":0.031652290000000007,"qfma":166.67140370999999,"qincrfma":0.031652290000000007,"arqnavma":0,"petma":0,"qlossma":0,"qgadjma":0,"qgnavma":0,"gageadjma":0,"avgqadjma":0,"gageidma":"0","gageqma":0,"Shape_Length":173.67079467050053}},{"type":"Feature","id":11492738,"geometry":{"type":"LineString","coordinates":[[-124.19553128368598,41.935453718695278],[-124.19612213169948,41.93651681413143]]},"properties":{"OBJECTID":11492738,"permanent_identifier":"113863808","fdate":1502064000000,"resolution":2,"gnis_id":null,"gnis_name":null,"lengthkm":0.12849562,"reachcode":"18010101002957","flowdir":1,"wbarea_permanent_identifier":"113864578","ftype":558,"fcode":55800,"mainpath":0,"innetwork":1,"visibilityfilter":250000,"nhdplusid":50000400171191,"vpuid":"1801","streamleve":2,"streamorde":2,"streamcalc":2,"fromnode":50000400092784,"tonode":50000400046696,"hydroseq":50000400062829,"levelpathi":50000400051599,"pathlength":1.55234473,"terminalpa":50000400005244,"arbolatesu":15.599515640000002,"divergence":0,"startflag":0,"terminalfl":0,"uplevelpat":50000400051599,"uphydroseq":50000400064786,"dnlevel":2,"dnlevelpat":50000400051599,"dnhydroseq":50000400060598,"dnminorhyd":0,"dndraincou":1,"frommeas":78.866653440000007,"tomeas":100,"rtndiv":0,"thinner":null,"vpuin":0,"vpuout":0,"areasqkm":0.032700029999999998,"totdasqkm":12.63529997,"divdasqkm":12.63529997,"maxelevraw":-9998,"minelevraw":0,"maxelevsmo":0,"minelevsmo":0,"slope":1.0000000000000001e-05,"slopelenkm":0.12849562,"elevfixed":null,"hwtype":null,"hwnodesqkm":null,"statusflag":"A","qama":18.864311000000001,"vama":0.54071782000000002,"qincrama":0.044467,"qbma":18.864311000000001,"vbma":0.54071782000000002,"qincrbma":0.044467,"qcma":18.68126994,"vcma":0.54053441000000002,"qincrcma":0.042360110000000006,"qdma":18.68126994,"vdma":0.54053441000000002,"qincrdma":0.042360110000000006,"qema":18.68126994,"vema":0.54053441000000002,"qincrema":0.042360110000000006,"qfma":18.68126994,"qincrfma":0.042360110000000006,"arqnavma":0,"petma":0,"qlossma":0,"qgadjma":0,"qgnavma":0,"gageadjma":0,"avgqadjma":0,"gageidma":"0","gageqma":0,"Shape_Length":172.14709022640466}},{"type":"Feature","id":11546067,"geometry":{"type":"LineString","coordinates":[[-124.16602051808157,41.911475868003897],[-124.16861779909625,41.912239452016102],[-124.17256311807742,41.913156401774764],[-124.17501298375733,41.913666068198943],[-124.17638338438449,41.91387080225352],[-124.18054138400075,41.913925401767685],[-124.18339631800858,41.913458602055933],[-124.1844531176684,41.913423402273757],[-124.1948422030995,41.912632858691865],[-124.19620858825735,41.913029503113933]]},"properties":{"OBJECTID":11546067,"permanent_identifier":"113863786","fdate":1502064000000,"resolution":2,"gnis_id":"00253899","gnis_name":"Smith River","lengthkm":2.5478406800000002,"reachcode":"18010101002654","flowdir":1,"wbarea_permanent_identifier":"113864578","ftype":558,"fcode":55800,"mainpath":0,"innetwork":1,"visibilityfilter":5000000,"nhdplusid":50000400086151,"vpuid":"1801","streamleve":1,"streamorde":8,"streamcalc":8,"fromnode":50000400046694,"tonode":50000400162525,"hydroseq":50000400005278,"levelpathi":50000400005244,"pathlength":4.2470641599999999,"terminalpa":50000400005244,"arbolatesu":7286.5254720400007,"divergence":0,"startflag":0,"terminalfl":0,"uplevelpat":50000400005244,"uphydroseq":50000400005286,"dnlevel":1,"dnlevelpat":50000400005244,"dnhydroseq":50000400005264,"dnminorhyd":0,"dndraincou":1,"frommeas":39.396450039999998,"tomeas":85.145767210000002,"rtndiv":0,"thinner":null,"vpuin":0,"vpuout":0,"areasqkm":1.4275000200000001,"totdasqkm":1825.00290554,"divdasqkm":1825.00290554,"maxelevraw":-9998,"minelevraw":144,"maxelevsmo":399,"minelevsmo":399,"slope":1.0000000000000001e-05,"slopelenkm":2.5478406800000002,"elevfixed":null,"hwtype":null,"hwnodesqkm":null,"statusflag":"A","qama":4397.9770109999999,"vama":1.06543755,"qincrama":1.9763780000000002,"qbma":4397.9770109999999,"vbma":1.06543755,"qincrbma":1.9763780000000002,"qcma":4397.9770109999999,"vcma":1.06543755,"qincrcma":18.84563129,"qdma":4397.9770109999999,"vdma":1.06543755,"qincrdma":18.84563129,"qema":5021.4230755899998,"vema":1.0736105199999999,"qincrema":18.84563129,"qfma":5021.4230755899998,"qincrfma":18.84563129,"arqnavma":0,"petma":0,"qlossma":0,"qgadjma":0,"qgnavma":0,"gageadjma":1,"avgqadjma":0,"gageidma":"0","gageqma":0,"Shape_Length":3441.6520980743576}},{"type":"Feature","id":11570091,"geometry":{"type":"LineString","coordinates":[[-124.19664566086392,41.929596639669519],[-124.19676150311139,41.930923733924416],[-124.19699944976216,41.932517971786481],[-124.19802261829436,41.933779086885536],[-124.19873645555171,41.934492925702848],[-124.19923614342851,41.935063995815824],[-124.20027538371947,41.936029568878318]]},"properties":{"OBJECTID":11570091,"permanent_identifier":"{38522C21-3949-4E69-AFA3-45BE2F99223E}","fdate":1502064000000,"resolution":2,"gnis_id":null,"gnis_name":null,"lengthkm":0.80547385999999999,"reachcode":"18010101036702","flowdir":1,"wbarea_permanent_identifier":"113864578","ftype":558,"fcode":55800,"mainpath":0,"innetwork":1,"visibilityfilter":100000,"nhdplusid":50000400256835,"vpuid":"1801","streamleve":2,"streamorde":1,"streamcalc":1,"fromnode":50000400139007,"tonode":50000400139006,"hydroseq":50000400155476,"levelpathi":50000400155476,"pathlength":1.4775242399999999,"terminalpa":50000400005244,"arbolatesu":1.8589664100000001,"divergence":0,"startflag":0,"terminalfl":0,"uplevelpat":50000400155476,"uphydroseq":50000400259939,"dnlevel":1,"dnlevelpat":50000400005244,"dnhydroseq":50000400005247,"dnminorhyd":0,"dndraincou":1,"frommeas":0,"tomeas":43.319568629999999,"rtndiv":0,"thinner":null,"vpuin":0,"vpuout":0,"areasqkm":0.27830001999999998,"totdasqkm":1.1500000099999999,"divdasqkm":1.1500000099999999,"maxelevraw":-9998,"minelevraw":0,"maxelevsmo":0,"minelevsmo":0,"slope":1.0000000000000001e-05,"slopelenkm":0.80547385999999999,"elevfixed":null,"hwtype":null,"hwnodesqkm":null,"statusflag":"A","qama":1.5587610000000001,"vama":0.44130214000000001,"qincrama":0.37412700000000004,"qbma":1.5587610000000001,"vbma":0.44130214000000001,"qincrbma":0.37412700000000004,"qcma":1.69742828,"vcma":0.44222278000000004,"qincrcma":0.39385253000000003,"qdma":1.69742828,"vdma":0.44222278000000004,"qincrdma":0.39385253000000003,"qema":1.69742828,"vema":0.44222278000000004,"qincrema":0.39385253000000003,"qfma":1.69742828,"qincrfma":0.39385253000000003,"arqnavma":0,"petma":0,"qlossma":0,"qgadjma":0,"qgnavma":0,"gageadjma":0,"avgqadjma":0,"gageidma":"0","gageqma":0,"Shape_Length":1079.630218781939}},{"type":"Feature","id":11715675,"geometry":{"type":"LineString","coordinates":[[-124.17893532742677,41.904443843686472],[-124.17894612068491,41.90444853711724],[-124.17911268181332,41.904472331869918],[-124.1791927890788,41.904468327077943]]},"properties":{"OBJECTID":11715675,"permanent_identifier":"{71CF33F7-261D-45B6-A129-1B59DDA290C2}","fdate":1502064000000,"resolution":2,"gnis_id":null,"gnis_name":null,"lengthkm":0.021623800000000002,"reachcode":"18010101002646","flowdir":1,"wbarea_permanent_identifier":null,"ftype":460,"fcode":46006,"mainpath":0,"innetwork":1,"visibilityfilter":1000000,"nhdplusid":50000400299882,"vpuid":"1801","streamleve":2,"streamorde":2,"streamcalc":2,"fromnode":50000400162569,"tonode":50000400069710,"hydroseq":50000400072289,"levelpathi":50000400063184,"pathlength":6.5663701699999999,"terminalpa":50000400005244,"arbolatesu":12.06003705,"divergence":0,"startflag":0,"terminalfl":0,"uplevelpat":50000400063184,"uphydroseq":50000400079168,"dnlevel":2,"dnlevelpat":50000400063184,"dnhydroseq":50000400070233,"dnminorhyd":0,"dndraincou":1,"frommeas":80.95075989,"tomeas":81.709457400000005,"rtndiv":0,"thinner":null,"vpuin":0,"vpuout":0,"areasqkm":0.024200000000000003,"totdasqkm":12.00579999,"divdasqkm":12.00579999,"maxelevraw":-9998,"minelevraw":334,"maxelevsmo":400,"minelevsmo":399,"slope":0.00046244999999999999,"slopelenkm":0.021623800000000002,"elevfixed":null,"hwtype":null,"hwnodesqkm":null,"statusflag":"A","qama":17.402269,"vama":0.72979811000000006,"qincrama":0.033630000000000007,"qbma":17.402269,"vbma":0.72979811000000006,"qincrbma":0.033630000000000007,"qcma":17.286450240000001,"vcma":0.72957024000000004,"qincrcma":0.032134920000000004,"qdma":17.286450240000001,"vdma":0.72957024000000004,"qincrdma":0.032134920000000004,"qema":17.286450240000001,"vema":0.72957024000000004,"qincrema":0.032134920000000004,"qfma":17.286450240000001,"qincrfma":0.032134920000000004,"arqnavma":0,"petma":0,"qlossma":0,"qgadjma":0,"qgnavma":0,"gageadjma":0,"avgqadjma":0,"gageidma":"0","gageqma":0,"Shape_Length":29.209124857821998}},{"type":"Feature","id":11826315,"geometry":{"type":"LineString","coordinates":[[-124.17390398389469,41.888831202231515],[-124.1740949836904,41.888908068216942],[-124.17427118374179,41.889001401873657],[-124.17430071765338,41.889028867753495],[-124.17458711763393,41.889144202117819],[-124.17472671762575,41.889237602303432],[-124.17485898377154,41.889363868148557],[-124.17521898362165,41.889517602088794],[-124.17547611828689,41.889594467917057],[-124.17560091763607,41.889682401877849],[-124.17565238391531,41.889726401915169],[-124.17595351806315,41.8900778019404],[-124.17618131824281,41.890462067938508],[-124.17635758387122,41.890648667714515],[-124.17661471763815,41.890709068206142],[-124.17696751838957,41.890692667755012],[-124.17741558368024,41.890742202120016],[-124.17795191832909,41.890764068032851],[-124.17809151832084,41.890747668264524],[-124.17823118388964,41.890764068032851],[-124.17861318437937,41.890797201918147],[-124.17898058365249,41.890797201918147],[-124.17936998356522,41.89091246822381],[-124.17960511759082,41.890918001894669],[-124.17982571777347,41.890863202148452],[-124.1800165837202,41.890824667694652],[-124.18015618371196,41.890753268153283],[-124.18017098435462,41.890758801837926],[-124.18057511843462,41.8906874677579],[-124.18095718360307,41.890660001922392],[-124.18125838422624,41.890610601907355],[-124.18165511798496,41.890621667963416],[-124.18196371803114,41.890643602127412],[-124.18214011840683,41.890671201714753],[-124.18221351795209,41.890698602010481],[-124.18230911756295,41.890775467755134],[-124.18242651838742,41.890967602288299],[-124.18246331787303,41.891192801714396],[-124.18237511768517,41.891461668174038],[-124.18234571762257,41.891719801994618],[-124.18246331787303,41.891890001965031],[-124.18265418381976,41.89213146782685],[-124.182720317791,41.89225780217842],[-124.182712983945,41.892345668277052],[-124.18273511843361,41.892515801715454],[-124.1829335176523,41.893009868331575],[-124.18290398374072,41.893273402309909],[-124.18285251835977,41.893641268113605],[-124.18287451810109,41.894069468261961],[-124.18305091757848,41.894267068092013],[-124.1832419838495,41.894448267823819],[-124.18351371793476,41.894569068251059],[-124.18389166522591,41.894707036190063],[-124.1834728787253,41.897352996273369],[-124.18337770132264,41.897885996328391],[-124.18307313022051,41.898780673946611],[-124.18221652371504,41.899789564975379],[-124.18191195261291,41.89997992125997],[-124.18162641770995,41.90028449200728],[-124.18145509730718,41.900589063976341],[-124.18101727640401,41.901274349272683],[-124.18067463290346,41.901636027147234],[-124.18038909800055,41.901940596681527],[-124.18017970519935,41.902111918077658],[-124.1799893485974,41.902092882909677],[-124.17972284899534,41.901978669108352],[-124.17928502809217,41.901864455102761],[-124.178752028888,41.901864455102761],[-124.17835227858657,41.901959633232089],[-124.17819999438298,41.902149989733715],[-124.17797156628095,41.902359382767905],[-124.17715303127551,41.902625882182441],[-124.17719176573227,41.903029671208159],[-124.17671521037236,41.90319695271797],[-124.17674389807097,41.903576493762969]]},"properties":{"OBJECTID":11826315,"permanent_identifier":"113863746","fdate":1502064000000,"resolution":2,"gnis_id":"00236584","gnis_name":"Tryon Creek","lengthkm":2.62254173,"reachcode":"18010101000269","flowdir":1,"wbarea_permanent_identifier":null,"ftype":460,"fcode":46003,"mainpath":0,"innetwork":1,"visibilityfilter":500000,"nhdplusid":50000400299880,"vpuid":"1801","streamleve":2,"streamorde":2,"streamcalc":2,"fromnode":50000400162567,"tonode":50000400069742,"hydroseq":50000400089718,"levelpathi":50000400063184,"pathlength":6.7941119099999998,"terminalpa":50000400005244,"arbolatesu":11.51616606,"divergence":0,"startflag":0,"terminalfl":0,"uplevelpat":50000400063184,"uphydroseq":50000400106370,"dnlevel":2,"dnlevelpat":50000400063184,"dnhydroseq":50000400086077,"dnminorhyd":0,"dndraincou":1,"frommeas":0,"tomeas":60.531520839999999,"rtndiv":0,"thinner":null,"vpuin":0,"vpuout":0,"areasqkm":3.05750002,"totdasqkm":11.14940004,"divdasqkm":11.14940004,"maxelevraw":-9998,"minelevraw":344,"maxelevsmo":404,"minelevsmo":404,"slope":1.0000000000000001e-05,"slopelenkm":2.62254173,"elevfixed":null,"hwtype":null,"hwnodesqkm":null,"statusflag":"A","qama":16.200126999999998,"vama":0.53363928000000005,"qincrama":4.2759470000000004,"qbma":16.200126999999998,"vbma":0.53363928000000005,"qincrbma":4.2759470000000004,"qcma":16.136245419999998,"vcma":0.53356720000000002,"qincrcma":3.9396872799999998,"qdma":16.136245419999998,"vdma":0.53356720000000002,"qincrdma":3.9396872799999998,"qema":16.136245419999998,"vema":0.53356720000000002,"qincrema":3.9396872799999998,"qfma":16.136245419999998,"qincrfma":3.9396872799999998,"arqnavma":0,"petma":0,"qlossma":0,"qgadjma":0,"qgnavma":0,"gageadjma":0,"avgqadjma":0,"gageidma":"0","gageqma":0,"Shape_Length":3521.7867024021598}}]}