timestep,cell_id,temperature,humidity,vegetation_density,water_availability,soil_quality,biodiversity_index,carbon_flux
0,88283080e9fffff,19.94789718583455,0.559003702213394,0.5697271586327073,0.5999287884665371,0.5797093193533606,0.5231044260877182,0.05897390938764572
0,88283080e7fffff,20.01986649461155,0.6486361465896577,0.48840886671918515,0.5391273953362105,0.678165521983599,0.5180448517920504,-0.017206328855694588
0,882830941dfffff,19.94002858871367,0.7348798511070274,0.47952563096141537,0.5199206255437059,0.5314279380478638,0.4715656055998486,-0.08625143495875601
0,882830919dfffff,19.978743182899738,0.6469704008406524,0.6164462423338761,0.5732318664332974,0.6062375897564892,0.5596653441556394,0.14491156559659477
0,8828309197fffff,20.01471120721588,0.714591880844708,0.4698921599692589,0.48389299423472387,0.6526025152474051,0.5090370634688175,-0.011972547070838863
0,882830940dfffff,19.99679414178104,0.6051017889824261,0.5390552247971172,0.4996744829810475,0.5947785444115002,0.48046196966317517,-0.01308563945786439
0,8828309403fffff,19.980830579648213,0.5468197233805735,0.5071460435226025,0.519892928327899,0.6237639493735145,0.5804737728739162,0.04352210185323733
0,8828308015fffff,19.96858119200033,0.543958035206923,0.5104864001003971,0.5166994111050708,0.5867267019242436,0.5277063811326302,0.03196303039027993
0,8828309411fffff,20.029362730347763,0.6002911091108363,0.47081542001946797,0.4531292333575162,0.6186569630294384,0.4753433888776866,0.06364461488522032
0,882830803dfffff,20.011494964276107,0.5688407800778594,0.5032880611064671,0.5954682209414994,0.6739192766411983,0.4565070751306526,0.05079752923280593
0,8828309457fffff,20.00000713075069,0.528800266499579,0.5357523249014882,0.4690788191767946,0.5657924462694582,0.48486194369088265,-0.10509112133565471
0,882830803bfffff,19.96353664175549,0.5801534682042128,0.4001708001770108,0.5901450077863688,0.608308818748506,0.44631957926782917,-0.013077297187667645
0,88283091d7fffff,19.977047075929704,0.6298998718183021,0.41448733780004937,0.5144929062807668,0.5822365338211083,0.4732839246070791,-0.04773535676127898
0,8828308449fffff,20.01526669177672,0.7001042406426428,0.43478695361792663,0.5223741810775483,0.5798832707009185,0.42273721906153977,-0.05277193738477718
0,882830844dfffff,20.01600004994129,0.5759926076466744,0.4464711260427138,0.5189978894279396,0.5722894685423902,0.5212205657376084,-0.030313656819622448
0,8828309401fffff,19.957541537841767,0.6032026426407681,0.4711842166913408,0.5468798882354455,0.6109026456834199,0.4834674532999341,-0.07743294485421785
0,88283090adfffff,20.02699973988311,0.5783079562564064,0.5110826921431898,0.5172917779185251,0.623707606185806,0.5095068409496042,0.016449370430695453
0,882830945dfffff,19.97202402250393,0.6086915953339389,0.4051836047775002,0.5539481549134433,0.6884661694310779,0.5172458089286788,-0.10462522862608595
0,88283081d9fffff,20.028847834867975,0.678829174087272,0.5271315845290726,0.45853103001692164,0.6052898744671752,0.5279081949554347,-0.04109663008746663
0,8828309405fffff,20.008853037840645,0.6366751232725482,0.5009396751483669,0.5209375347399532,0.659944564106147,0.43234085897177194,0.04331406103661218
0,8828309419fffff,19.918035756032335,0.5906739397892498,0.5600408283261828,0.581593444766514,0.6775822998683778,0.4656139479449686,-0.10574745125809622
0,8828308039fffff,19.904205587122018,0.5059767202969825,0.43243053193183795,0.5074068299399827,0.6657445333825578,0.46240865217766863,-0.0442681945458088
0,882830844bfffff,19.932329628115152,0.5921131813914957,0.58336339984508,0.4534623099461409,0.6292814928420731,0.574044872745422,0.047367950495642255
0,88283081ddfffff,19.92264342345986,0.5714041023980047,0.534568966558727,0.599417042018996,0.5850319249881144,0.48970914322577025,0.07527051255209553
0,8828309195fffff,19.93622954903008,0.6069248031183866,0.43047024005639145,0.516986633887281,0.5947031179027215,0.5413015637203841,0.07027971310272889
0,8828308713fffff,19.91867503745631,0.6381967032028857,0.4764694824834319,0.4997733858439288,0.6725343571707721,0.5859953691178699,0.06983198808825106
0,882830940bfffff,19.956233928058886,0.5779975380233529,0.5005830140853875,0.5367525884782962,0.6042311070439803,0.5875341386207974,-0.06414970620104041
0,8828308017fffff,20.02401714936648,0.5623741244579407,0.4510160301147964,0.5437040728922472,0.656595580066142,0.4834261333763433,-0.035910874078360466
0,8828309451fffff,19.939236426618844,0.6160336999529011,0.5392501190935439,0.4402636285443828,0.6023781878185852,0.41607440949498814,0.007585216299139401
0,88283090a1fffff,19.963397400498526,0.6080206180416823,0.43182353330532997,0.4908107977200493,0.6141832289902046,0.5465289042052663,0.04678722446251739
0,882830862dfffff,19.946413844150793,0.6080002336644399,0.5526545679830848,0.613990774735942,0.6651351192746977,0.5146622326438443,0.02123317785813543
0,8828309443fffff,20.052889311705623,0.5673618615372651,0.5445473655950768,0.5495249362950775,0.5184750884128313,0.5138574199330882,0.02524705409609378
0,882830862bfffff,19.975200282313708,0.6221103425353637,0.49798872667556443,0.524658314275419,0.509054423621309,0.48842529604787144,-0.052336908392623144
0,882830871bfffff,19.95817853713734,0.5326322602498312,0.4970010982033632,0.6052699963820185,0.5212621074834723,0.5592253563439198,-0.001128709690498982
0,8828308037fffff,19.988248927778322,0.5657463445720272,0.5700766532309752,0.6177774846899006,0.6357088342623796,0.5073917823953058,-0.015973705465508258
0,88283080e5fffff,19.932104095038486,0.5751445385001376,0.5278192886878023,0.5474994129584813,0.6995052903076826,0.435623787710653,0.04493035099821599
0,88283081cbfffff,20.02051879814589,0.5936971579710895,0.5034228560890749,0.5678578431999218,0.6213414732306298,0.5606652350480651,0.040394595053468846
0,8828308249fffff,20.010444869307523,0.6642062523968927,0.4596736820162105,0.4401953725222767,0.689241869603787,0.5363577351206464,-0.06443677635962833
0,8828309415fffff,20.00550398915918,0.5817422315654811,0.4199546293705794,0.47729405575841516,0.7068240347753908,0.45660073843226295,-0.03188144640037529
0,8828308441fffff,19.997019907563136,0.5178905386104492,0.38310418680912595,0.5054879634847236,0.6021010989999367,0.4663803619109504,0.017837646963969472
0,88283080e1fffff,20.069204256395803,0.5850849966978732,0.4423652718690718,0.4692855656234358,0.5793861349022643,0.5029473307377827,0.0731310411235946
0,8828309439fffff,19.97886367146879,0.7226304165008988,0.48982025294397424,0.5135432375789805,0.6982651219614057,0.4972846765499317,-0.014665771035674844
0,8828309447fffff,20.01137409937666,0.5393851475494792,0.5503921027310531,0.4861166196912509,0.6121389757489558,0.49302415325613835,0.009136491058074684
0,8828308031fffff,19.949212056607678,0.5832676650434635,0.5327111078731364,0.5800048728606315,0.6442781636036873,0.5998713255729023,0.02950667379377214
0,8828309453fffff,19.985054936580575,0.6196641662394468,0.5016248829426879,0.46195486253103457,0.5985944369535228,0.5250618114392701,0.018271213231418264
0,8828308035fffff,20.038615887350417,0.6177390312783682,0.5218894881515722,0.5358794182808739,0.5431731643936291,0.5217174363324608,-0.07581643420816903
0,88283091d3fffff,19.9552848269472,0.6480798647679725,0.45320145502606546,0.542901620951982,0.6450622190118949,0.4638933410230673,0.031766992438136465
0,88283090a5fffff,19.946087320878735,0.5565004478674977,0.5236098584945993,0.5441040707744728,0.5872348058976775,0.5466751386768942,-0.01126891160252648
0,8828308719fffff,20.043697889108795,0.5800410432488069,0.5112985411655331,0.5339140563570984,0.66445053883532,0.48787508082401987,0.015300525511402567
0,88283081dbfffff,20.01099610283229,0.6496009456976061,0.6197804404277504,0.5303686975427082,0.6471932070845515,0.504177615361311,-0.052032491718816964
0,8828309193fffff,19.980330064115265,0.6172972868083314,0.49672456875455323,0.48476274254895135,0.5745921390953521,0.5322044885993745,0.06561645356059907
0,8828308627fffff,19.982849890357926,0.5316135819270934,0.4447914352949167,0.5182686508437047,0.5210502954890142,0.4324751498196021,0.04127202485437385
0,8828308241fffff,20.00891424362185,0.5542798937865895,0.5395883553498249,0.600133425101864,0.6062811789803375,0.48103589274304354,0.0207182954479853
0,8828309199fffff,20.043569020286153,0.6038521365280162,0.4728779443510177,0.4749271149925997,0.5518724835000907,0.4834314341290107,0.002718706428459545
0,8828308625fffff,19.955068501525872,0.4713912468770879,0.44058701814604895,0.5065783985971666,0.6674675798924333,0.41696779610056667,0.006582404936085393
0,882830919bfffff,19.985007336286472,0.6367443797286125,0.49673231013622654,0.49296491872465154,0.5307124748804436,0.4350775152922267,-0.04143914430277857
0,8828308753fffff,19.96981710815943,0.6612360302548175,0.5027462979479931,0.5816802218375635,0.6579227840741011,0.4980651417753001,-0.04422469651734978
0,88283081d1fffff,19.954641666933224,0.6017992691666021,0.37533346155479913,0.4921629250661931,0.48544201759931505,0.4869162488786866,-0.03812509396457304
0,8828308635fffff,19.989891051747563,0.5850642729939424,0.5374949154154955,0.5190751239432194,0.5621361358672984,0.41486807138927956,0.05335670998802016
0,8828308623fffff,19.957993265020676,0.5538997865167563,0.5466653893356732,0.5943537460321265,0.5897233812912018,0.5322216377943304,0.010034849400833802
0,8828308711fffff,20.066091249900925,0.6046823130242909,0.47350070215704143,0.5483934908207574,0.6097963086123683,0.4838461832577709,-0.0011585090460447837
0,88283090a7fffff,19.987755846102697,0.5759485293739406,0.4768539219142949,0.609118471694913,0.5784065025818773,0.5344097113259894,-0.024480959888397075
0,8828308245fffff,19.988553133570235,0.600749933092771,0.4489095835315488,0.5353894007390654,0.5729457542515497,0.44638117012402767,-0.026267653833417712
0,88283090a3fffff,20.08314614859921,0.6251081790214008,0.4516378964233403,0.4361828924866784,0.7044600453572227,0.5599213843231627,0.013985677146266633
0,8828308033fffff,19.9923450329285,0.5815024945471625,0.4605928312412748,0.5357049356564182,0.5810793284045743,0.5173848988453166,-0.05336719266185744
0,8828308269fffff,19.98333224554086,0.6469344062753813,0.45061281718861185,0.47676079638352487,0.6396365596974402,0.4804697621387207,0.06901254977107942
0,8828309191fffff,20.046378423716373,0.660898709052991,0.574665173757485,0.4784421201062663,0.6069118263029732,0.5194453374570493,0.010133588948944804
0,8828309409fffff,20.00230050215921,0.6283963315883739,0.5286867539229623,0.5575642947424281,0.5551687501764799,0.49118060045978446,-0.02407977477596867
0,8828309455fffff,20.067970949947757,0.6122071904349496,0.47001518154469407,0.5163559123283744,0.5159059000817313,0.5212877517785992,-0.018882944595639103
0,8828309407fffff,20.064858845610686,0.6319858531985639,0.47188087150624325,0.5004871820810999,0.6129893076234764,0.43915829611471235,0.033639108581082135
0,8828308621fffff,19.98160331838205,0.5834544396960111,0.5090611514325188,0.5626580031295769,0.5831845791016627,0.5604217891500616,-0.04110830097421966
0,88283080edfffff,20.064281722568232,0.5169752017574637,0.4436706101640957,0.5427974858566218,0.6013141864354051,0.4103478736875923,0.04336636406563265
0,882830824dfffff,20.05225505426373,0.5497290968817705,0.5413783458224264,0.45918673510229413,0.6141024162316363,0.49405821418027307,0.009363699259177533
0,882830863dfffff,20.023626521211,0.6184147964945657,0.549533830281921,0.4655234397551963,0.5366091215130964,0.541491008118652,-0.06375448339893072
0,8828308445fffff,19.987189676374996,0.603976553000513,0.566099377629687,0.5450115242700886,0.6214312404359936,0.4790921871357302,0.01613132698683023
0,8828308629fffff,19.952043468163442,0.6392544214118161,0.46509784090031886,0.5554975708759246,0.6091508883043203,0.49182730720573997,0.012620739407074817
1,88283080e9fffff,21.14501090047856,0.7771448299303051,0.5851563551035013,0.6277119740853346,0.598641980221446,0.6059462137952768,0.02251364522767489
1,88283080e7fffff,21.49758532704801,0.7948829211264925,0.5262742169922178,0.6547764979541706,0.5779478326674004,0.4439666342394305,0.0059312705538913275
1,882830941dfffff,21.68808206228664,0.6986987106089411,0.6397292356750637,0.5691220934848581,0.5817068212987002,0.5093469290674718,0.10335716553846051
1,882830919dfffff,21.767243523360534,0.6815629847712965,0.6008317217143876,0.6592558045785373,0.6922048811461029,0.51207964508299,0.0649939196416579
1,8828309197fffff,20.82324047046975,0.6863555038163223,0.6357017872343931,0.6161642987816619,0.640065026160399,0.5014870495604804,0.04410372469407638
1,882830940dfffff,21.14008911373084,0.6754420343781299,0.5634446789983275,0.5780914353344047,0.6047550757767848,0.4756063364657431,0.014976953102754754
1,8828309403fffff,21.89198220827514,0.6763427154179561,0.6464839787654432,0.5004347584200007,0.7253225415532394,0.5781484834795447,0.11285562636866701
1,8828308015fffff,21.736363001075443,0.6428594939123692,0.5432511944926245,0.6830213648964083,0.6213224415362395,0.5494169005348086,0.05863084786619524
1,8828309411fffff,21.975797254621547,0.7549715162480226,0.6340016598677459,0.6369657257595102,0.6555095048933842,0.4710500131110598,0.12216711668881028
1,882830803dfffff,22.58830832613934,0.735140944498358,0.4783913253350829,0.6582801699375268,0.614602234126794,0.46599216292606993,0.07097640979877004
1,8828309457fffff,21.127344270648518,0.6465747775214058,0.5859663061141526,0.599778963500359,0.5988754901960054,0.5957773327960354,-0.009577962009501131
1,882830803bfffff,21.795677312210373,0.6963707940294587,0.4895796884728969,0.7290315017610167,0.7329516772434937,0.5196645823267295,0.036024264686629705
1,88283091d7fffff,22.237162228735357,0.624605425573216,0.600864648542088,0.6011283770858529,0.7352815689094827,0.5694579869193593,-0.014860289139041055
1,8828308449fffff,21.459742457471666,0.5430146423008453,0.46001214150018027,0.6679938494860163,0.7276515305489085,0.5699962969101127,0.1457394276427025
1,882830844dfffff,21.65707118322921,0.6494959247896116,0.5155942139848508,0.7150601496321377,0.6062310548351155,0.599856738152356,0.11521122904137902
1,8828309401fffff,21.46943412830504,0.6961468928268395,0.6074338579915856,0.5885298869203496,0.6565413077738509,0.6074661494751059,0.0375744377064939
1,88283090adfffff,21.89816489297749,0.7624232124798137,0.570339151280602,0.6666069389576319,0.6605512766541808,0.5661772360896637,0.044629954589146266
1,882830945dfffff,20.37900662709087,0.6262391781899137,0.4833965405267385,0.6160658423229595,0.6630996721755338,0.4984379799644591,-0.008574073870289663
1,88283081d9fffff,21.38613085422853,0.6330377155924544,0.5354863247552987,0.7010312893213501,0.5864863005448782,0.5735696695578486,-0.08436328076224692
1,8828309405fffff,21.57749243521364,0.6797010150542243,0.5631050018153441,0.6063330256972864,0.6677682730644297,0.542054951969791,0.05977727071943346
1,8828309419fffff,21.629471195156345,0.781911321166405,0.6448362514942544,0.5169774191205505,0.5969967890804339,0.5290373497072428,0.09801187459680767
1,8828308039fffff,22.35585238622402,0.6960683979167522,0.5007325891355113,0.6953071223134173,0.6512117458919666,0.5588764007200726,-0.008070502426180001
1,882830844bfffff,21.98788071387399,0.718346201604786,0.5239412437698587,0.7666020311375382,0.5440678165941659,0.643433377276132,0.09291789583802489
1,88283081ddfffff,21.252668592516088,0.6394063730435304,0.5642749029869721,0.6962752672180688,0.5953859166831117,0.5553741217032807,-0.0012963339217260117
1,8828309195fffff,21.130354582206913,0.7054442239253951,0.5707926559982679,0.5420384834749177,0.6270193113039623,0.5596324105616655,0.17710921215203793
1,8828308713fffff,21.694683905612237,0.6531888400439294,0.6432279630699536,0.8136475979497986,0.6584944316711373,0.5856565342060308,0.04308003374746723
1,882830940bfffff,21.26209307447574,0.702188824633884,0.6404757419905402,0.514999123968865,0.695198156469336,0.5475594783847764,-0.03228345750933449
1,8828308017fffff,21.323730484223677,0.6169501856232896,0.493429807688729,0.5728133105650912,0.6404317403619808,0.5716854842765162,0.018366767163672346
1,8828309451fffff,20.817432293797253,0.6781346556826842,0.5538485748193251,0.5511457962197468,0.6556700442845917,0.6123784568011105,-0.006419973775637192
1,88283090a1fffff,21.448979723060287,0.707023770702735,0.5804301656166614,0.5901060341491409,0.6444488173255712,0.5630505908885975,0.06341337176053932
1,882830862dfffff,20.42893226599212,0.6576966198991022,0.4742139667852447,0.5646667054597775,0.633325865155385,0.5890165158096563,0.056814100543696164
1,8828309443fffff,20.40103993058844,0.5897105730377478,0.5340094138984464,0.68282062938376,0.651094690016881,0.582508211397856,0.13524721174464446
1,882830862bfffff,20.500436831103325,0.6878654763155395,0.5948593814771186,0.6263086770990701,0.49703172823950026,0.5389544435635761,0.03239499998293441
1,882830871bfffff,21.33921939640519,0.641361019334584,0.5634974476168761,0.61480554184147,0.6245018139408294,0.6253591237658448,0.08795966949025333
1,8828308037fffff,21.708084560139035,0.7318671376515133,0.48616789951029166,0.7321716639073932,0.6398632500817415,0.5946825596805623,-0.026428397010468743
1,88283080e5fffff,21.490117623510336,0.6676245497708986,0.4869047064737943,0.6749905636633985,0.7183550355257965,0.6009389607956024,0.03630207562592848
1,88283081cbfffff,21.630808367029825,0.6290879003537626,0.6324078275515372,0.6708263282288457,0.6188497872844982,0.5293576807177338,0.11116966735506573
1,8828308249fffff,21.488070426778602,0.7050265823738663,0.6740767540825385,0.6238482144765758,0.7159575725969967,0.6756587260610789,0.11880514330894452
1,8828309415fffff,22.29760762970456,0.7420168666350233,0.5575041738466091,0.5891120197497589,0.6373920151077431,0.5600052494273058,0.16078256330000973
1,8828308441fffff,22.060096921968906,0.582576378174291,0.5167509945314961,0.6109427934941013,0.6077028582233853,0.6186275011918825,0.10331560274245265
1,88283080e1fffff,21.386158762058425,0.7337455363828831,0.5467468917063664,0.6661134578011259,0.5631355958272071,0.6258611441349131,-0.05945299820682113
1,8828309439fffff,22.291587456740462,0.6468982439471268,0.6145544339614947,0.5213037425565442,0.6960921473185226,0.549380000546825,0.03951492192165407
1,8828309447fffff,20.68749629787145,0.6808689493456439,0.4809534423187441,0.6646787094799494,0.6419394947489153,0.5244129132146206,0.010074782238880647
1,8828308031fffff,22.116823376175162,0.6647729523476119,0.5118491740838368,0.7526303449339398,0.6899698479234817,0.5087200805505967,0.09671494057786681
1,8828309453fffff,21.165743094883204,0.618292720884769,0.5022089567191673,0.624506575880819,0.7019041783221144,0.5459334529047001,0.037852770305849555
1,8828308035fffff,22.15549310248096,0.5850372486237818,0.5749746919939855,0.6994152438768214,0.6120660421637953,0.5422669507057873,-0.009359917077860345
1,88283091d3fffff,22.315201461106444,0.6715291619932178,0.5441651186535875,0.7006167648279384,0.7847803849264645,0.5454576763993821,-0.04584225864939827
1,88283090a5fffff,21.824501639113176,0.6102477164367831,0.48983311591952516,0.6052808506510431,0.6486763833050744,0.5572406884592807,-0.007518162471796111
1,8828308719fffff,21.242495739350744,0.7629859546090961,0.4743117079151044,0.5827556092000646,0.6022212271918752,0.6020064590684043,0.038978083791230286
1,88283081dbfffff,21.246181456415677,0.683871807840334,0.5923473360406171,0.6942192301307097,0.6731237040926392,0.4773287489021202,0.0006942367148015677
1,8828309193fffff,21.023207958596412,0.679522858979159,0.6075914706447662,0.6605712835556727,0.7092083957714015,0.45687663744295104,0.03280621544811954
1,8828308627fffff,21.115434889451468,0.6310061608342142,0.5614043741401329,0.636244226472497,0.6575287826564319,0.5364181297483653,0.14301830018998862
1,8828308241fffff,21.55499449357199,0.7064972529438373,0.6003889386144156,0.5971747690013697,0.7054042606134554,0.6306408408260519,0.006201180013812731
1,8828309199fffff,21.736548047989647,0.6736909110093225,0.595777822899278,0.6328459906949854,0.5425890488497607,0.5283314712541878,0.007885945687313246
1,8828308625fffff,20.877173976215296,0.6855460255337543,0.5930501978267025,0.6972247328033152,0.6762362252443218,0.6549971615889727,0.06761437629774443
1,882830919bfffff,21.415146809534384,0.6557396449597757,0.5480532015352039,0.6161116974195033,0.6368797862490657,0.5687572848521621,0.030851787178341965
1,8828308753fffff,20.92213017823389,0.7066411135730057,0.49834789456702255,0.6733737971924229,0.6042451030982697,0.5564864540776798,-0.00045671258651056035
1,88283081d1fffff,20.928939696674682,0.6235912294387624,0.5467478614023747,0.7980092736554676,0.6035196404714845,0.647341402102231,0.02929197224184325
1,8828308635fffff,21.349141153759778,0.6988050636261657,0.4399475454275673,0.6873406338949416,0.5607389609067333,0.599299303812617,0.12647020283170107
1,8828308623fffff,20.814659330423574,0.6143026832545588,0.48223931140978227,0.6731372549367391,0.6816031209581691,0.5706749626228655,0.10779102765835828
1,8828308711fffff,21.4811770370544,0.5870801487664334,0.5465392596718751,0.7389246947948555,0.6449811931851993,0.4606868190108983,-0.03084150510404969
1,88283090a7fffff,21.526844332389054,0.6778999911957476,0.6256230789710597,0.6957170084225615,0.6245196533470555,0.5251358634214762,0.07962993426847328
1,8828308245fffff,21.098988039447615,0.6782402921814331,0.5896371545555653,0.5611850417934516,0.5830671301032216,0.4414181770087452,-0.001963658292674631
1,88283090a3fffff,21.465127762450592,0.6707596858761841,0.5906964275062232,0.5855453068333237,0.6512144252016859,0.5059420426902737,0.05910204053309322
1,8828308033fffff,21.695683860677864,0.6564535799223128,0.48104365403059984,0.6292873027266587,0.6081682030469328,0.5643333265230784,0.05904084137276841
1,8828308269fffff,20.501750249046726,0.7547662012295815,0.6280489757720219,0.5348984092900568,0.6328495568977255,0.515092222950779,0.02661164499577282
1,8828309191fffff,21.363420393263443,0.6559531633425209,0.5489447397899199,0.6734006808694425,0.585843107657711,0.636944256277118,0.07826084859639805
1,8828309409fffff,20.975897214622655,0.5985884253710982,0.54329403292568,0.6645751852714106,0.6425570009117323,0.4455786497627492,0.0520074326682313
1,8828309455fffff,20.79711896117732,0.7049823333200048,0.5834999675167024,0.657399170762352,0.6815470537687882,0.5954448305811939,0.03945567596380392
1,8828309407fffff,21.94764732320428,0.6888863489445903,0.541901766045373,0.5149557285583034,0.6336121822494711,0.5501208887334811,0.07782420398756852
1,8828308621fffff,20.54098267304256,0.6351757298689913,0.5262363355255578,0.65504964023972,0.6621466373073452,0.5572028052634972,0.11319716693727958
1,88283080edfffff,21.453502908726367,0.7318847700153447,0.5801881399919717,0.7360364355957801,0.639621257987472,0.5693160931557507,-0.07382359880922525
1,882830824dfffff,21.360281739894575,0.6271334443281459,0.606789411200881,0.5633470878338709,0.6080602943737867,0.5555184317265964,-0.0004964351206549131
1,882830863dfffff,20.974501669829774,0.6554435049883,0.6008776550653017,0.7806230067584938,0.6752900260638727,0.5482124889776728,0.023283119205049822
1,8828308445fffff,22.07348125623466,0.6423837992884935,0.6073042000545901,0.6793224558775031,0.6604714730425012,0.5388527780445163,0.04978687791811253
1,8828308629fffff,20.09434670227877,0.6817536966479196,0.5809904049658827,0.7576311909185216,0.6238407002332305,0.5523870796675668,-0.013259452964487231
2,88283080e9fffff,21.848629263620815,0.7083526140223333,0.5044196737798048,0.65256985619886,0.7574911832833281,0.7056427084922408,0.05222060184535137
2,88283080e7fffff,22.526659274837606,0.7405563373126275,0.5137679089529459,0.5831490128235215,0.5770993677028826,0.5503051766396777,-0.025176753689561966
2,882830941dfffff,22.788070116727,0.7681518815986591,0.6248220299898223,0.6155456134540691,0.6846807541696184,0.6816615666951956,-0.026245532977838278
2,882830919dfffff,22.914148447892597,0.710441719327358,0.540769720658247,0.6557146010509272,0.5729052186532109,0.5284956751722031,-0.01613070462091865
2,8828309197fffff,21.1551015019215,0.6958781443610166,0.6763288051356223,0.5605145618540653,0.6402918670475861,0.7028290086090538,0.0295953035537505
2,882830940dfffff,21.933051234170918,0.6862880743099022,0.5569668091842704,0.6419693188136107,0.6881057564470692,0.6353878154509423,-0.10461628433692767
2,8828309403fffff,23.030085668726,0.6915713206266425,0.5942894875967399,0.6132761829672944,0.6219519625546752,0.611632923132722,-0.05040848087880611
2,8828308015fffff,22.882786005107302,0.6663692426899134,0.42532564186755323,0.6510960174950029,0.7413866961557339,0.6219875818256864,0.05286797929256006
2,8828309411fffff,23.27311848711053,0.7670666374936023,0.5964925780275298,0.5334679279510267,0.7536296857697129,0.48793780954611055,-0.07605094341358283
2,882830803dfffff,24.108773056476352,0.634666863929703,0.5055234038786062,0.5385059481244272,0.6580437734395936,0.5617219141813926,0.016605379249122275
2,8828309457fffff,21.831859357823657,0.6546516648973109,0.5154046528920389,0.6389024299777152,0.6938611610507427,0.5258698101421384,0.058000150315234984
2,882830803bfffff,23.032338373788424,0.7394324543660187,0.5560366927321024,0.654077881883642,0.7317314230430498,0.6573536614697041,0.02455258276929913
2,88283091d7fffff,23.690872582536294,0.6921062860330525,0.5427034400596714,0.6131584739047432,0.603158016074627,0.5412308579600863,0.005085177590615853
2,8828308449fffff,22.34172674920499,0.7272235133818437,0.44964479721906014,0.6983467364464941,0.7084701039157129,0.629110919706165,0.005518686817601703
2,882830844dfffff,22.537142284437397,0.6939523456702038,0.585495372776549,0.7370036583806562,0.7162681780876636,0.5811126997826244,-0.013220033190402738
2,8828309401fffff,22.400498358768854,0.7263706127842255,0.7107574225952942,0.6136513283040005,0.5977990640541399,0.711488003312377,-0.002432879618944309
2,88283090adfffff,23.08159376120843,0.6733603278501751,0.4903207609548923,0.6848777912780997,0.7331158301817196,0.6753584800937572,0.07052108944044028
2,882830945dfffff,20.508542804606144,0.7070563968391804,0.5312105816816263,0.5302829740251744,0.6911683443816494,0.6454969589757863,0.02389964589466786
2,88283081d9fffff,22.131352622702227,0.6800351044277034,0.5692170742581875,0.7477024562109088,0.7299770306158746,0.6540541236048562,0.07277376427402153
2,8828309405fffff,22.512070141585664,0.7628780385824777,0.6396274772747959,0.6764852933300218,0.7274121267235232,0.6058505615390504,0.000685731047878382
2,8828309419fffff,22.504373814237727,0.6630522966563636,0.623554512139285,0.6044595493493667,0.6675899331545684,0.5260102982840368,-0.061507949789588894
2,8828308039fffff,23.780635618010912,0.7095427152432725,0.6208879279662577,0.6649658485653804,0.6649930891616568,0.5618765862416419,0.03624907473867721
2,882830844bfffff,23.010108500787975,0.6178298281955756,0.5678511681626898,0.7109793828253599,0.7483721725500923,0.6212651268525499,0.01224386276673557
2,88283081ddfffff,21.867100370105142,0.6318421482197938,0.6306632988985614,0.7377640762609637,0.636015721557194,0.5313211727132051,0.01534164043575816
2,8828309195fffff,21.81120659259352,0.7908235335920917,0.6691554676623702,0.5928767808891992,0.6323226385911028,0.6213025383874926,0.042037425620467174
2,8828308713fffff,22.65714078775834,0.6558724196091987,0.5968609298935673,0.6848574495117137,0.7176925952069064,0.6304847776545239,-0.005280403159743178
2,882830940bfffff,22.129384797514263,0.6895119816122869,0.48792396635033564,0.5534767750134906,0.6297556542860795,0.5570752218015615,0.014087052697586177
2,8828308017fffff,22.070618748915912,0.7198742422237636,0.47935033006124456,0.6298407764013901,0.673867138383584,0.6646295600977425,-0.06881067345542789
2,8828309451fffff,21.2313594743999,0.7159829277392175,0.5968358564389579,0.6524260904973453,0.7152034407423354,0.5731606067643321,0.03861153102631425
2,88283090a1fffff,22.44040981074241,0.7920961516819125,0.5940149002553521,0.5981151591054967,0.7917029228645349,0.5608676479131843,-0.03291618258091879
2,882830862dfffff,20.621891470216088,0.6701430999723607,0.5820463464281527,0.6605670351140999,0.648414800180769,0.6900853528737,-0.054728540198453364
2,8828309443fffff,20.61475824134217,0.6529256099579576,0.5988054588905198,0.6260530448119065,0.6092990300133936,0.6025395137198011,-0.09964196915905675
2,882830862bfffff,20.748522145124465,0.6680590138308943,0.6111033619858279,0.6928885953769485,0.6186910836762184,0.7732828773779561,0.01457238396490574
2,882830871bfffff,22.156152355231267,0.6812160977759067,0.5712036526414722,0.7237786280205255,0.6388166426546352,0.7191929132700742,0.01082046735651419
2,8828308037fffff,22.79241940742617,0.7151441697610114,0.5392410712825761,0.7059341959807982,0.740021251271689,0.5984636338956842,-0.01464028785904672
2,88283080e5fffff,22.318982026502514,0.7323714931633833,0.4603089930822789,0.6476849864472204,0.7414579347052621,0.6088511085050744,0.006286914405595523
2,88283081cbfffff,22.591783884737833,0.5153404901437212,0.5808133917050207,0.7002422799529125,0.5886203375729109,0.5739973389703233,-0.019565900934094375
2,8828308249fffff,22.499817331316684,0.6873044513106998,0.7287480309906185,0.5828756062225553,0.7374296709929825,0.5385883156308787,-0.05016953186023507
2,8828309415fffff,23.563109274682528,0.7162029459042665,0.6824852540760681,0.5521851381715875,0.6081626636621016,0.5192860876986563,-0.03756668374329566
2,8828308441fffff,23.248527586148008,0.6633939988003588,0.6560720484254652,0.7068475698629656,0.7169762147316012,0.6945303861496196,-0.014779368060052674
2,88283080e1fffff,22.28810292795921,0.7628697385659714,0.45154105521515575,0.6466068397433637,0.7357572442549415,0.656345226589435,-0.05749538288351752
2,8828309439fffff,23.946855352551882,0.7535909432019041,0.7022212365473228,0.531895104603136,0.5585662485914604,0.6173632660834084,0.05319483807573799
2,8828309447fffff,21.271833672280614,0.717565625768771,0.531016567046055,0.569071187897294,0.7430178063903433,0.6496897909518019,0.10230782804593
2,8828308031fffff,23.493224132953156,0.5828341140717472,0.5182570061138938,0.70582374400043,0.6135026868717324,0.5745097559297683,0.051835278156974404
2,8828309453fffff,21.98847244335281,0.6345724331151954,0.6733468289130307,0.641124776863272,0.6802032756339933,0.6561930427460777,0.01615809044307869
2,8828308035fffff,23.44955883233634,0.6244005569878912,0.6480171758538309,0.6792112332767758,0.6665799545521821,0.554528892823062,0.001236201684020546
2,88283091d3fffff,23.62823836127338,0.688182465807279,0.5594660987250053,0.5922805572279212,0.7226036313120769,0.6402212688495057,0.05449835300322914
2,88283090a5fffff,22.92821152420271,0.7072558419064295,0.5962038890509681,0.5991253674965591,0.6887490547158369,0.6057222868733299,0.018720190709736798
2,8828308719fffff,21.969764666870493,0.6219901251046577,0.6198015823684067,0.7099863168374716,0.7251829325348275,0.6750485079646495,0.014222942128391154
2,88283081dbfffff,22.118262440070644,0.6425679990742398,0.4017042705712838,0.7492463676761608,0.6996254250262766,0.5837882723486703,-0.02804741617589774
2,8828309193fffff,21.62031630599846,0.734828793458288,0.6676781040368073,0.6022645854870643,0.6855730731683617,0.6234051775704875,-0.019651405931321194
2,8828308627fffff,21.69256443293093,0.6596608550579646,0.6209610427388016,0.7534327028002783,0.6533542955421493,0.7586913166231611,-0.08406796387966607
2,8828308241fffff,22.33909023544767,0.7136208202000501,0.7137397902700576,0.5347904454862022,0.7402869371771278,0.5468106525797017,0.009271818810631214
2,8828309199fffff,23.008937682833643,0.7760699851619918,0.5601036050643788,0.5615083467925447,0.6856787269221574,0.5407960085236014,0.025935773755126103
2,8828308625fffff,21.351784386222693,0.6626732114823118,0.41931629910070334,0.6303448290872594,0.6299300769255781,0.7212797803353425,0.04924737439886485
2,882830919bfffff,22.45555064677071,0.651789847959029,0.5878144377245533,0.5851867759022598,0.6499656041579521,0.6302964110452589,-0.017112041815977974
2,8828308753fffff,21.473129231905055,0.5966083646879041,0.5707353682090234,0.6715887051931582,0.6336602603285482,0.6511187238541146,0.05988708604252974
2,88283081d1fffff,21.4390813179099,0.6816125370401915,0.5880426473923122,0.7325786439189373,0.6689914388767082,0.5085150166551822,-0.010045670600895975
2,8828308635fffff,22.111345996209497,0.6392299405464369,0.46379848841924737,0.6665111497627773,0.688503361456751,0.6438309295981638,-0.026956970489012962
2,8828308623fffff,21.381926019143464,0.6631820126728638,0.454293760361233,0.7437798619306073,0.6303013851240694,0.7070530659344805,-0.043140797681189245
2,8828308711fffff,22.394894726197887,0.6386567981851878,0.6687717170647796,0.7502939185172297,0.6682540217467821,0.670418386013331,0.04234462952716498
2,88283090a7fffff,22.440226836121326,0.6802971101520374,0.608423045487035,0.6701124350611645,0.6803316958393568,0.55519921032565,0.04711906949482556
2,8828308245fffff,21.75015144633998,0.6707689128204173,0.6423705330726334,0.5584216226677103,0.7145782989881367,0.5319233101437829,0.01895558297691005
2,88283090a3fffff,22.102245574152338,0.7748931564802903,0.6355475764722085,0.530163078958375,0.7111125656837123,0.5685813300244931,0.01859414329787693
2,8828308033fffff,22.801800659536323,0.6878152666090593,0.6253185371114816,0.705126380897469,0.6382157975457668,0.6814536014718129,0.11184649597518737
2,8828308269fffff,20.879877346100184,0.7061544437354992,0.5481720928301597,0.5029176011808454,0.7163224598982958,0.5128146576215722,-0.01410478688072655
2,8828309191fffff,22.159938107962873,0.6897469228360301,0.6700735129477338,0.5643282906029112,0.7235761958673044,0.5117892006068037,-0.02683449242072163
2,8828309409fffff,21.43888817028012,0.6751964632785539,0.6088995575275455,0.5251055621882443,0.7597019486780389,0.542818355542258,-0.04901219093034631
2,8828309455fffff,21.136292946752363,0.7170722869371073,0.6053971797267081,0.5166115604529002,0.677740766990628,0.5926903365106679,0.07439733224850957
2,8828309407fffff,23.05079219527777,0.6869641332504252,0.7259218158786866,0.6370773804029823,0.7382049219147462,0.6116200572523063,0.026221321470657092
2,8828308621fffff,20.90896838141884,0.6191058077067078,0.5213932540272457,0.6695533222690158,0.6116718309283419,0.7550532813996345,-0.008646250128793182
2,88283080edfffff,22.48437827535121,0.6394582134035696,0.49953083358916955,0.6226238695985641,0.7225703085665154,0.6773946605694847,-0.09359479263839557
2,882830824dfffff,22.130581167914862,0.7775719040227421,0.6982648919056579,0.5469807666935445,0.7318456395203147,0.5797093825805638,-0.005442657506305918
2,882830863dfffff,21.40630789298522,0.7056269687054737,0.5112714640108762,0.6984573985100635,0.7087034070394906,0.658214821063746,-0.010530858217713141
2,8828308445fffff,23.39854394198573,0.6344090969809598,0.5400526487198547,0.6596536453607321,0.7346129124808917,0.560708404928836,0.07495004094363616
2,8828308629fffff,20.181015393762923,0.7437133041728354,0.5110408036543255,0.5917819529320696,0.6580053245888121,0.7172919820615267,0.05522170829358267
3,88283080e9fffff,21.83493299061891,0.6995963453096081,0.5679654209288112,0.49446756381439405,0.7562715102497918,0.682342299865232,0.045644189752886644
3,88283080e7fffff,22.578806580235415,0.6962221311306708,0.533410134854407,0.6273127798873436,0.6897160045103953,0.6664679118907348,0.052425004028948376
3,882830941dfffff,22.71457314334618,0.7122886294106633,0.6415899331342771,0.5296507973114742,0.6991753613088328,0.5632445975480542,-0.1837170311287354
3,882830919dfffff,22.85223648532328,0.7159324264763909,0.7054387864528162,0.5709812008328324,0.6773877774425007,0.6419213251230145,-0.006100817073133605
3,8828309197fffff,21.224392646959785,0.6463475945875721,0.623843849642268,0.5538720996780839,0.6268984910424564,0.6096534633744383,-0.055772402188549015
3,882830940dfffff,21.82519902123984,0.6991921253719378,0.5509823808271889,0.4944763432274841,0.6709037864694176,0.693454218407219,-0.06264454436102185
3,8828309403fffff,23.048216636428698,0.6782019167425316,0.7247358389368586,0.5659257102851991,0.5646923159973303,0.6196937553126755,-0.026446831653845468
3,8828308015fffff,22.924399607518577,0.7684511126624252,0.4739467030671408,0.5319938786244791,0.6491831851744496,0.7041618388785483,-0.12799621135529946
3,8828309411fffff,23.057558420020708,0.6293108892379033,0.6938862057229339,0.487791162979466,0.6418650337539977,0.5329919671522838,0.024233632284206538
3,882830803dfffff,24.15884039534981,0.661676349789524,0.6203013225855993,0.4849916230064105,0.7802537364049573,0.5336078584988695,-0.037522804413595505
3,8828309457fffff,21.94683787572064,0.6522990358665123,0.5085492775987559,0.41773544181087696,0.7543659466947086,0.6728685591141825,0.00017309364675145017
3,882830803bfffff,22.902795362757637,0.6689432507486652,0.49861967768946586,0.5028131893989966,0.794049227128592,0.7137130069317821,0.09212589227293276
3,88283091d7fffff,23.72284130772482,0.5451006888279907,0.7039782941582072,0.5239143084334472,0.6449752640868411,0.5878052476864207,-0.08465625510996558
3,8828308449fffff,22.423941784224144,0.7051892272119711,0.48717575717508294,0.554059784069878,0.6977950972159782,0.7065482477488416,-0.14774115806318647
3,882830844dfffff,22.69467735079318,0.613370726532907,0.5753711526966748,0.5014074696357343,0.6179431533961428,0.7626840331427354,0.019621334739411328
3,8828309401fffff,22.394020816536436,0.6343565999107158,0.6780700044264389,0.44721588560284076,0.6641483922746673,0.532283809510868,-0.05656984854210796
3,88283090adfffff,23.061016227895617,0.6308781940335539,0.5712772866943411,0.4274817087492029,0.6621383701023384,0.7200891838729333,-0.07525752614149667
3,882830945dfffff,20.55965246828966,0.7141915256824061,0.5919681119031582,0.5023614827933867,0.770073855990537,0.6416954585447752,0.04051888924928863
3,88283081d9fffff,22.227125081315812,0.5999145039021005,0.5878046497609701,0.42719316259139917,0.6694847795871832,0.6254226593204825,-0.10625748730278231
3,8828309405fffff,22.45142536673252,0.6671867812154587,0.7165867806490188,0.4939999277164187,0.6795921524901988,0.7202134721309976,-0.033416017698854245
3,8828309419fffff,22.554481467362432,0.6515965750524806,0.7003457958149805,0.4596431957635255,0.6685630018927976,0.5777818802117921,-0.20554214601649923
3,8828308039fffff,23.777451806355575,0.6401178310589539,0.48405304138823724,0.5130517129316046,0.7231508015069928,0.5676279579896829,-0.16981353230639787
3,882830844bfffff,23.042055829776185,0.6770813837517401,0.5771868885991296,0.6186657536573329,0.6929983483857356,0.6126822700762586,-0.09884061121119261
3,88283081ddfffff,21.866953461925803,0.6127349051564986,0.634140663501364,0.5409562604556098,0.7144563167312072,0.6196188177554789,-0.07873261415617595
3,8828309195fffff,21.861772431325733,0.6761368261966175,0.698784319324033,0.5967562701053386,0.6791194019963176,0.644684625160238,-0.00782343965793851
3,8828308713fffff,22.77846667549327,0.5856390535847719,0.5419109098512828,0.5841162410731335,0.7397871779773464,0.6929275550543881,-0.0048927154436562564
3,882830940bfffff,22.028271705192136,0.6216466606244326,0.623078058717114,0.5317661792318036,0.58704677426716,0.5572588910623505,0.0006550081404220823
3,8828308017fffff,22.083572131631524,0.7077563877886435,0.5263213525218984,0.573565637343441,0.6545704194349327,0.6852710497791439,-0.08755050529320207
3,8828309451fffff,21.278113419222674,0.5948101234179158,0.6685776456985711,0.4070117693807824,0.6551399950102823,0.6059862128126736,-0.1055073526229192
3,88283090a1fffff,22.500882014132923,0.6076033719445657,0.6517586424818718,0.5163661423801248,0.6577641001228659,0.6565934960973479,-0.14973314268171356
3,882830862dfffff,20.683753209235338,0.6935763725167058,0.5231280278144074,0.4625971096062637,0.60745420510554,0.7515592709103741,0.00195818879174893
3,8828309443fffff,20.626419319260552,0.593024134441282,0.5935033688612761,0.5370471197262037,0.6989790268247977,0.7284964279917052,0.009863950815208467
3,882830862bfffff,20.725240165039022,0.6455155797854484,0.47166764113707327,0.4535065503868005,0.7384240136665634,0.7497891099755821,-0.10540818101059851
3,882830871bfffff,22.10739559837589,0.6267562569050444,0.5939882726431349,0.5494813881976852,0.8170564585882831,0.6337682357518656,-0.07397164355223744
3,8828308037fffff,22.813871158715546,0.7388173855475806,0.4544787390174148,0.5036222614268546,0.6950816190709302,0.5598071652387843,0.01977664355176411
3,88283080e5fffff,22.41007307843608,0.7010813148964543,0.5213739456001606,0.5366069339022108,0.6497098342765923,0.6031941436652113,0.009571684559692026
3,88283081cbfffff,22.567207460651044,0.6010833738844996,0.6011884940922511,0.4588554580633773,0.6811553342610289,0.5085285834279715,-0.013366957439536933
3,8828308249fffff,22.52457345969647,0.641650668990113,0.6714545905116519,0.49919386359232815,0.7906468678766292,0.5804854450417788,-0.08746242126072484
3,8828309415fffff,23.650337354821122,0.7226343212127573,0.6796965938703811,0.504324314169303,0.7294955586096425,0.610950688320632,-0.10180208296879906
3,8828308441fffff,23.299974792491017,0.6331204980107137,0.5993091017819823,0.46152822345093725,0.6357862820458343,0.6764932349341589,-0.06568992035566376
3,88283080e1fffff,22.248657329441016,0.603197296477269,0.43341031329344737,0.47378647246315336,0.5817538990863914,0.6580890234447115,0.03808941649683722
3,8828309439fffff,23.902769189141853,0.61874177655552,0.7812431271138575,0.5920031583520833,0.6440900042624905,0.6086298922747116,-0.10693444438308228
3,8828309447fffff,21.256898284779673,0.5712652563281212,0.5771543645287016,0.4389457709141886,0.6278063731224198,0.6159794774073429,-0.004463796151888393
3,8828308031fffff,23.489312652145177,0.6607799935827556,0.5545700279045831,0.5186150053972027,0.7195346540097234,0.604000091192529,0.05085927845404055
3,8828309453fffff,21.904841380459576,0.6153939159429226,0.6429073914026946,0.4845501446062983,0.7158336952803231,0.6106103334493661,-0.07554522338880346
3,8828308035fffff,23.42816132065015,0.5705253792949293,0.5782261096563329,0.4699013461115473,0.6399216608574293,0.5971356440478932,-0.0976912796828395
3,88283091d3fffff,23.680578651012585,0.6290461425116288,0.629740729429919,0.38774592712780326,0.7429386773806478,0.5588648571680529,-0.03298575356706076
3,88283090a5fffff,22.943468855022186,0.6873476950959556,0.641721357627427,0.5498323402476658,0.774405943940929,0.6744232565689745,-0.08693724044887888
3,8828308719fffff,21.950765222262216,0.7288666644557927,0.5165328144204083,0.5091262774290368,0.5702010626638364,0.7570225155304487,-0.03781110725579623
3,88283081dbfffff,22.11492972792603,0.6475204751144912,0.5435837657712038,0.5192303551542726,0.6856701667943254,0.5937705038251941,-0.043718472772745126
3,8828309193fffff,21.748344760857368,0.7201856424203031,0.7117515786551323,0.5089501786182027,0.6464181464436871,0.5870039237925855,-0.022272596943262866
3,8828308627fffff,21.690269595775263,0.6107668691364625,0.49389667253801356,0.47738935969216545,0.7487166376399563,0.7661877725392189,-0.11523563752088398
3,8828308241fffff,22.434043201389755,0.7355326434306362,0.7036883257318578,0.5139532423728188,0.6726238166887468,0.5908002128855472,-0.07476607787287795
3,8828309199fffff,23.059367120801735,0.694967642958162,0.6279531476617264,0.5239573539216152,0.6515098353248361,0.5054907272568194,-0.027529584295174388
3,8828308625fffff,21.353823920360714,0.5874918440799826,0.458814791532173,0.5513438462196752,0.6986813990431257,0.7186467243439029,0.007005661502837407
3,882830919bfffff,22.318780697132187,0.6415401239015837,0.6405159740428884,0.5569232287269235,0.6606320054771484,0.5678132786898271,-0.11690347133336049
3,8828308753fffff,21.492946097357567,0.6395674541480487,0.5849748169476104,0.5110708268045736,0.66658150330719,0.6484787813470432,0.026900646084478716
3,88283081d1fffff,21.5620323572559,0.6750551559982685,0.4958248787134832,0.5906210328083685,0.7426079893345848,0.6215674766689562,-0.029434961292988553
3,8828308635fffff,22.092888710870756,0.6565290302938676,0.5597131626160707,0.5498070296394278,0.7250677139133731,0.810736452154512,-0.06379415166624773
3,8828308623fffff,21.45511674821688,0.553773309876592,0.407163931620352,0.5168212279700525,0.7443533107269724,0.7854629559290573,-0.009622565545318776
3,8828308711fffff,22.37343979934361,0.6945238984735358,0.549864235792407,0.48432688144859876,0.7144409859330119,0.739565107857042,-0.16115269316192649
3,88283090a7fffff,22.42208888387126,0.5879192127517648,0.6122513981362191,0.4996339926386352,0.6539491216266107,0.6873752198879117,-0.12752088258625266
3,8828308245fffff,21.612567366613344,0.6843280978570945,0.6935585941729417,0.40564555060699314,0.6557041854148439,0.5812011022951727,0.06174787647709536
3,88283090a3fffff,22.118908893535593,0.6380867325275523,0.515488094257144,0.5156219599314299,0.640709225528239,0.5281821851703287,-0.0573390047531425
3,8828308033fffff,22.678851504473634,0.643749654860703,0.5216573471143381,0.4842137251656998,0.6933096907780147,0.591091650019272,-0.029221001365053415
3,8828308269fffff,20.86316807305743,0.6645820563460699,0.6849052910128091,0.4786164941152496,0.6322538007721263,0.6558655559524343,0.026678230952259706
3,8828309191fffff,22.20800748009095,0.6518807998817665,0.7189447813606881,0.5507551700278093,0.7422082391327567,0.6755567332920295,-0.06458080909886725
3,8828309409fffff,21.514887965429917,0.7180354822733943,0.6962152245343959,0.513610253186805,0.812326119812161,0.6655251028459284,-0.12089876438665584
3,8828309455fffff,21.14062902979059,0.7520793896509188,0.6779113747153093,0.49318520753737416,0.657871440812227,0.6924710765692516,-0.027042393274989557
3,8828309407fffff,23.212208134332975,0.7247159930542592,0.6977354951502841,0.5162911776333075,0.7234540364930634,0.5317612792260411,-0.1439377780177064
3,8828308621fffff,20.86036507045894,0.6686728412523901,0.5424433159509904,0.5828904023080973,0.6289282697318613,0.8178595744039722,-0.056136698604270424
3,88283080edfffff,22.31369988867686,0.6866325777149114,0.422292108689689,0.5535584847569902,0.759849405247151,0.6669245603839181,-0.04462096221648883
3,882830824dfffff,22.187994037726583,0.6934575743008711,0.7124606683722056,0.567708187916081,0.7299304465983976,0.6537445020912491,-0.019081734796558527
3,882830863dfffff,21.479260433640867,0.6261658512774922,0.5022271948477993,0.5695790475166601,0.6098013340885292,0.680639347891792,-0.05089635172261506
3,8828308445fffff,23.32025508292593,0.6197102046293931,0.5018326839758235,0.5573807010781386,0.7028470367247273,0.585649837692595,-0.13485802258986715
3,8828308629fffff,20.091857853592288,0.74820515200655,0.5078091916636678,0.49903080716707315,0.6803059669773761,0.7824302786042081,-0.07281068042442952
4,88283080e9fffff,21.021067050086916,0.6743302089823189,0.6232958779693211,0.42262695336237216,0.7086082212950615,0.7574411796430311,0.0850041085842641
4,88283080e7fffff,21.626410622494067,0.6059502039791076,0.5470532944665836,0.44156736415329434,0.696775547512657,0.6025511417937239,0.05350717776014761
4,882830941dfffff,21.712039899499512,0.5744968917316546,0.6359946066608594,0.41650614538609676,0.7193595759916187,0.6312188093708632,0.04878455393480107
4,882830919dfffff,21.828887413473826,0.5955971162626439,0.597358662758467,0.37142214615376096,0.6436455043404788,0.5976534624019428,-0.02929248746651681
4,8828309197fffff,20.780133832332986,0.5776430741767352,0.6021554118946416,0.46700945715016123,0.7022720033698228,0.5782418626049278,0.12614714421362014
4,882830940dfffff,21.211043966584086,0.5890004748858328,0.5180215722352608,0.3930772612122447,0.7476184875319088,0.5747262684751804,0.0018026744055723426
4,8828309403fffff,21.902826686377736,0.5441156943863685,0.645982414676391,0.41213404778994484,0.6660234972700803,0.6450960483358543,0.02809423830214468
4,8828308015fffff,21.834526389118256,0.5191553431283,0.495080343801853,0.3929690640037185,0.7554503191040014,0.7156605070149332,-0.048301801150456236
4,8828309411fffff,21.9231748440489,0.6344455805327152,0.6830995558987661,0.46270522226813277,0.7120531263182914,0.6667230604179664,-0.07964941518698444
4,882830803dfffff,22.553851218129605,0.5248648228016793,0.568184818821536,0.3322328187002398,0.6760394533804135,0.5673797983090821,0.04562298645534386
4,8828309457fffff,21.2370382644627,0.5009662374321769,0.5934285000220151,0.3774691164013651,0.7972648495150317,0.6767441098549938,-0.051193252456743055
4,882830803bfffff,21.77714658758902,0.6218861765519651,0.43614500060113615,0.3338792653573823,0.689004289658074,0.6307925369240709,0.01215547579640023
4,88283091d7fffff,22.254634159465056,0.6663037848591663,0.6264663172454572,0.3788102525759209,0.7116659587430637,0.6218647924486372,0.014527763364388697
4,8828308449fffff,21.42475137051692,0.5903588551534614,0.49292327717307527,0.28814028595730407,0.7412095874304545,0.7270029189415573,0.034207995771371194
4,882830844dfffff,21.588960601925514,0.575026122208521,0.5108943279920347,0.36503318795704603,0.7586729489697064,0.8169682093419097,-0.03862723567606596
4,8828309401fffff,21.40622407917465,0.6343554224240477,0.6008195970873312,0.40001111391272887,0.7959224301493549,0.6555773095959355,0.03949816991286275
4,88283090adfffff,21.85556589112576,0.7201488620323927,0.5246474250889683,0.365860335364405,0.7060847989231054,0.6833539077551402,0.030139783248223966
4,882830945dfffff,20.362704032196465,0.6854093104113095,0.44257970864011786,0.37209683687583056,0.788421719212391,0.6707193191341024,0.07635677228470658
4,88283081d9fffff,21.36504700338711,0.5838131884700387,0.5090267340546436,0.370069807666901,0.7366480050686358,0.572075716798985,-0.002332045684419852
4,8828309405fffff,21.60220445196396,0.5634305548767291,0.597702126747494,0.3668899851057649,0.7631735109246914,0.6633070129857124,-0.012865559256798649
4,8828309419fffff,21.54229772496929,0.5842594033778634,0.6902176764912725,0.41936351231109437,0.8614876595782871,0.6304915563039329,0.015461944911335262
4,8828308039fffff,22.27554842352312,0.5655373937446444,0.3695165734488963,0.41671268491519986,0.743447027259789,0.6531741062501708,-0.02095010362426326
4,882830844bfffff,21.813134075052393,0.5857711899690448,0.39620634705514746,0.2736862950117057,0.7653832683544066,0.7715299906000777,0.08630066325143132
4,88283081ddfffff,21.20931494469444,0.654506012695101,0.5835509923520736,0.30580136943838776,0.744225202993051,0.6060599760797778,0.08136962102948905
4,8828309195fffff,21.172049542534165,0.6285660242378797,0.6499097751955433,0.44280392137944774,0.7272663821281286,0.7379273761444953,0.01009889055256867
4,8828308713fffff,21.65773057476112,0.5517347559699647,0.5963609357370221,0.4385093767194503,0.7183853228262563,0.7889351359980459,0.0524315013039103
4,882830940bfffff,21.366334100663835,0.5569588877838465,0.6654797981068125,0.4006036256788088,0.7200178178495354,0.690178844927515,-0.07466522631869604
4,8828308017fffff,21.352878473595997,0.5836638222647879,0.5996535373759894,0.4200137272060802,0.7334757955776277,0.7010200925357076,-0.11023035735995317
4,8828309451fffff,20.788791820443294,0.5843286049838317,0.6097316747333468,0.35666747755112777,0.747513167334005,0.6684111694358384,-0.020606284816685673
4,88283090a1fffff,21.564236361100754,0.5816988429251736,0.5978673762569143,0.37413181328357276,0.6762269090679763,0.662041773672758,-0.007041658888014449
4,882830862dfffff,20.397699792117216,0.540200287244762,0.5304834244926284,0.36109875720665996,0.5408306055257811,0.7883353002061408,-0.09414342663813671
4,8828309443fffff,20.35174074078546,0.6270936330126078,0.5476246093319856,0.37941505628389477,0.8466904856232706,0.7236278621276728,-0.06608033556261299
4,882830862bfffff,20.35195408857365,0.5966951909945337,0.4761933238999656,0.37954803652630126,0.6227913763548493,0.7788621928272718,-0.09360168282767363
4,882830871bfffff,21.325648802996138,0.6705304639900034,0.5536844175277738,0.3629325380103748,0.6714838273812251,0.681359681500814,-0.046156262022115854
4,8828308037fffff,21.727286986263245,0.6002188043381151,0.544380842520095,0.33135427056491734,0.7712457058373773,0.6432683328174882,-0.017087530872396145
4,88283080e5fffff,21.335479504428264,0.5684860027143213,0.543322430727253,0.30912258878936205,0.6642808462121331,0.6928572585390406,0.034439998143509946
4,88283081cbfffff,21.644968465702327,0.6196926767534238,0.6754198986031619,0.3443077975663641,0.6258093954373549,0.6767476044118957,0.010778381329239485
4,8828308249fffff,21.533794716510137,0.6410015862790076,0.7316529111281456,0.44698320166141375,0.710547866709115,0.658282314354704,0.06281075018943308
4,8828309415fffff,22.346073157370977,0.5760940724133228,0.7603675631008285,0.40083548475588604,0.7291483889849002,0.5895653798095045,-0.0774517493238721
4,8828308441fffff,22.154651483046297,0.6056831376944287,0.5574759401896937,0.3345261245987542,0.7280968919942729,0.5839922215313909,0.06910294169708567
4,88283080e1fffff,21.428982350523412,0.6675555590464015,0.5676777338830553,0.30463276995631017,0.7259761272450125,0.7062262454579221,0.030445087390737334
4,8828309439fffff,22.453909732161552,0.5793928490258371,0.6663428602034714,0.378034590515521,0.7357059323023465,0.5060486080748166,0.06459156106709836
4,8828309447fffff,20.789121206627854,0.6256137400153768,0.5105079473598062,0.3869589558901367,0.6950625225116861,0.7369377168174831,-0.0013565930345758237
4,8828308031fffff,22.112729481708534,0.6204984934634848,0.670577676317555,0.40554517555388003,0.7946476647485444,0.5546915013526408,-0.005878432446472951
4,8828309453fffff,21.264171280489222,0.5897471224153723,0.621791166197639,0.3977821714339557,0.6849666813489439,0.7204157277632708,-0.02792214137807772
4,8828308035fffff,22.042423672942803,0.6044865886215263,0.5807946749943916,0.3608348200134472,0.6064876114611324,0.6619187474649796,-0.03372931765796318
4,88283091d3fffff,22.346210512423625,0.57422398106611,0.5973178570107822,0.34102234293373407,0.6907852337937572,0.6197708624099263,0.03262774756784345
4,88283090a5fffff,21.75964657372954,0.5804749613149283,0.5469152451734924,0.31528072194932033,0.7081451167972945,0.6119924330040432,0.03275956827037934
4,8828308719fffff,21.21027086549022,0.6812817504041793,0.5327982866587793,0.3776545239718502,0.7047935396883875,0.8023036777042504,-0.016316041218486663
4,88283081dbfffff,21.35483797209957,0.6101671563214015,0.562359072235434,0.34202000991290293,0.6857905726012044,0.6640388189637932,0.025457519108216243
4,8828309193fffff,21.059002003403343,0.5553443475499774,0.6037993566312816,0.36079602204893535,0.6066655225252832,0.5861392466342679,0.1285382308347137
4,8828308627fffff,20.971754879945,0.5222442241520809,0.5369201519666394,0.37906377703912747,0.695631879381384,0.8142666377156008,0.06689005900872971
4,8828308241fffff,21.4363702029012,0.6803124294750063,0.7404670543391891,0.31068385977934865,0.7005048368733212,0.5885484592968379,-0.05152475814208005
4,8828309199fffff,21.774078501082858,0.5749988130013544,0.6241995854942508,0.38803018592653093,0.7239895484181066,0.7041655320701554,0.01789517114450266
4,8828308625fffff,20.815017757552,0.6473559524848315,0.5321815943348028,0.3528679974444267,0.6319760362794008,0.8495880942728947,-0.029080870006939194
4,882830919bfffff,21.610158212053896,0.6635971500345227,0.6436425730378522,0.3713870148022329,0.6738233651085753,0.5678143689573298,-0.002849506880236927
4,8828308753fffff,20.920492705694627,0.592434449643133,0.5969734827965492,0.3685755473002982,0.6617489244346646,0.8492817227677492,0.019661333921789863
4,88283081d1fffff,20.874318611717694,0.6536631501570782,0.5943962148603116,0.2574167055584988,0.680798161121875,0.7205399284085855,0.022971622271589907
4,8828308635fffff,21.336653662116838,0.5764279209924763,0.5466459242676046,0.2963089350252754,0.6892457951872325,0.7440727818914613,-0.04277186281296287
4,8828308623fffff,20.865839966595345,0.5377278703999668,0.4883736067480207,0.42809046595944594,0.6428594589790724,0.8317247975375958,-0.001482624289673845
4,8828308711fffff,21.421456023340436,0.6057492294754191,0.5968685571312329,0.34641230333265405,0.7276795877959036,0.6889122563255501,0.007809996059351443
4,88283090a7fffff,21.543285659979695,0.6197247608908618,0.6186478409096963,0.29954694568299794,0.8146319323217948,0.6176041388269333,-0.019822124281588985
4,8828308245fffff,21.061144685803914,0.6474846637710263,0.6732327226586435,0.40907431353377877,0.7202325072373807,0.6685997903639858,0.04446062356906503
4,88283090a3fffff,21.343678097937957,0.6012548930602996,0.6172148321245696,0.40784354177380083,0.6988761894282733,0.6994710634324287,-0.0011512411317328042
4,8828308033fffff,21.56853981219476,0.6199691279309602,0.4950924436803594,0.33106595155599355,0.6970193624608658,0.6759889919000465,0.08232121483821692
4,8828308269fffff,20.606343869555523,0.6266565624103438,0.6197051792919022,0.45271289073219767,0.7677268314776626,0.7460938697166493,0.054984273438760396
4,8828309191fffff,21.336499162122,0.5758902465329273,0.6692401088795551,0.42255503953787243,0.7180234318696461,0.6511688015788065,-0.1091585707786084
4,8828309409fffff,20.920918943793623,0.6798879164487517,0.6846884192344265,0.3985702559824725,0.7569008808726178,0.6841574808805952,-0.00490734603361747
4,8828309455fffff,20.767932738110293,0.5596339510601178,0.627593095702152,0.3870412539277337,0.7844312238601616,0.6893381591936033,0.01908898576216977
4,8828309407fffff,21.90732091761137,0.6072878817790831,0.6244687137758704,0.4902458670252868,0.6858236336371122,0.5776679828341309,-0.05337240989566501
4,8828308621fffff,20.586645134835074,0.6295912593547008,0.5189340681631563,0.45711919295697573,0.6468727010747176,0.8050899723621764,0.04866962604027243
4,88283080edfffff,21.52502821467181,0.5556639108520329,0.5469371800339137,0.3314472810987064,0.7376341821211764,0.720117098340954,-0.02898451837070562
4,882830824dfffff,21.337528215913913,0.6528139696352596,0.6240428869429374,0.39769666771430917,0.7375956342651425,0.5860824273924281,0.0371385072870986
4,882830863dfffff,20.850323452727885,0.6240867058959704,0.5952400770706584,0.36363881667349607,0.7103546966710672,0.7856739533389859,0.016519176432599737
4,8828308445fffff,22.09543019281064,0.5774530818231061,0.5196895785911998,0.3263891257367922,0.6204256465090465,0.748735119613729,0.029862843675852443
4,8828308629fffff,20.144659453023312,0.5851142668772499,0.5363922904446005,0.4370763085873111,0.554448607343446,0.9160692303656186,0.027861709911330097
5,88283080e9fffff,20.021532462165247,0.49433806782189027,0.5385851035665827,0.4118949531179457,0.7537998632815558,0.679999814137908,0.0046552035244242645
5,88283080e7fffff,20.031227545433328,0.5343577567146781,0.5233621338586002,0.34043840357896504,0.6306067401471377,0.6377001023671692,-0.02362024393205034
5,882830941dfffff,20.023848575330057,0.5487356201748643,0.5603627513743082,0.33537021345764606,0.611732119111331,0.6702999519871276,0.028766395630888716
5,882830919dfffff,19.925007700477444,0.466551313334384,0.5547934334946513,0.42459107876085234,0.6250615760082047,0.6349767413399741,0.028933773855135708
5,8828309197fffff,19.949046531988163,0.5405886213758949,0.48840274877697776,0.4075164051030177,0.6915265611740072,0.6835430676757013,0.05199411519216957
5,882830940dfffff,20.012831931780056,0.5452897010547442,0.6626143677933376,0.33558472007817153,0.7652499107099078,0.6288803731160175,0.08950762121185912
5,8828309403fffff,19.970657226394913,0.5640123128744009,0.6434772749958065,0.4185727283622524,0.6342580422323215,0.6027863072108987,0.016855791913231215
5,8828308015fffff,19.9065727379642,0.5442495871140737,0.4988718529464478,0.3078695442600934,0.7293479269117776,0.6582179148469829,0.038779115936582065
5,8828309411fffff,19.996230423715772,0.5611791415445179,0.501957370008378,0.44412772324719996,0.5930037160119415,0.6519465661811009,0.08743832400165329
5,882830803dfffff,20.074260458272793,0.6097839903264844,0.5602386045761238,0.4805197677737961,0.6232592624686062,0.5230376835202798,0.0724667050165657
5,8828309457fffff,19.9732922767204,0.5667898098754528,0.5629837753385024,0.37770993951188836,0.6248652678851023,0.6196630535920975,-0.007068212323809393
5,882830803bfffff,20.06359609942612,0.6333383747116218,0.4856964026109625,0.3420914880447703,0.6770277718029455,0.6567225892638924,0.030828080710395722
5,88283091d7fffff,19.905884295385775,0.4974725344820249,0.4562465984432496,0.35495866486109784,0.6480615369315414,0.6298951622809607,0.03740195295555016
5,8828308449fffff,20.106533164600627,0.6102491006547693,0.5504399549966701,0.3273152352961486,0.6433504686313269,0.780148974486697,0.15827767445814245
5,882830844dfffff,19.991795805666644,0.6111568661316712,0.6109640706249254,0.2537359615210033,0.6462050330176462,0.7548014061750378,0.09043369479381473
5,8828309401fffff,19.94472522944704,0.569717802128253,0.5052954402532829,0.48054608805571547,0.7106074112370698,0.6342391118931642,0.050360504701663596
5,88283090adfffff,19.954837293439436,0.5102150090561564,0.44165665467558024,0.31542269499791664,0.6536467050561366,0.6478206844135481,0.14275080059769021
5,882830945dfffff,20.006849041074396,0.6326199580674056,0.5753191641084067,0.3395750170787595,0.7931307380002256,0.7612660016607601,-0.005661446174804593
5,88283081d9fffff,19.974460736060607,0.46945743854290845,0.6441334305457376,0.29732726046758234,0.6155583049221716,0.6547658700525395,0.07413659036454737
5,8828309405fffff,20.063852165208754,0.6440129965025767,0.6394921322525227,0.45992604461358433,0.6762712772105021,0.5939532642469717,-0.04462733469940928
5,8828309419fffff,19.914096512828966,0.49378367342890345,0.5441028831196951,0.41179779665871785,0.7413589547600912,0.7256664787946087,0.016880329171591553
5,8828308039fffff,20.018002398411507,0.46966639880847594,0.6021378156215604,0.3879069946364724,0.7453352330037624,0.577092150117211,-0.01665524780439588
5,882830844bfffff,20.01539802759178,0.6079476374309526,0.620430435001759,0.3212858264513628,0.7370646463241965,0.8101836917407775,0.12637223970110767
5,88283081ddfffff,19.906962572983282,0.5772405790151723,0.5983999930323504,0.32065983090960526,0.6410834583469455,0.5935416970383869,-0.07941316896297397
5,8828309195fffff,20.072779157487908,0.48192260801231823,0.5455551714681275,0.4127355279770996,0.6795761882364915,0.7041319870740815,0.1179394871892239
5,8828308713fffff,19.898011104962233,0.5086873380148131,0.5219441518474254,0.2679604402495954,0.7210539809971593,0.71153651322941,0.0775931656086768
5,882830940bfffff,19.923166349946328,0.49013013049685084,0.571689866425667,0.3470982201505427,0.6820752072406125,0.6634666875815596,0.04734823146959583
5,8828308017fffff,20.0187059702958,0.5384571094580205,0.5657310613422204,0.4607933411442875,0.6432490088399941,0.7164430513821387,0.0643592211294308
5,8828309451fffff,20.02532610375837,0.5251959601769,0.5101181472903957,0.41988139105658107,0.6642922053414294,0.6695753698743128,0.0423971659754719
5,88283090a1fffff,19.95393312711762,0.536581109949564,0.5346644354689258,0.27095396939945904,0.7073694056614546,0.7292561486647098,0.1290325354518147
5,882830862dfffff,19.964392947318764,0.5548092212207052,0.4872085403868598,0.3381590220711683,0.6376236507321681,0.8554140857417087,0.015269359290534856
5,8828309443fffff,20.038071363561134,0.541511494779723,0.5043515694705115,0.3867525675206538,0.6948004474087514,0.7348512324183739,0.025441346620754923
5,882830862bfffff,19.97503641212044,0.4860594458953867,0.39323763370416637,0.278664816001431,0.5580950860532029,0.7634882647429905,0.1360033068847373
5,882830871bfffff,19.953344967096747,0.5632966067671814,0.48398925725047576,0.3846789383022233,0.7141069646264715,0.8211648925462376,0.12790839907881107
5,8828308037fffff,19.95045301287374,0.4583313147639766,0.5094356226956365,0.3778197016718792,0.6464322567757925,0.5833521226709101,0.045174752346165824
5,88283080e5fffff,20.001110200712677,0.48493322894959057,0.5189718267227367,0.26636435387763513,0.742648565091636,0.5887540202611583,-0.02899803966314746
5,88283081cbfffff,19.983130575987815,0.6326085495021163,0.5528585973971797,0.27152556513093984,0.6982022037996013,0.5480300551007956,0.04071995133469772
5,8828308249fffff,19.992105986170596,0.5791951407477546,0.6137502942676779,0.4161035296716322,0.7528132801077461,0.6653337885392012,0.04417909110377404
5,8828309415fffff,19.99339819870853,0.4605734361373266,0.6553047637751785,0.4704253673860079,0.7597780597101023,0.6058909267113575,0.13007649445294556
5,8828308441fffff,20.026237141086085,0.5661966445246444,0.524756312223444,0.23702702355009136,0.8247577144759678,0.7669405342753954,0.047948615381333506
5,88283080e1fffff,19.978724339100964,0.4931529587363841,0.5348835526305874,0.3650273025357377,0.6856898640446105,0.665150692584826,-0.0501376253672905
5,8828309439fffff,20.021518722377944,0.5195283439818308,0.5207760125962809,0.47075755826039895,0.7318506982633731,0.5669281268039349,0.1287427126899247
5,8828309447fffff,19.974348914283212,0.4389053107787544,0.4091545298205971,0.3540645163333894,0.7234424306523516,0.6962456139431036,-0.0009798663132372376
5,8828308031fffff,20.021702243183228,0.5350420820167603,0.524231339309695,0.2712309812351072,0.6153306474242766,0.65650202475439,-0.005649873383259639
5,8828309453fffff,19.987686482458535,0.6130302290496841,0.5859603894114285,0.33099320746972527,0.6352718223820113,0.696970267833554,0.052388976957380415
5,8828308035fffff,19.881707731084614,0.5562299498042074,0.5209627660491722,0.3003255706784304,0.7401273400830655,0.5814652110601561,0.10698738992712581
5,88283091d3fffff,19.95651082300029,0.5655196358346354,0.44822819025804533,0.35984950928459813,0.6422278547781155,0.681062335488146,0.121980579567605
5,88283090a5fffff,19.912488580429706,0.511541585407705,0.4889762103023194,0.3917310963790859,0.6173390790833901,0.6633974002019881,0.06961995258567222
5,8828308719fffff,19.95253075989849,0.5882274102103306,0.4488929805404822,0.33708515287316226,0.6828053067532291,0.7076538343038944,0.09451107752410373
5,88283081dbfffff,20.012728168421962,0.5401416009756327,0.510233407382107,0.33728741283403085,0.6822889884854998,0.7536611566788202,-0.013135861003036643
5,8828309193fffff,19.994649371015715,0.6032735628388036,0.5680474841982953,0.3793731616870391,0.7616111788422177,0.6506332224196217,0.12089161781422283
5,8828308627fffff,19.977233135629305,0.5973875298553916,0.5297973069724741,0.3298062812054313,0.7632327768099297,0.7807446299499162,0.05188101987877539
5,8828308241fffff,20.00116663402826,0.5451254029061559,0.6286279327602826,0.3934067229623658,0.7641256998341087,0.6529380487470609,0.051761515775903474
5,8828309199fffff,19.99168530532796,0.4978094633948034,0.5035065979912068,0.36590374751225735,0.655158605247548,0.6355311293249448,-0.02487721725220416
5,8828308625fffff,20.035602091360488,0.5739483539636672,0.48013078916019797,0.30509682533724775,0.7022669965545028,0.8396787064380727,0.01584388731888979
5,882830919bfffff,19.994243848323336,0.5998425325367357,0.6401591023052723,0.3722439789335477,0.7229840024672272,0.6449835692646286,0.033832432258156825
5,8828308753fffff,20.00255330781084,0.5051543048893464,0.3902321762860409,0.3286253817692777,0.6451631752741146,0.7050299408959014,0.07586845589698993
5,88283081d1fffff,19.934228930765098,0.3850758885257899,0.5511086537593229,0.2526182249482204,0.8281100084033151,0.6134189338766977,0.11938803593348915
5,8828308635fffff,20.033561201929768,0.5223286181522899,0.47247487262467713,0.33450207940430565,0.6776854099698242,0.8439657742693809,-0.012559264673169826
5,8828308623fffff,19.996339185032515,0.5507599145309183,0.5235544772236393,0.30976217665308,0.7086765586344288,0.7674535724074343,0.08276036832931997
5,8828308711fffff,19.979123688059442,0.48912817519946883,0.55262851298227,0.31090306219063923,0.6097255946146911,0.7002138501978501,0.05043650784572753
5,88283090a7fffff,19.98307412342283,0.4771596419142725,0.5523950290403565,0.4139691921235048,0.7038585047850944,0.5958910134877342,0.07611128382876627
5,8828308245fffff,19.920487734940988,0.5012423048227636,0.5161622633595166,0.5035162079228053,0.7246166180605416,0.5823052517857112,0.05553718577502452
5,88283090a3fffff,19.939461617751828,0.5226417621527091,0.5892219436859968,0.4532406643670991,0.6393522285691169,0.6137456574960758,0.050180299979061566
5,8828308033fffff,20.03112511689835,0.5055852223629765,0.4826950718607498,0.4157936960989277,0.6821247088778108,0.6377146860919748,-0.004674911672506457
5,8828308269fffff,19.994246160534093,0.49619882686965555,0.6389182540931142,0.44180709718891925,0.7877336158789203,0.5358481542516471,-0.03938951718291093
5,8828309191fffff,20.059182496890678,0.5969812186388135,0.5095832072045192,0.41739354487583863,0.700456345457076,0.5924699665892773,0.017886034363700558
5,8828309409fffff,19.999920898334864,0.515909589718898,0.47497702216746707,0.4165995559127372,0.6965005324237558,0.7141215040651545,0.04486532720641479
5,8828309455fffff,19.96870912439516,0.5977905450719404,0.4638781171500548,0.29091320057120473,0.6390430876525398,0.6472940730188319,0.17065360994508935
5,8828309407fffff,19.9969443645014,0.5594696913562839,0.5627905329984971,0.46501409365001806,0.696328567275826,0.6239369832695635,0.09319383782260574
5,8828308621fffff,20.051647173645783,0.43571773667898117,0.5122865816088442,0.347676169332122,0.586623619117731,0.8989934935416275,0.04960428237185561
5,88283080edfffff,19.984690767045056,0.4980205733456361,0.48056759249229025,0.3745482097199426,0.6830344553061399,0.7034838460620924,0.03290819830227914
5,882830824dfffff,20.032870455583733,0.5066807693282055,0.6857598297014855,0.4811491164929572,0.8072080763471065,0.6591709123588209,0.05006812086684174
5,882830863dfffff,20.025841981750425,0.4525454199234777,0.4887873064878324,0.3599546204419006,0.6853096974198029,0.7372328418998886,0.06813934015447404
5,8828308445fffff,19.96471370078792,0.5802361235150907,0.5477736346845142,0.24544737172686787,0.7422871094589099,0.6884715755048496,0.051950334530095156
5,8828308629fffff,20.047171435753288,0.47230810369385345,0.47382956851166574,0.33146075333230385,0.6736975275169274,0.8603014779430681,0.06045838715338572
6,88283080e9fffff,18.920154531329462,0.4722402559402093,0.47692277888143236,0.45434970227308646,0.6730258896906388,0.7304870852783507,0.052533735596372984
6,88283080e7fffff,18.40598193181401,0.5279067710005989,0.5078630023831737,0.4326777728503147,0.7557707814491147,0.6240606823026997,0.05169282505105465
6,882830941dfffff,18.266419443449088,0.43517732593869074,0.5029853630218523,0.561453917530334,0.5179307854069038,0.7252375360550071,-0.06338744677748433
6,882830919dfffff,18.256955742209794,0.5487109288189019,0.4742796136957153,0.4365100353278333,0.627844533702816,0.6579336374861694,-0.06776596917303215
6,8828309197fffff,19.083734734277762,0.4371237387548673,0.5092782981431763,0.4251509968570605,0.6992992144078106,0.6398212391953952,0.03874985036026885
6,882830940dfffff,18.762958519758612,0.5184988477016097,0.5043720108690551,0.522421666663832,0.5833054565951404,0.6201370256195591,-0.017632273785790083
6,8828309403fffff,18.075820310483007,0.535719641378174,0.41590412981179226,0.5339628680030992,0.7358953652505207,0.6260269384741463,-0.050296540202334636
6,8828308015fffff,18.226627344039684,0.5195697024533839,0.48579826998077674,0.40004973463889093,0.6313063538118631,0.66360980290836,0.05038769335348985
6,8828309411fffff,18.05362753317041,0.5119872963432311,0.5728686979315032,0.5564382567362229,0.6277980320219823,0.5533791228188064,-0.02439243943859534
6,882830803dfffff,17.504885643289633,0.5365137896718355,0.48884164715988265,0.5257134010715951,0.6684447814329377,0.5903690252054019,0.05624506206893966
6,8828309457fffff,18.844124660874318,0.5595773931549406,0.4239336812716265,0.481369022897526,0.660695354853815,0.70748855925677,-0.043175474667006324
6,882830803bfffff,18.064251827160152,0.476817462074619,0.472385500167201,0.45635684734136467,0.7011951701631223,0.6742506223959857,-0.04164214811794688
6,88283091d7fffff,17.727682867596744,0.5322413195627349,0.4653493388339625,0.4470006771365885,0.706180188314538,0.5614705724368887,0.08212826220530489
6,8828308449fffff,18.495948719304735,0.6013831721488397,0.5028004120196229,0.43644656062044385,0.6503651210171073,0.7417492413937464,0.013399349260247795
6,882830844dfffff,18.297384419994597,0.6242601204525258,0.48944775215171576,0.4902596790558102,0.6446343974703946,0.7478388055890334,-0.03935911644728027
6,8828309401fffff,18.567633366046532,0.45442659245139344,0.5282479726969993,0.46877878407041207,0.7075253001476306,0.6602847938266623,-0.06522434342452045
6,88283090adfffff,17.967378643428155,0.451144440689895,0.47001174835592097,0.44501627555453743,0.6236200168667304,0.6954330291334073,0.014475057247494944
6,882830945dfffff,19.745999647362375,0.5310320727974279,0.5007434218852856,0.489674928794281,0.6821733103535702,0.6227265290392627,-0.012484473917645877
6,88283081d9fffff,18.600386139551617,0.4977929221889142,0.4528147674163205,0.4163511082272583,0.6554876366833688,0.6985148600615609,0.05304762738680705
6,8828309405fffff,18.450279626198345,0.4820771961049999,0.5113896826727704,0.43998328901354544,0.6935092682246297,0.6052749600971761,-0.04338448323026177
6,8828309419fffff,18.44764061968132,0.4236088466117031,0.4966433128866101,0.3873036624082904,0.612818897415399,0.6717000638947122,-0.029433517443412438
6,8828308039fffff,17.60460941604744,0.42882163364697184,0.45883948347626125,0.4270126203482785,0.7206208662511341,0.6836245008791937,0.08006599138832078
6,882830844bfffff,18.055933320159525,0.45357480808706835,0.4660613104149073,0.4709530375042878,0.5795352406061747,0.6555848018447168,-0.001977241734375447
6,88283081ddfffff,18.774790511164426,0.5941106349657084,0.45037382142626936,0.45330050889601275,0.7309078192285956,0.5584526788001781,-0.06317475766723694
6,8828309195fffff,18.84668428718424,0.3402090236062442,0.46245439565100427,0.4634062338896126,0.6608072857962181,0.6633734747325034,0.0874820477531809
6,8828308713fffff,18.34272164608144,0.5784248629204957,0.5269527962912335,0.516685363913958,0.6797210116410087,0.7486175264023379,0.012728544839365318
6,882830940bfffff,18.699629029876608,0.461907710713373,0.5117217985264456,0.5118804898831542,0.6284279802025294,0.5784306430319728,-0.044412651598986955
6,8828308017fffff,18.71777373584411,0.4617472534033878,0.5184992497375369,0.429553559408757,0.675618441228921,0.6353069176761975,-0.08407867275213729
6,8828309451fffff,19.26392333810407,0.5370466041182088,0.3939657280385184,0.5180846078576202,0.6232379487553303,0.7028968385851297,0.08110495177829978
6,88283090a1fffff,18.502145718540195,0.5201709721025094,0.5157898570204211,0.5273943105537555,0.6888921954254739,0.7470925403518914,-0.0011468943906651618
6,882830862dfffff,19.62253200388243,0.4691368953174903,0.4620580979874562,0.5051312091712071,0.5932115614180369,0.7884281837858417,0.03514200796501458
6,8828309443fffff,19.58567969985956,0.5060049229687016,0.47498958156089116,0.5081403805261019,0.7723490717325857,0.6255752303664931,0.08965261167028438
6,882830862bfffff,19.595436500881366,0.40763286831389267,0.45262101543041955,0.464678886006698,0.6247097848623527,0.7429560788379487,0.023422332091098803
6,882830871bfffff,18.723492582291215,0.587329265310718,0.5763615963453825,0.4478074351362342,0.7312592776340316,0.6858777942451102,-0.01861877263305576
6,8828308037fffff,18.261306143635014,0.5954572223730188,0.4852707252258699,0.45479319250617883,0.6511703049967983,0.6633320648662457,0.06128124718857437
6,88283080e5fffff,18.545686166058886,0.5050915993128388,0.5552520099570502,0.5309273582148456,0.6477454540588834,0.7440379079639934,-0.03140817398368639
6,88283081cbfffff,18.332258915716004,0.4760035730010625,0.6018661278094695,0.3783373898745867,0.6551453115536856,0.5864900507339738,-0.03314261201391542
6,8828308249fffff,18.5181661293911,0.5020317933455676,0.5475027566959527,0.44632887074370287,0.6921010583302002,0.5991268365576393,-0.03152378745936436
6,8828309415fffff,17.7376765197262,0.48311726610698125,0.5254813046583761,0.5601711234468025,0.6354551481700305,0.5575594301123239,-0.029515013312924245
6,8828308441fffff,18.03207000201477,0.607592794279685,0.517110923073617,0.4863432316677617,0.6804516319102506,0.7234187655489686,-0.005974031377486337
6,88283080e1fffff,18.5768757984242,0.5451144985594161,0.39388512878040544,0.47448886747257407,0.5321363694433034,0.7439774487581188,-0.08000485305485437
6,8828309439fffff,17.663729155142928,0.412094406364771,0.46903084103422016,0.5361938965975146,0.6743622656868031,0.5508001549175313,-0.028324341028206933
6,8828309447fffff,19.20018657680272,0.5580435936870265,0.5541978207733562,0.4901139999423711,0.714868841489618,0.7283085785504596,-0.050919854309224605
6,8828308031fffff,17.87731612124589,0.5383121093449175,0.42410325764035284,0.5460523300448983,0.7405079257900272,0.6955798725380571,-0.03953507797037528
6,8828309453fffff,18.793723179973757,0.41484030141482786,0.5795668598410931,0.43072569288681684,0.603843935292907,0.7124671912733646,-0.04066205306013111
6,8828308035fffff,17.863049770968583,0.4872565960033838,0.4883563880655558,0.46480295927544313,0.6920233146663796,0.5742087887498161,0.006970509300777544
6,88283091d3fffff,17.697714790429128,0.5072254723008772,0.5248610084103071,0.5935882283042182,0.6604558606004881,0.6121141580696678,-0.05647465407058021
6,88283090a5fffff,18.207959783832965,0.4840322170633156,0.44229596912958324,0.46837709816771644,0.6744026700101602,0.5875417450108511,-0.018344791721615142
6,8828308719fffff,18.783596797880843,0.5019126680777756,0.4973517800778973,0.4366271595036609,0.6476382288172583,0.686837847170105,-0.039232671634540625
6,88283081dbfffff,18.676927012011852,0.5163708055100972,0.5584676295144156,0.459997239595173,0.6411482974780653,0.6592920693651702,-0.016568138903482202
6,8828309193fffff,19.021032530167293,0.5231226549573,0.49069308453512916,0.47724389575642967,0.6345563044116825,0.5888508558085024,-0.0058569928651564275
6,8828308627fffff,18.954290691934354,0.5994257669876198,0.4162000637940774,0.48967707578725517,0.6788846053105999,0.7968339188224055,-0.06853457617352417
6,8828308241fffff,18.560304303722877,0.5559389767631776,0.45947666066395665,0.4693036666605203,0.7866780833190672,0.6005501186235216,-0.008267349623376946
6,8828309199fffff,18.06981377756615,0.47272958561602313,0.48983425475205533,0.42555726997674304,0.6893287053401793,0.7031694055774912,0.028079406552391946
6,8828308625fffff,19.148452258929886,0.5141103254875752,0.49789513802471236,0.4099538788909268,0.605811223210305,0.8511012444626149,0.09462026380962166
6,882830919bfffff,18.482831307494166,0.4912228539781698,0.5558054164157606,0.47718497542694,0.7027128454365581,0.615506409219828,-0.0038213953465898124
6,8828308753fffff,19.05027392940269,0.4970701858659215,0.39759265341544614,0.46831179527537947,0.6069771566161114,0.7071415321606037,-0.1572719888183238
6,88283081d1fffff,19.11328869192649,0.5541782378101193,0.5051757895946255,0.4726202887036182,0.6954649507567494,0.6293683221602551,-0.058605887357689616
6,8828308635fffff,18.63623940198504,0.6117907193745434,0.5484449845563069,0.435140758712161,0.6659443335160766,0.7328575683900918,-0.011735185019254465
6,8828308623fffff,19.092541863198417,0.4593809970399746,0.5299542506768884,0.4488952194008212,0.7196942625745723,0.8403852751582417,0.0010678986703493694
6,8828308711fffff,18.507328032494648,0.524287138949491,0.5406555371916656,0.49402182090456925,0.7229504431685762,0.7268136623301573,0.00026042479576040845
6,88283090a7fffff,18.503658344831056,0.46725581721883863,0.5515194108772082,0.46635039351882734,0.5657526519723801,0.6587453715659316,-0.03992263027569604
6,8828308245fffff,18.948591584147962,0.47573317029977963,0.5358918303727435,0.49311017385456457,0.6023163044584121,0.6774960328509279,0.10597698708773493
6,88283090a3fffff,18.633358483894206,0.5848580072173355,0.5213354790512235,0.42667440040694027,0.6283135272828659,0.8304206805721787,0.04214682114145737
6,8828308033fffff,18.25116195137652,0.5690784565377801,0.5042309201723814,0.48764245475240164,0.7368819741491158,0.6327849606778857,0.02941998755829275
6,8828308269fffff,19.43758611815127,0.5139245693100205,0.38507745531235377,0.47970858539068906,0.6043728877062325,0.6893250245378046,0.009755744813150839
6,8828309191fffff,18.665822310900236,0.46063853039412517,0.5435214592497504,0.48171633314114026,0.7009090358447845,0.6218366213516269,0.050072615184828285
6,8828309409fffff,19.15695991283946,0.5120540900096885,0.5193013268324878,0.4688110981731175,0.6672263697290218,0.7340341684475415,-0.039272863171311505
6,8828309455fffff,19.25383204310439,0.526204121261298,0.5299949579362069,0.4879908584007557,0.6951624682328549,0.6890677468039063,-0.026992041937287426
6,8828309407fffff,18.02391296499929,0.5398386229888334,0.5311125587098928,0.3780888063545059,0.5812633979699663,0.6702005874604052,0.012501100520782599
6,8828308621fffff,19.525333402523234,0.5550200452229508,0.4819707073514047,0.5260072643912893,0.6834920088549465,0.8500983359617204,-0.01661564974730815
6,88283080edfffff,18.48381692438005,0.5257855815958545,0.5393846614087338,0.4948492674564706,0.7409123202222518,0.8066092788812211,0.056688723234018364
6,882830824dfffff,18.601117972985058,0.4764445717581912,0.42169488368290114,0.5440392916654092,0.7429963551136388,0.6634529404881165,0.06709001006111373
6,882830863dfffff,19.053791360839092,0.5666065109701606,0.46826612913401894,0.5225134216507878,0.7350599562957321,0.7418961064260187,-0.02622326802257736
6,8828308445fffff,17.939176487089924,0.6070648785038498,0.5103794437642113,0.5888639733242251,0.64195444378061,0.6562542451547876,-0.03944833752119782
6,8828308629fffff,19.820746472295045,0.47371987435698015,0.4875318507273017,0.4185125208372604,0.6705503225806654,0.8592474995156828,0.035838782505560905
7,88283080e9fffff,18.273850752681895,0.48855134844456627,0.45651699552663033,0.6092364134222849,0.6925306963068713,0.7095882478015495,-0.04201365134321518
7,88283080e7fffff,17.482661330724184,0.5070128764061331,0.5738462739372685,0.6358432143884178,0.6437476610470674,0.7512600012954395,0.0410829638209572
7,882830941dfffff,17.25082798494316,0.529283751543298,0.3840065534909827,0.532754411827664,0.6707491217732007,0.6150712057103811,-0.016014575441193488
7,882830919dfffff,17.16961134446453,0.5727909645529108,0.431441255088433,0.5254566048798028,0.6257877870402494,0.6804390443344406,-0.0646245805869421
7,8828309197fffff,18.682845955453896,0.42058015846825564,0.49282258534832946,0.5528362612364289,0.5957255380635047,0.6675498139821192,-0.026343170555169916
7,882830940dfffff,18.062437727941614,0.5451819224150651,0.47640610561428015,0.577395108989293,0.6145946471922588,0.6345793101081804,-0.03329355206919963
7,8828309403fffff,16.940690328510076,0.5326199989266841,0.38934441818204324,0.5782302428739113,0.7350865793370127,0.5632634575902336,-0.02146604510593643
7,8828308015fffff,17.14148973518206,0.5680623797517707,0.5323678426258192,0.6053017410150816,0.5635744603448049,0.6066817586653602,-0.01268664399269221
7,8828309411fffff,16.853363717040104,0.5981908308887183,0.41449571633555365,0.5667334974938646,0.6031558927542547,0.6185992256467233,-0.1422567966122692
7,882830803dfffff,15.869929640994105,0.39472602140432067,0.47554148576334726,0.6814819550832061,0.5819740249382667,0.59427121751766,-0.07069645962039638
7,8828309457fffff,18.173759159210235,0.5378401236179742,0.42153819362118594,0.5927125016063489,0.6879270602904137,0.5901014742678573,-0.014643923243229329
7,882830803bfffff,17.041976304646273,0.46741037417851855,0.5345735193175817,0.5946952788193366,0.580912489021761,0.6496403844144187,-0.0022205440432691292
7,88283091d7fffff,16.20525531723193,0.5850287641391808,0.4935875777200586,0.5971541114839053,0.6993862969414631,0.5187532643506885,-0.05144981711883713
7,8828308449fffff,17.570615598597854,0.6753315266494413,0.427631737460892,0.6415490478492818,0.6798755526972059,0.7067338614603663,-0.04609204027016089
7,882830844dfffff,17.39276759744036,0.5242895275895496,0.5618493564058559,0.717477899601126,0.5650596532474206,0.6764371479017574,-0.11527427915501101
7,8828309401fffff,17.60233563247768,0.5903188053226585,0.43573485782406496,0.5633429576689636,0.6511294978013971,0.6095956716333893,-0.07915101996548948
7,88283090adfffff,16.87938432408593,0.5388644832066413,0.4583566877430232,0.5565926127805522,0.6695045381945686,0.7416400887550766,-0.036004832775624135
7,882830945dfffff,19.404885411219826,0.6229046897058962,0.46188706860623246,0.6085885481356221,0.6367482430433398,0.6587135823196488,-0.08376596846332365
7,88283081d9fffff,17.741272682657048,0.5144075287525569,0.5231076482804476,0.6235561014568085,0.6880594708910898,0.5872747389917831,-0.11174349104581639
7,8828309405fffff,17.440741835153904,0.5330846780971068,0.4673670976932107,0.4897034050015168,0.6046993042075516,0.6272336308388929,-0.0630044540570798
7,8828309419fffff,17.590382035289625,0.48705325944409367,0.5052243250313735,0.4992828223825681,0.6004439983246114,0.6230469062061451,-0.09836058516503843
7,8828308039fffff,16.259279718976984,0.5320858357440973,0.5482055840479978,0.6617446900175237,0.5960977774927615,0.6069524997852588,0.050626685514030406
7,882830844bfffff,17.028383073348962,0.6278910533709853,0.5718432820227456,0.692943375904002,0.6394005666940157,0.753779204863368,-0.053087227365620576
7,88283081ddfffff,18.023440898475958,0.5657068918912235,0.41600402382826823,0.6483543419304095,0.6024059921749904,0.5784919631110563,-0.012863590485958379
7,8828309195fffff,18.062887949287393,0.5609835772851411,0.4819589765445752,0.5264472552417594,0.7252658140115874,0.6894795318131131,-0.05233931103227292
7,8828308713fffff,17.24264456803161,0.6487140107544732,0.3715448461256584,0.6151600441428271,0.6337899739894365,0.742479801307927,-0.1112696180841018
7,882830940bfffff,17.970797379888737,0.5553347895163417,0.33463695930794746,0.5716791384823119,0.6161986889702857,0.6579141336738172,-0.0811997252048893
7,8828308017fffff,17.80030388480935,0.5305720734611706,0.5317265357106,0.6210397033908441,0.6028887147796066,0.6179408253823333,-0.03276463340697904
7,8828309451fffff,18.785501045842327,0.4740377859725978,0.29451585139136083,0.5428826565072804,0.6900200122976893,0.6022067957028479,-0.021935330334169965
7,88283090a1fffff,17.543921489673046,0.5458065968079804,0.4821014617650284,0.6335157627989103,0.5838224144919186,0.6281019415767668,-0.0791848148617772
7,882830862dfffff,19.3953562711901,0.48638680417579905,0.3531923007629948,0.6026080906785103,0.6472147014459528,0.8295897075418042,-0.010337885313403405
7,8828309443fffff,19.335290696926904,0.6176286618826249,0.5150271111522545,0.6877742115294049,0.5895543634606182,0.6375838317397304,-0.011456437166280444
7,882830862bfffff,19.298006587481236,0.5281077333018594,0.4055953109113706,0.6433315892609658,0.6675710875180279,0.8510266753899844,-0.04496148538367318
7,882830871bfffff,17.84919331665291,0.5749455896958354,0.4181942408780138,0.5746085692143373,0.6370388048680323,0.7518951269082387,-0.0592699129813162
7,8828308037fffff,17.25460041100885,0.6510807199363703,0.4756852735753598,0.672220377498609,0.5446175984354386,0.5871123517109658,0.026328749814316862
7,88283080e5fffff,17.602764586185188,0.6198138253522588,0.4769594236494039,0.6043019985690652,0.6735283062986386,0.6466488239252081,0.04658028985820071
7,88283081cbfffff,17.440966033354787,0.6390956693984498,0.4640173456475023,0.6713594717550139,0.6479346982006067,0.5317361729959,-0.10039612192097239
7,8828308249fffff,17.527345896670177,0.5494416284868824,0.47596229832199627,0.6436380296594102,0.6521855898535293,0.6054448356006685,-0.11893760772303957
7,8828309415fffff,16.353342087411004,0.4313624842493416,0.3840658772512222,0.432548836891938,0.5481206010967394,0.49324902380448865,-0.03050986307221122
7,8828308441fffff,16.622990973518405,0.6853706648894445,0.4293349753641905,0.7182184520136196,0.6076926654804334,0.7156573337487574,-0.09596230788788751
7,88283080e1fffff,17.71648237551405,0.46568821408524835,0.5301635746486719,0.5595144326900447,0.6998813651883873,0.6567481280206222,0.010101775142976903
7,8828309439fffff,16.171777832713104,0.5492360132821766,0.43755581423435,0.5578517762030398,0.5970831618456631,0.5207754064998794,-0.10616998496974722
7,8828309447fffff,18.797407967314946,0.5887014594943212,0.4878938444909442,0.6013832525805808,0.606204770593068,0.6339820405686254,-0.016661017076522955
7,8828308031fffff,16.55122852766186,0.6766319847865155,0.5582060964335631,0.5713592480766745,0.6143014238657611,0.6385968502093281,-0.04926888820664
7,8828309453fffff,18.08374801008903,0.6028458358546919,0.5023236327964402,0.6394559768427472,0.6229165135075395,0.5715202187664478,-0.019190169296941183
7,8828308035fffff,16.479721194321847,0.6185426305901403,0.5256827190170168,0.5799367956321958,0.5322654697564709,0.4914658184142647,-0.09035410331641346
7,88283091d3fffff,16.28095421326917,0.6050395727353529,0.38137609744752393,0.6820963634983824,0.6563713760970732,0.6810767179988325,0.01263094653453116
7,88283090a5fffff,17.196007376222752,0.5127995809366835,0.4461967770321721,0.530846866865078,0.6537941567760459,0.7133246946198236,-0.05381133727109725
7,8828308719fffff,17.95893315325555,0.5985727181936499,0.4877433538190354,0.4705154426415882,0.6229720889249973,0.7178939551768242,-0.08786534378704815
7,88283081dbfffff,17.890263458874326,0.5199148860135362,0.46912029247532516,0.6873901634650309,0.535822141003831,0.7167996603737737,-0.05279134264443205
7,8828309193fffff,18.211119446770756,0.5329030588991768,0.46629257113100275,0.48759994494838915,0.6513168387911622,0.5667015853434386,-0.03612972812299609
7,8828308627fffff,18.27915475270286,0.5877522337629971,0.45535580973792006,0.5845900812745012,0.5710607091134108,0.8302781855601994,-0.1663817454453908
7,8828308241fffff,17.58912819471803,0.5909835798216535,0.39989583035620785,0.5076117381334856,0.642560922810324,0.6391345495149914,-0.03487388231237829
7,8828309199fffff,16.963017634416616,0.480178268432814,0.4552039165083282,0.625027520987102,0.5578075230982632,0.568920118557241,-0.0626363930816489
7,8828308625fffff,18.662596724653632,0.6105559619502238,0.45901739716676615,0.5223153340345839,0.6146768562256519,0.8178503938011189,-0.0685082341469322
7,882830919bfffff,17.55117573403916,0.5316193497185602,0.3929946863822211,0.5511305813885617,0.6835081219409269,0.6131279966440544,-0.0031443426365579882
7,8828308753fffff,18.536065559615725,0.5905352501371752,0.4939402853778408,0.6065734400051405,0.6412492428107576,0.7593971601354897,-0.04655822285926923
7,88283081d1fffff,18.521483586116062,0.6012708321281937,0.3719461330801132,0.6510060518887408,0.6451112768207765,0.6244871092017925,-0.02845268750378748
7,8828308635fffff,17.844953725350724,0.445466781860217,0.41151812296492435,0.5467357478776175,0.5813475549833277,0.6956919960554622,0.01781903466882409
7,8828308623fffff,18.645163469109203,0.5499076230568011,0.4500367882677231,0.5369224519529334,0.6660411231295864,0.7835913608479663,-0.07100269959548501
7,8828308711fffff,17.64772617019117,0.5254252601060322,0.4201328397433313,0.634718905766416,0.566035975521018,0.7037814281674312,-0.03591567364894851
7,88283090a7fffff,17.581304826151104,0.5857047658178581,0.4138343046241936,0.4972014371642845,0.6501337392024269,0.6093079688437103,-0.08474811145018646
7,8828308245fffff,18.36751334792454,0.5985831527821565,0.3275396689554519,0.5327840221338451,0.5869058125542225,0.5958014092564726,-0.02746447047504123
7,88283090a3fffff,17.799444029289134,0.5678016586516413,0.4261423895069382,0.5187035868198252,0.7022355130050519,0.6425770328473762,-0.02908834111972837
7,8828308033fffff,17.325947403825168,0.6171860106719388,0.5211173259465267,0.6487124362319142,0.4943763127498505,0.709474252228107,-0.027359560319582702
7,8828308269fffff,19.041763993497614,0.559643143660284,0.3323087279299589,0.6058059119919001,0.6020211534847542,0.6549967141773595,-0.01199231561897426
7,8828309191fffff,17.871457005701203,0.6124635080832538,0.3498642989541701,0.5228410399930826,0.6883071793320712,0.6212683100812679,-0.043578467921209736
7,8828309409fffff,18.450324287616873,0.5105680630328668,0.3825617633463542,0.581268074054833,0.6395840782572461,0.6145254453356617,-0.061164775500307286
7,8828309455fffff,18.870943115417436,0.6087089601147637,0.4335726660059098,0.49232893009424483,0.6139641217516952,0.6717360547404214,-0.053950981946231456
7,8828309407fffff,16.87836129995925,0.46921024515269316,0.408141121896586,0.5557650142522448,0.5899443903076698,0.5513192316686416,-0.07616467111161251
7,8828308621fffff,19.078616578711742,0.583470458096406,0.47069756925714973,0.647660668634691,0.6123378194393799,0.8013890807577935,-0.09093845548264996
7,88283080edfffff,17.587193813193817,0.536155762011884,0.5887618222256834,0.5183984037032158,0.5916102010809624,0.5695029483432505,-0.03233204698581956
7,882830824dfffff,17.836018456650777,0.5190382245958679,0.41356256768584615,0.48662695473752343,0.6349646140633954,0.5262816708433563,-0.04161385039657632
7,882830863dfffff,18.482353001293994,0.5813573031619306,0.5185778175896297,0.622734479790022,0.49368466122396093,0.7294499563221146,-0.14337822774564937
7,8828308445fffff,16.757499557751032,0.6140157798855392,0.5063586441622838,0.6832072470509558,0.6011847991881636,0.6401915949435815,-0.07477972400623029
7,8828308629fffff,19.74750834937051,0.508121302840335,0.42993678904815663,0.6226522794038226,0.5163298645824448,0.7593941733436687,-0.07842904460083472
8,88283080e9fffff,18.20058430326928,0.5950412378905778,0.44614803611480663,0.5590536552445059,0.5161361259737547,0.6461489563849188,-0.006603262026002834
8,88283080e7fffff,17.5209100051223,0.7004598464656764,0.46767821500123274,0.6562869745361046,0.5935193458832483,0.6726175367205537,0.021669268103936996
8,882830941dfffff,17.287462305047264,0.6544201994056325,0.42567992759661916,0.5967941747248948,0.6348602794535364,0.6118418535065775,0.055086361271941206
8,882830919dfffff,17.165802844340988,0.5745286496553061,0.43508740278323066,0.6236868523637839,0.5344793359126163,0.47109685940197676,0.028312124138394804
8,8828309197fffff,18.717679029852913,0.6385161630252181,0.3252476914461723,0.6211328139615622,0.7059722920054549,0.6318772296404968,0.07478808150644507
8,882830940dfffff,18.08097316436836,0.5687002441729189,0.42648638222242263,0.5939407559779097,0.6132002845365447,0.5710630880318803,-0.0755249584249435
8,8828309403fffff,16.99734100035803,0.6145589494625864,0.2892245683076331,0.5018090825244933,0.6164579810879194,0.5078464072200118,-0.0584470040599283
8,8828308015fffff,17.024293560666536,0.6635255100317184,0.506282087440641,0.6391443050985924,0.5719708204290687,0.6125660729522721,0.004396317349744661
8,8828309411fffff,16.830048900303282,0.5345606713267964,0.40429318107680373,0.5424762120224432,0.5775529777161369,0.638963223242569,-0.07701597726275203
8,882830803dfffff,15.897315130001989,0.5571432852844124,0.4469586528120741,0.5684956190751267,0.6279023001531315,0.5998974998989723,-0.06247398510775726
8,8828309457fffff,18.062960056486837,0.668558044875974,0.38370051994774357,0.6289359083480033,0.6612382279525757,0.5358211591674391,-0.01240253458626069
8,882830803bfffff,16.987162335292016,0.5447133224413411,0.5470590101851632,0.5258840642718222,0.550023659948494,0.663206657396409,0.010450336840911763
8,88283091d7fffff,16.24785777034143,0.5439391154761222,0.4386269527316643,0.5744894750601144,0.5305060471659268,0.5448258469165707,0.07935900573565284
8,8828308449fffff,17.64646243621311,0.6353178029941859,0.4413817431895759,0.7392361073909974,0.5366878135308396,0.6243500850373755,0.04576176803392163
8,882830844dfffff,17.379329838465267,0.6480762468102864,0.46438376006989995,0.6821807177422199,0.5550760420674512,0.5740975968939386,-0.0142247048411536
8,8828309401fffff,17.64921071091443,0.6207879285129261,0.3887407051521111,0.5603810921858037,0.4808354611407734,0.5705499934038789,0.04053552679269784
8,88283090adfffff,16.96089390224387,0.6688826207889467,0.5004825806726747,0.6038158702098547,0.5162377023915229,0.6269628005668881,-0.015796814510174437
8,882830945dfffff,19.42267768570637,0.5187766941083444,0.4840159450507319,0.6003895069271524,0.566884989002464,0.6210441443764235,0.04559330424691749
8,88283081d9fffff,17.706332482454226,0.49259092376193847,0.379616485303541,0.6454913941312045,0.62256378531197,0.5629169288108522,0.03586443301286712
8,8828309405fffff,17.510671246545964,0.5926396914894159,0.4115602230750943,0.5033229727208981,0.5528594366057061,0.5797825751319513,0.047476362727952644
8,8828309419fffff,17.66666869296988,0.5859608110080571,0.43626505117868025,0.5889901841305537,0.5977383785755112,0.5737480175057331,-0.028721657991238672
8,8828308039fffff,16.24805788063042,0.5038954407259972,0.5690528439959768,0.6395479608555448,0.5805256087228583,0.6107968960592548,0.053918747282060205
8,882830844bfffff,17.03844595997139,0.5812290236332609,0.5087815223647795,0.5263429144247357,0.5126877290454119,0.6442972722038209,0.011815330924305863
8,88283081ddfffff,18.042194934573043,0.6696497132366955,0.4616010594304498,0.5599442432556628,0.6078036353616787,0.524077488782879,-0.034238430446967436
8,8828309195fffff,18.191297187508557,0.572457495780839,0.5036137153696189,0.5658927136107861,0.6756981012972959,0.5737814681660419,-0.003953121447812762
8,8828308713fffff,17.341620556737816,0.5957910577737441,0.47942464962701276,0.6460289428965736,0.571950088274421,0.6496383939856586,0.06533836798243955
8,882830940bfffff,17.894603655878104,0.5957249091142344,0.42642964191634236,0.5807446086614323,0.5403354310770732,0.5313823334602193,-0.023931209420691588
8,8828308017fffff,17.86668427254407,0.6922335043466733,0.4853242430137276,0.49517857066206855,0.559119045535398,0.5693396873451668,-0.012744883087883968
8,8828309451fffff,18.816128071809274,0.5698133964365991,0.4927849599818848,0.6729114610210722,0.5806846397940225,0.6315925315955694,0.02903916223378874
8,88283090a1fffff,17.543564554697028,0.5964708527408379,0.37742139022680476,0.6573753290862105,0.6360393766053792,0.5937645704488186,-0.009407458900852417
8,882830862dfffff,19.379336637796985,0.5786822351423991,0.44766181922527876,0.5916787472536386,0.5909123533091768,0.7124650473537832,0.007342945318220364
8,8828309443fffff,19.279445159030825,0.571349059757829,0.43556114554065767,0.7015654973732908,0.6063181229441084,0.6112960797628892,0.06471847125585058
8,882830862bfffff,19.24403048597988,0.6223562327938087,0.4958588720592232,0.5490635777485252,0.5576919416336547,0.632639948313967,-0.004265120911462418
8,882830871bfffff,17.85573065419358,0.5696857739641773,0.5435943645141829,0.6139525205036601,0.5096285864046903,0.7310955751000925,0.03043887167222826
8,8828308037fffff,17.131708773361094,0.5584726522140873,0.4797809287854483,0.5486991502708363,0.6163224371688847,0.5469100006243935,0.01863637339519012
8,88283080e5fffff,17.62576864119708,0.6020825648466608,0.503804712356868,0.6044789943637812,0.5252826101655315,0.6295743731671881,-0.015164123150966002
8,88283081cbfffff,17.50218250153664,0.609437548371689,0.36179379518064264,0.5523076488546892,0.5071245021032983,0.6488181967059764,-0.04677204003018122
8,8828308249fffff,17.477914097296946,0.5804667095485548,0.45001811837636446,0.5929441056617557,0.4884269923841287,0.5360719262538753,-0.014678647259654565
8,8828309415fffff,16.3071812636442,0.5666194934239964,0.35002781676399297,0.49056735754479447,0.6110758272121183,0.542994087121724,0.01312142144926574
8,8828308441fffff,16.61848406630978,0.5113332234060413,0.4464605814447604,0.607456028079231,0.49513736869443503,0.6316614732379575,-0.0439159624651772
8,88283080e1fffff,17.7861633396143,0.5680500132194727,0.6081436670558831,0.6577418596516533,0.6117246258340495,0.6027968931395431,-0.020762210816681965
8,8828309439fffff,16.211856185457478,0.5077421582358774,0.3494307560165642,0.5591148988967931,0.585474053183069,0.5579851205312555,0.0055554749231374835
8,8828309447fffff,18.790703788813044,0.5708189376759103,0.4628640665414442,0.6335748532240133,0.6685427651202209,0.6280849044529798,0.06514073822550902
8,8828308031fffff,16.517858987972147,0.5581735833193519,0.415828799586196,0.6510784790177679,0.6555919506137,0.6605527629575276,0.01576409340600376
8,8828309453fffff,18.12329876905229,0.7355046492533983,0.4402451498741379,0.4851644743741895,0.582144162565526,0.5810659593726771,-0.02569353913961846
8,8828308035fffff,16.510323567580336,0.5925262773751366,0.40197621400215466,0.6108303148734662,0.6088801381727464,0.5631909787832601,0.03671421259022029
8,88283091d3fffff,16.281927103060813,0.6379721510116266,0.41063752825207295,0.5705593443849436,0.5100933110451656,0.5561525904957341,-0.09570507151235472
8,88283090a5fffff,17.093012524628033,0.6240162837438848,0.40613211582657555,0.632893297880474,0.537872819509764,0.6090404391251494,-0.10059077228102803
8,8828308719fffff,18.041003763342452,0.6597150907813634,0.38881699889326177,0.6549059857005732,0.643041750332025,0.6206961555893785,-0.0643780337665623
8,88283081dbfffff,17.923647429044735,0.5766610415621951,0.4504754131867054,0.6340308826698129,0.5991321993631742,0.5492991478434122,-0.00254161878429569
8,8828309193fffff,18.308401625042315,0.7092484228539941,0.3221786326407976,0.5253309393502222,0.5288956818543402,0.5766337458650646,0.05822002310946368
8,8828308627fffff,18.307019917020995,0.546533303520862,0.4732566020419016,0.742230266381369,0.6773249718858475,0.5931305639921014,-0.009389223823475387
8,8828308241fffff,17.644938215341856,0.5590554214256069,0.3769830553560525,0.5619037987011545,0.5439572466340146,0.6376797690005713,-0.03628386957999674
8,8828309199fffff,16.92003061878468,0.5480804757586728,0.3405816887896659,0.6227813919112439,0.6512686760890263,0.5537820847286383,0.04453388445279154
8,8828308625fffff,18.673587691041945,0.5214254263030804,0.42148350531248163,0.6255173529445978,0.567553108781508,0.6695583567948832,0.003554875050173808
8,882830919bfffff,17.61578430273182,0.5268386377883532,0.3306999015274631,0.5679459187469659,0.6296095257740085,0.4968274577374586,-0.06684649405614883
8,8828308753fffff,18.49704369305904,0.5421339211007893,0.49550501591744894,0.6697171719470536,0.5995744252379184,0.5647250321118951,0.012245232141358734
8,88283081d1fffff,18.562523141189402,0.5962580156907054,0.4121529591473248,0.5872351933778647,0.5940956998970168,0.5870607365345064,0.007860335321668237
8,8828308635fffff,17.835558197866664,0.5781921280940234,0.43089792394542376,0.6170837652952028,0.5993809608396506,0.6920800837796393,-0.09432640808586248
8,8828308623fffff,18.549471758122703,0.513445385545011,0.4491354669638022,0.6309573668073891,0.6322600866326429,0.706400166286336,-0.018201425534261923
8,8828308711fffff,17.77361461929249,0.6295337378049392,0.3897087481578321,0.565394541084761,0.5482804481165459,0.5651661587886777,-0.062259687838325584
8,88283090a7fffff,17.669569574535945,0.6013698865499867,0.27680724365741616,0.5384472857090052,0.5700737179809271,0.6071127306956268,-0.09698502234371377
8,8828308245fffff,18.409536055775465,0.6221562090437297,0.4063246443957887,0.5334053066255481,0.6136979870701327,0.5106335005418743,0.009371348970478739
8,88283090a3fffff,17.81479305749821,0.53179280855173,0.41560592981117234,0.5636805220837992,0.5993572733990526,0.5080265840049424,-0.021308226955067944
8,8828308033fffff,17.23626575472206,0.6065191756192111,0.4989761113260757,0.6840857330565697,0.6469627423006491,0.6860783910189353,-0.036835857958125155
8,8828308269fffff,19.029133289400022,0.5652685540829234,0.33245230333618936,0.5540539247378398,0.612645787198528,0.575007630540103,-0.06199422000120052
8,8828309191fffff,17.8849853012012,0.5433379422288581,0.38010945800132917,0.5320940087715329,0.5562759891951958,0.598406589071423,-0.02304853961066172
8,8828309409fffff,18.533555226239077,0.5858939371379536,0.47260957668582215,0.6310730302735628,0.5988859944059765,0.6127100790405784,0.028264371720074857
8,8828309455fffff,18.84837923316205,0.5787250764582981,0.41304458988648984,0.6201813707060437,0.5810435166217524,0.6558551257338013,-0.047162397271855824
8,8828309407fffff,16.858440675764633,0.6256316135801704,0.38709025609837944,0.5842338473888269,0.6282719628686726,0.5086351197745353,0.07528324493567576
8,8828308621fffff,19.23673695632915,0.5727395078441179,0.5207626013651707,0.7040267492398142,0.7031748806068427,0.7473053154068948,-0.026013474176364064
8,88283080edfffff,17.51879847748478,0.6049543421876534,0.503229896770224,0.6606042439772392,0.5479610003574297,0.7294877440138422,0.036246124359295515
8,882830824dfffff,17.826665817055527,0.5691755383267385,0.3834123523744781,0.6129855422884483,0.5625559772383699,0.4829636975255802,0.07596608075481874
8,882830863dfffff,18.519667761470345,0.5727897197387266,0.4485502485202734,0.6491946328391337,0.5824665246821799,0.7172413151326876,0.021404284352762475
8,8828308445fffff,16.643120885214906,0.5671233462552604,0.4696800825940913,0.6440490596341811,0.5196834253882965,0.49678190900274954,0.06463536774865322
8,8828308629fffff,19.74218111325251,0.5943043637621602,0.42925996310152725,0.5195274774404647,0.5922040137127852,0.722077378514108,-0.08268690517475448
9,88283080e9fffff,18.995144879240524,0.6853809893579543,0.47982318841976845,0.4511667930489231,0.5901058553423117,0.5367387427287071,0.05774310982893444
9,88283080e7fffff,18.429339044438514,0.6837253697334169,0.4817861815851641,0.5415010676900786,0.5878427890047717,0.48230373613285155,0.002508153079005967
9,882830941dfffff,18.27166548516381,0.6034311113502407,0.35430773124744874,0.41981565888220995,0.600261267325565,0.5475064515701842,0.06371630200602368
9,882830919dfffff,18.259129926075595,0.6875676773602035,0.36123385415129067,0.44506825782605614,0.5810502674817045,0.4994729250032003,0.11058441922503628
9,8828309197fffff,19.19245618731948,0.6325677835668552,0.3001997829204234,0.5462300504073475,0.5080213690311816,0.5605768963559565,0.013129957721472109
9,882830940dfffff,18.788327385504186,0.6208742543146939,0.357841367905419,0.4346117723401289,0.5211502646799302,0.6211740791209303,0.1291566352314784
9,8828309403fffff,18.103670274587554,0.7144234180195232,0.3944035524384667,0.46278404637592363,0.5038898797712241,0.5383642754779174,0.09808513783894654
9,8828308015fffff,18.21940869100479,0.6392526602353586,0.5290500827067413,0.40593274463681417,0.5724050010024535,0.5541712470583845,0.0420320542720511
9,8828309411fffff,18.159280925654798,0.5569845004377255,0.3085227558460007,0.4715758981066952,0.43486314064356685,0.5405208170905612,0.06269721390167995
9,882830803dfffff,17.465175671364708,0.783394258485776,0.40623953719635136,0.43673233529269523,0.544518555510792,0.5171628602249905,0.05333509177608162
9,8828309457fffff,18.87287170566903,0.6016690736318839,0.2767432537951222,0.5121938820775113,0.45100141292021145,0.5383683944578324,0.017680272522463736
9,882830803bfffff,18.163348581906533,0.6940498521675353,0.5376614116275631,0.47274324992835604,0.4781880273508649,0.5817965746446524,0.13194571236962932
9,88283091d7fffff,17.68797644794126,0.6554616144649604,0.35264151760373225,0.46126158900374525,0.5420644377486904,0.6401770942580126,0.06997025132509752
9,8828308449fffff,18.48191377261503,0.666100534482963,0.5135786787940586,0.531495740967017,0.5736154159161039,0.5762931034719317,0.21986971935836594
9,882830844dfffff,18.419012094703987,0.6816502063131661,0.38995794210539275,0.5209061789774515,0.5849482290700745,0.5598147956700359,0.13239694542856323
9,8828309401fffff,18.56813874941519,0.7172162902832356,0.3678205013476243,0.4802659837149586,0.5354070613269784,0.5866599959026685,0.08590564270064006
9,88283090adfffff,18.110929835576595,0.6576786175082069,0.3976349558052166,0.47626015032911406,0.5198131435230426,0.5074051850393833,0.00023308651560129123
9,882830945dfffff,19.70297938606291,0.617735319688546,0.42814825043752724,0.5428690061911972,0.4811454759965741,0.5703492311461305,0.021544892205289795
9,88283081d9fffff,18.613332458945596,0.6705930027837952,0.5056836408207358,0.48686098549047246,0.533531406115868,0.5809870919338894,0.0003221100734204542
9,8828309405fffff,18.42691719164339,0.7800377935644273,0.34785135786708776,0.504883065903223,0.5286900246117889,0.5773456344082626,0.016813075132577127
9,8828309419fffff,18.566815270630315,0.6859985288067435,0.36218269246406826,0.5196970066751436,0.5526923217766224,0.5214726845633488,0.03665565799361376
9,8828308039fffff,17.658656302992064,0.7336721551207722,0.450155126340259,0.5110889546207911,0.5960360974830182,0.5674322052671341,0.05798368426579732
9,882830844bfffff,18.2139481152701,0.608986473315119,0.45751192095816934,0.5328753788019713,0.5323601027205773,0.5322503616681835,0.11061221212338793
9,88283081ddfffff,18.792610246557373,0.5448109928405728,0.5420299699773179,0.46208542017878634,0.5111333137472202,0.5181982802225547,0.0909071549998683
9,8828309195fffff,18.81565283530946,0.7339590987149565,0.39317934766883755,0.5082898641298506,0.4224462846156156,0.5252509054485822,0.09505754366898264
9,8828308713fffff,18.29544197321538,0.7018902817156903,0.5312441438423348,0.4447282647413603,0.4937975748117544,0.5488160784075444,0.13459007768135517
9,882830940bfffff,18.68001047897891,0.6923832490100432,0.3797096633997662,0.4976156348497712,0.507891009181002,0.5205393157751629,0.06042430458669764
9,8828308017fffff,18.704395641908114,0.6521508360666777,0.5473137809779232,0.5135355978003608,0.5399366319285753,0.608790545875125,0.12293410001562957
9,8828309451fffff,19.16951386691542,0.6410740499499724,0.27604083220162384,0.5283942772623946,0.5325222870371502,0.57043332794914,0.005971979448007789
9,88283090a1fffff,18.519144428861676,0.6986039316294105,0.29757411422024993,0.5140880903147377,0.6169266111131423,0.584245154329189,0.04469307488766142
9,882830862dfffff,19.566871790208946,0.6945086179366837,0.49880632601679087,0.513683252514812,0.5008404611178939,0.6816852142665646,0.007846231600453932
9,8828309443fffff,19.649446884460318,0.6548202772537779,0.33412449428944807,0.4692952295093807,0.4320188751486174,0.5503831173110966,0.014734009406880185
9,882830862bfffff,19.512864140893146,0.6785573923595851,0.5525230752047515,0.4341360367110496,0.5220415643257188,0.5630924964658445,0.06683151022685055
9,882830871bfffff,18.762191565795025,0.6452467944127108,0.5419627556765012,0.4959680328923494,0.5819175075210622,0.554592852059771,0.01971181956119277
9,8828308037fffff,18.28517450914469,0.7173189833037144,0.5434996367877243,0.554961032502417,0.5222513502104157,0.46605420074372655,0.007593978503502633
9,88283080e5fffff,18.517389073982894,0.69589701074885,0.48860271144861595,0.4646255702796354,0.609179821537105,0.594511195220874,0.016951441161356093
9,88283081cbfffff,18.371398396053205,0.644951893927791,0.4027967612748532,0.46489535190970477,0.450794740658804,0.5361651708389509,0.06794188004057233
9,8828308249fffff,18.45884053026421,0.639064675920229,0.29098707201097157,0.4744066438143819,0.47806276822083305,0.5944242822424792,0.0008954670561497
9,8828309415fffff,17.772886018863904,0.7169147753720252,0.3090906815133729,0.5331239071110394,0.5653451634127207,0.5424706038202765,0.1126666887488238
9,8828308441fffff,17.972334502048952,0.6326005404282964,0.4003225494395224,0.5056932878589201,0.5390424842195746,0.5877940484027188,0.16677451726619136
9,88283080e1fffff,18.611090035353403,0.735989290258674,0.5020445093092237,0.47701640821399766,0.5517893467456213,0.527944784201602,0.06222541093437633
9,8828309439fffff,17.694624316458416,0.6297020466439573,0.34288400469309605,0.4942988392528738,0.5289090022152909,0.5297359759101757,0.05110860326525479
9,8828309447fffff,19.352851317755817,0.6113758123603041,0.3933800713148875,0.3777788774977742,0.5191483384047927,0.6210138023029694,0.0287485201985098
9,8828308031fffff,17.897593591982893,0.6604204662375341,0.5114411697468487,0.5387400860824383,0.3835281695297558,0.5538977004596592,-0.03366248000029966
9,8828309453fffff,18.787788421937428,0.6425632179642645,0.42255112232843306,0.5210993434885092,0.512903514309664,0.5363038440295258,0.03566721555157495
9,8828308035fffff,17.936020806888944,0.6852054222356228,0.4327951057625321,0.5437079766967808,0.5902747962103332,0.5093117078407939,0.12041036423152165
9,88283091d3fffff,17.73443987932806,0.6657080529635605,0.5500927525420098,0.5015885420628517,0.557355277618711,0.5092815479522821,0.08851701065660454
9,88283090a5fffff,18.218223812499225,0.7133424446430023,0.4214033328763129,0.484809345167358,0.6056942694909334,0.49326592718753226,0.13412159527576784
9,8828308719fffff,18.888249212484467,0.6299119263937518,0.4368947949125401,0.4717531621570163,0.5620806868320913,0.5932701482403041,0.15113587520868516
9,88283081dbfffff,18.681890569186283,0.5880302613592604,0.3932169533776201,0.49229796196071635,0.5774715953042252,0.5327122161079172,-0.010392217945240582
9,8828309193fffff,18.79148697057446,0.6184213764221017,0.35155054644085715,0.4831637263208275,0.5271825073925747,0.6452653099695029,0.10784768218368494
9,8828308627fffff,18.88085698127818,0.5923972766354806,0.5027794224894742,0.3988739160669492,0.5123616542994646,0.6756389122305413,0.04336567827386314
9,8828308241fffff,18.52691435558286,0.6895984115056341,0.2689964424767641,0.5105744144358891,0.4691771111102636,0.46819634025272877,0.03968630973002579
9,8828309199fffff,18.187504026986602,0.5983490797343112,0.32575271728045113,0.47111182874420304,0.4260786993998929,0.47152625094083606,0.000838741396583409
9,8828308625fffff,19.203508151358697,0.6008117970206813,0.4316965716248559,0.5372329071947983,0.49892370301839184,0.5880794039737071,0.046737111419670116
9,882830919bfffff,18.488912151522022,0.6384436076061868,0.3232599500263539,0.4671562113734404,0.5916200482574289,0.46268285157710753,0.003231727976064136
9,8828308753fffff,19.174197322003497,0.6384488333423316,0.4710644025775731,0.4703998794469825,0.572217072064369,0.5555438635082579,0.07564440943420205
9,88283081d1fffff,19.090521283784845,0.6025694416112771,0.36757925876443676,0.5398940323724598,0.5287345810261221,0.5290181292202,-0.02661310808637988
9,8828308635fffff,18.764260790132536,0.7079361928180963,0.48796006428138966,0.4168269818697509,0.6013962286538669,0.6044873880369643,0.08971501957421198
9,8828308623fffff,19.02213948019749,0.5412404177545364,0.5173791589946466,0.4993817522114725,0.5587947803135321,0.5488752764659167,0.04219298926387591
9,8828308711fffff,18.56696620670409,0.6894871678800443,0.3422296015140766,0.417407354418913,0.5513183953865567,0.4611285971504673,-0.014166742993216415
9,88283090a7fffff,18.437502258891172,0.6539962254972504,0.3604699755989782,0.5575414343915954,0.49221016856578836,0.5833356398880859,0.015907710655024887
9,8828308245fffff,19.021221670700786,0.6401239419453999,0.23805066582117354,0.5199401478497939,0.5387789767269525,0.4952569006684352,0.07336923436945886
9,88283090a3fffff,18.713722077079193,0.7453612173241096,0.33749985878678473,0.5111828051017039,0.4953250818019815,0.5135619593074244,-0.008583931099078068
9,8828308033fffff,18.31856745705425,0.6725261102644878,0.4136093510601311,0.4777783417454273,0.5168404663596928,0.6255635718499091,0.08463819903628989
9,8828308269fffff,19.425458081997547,0.673404774489373,0.3183803458392969,0.47369579897135144,0.5444045061330829,0.43015314631019225,0.05715268075003652
9,8828309191fffff,18.74238380294064,0.678422099883323,0.3026247428843848,0.5372229023277967,0.4792487870807925,0.599084422299204,0.01677709062545707
9,8828309409fffff,19.132048002662675,0.6700008498375787,0.44910449075992753,0.5888493635609655,0.515011268916572,0.5104192114274332,0.06453586918047771
9,8828309455fffff,19.296860230287795,0.6290641313818244,0.4282838603410933,0.5745214706487604,0.508319564485538,0.5809426427437907,-0.051438546438383394
9,8828309407fffff,18.107028460939425,0.6830593098124205,0.3663028939891065,0.48072759082120475,0.5915946103829683,0.5283211818446057,0.07281745540919027
9,8828308621fffff,19.467655796678482,0.6034976259719654,0.5890289534882944,0.3900676427203811,0.5493258414008865,0.5795438625250011,0.08760416943733558
9,88283080edfffff,18.413373860030266,0.6674615969751824,0.44266929805963806,0.4452270396623821,0.6003130937813667,0.5516356212598658,-0.0511429980936919
9,882830824dfffff,18.703127213801547,0.7212880314108904,0.3694772353852977,0.4785048366815086,0.5331273666002448,0.5934327890323475,0.0824484253626506
9,882830863dfffff,19.107162174669238,0.7071592270966116,0.5590913074798516,0.4842210805845037,0.5717185424817458,0.628008321983633,0.0930695118011807
9,8828308445fffff,17.902518941125464,0.6968632685097136,0.4740983817508521,0.44043732342451725,0.5660197922072353,0.5774696388798367,0.1297933460617647
9,8828308629fffff,19.70381000389093,0.7073470632735777,0.48010380399838554,0.5064322772472472,0.6111828766429069,0.6517297258413624,0.07077586245695872
10,88283080e9fffff,19.993274789683948,0.8059081344437149,0.4398441585652287,0.35846897427743607,0.47229447888125475,0.5170604563415728,-0.01225907918897389
10,88283080e7fffff,19.996218660266326,0.7656943953262635,0.5361736058162253,0.35896658098824336,0.46559328515317,0.4445553277235331,-0.05710623505550484
10,882830941dfffff,20.073494020398154,0.6581836638736882,0.40887767570937134,0.43430378020797383,0.5462993355045584,0.4394176838183024,-0.0359280463520555
10,882830919dfffff,19.938089387332873,0.653006641138708,0.4381192981063267,0.4478354305540486,0.5051158782174096,0.4870027540338728,-0.020217596126653057
10,8828309197fffff,20.015101814782348,0.6852518606160883,0.3837304896978844,0.4449154506279021,0.5358880550786658,0.5424736793916325,0.06582868004810773
10,882830940dfffff,19.954101745621447,0.6878196194841707,0.4370010196977199,0.40097609318627886,0.45204323824968096,0.5975822245603714,-0.012401879931846093
10,8828309403fffff,20.023169826997773,0.7372959876477557,0.34342393633338725,0.3992401404187108,0.6285111199141296,0.547918029260967,0.1162868595696785
10,8828308015fffff,19.947257183082318,0.7990918752846807,0.3984727745495516,0.46049951203799544,0.49510282596009964,0.5372306303473013,0.022492034255042672
10,8828309411fffff,20.009660324254302,0.7232535587566433,0.37999808731212587,0.3973989802548752,0.5651025262446862,0.4661577110625475,0.07633837892900384
10,882830803dfffff,19.954223447988873,0.797088700685254,0.4609504712275748,0.3515316294914056,0.5415655839454848,0.4976611916638109,0.005545675597031694
10,8828309457fffff,19.939829438805248,0.7878723086179267,0.3774842049188271,0.5258079537044802,0.5396104406731979,0.5057113404055776,0.04762509170436074
10,882830803bfffff,19.93860464704503,0.7262241949323177,0.5032573033340422,0.39384935851641484,0.44754934254161427,0.4391791854697257,0.07840947615621607
10,88283091d7fffff,19.956472559276413,0.7443380899754264,0.47311354180411763,0.3610399095818731,0.5478599350513079,0.48543677433216625,0.0678970279964329
10,8828308449fffff,20.029016632380078,0.6133351598975448,0.5031475556330711,0.2519611621512008,0.5153719480757928,0.4316778829402273,-0.054563495452460115
10,882830844dfffff,19.9429674263294,0.6694834923121383,0.4487410564394858,0.287932231216769,0.5312889964912848,0.6044482732394237,-0.041889608094675214
10,8828309401fffff,19.97339959635944,0.6215499910575708,0.42862899901698076,0.39557080695303776,0.5708836200458743,0.48290572952825317,0.08221692572056817
10,88283090adfffff,19.949980824705953,0.636559775433801,0.4228059122467936,0.3839753720233229,0.48561626298097116,0.4949157942848722,-0.00939414189141739
10,882830945dfffff,20.03433862336886,0.6271084668782183,0.549565555108988,0.2981284489563198,0.5471380518024878,0.5192357323755992,0.01477341265004146
10,88283081d9fffff,20.00727260529519,0.5837406103787052,0.462930847007072,0.3665144232188287,0.6149740899603072,0.5340841804414465,0.09492270673672595
10,8828309405fffff,20.038815635018747,0.709182543185853,0.3515622661196554,0.45537742458415453,0.5355504662077307,0.4852734325545308,-0.009713691561636883
10,8828309419fffff,19.967209037708013,0.5834468682097635,0.39627298190319765,0.4054434438550306,0.5085795276846401,0.5902474624298064,0.05061870033766626
10,8828308039fffff,20.001368739996455,0.7488656993913144,0.463469920960096,0.42076020297764677,0.521722292286731,0.5075573488797017,0.06006009890207121
10,882830844bfffff,19.96305814668455,0.6870220586586838,0.47531770421485553,0.28110931952415946,0.5505200294021892,0.5315161627880539,-0.03456796011439221
10,88283081ddfffff,20.122869165790608,0.6290198600257298,0.4548085795958065,0.31160511679928016,0.5248173792630528,0.5329370742871301,-0.03442723485867295
10,8828309195fffff,20.02524086084187,0.7744636739811911,0.3178455777219445,0.4531123319503546,0.43467386712888473,0.529340897051586,0.03140535763292826
10,8828308713fffff,20.055173919314186,0.711181292638303,0.4349326373936866,0.4381603464879687,0.497594426784063,0.5186398084695291,-0.030320002911548554
10,882830940bfffff,19.983823452252786,0.7041697504302391,0.3624453038535687,0.5574781820270018,0.5515512295375574,0.6029100004228019,-0.05799257754210919
10,8828308017fffff,20.071295215976885,0.6751778677817829,0.5179538596989878,0.40067671387318754,0.5009074640377147,0.46929061279610074,0.020802128311353505
10,8828309451fffff,19.98455248024705,0.6007274404695645,0.4500119855535966,0.3899104325979546,0.5469751952804904,0.47789565979120213,-0.015004040677343232
10,88283090a1fffff,20.001375104211142,0.6924963864169963,0.3844463291567065,0.3646593194266662,0.5181328701493289,0.5180003972270013,-0.010543606827636163
10,882830862dfffff,20.071101881711737,0.681582298005361,0.47781618460048936,0.35000458111982774,0.5385653510899434,0.564858178729897,0.052216741928842465
10,8828309443fffff,19.95251849183968,0.6671284316755821,0.5108438089331434,0.3915949887526925,0.5807469614007634,0.5980636882877308,-0.10042914815235571
10,882830862bfffff,19.995438865927795,0.7005055628721307,0.5384343643880153,0.37775066189137596,0.5133143089198159,0.5582002428154836,0.02790117818441767
10,882830871bfffff,19.965066988117254,0.5825500306735168,0.491837204635764,0.4192624442110915,0.5619175123078534,0.40261657201704526,-0.03004072341911337
10,8828308037fffff,20.04869415748483,0.6941181126618985,0.5212117144745186,0.28102585057638113,0.5282627988268462,0.5656766744311276,-0.006603462674153419
10,88283080e5fffff,20.029580219327677,0.7172501413129609,0.46447669515030576,0.28812240442370807,0.4426097613125004,0.4820471635645941,0.026952191099498906
10,88283081cbfffff,20.050544145083563,0.6154600121939532,0.37733795888540217,0.28556351205755126,0.4545519891603189,0.5594052766999695,-0.01513366216208315
10,8828308249fffff,19.940472783633663,0.6955501686582137,0.2838307471063138,0.4772911836299267,0.5044141078844161,0.5233686043901791,-0.013770194952924935
10,8828309415fffff,20.116376912630173,0.7219969499771268,0.34677977107964586,0.41319966757947446,0.48092993134268147,0.5321492903629689,-0.038297160583478124
10,8828308441fffff,19.964842217072693,0.6472598323507376,0.4114263930346681,0.3956922078920141,0.4535384840639072,0.5002740492541528,0.05692179973486816
10,88283080e1fffff,19.98940873692143,0.7656328577614595,0.3708993702579573,0.321034021030749,0.503231914240387,0.4852947949990284,-0.022570084484980043
10,8828309439fffff,19.960623997133904,0.6541209960058406,0.2394451089390668,0.48247584962281803,0.5731340923064414,0.5465222313165214,0.014081006103518385
10,8828309447fffff,19.997393396974953,0.7041290276889867,0.33439987450981046,0.4027590108842286,0.5324015869339257,0.5044360091420247,0.040747310759273125
10,8828308031fffff,19.962498077875956,0.7277675256948257,0.4481499655098803,0.3122675567595342,0.5959655409171829,0.47129702547709673,0.014342319243610398
10,8828309453fffff,19.998023391148088,0.7958995448679811,0.37680168350335197,0.38659134936069606,0.4876021911642226,0.45910705840353355,-0.054138860792171735
10,8828308035fffff,19.966021543510948,0.7337722892038385,0.4100234370645708,0.2879195094739241,0.4916229022871029,0.45491219587961274,-0.02461351363644512
10,88283091d3fffff,20.020482689026405,0.7413293563815951,0.40515189686026,0.30580945146008204,0.48322195365288595,0.4233778448765559,0.03308660649260092
10,88283090a5fffff,20.031669228232147,0.7688109262974401,0.39666949492946163,0.3708065161231422,0.6027272404173507,0.4591614571891142,-0.003916374960295123
10,8828308719fffff,19.949707439859978,0.6731698217066812,0.5186986432353018,0.25960602831130003,0.6093912978795689,0.6164708426910865,0.07465865547610946
10,88283081dbfffff,19.969600989211507,0.6722260813963433,0.3780381418097234,0.35772764155910536,0.5384871708833608,0.467460615546431,0.05026363255281573
10,8828309193fffff,20.042617940090345,0.7114405692272827,0.3059221933198303,0.45080747844748026,0.4722915516065716,0.5291439022479107,-0.05259140199186433
10,8828308627fffff,19.94386616970008,0.6923680528768879,0.5416134533091846,0.39689388545122295,0.5578030835252713,0.42386999389186497,0.09430298402226722
10,8828308241fffff,19.97914134478733,0.7472692606898086,0.31462090898012224,0.3884251154698346,0.513656444174758,0.5676183516095256,0.0012633430050755943
10,8828309199fffff,19.915464972753885,0.7169897882258077,0.41242453754352804,0.4235643039687065,0.5340185782367782,0.5152506073101918,0.06549090071025705
10,8828308625fffff,20.058962643539033,0.7046888004780425,0.4356528297729399,0.36931358871126335,0.5064778687052937,0.4168763036997295,-0.06853787409318508
10,882830919bfffff,20.102967401830888,0.7285878080924839,0.3456699997161702,0.4245779267115855,0.49253833105059697,0.5747554030402459,0.07772675420873672
10,8828308753fffff,19.96294389292281,0.692176523996633,0.4114294225406058,0.38928167462215285,0.5659972065806387,0.5031745142949455,-0.04851577090937563
10,88283081d1fffff,20.147523324896042,0.6798725042161435,0.4624297913251819,0.3158088856428745,0.4843778839958472,0.5239999160499453,-0.03441766754059672
10,8828308635fffff,19.94743232976969,0.6766639224379943,0.45516113844931017,0.39335225062415613,0.468117050664617,0.5741796051858414,-0.1393076734908777
10,8828308623fffff,20.02457267843333,0.6888748096138321,0.42288140611471164,0.37675238045391646,0.41698350605722195,0.5499425106617499,-0.06640998828694238
10,8828308711fffff,20.033940993934472,0.68440995603559,0.4147959526843542,0.3935949384636279,0.5398348625913196,0.4923586581203456,0.025629311048446287
10,88283090a7fffff,19.99528226256036,0.615461330832868,0.401653198155117,0.3817952869616047,0.49820471731886207,0.5012722368609881,0.08320707944276969
10,8828308245fffff,19.973048712001184,0.7036210766890447,0.2979753967902466,0.45044187528876367,0.5027760240412763,0.46450062577028767,0.04597890546508472
10,88283090a3fffff,19.986050719084055,0.7050922722332226,0.4204484738413161,0.5110623160008053,0.46325559853088905,0.5114802600349106,0.11787099593430486
10,8828308033fffff,19.953192850848055,0.6195885792477767,0.4534545076358605,0.2900116429396037,0.5190767762193145,0.5517361246490182,-0.0496989548157447
10,8828308269fffff,19.96744960833483,0.7565149438995415,0.3226920070453673,0.455971778044222,0.49495762294676665,0.41991490124091885,0.04488983435205787
10,8828309191fffff,19.97795170142182,0.7317372157027491,0.3798398066103572,0.4529286634166298,0.430485706419082,0.5079517397260012,-0.04564141871073244
10,8828309409fffff,20.01889029782836,0.7411510427238007,0.4433683664036847,0.42674115407001983,0.48744175131456363,0.5238524373335075,-0.04304770060543643
10,8828309455fffff,19.890064878826827,0.6391939746401428,0.394491999476355,0.39145049537518206,0.5102354982930656,0.4672190192921661,-0.056914588613976705
10,8828309407fffff,19.989659914716018,0.7090428448526516,0.35222123825373935,0.39076556705806254,0.4589268915825229,0.5307099599412402,-0.047491618749285494
10,8828308621fffff,19.917175028244944,0.6694044643640656,0.5643586444971812,0.2724246203895681,0.5078359084167731,0.423215574042261,0.03410166225360041
10,88283080edfffff,20.027216917236903,0.6947093178711533,0.4799290343658056,0.35004705242370676,0.42401166658719486,0.582986060651586,0.06663770702021576
10,882830824dfffff,19.930358718931412,0.6401974049747459,0.32757714983077457,0.4183293548772967,0.5668754241227651,0.4818746741207405,0.048744679798961375
10,882830863dfffff,20.048964113585793,0.7331798244005456,0.4873273579532264,0.3289802724590707,0.4960456488470555,0.53778843029002,0.0474364638860479
10,8828308445fffff,19.981867412601584,0.6092593473719562,0.43599337192556453,0.37949879489505506,0.4608104876081744,0.5688867103540393,-0.04300493593121456
10,8828308629fffff,19.96495068092278,0.7046272791633168,0.4650899562931668,0.28251754319704064,0.5610285587477798,0.4875020695496478,0.02119794601053598
11,88283080e9fffff,21.12529437993502,0.6719838583246882,0.46540394739033714,0.4418214450388749,0.5233904659089272,0.4691826782754288,-0.015709281551189842
11,88283080e7fffff,21.537694460941125,0.6215251104765699,0.5364769607697607,0.3851135877774904,0.45294605675622646,0.41988376097606384,0.032105725675851085
11,882830941dfffff,21.72627147556209,0.6978351863577836,0.35875911551276435,0.40182333884859106,0.44948933144355785,0.44680725361217405,-0.05874710934163721
11,882830919dfffff,21.71869668500105,0.6147923402305026,0.42877205260713075,0.35962604744211113,0.4438041876554064,0.5014611610711015,-0.035862308113633966
11,8828309197fffff,20.843204919593127,0.6492523609088516,0.5012112340337769,0.45946357802239207,0.5284483320067166,0.36590002956533285,-0.0356887892406704
11,882830940dfffff,21.218774917723128,0.627966436235626,0.4482532327061151,0.4122315491821753,0.5479219255765975,0.4367249493917614,-0.008714387483972158
11,8828309403fffff,21.92118925561509,0.7537434534518407,0.29770952584503535,0.506543291654897,0.5186753533005601,0.40051120165376847,-0.04829257305536498
11,8828308015fffff,21.824008225519062,0.5753901386598814,0.4707798165903535,0.31680037240029146,0.48727308752747783,0.48266313179638703,-0.0696758140699702
11,8828309411fffff,21.90607321941287,0.7245012439830405,0.4435006010400335,0.3701024695480514,0.567487652069047,0.4135648226538649,-0.07402211660403969
11,882830803dfffff,22.51552289626012,0.7597413546964404,0.5147624641181046,0.4519672708818172,0.5135856803508841,0.48640230278503915,-0.09701808782595223
11,8828309457fffff,21.185542016133635,0.6873331153610476,0.40114051154419034,0.4357533372825042,0.47074156164083947,0.36517433365149266,0.0889246647598665
11,882830803bfffff,21.910076675160635,0.6789752012806597,0.49305027222693837,0.5022855686717725,0.4483066243515437,0.44245163698322215,-0.07072611057923969
11,88283091d7fffff,22.370206223035634,0.612216580793158,0.4692359807716261,0.43047706183048384,0.5321148037131922,0.46055679319457415,-0.053937640716436475
11,8828308449fffff,21.379340105146415,0.5903244573067997,0.4904477762214888,0.2642808564018133,0.4022139018415616,0.40448235518159226,-0.013449313303952798
11,882830844dfffff,21.6340887478208,0.5684143658043891,0.48799387927866744,0.37765918657242303,0.4348906779088329,0.487629189850212,-0.10156891249195345
11,8828309401fffff,21.46090046019707,0.5969222445406633,0.4602231690197792,0.39884144796530274,0.5261529508512137,0.37705577870986284,-0.07157492838182673
11,88283090adfffff,21.90236434717926,0.6153174387793989,0.5475469787630648,0.26767919318651545,0.5197810510592054,0.4066932091529711,-0.09587084689035097
11,882830945dfffff,20.419224397391655,0.6234219538841719,0.45976905205860397,0.3878678421470467,0.43968250579205986,0.48806931361553274,0.027634145626314624
11,88283081d9fffff,21.39106564522083,0.5886936728503696,0.5643273899290107,0.2570108402818341,0.5395655501299507,0.5178297340296468,0.040342997792348234
11,8828309405fffff,21.620120359631102,0.6076389653230662,0.4705225022673998,0.4016292679173465,0.5169536679432805,0.4444796324424344,-0.1093272087354482
11,8828309419fffff,21.457312392048323,0.614642284390899,0.4137449233217771,0.45098705787320553,0.5376314430849573,0.474895478060529,-0.07205302357191391
11,8828308039fffff,22.352807819976793,0.5897603660244448,0.4844457998786332,0.3197919754830419,0.4909275127814944,0.5310880364741455,0.041137032706920526
11,882830844bfffff,21.797501012144455,0.6626520212889447,0.5338026246329244,0.2922964401332411,0.4361118119709579,0.36363086757878993,-0.17382795995011663
11,88283081ddfffff,21.17215642565716,0.6801229025573974,0.5362232479769712,0.4005256283336315,0.3928405854782462,0.4624605222889382,-0.03446482330076755
11,8828309195fffff,21.168301427740083,0.684894310316471,0.3311131036680214,0.43492005287307917,0.5511301988024724,0.43848446157149895,-0.06390540118206564
11,8828308713fffff,21.722243229649138,0.6144288038726059,0.44608869990864936,0.3307073711637151,0.45028583162857716,0.45778486081288455,-0.12839684407672092
11,882830940bfffff,21.31373453453485,0.6471174871450814,0.4049061104388897,0.34235703852658106,0.5742200515591306,0.4170125693847764,-0.05115280149936225
11,8828308017fffff,21.28185851307149,0.5444515784581657,0.4988516201505726,0.36755207553697583,0.4414840166019737,0.5100781162071701,-0.09810344230463408
11,8828309451fffff,20.8472468912351,0.5944841050634265,0.4258270267757361,0.4347500798285623,0.4993402425891014,0.4178013362775796,-0.09359694601979016
11,88283090a1fffff,21.507427089807088,0.6122799764871938,0.38926470067594726,0.32661489757741635,0.4045031829294349,0.46324833727392684,0.02690049412313049
11,882830862dfffff,20.549608761309152,0.6632130889286136,0.5704778774154415,0.4185846282231075,0.5299021004341037,0.41954321926254423,-0.07000474960323347
11,8828309443fffff,20.358704003987558,0.650303132474429,0.4156426562072207,0.3208380153856913,0.47416573491067826,0.35274171274438554,0.06669151987105297
11,882830862bfffff,20.465449185680846,0.639230854285524,0.5119884818745233,0.3721254010888091,0.6048011759286761,0.41781899996571015,0.07260429518879813
11,882830871bfffff,21.31008280805193,0.5758408020033716,0.4746453590202104,0.3650648014927963,0.5501816915748134,0.4059146900334976,-0.1271548858883756
11,8828308037fffff,21.706578461793484,0.4882497189190337,0.4238791939730909,0.37182003741362046,0.5612892537540497,0.4573247371631218,-0.057185618192857376
11,88283080e5fffff,21.474736199162365,0.6031897395648568,0.49471343101317455,0.28294572701539344,0.4858409016634401,0.45432353482654675,-0.047618015031505215
11,88283081cbfffff,21.659588517590628,0.6674646791972645,0.5111942073254188,0.3399979489105622,0.4855851112956986,0.4824556536260681,-0.09451412997414205
11,8828308249fffff,21.449256545478384,0.6379788269131573,0.4912745696569518,0.4647136290924573,0.5050312863485342,0.5331539853784778,-0.0951060805113905
11,8828309415fffff,22.219377886515243,0.81194846601188,0.41251464557820283,0.4558212250489627,0.497600683597641,0.48916064381986474,0.009929428268156265
11,8828308441fffff,22.064078427658274,0.611687258758246,0.5176954922710583,0.3779675049541459,0.43211229363368026,0.4108428104817669,-0.14413014436820645
11,88283080e1fffff,21.35869733677396,0.6654003377288749,0.49879316800227075,0.3601052169535135,0.5418069249997314,0.4428853373718915,-0.02993025734394067
11,8828309439fffff,22.384815596869284,0.7243331580636648,0.34783346725564446,0.4663261577797726,0.5541889728116473,0.5111910846558676,-0.0901687826765495
11,8828309447fffff,20.75383268211666,0.5587050086520489,0.45028827032836066,0.35269572156600854,0.38071213431988854,0.42833331594217633,-0.0571408148848082
11,8828308031fffff,22.112333254741735,0.6797207043788559,0.4800134479417602,0.3718804092331117,0.49982519818061555,0.4285405359022344,0.022523894768899835
11,8828309453fffff,21.24019181049701,0.6569938334932404,0.4021449669630301,0.32130335261621046,0.4237475597085389,0.42662517876752104,-0.0344587060990222
11,8828308035fffff,22.179394843007145,0.594043706981022,0.43226461726765714,0.3834442959503883,0.5286823931185556,0.42988764550116637,-0.12881523167853934
11,88283091d3fffff,22.24165357378163,0.630391703413378,0.49014467022827957,0.37225697508350036,0.5321438813686687,0.43795213814165385,-0.028444973732267863
11,88283090a5fffff,21.785556265059473,0.6425213376929406,0.4083800256824327,0.3401839201956674,0.54761824000707,0.4833030279833693,-0.12944502917637363
11,8828308719fffff,21.274778889501377,0.6624895901460798,0.45211745362323724,0.44302186498461815,0.49076121018310104,0.5190280714039394,-0.05312830511101607
11,88283081dbfffff,21.32119656892597,0.6219474947990498,0.45468520235877224,0.3857215608564284,0.5018968707403227,0.39845572145796493,0.04618424018544922
11,8828309193fffff,21.05523911463532,0.7195335723113568,0.43806892817123433,0.5158480253822483,0.43688072995697325,0.4150627332577546,-0.14248278269003334
11,8828308627fffff,21.023819826657046,0.6886122065458471,0.4776999909551337,0.3557928240448216,0.5200066821522968,0.4248291489099454,-0.1391342725599229
11,8828308241fffff,21.382313866397837,0.7066525093041562,0.4502905365466135,0.46298382376143715,0.5687609597400273,0.515799131994179,0.0174059194868121
11,8828309199fffff,21.944485339077126,0.5767804311575525,0.47956761485455657,0.39512038251669584,0.5285977088752197,0.35417546437277825,-0.004821265799170658
11,8828308625fffff,20.87924152024313,0.635665864757466,0.4261341957187015,0.27305358569853333,0.5147998566712887,0.42609229342146787,-0.14648314403246204
11,882830919bfffff,21.437625035113005,0.6662238047950921,0.46949981250600437,0.472127069172747,0.4388396873389156,0.4694972271998011,0.01077697565270476
11,8828308753fffff,20.887718068321824,0.6916961275052748,0.4987189247929902,0.32465775416404086,0.5276721473069343,0.4237390398297253,-0.058328332134202035
11,88283081d1fffff,20.89739562701985,0.6411075539360312,0.38414272897120466,0.2932211345448047,0.44142535840678593,0.448883589921298,0.06132692529232053
11,8828308635fffff,21.33256685561746,0.6249405230913817,0.523089813044035,0.3528968788446765,0.5078103536663465,0.4267081414062919,-0.017035361034233712
11,8828308623fffff,20.944501832693884,0.6483724567433568,0.5295069040376688,0.33688294679857683,0.5354805004380644,0.4257015548689811,-0.030514657087489433
11,8828308711fffff,21.478688710897046,0.643355351463367,0.4590715045138331,0.4036793622342979,0.4671406674707106,0.4434574855534912,-0.10546895019845967
11,88283090a7fffff,21.570311928203886,0.685453531665755,0.4852159086259789,0.39530994529202246,0.44650398781864675,0.5088836604610372,-0.03047477486905915
11,8828308245fffff,21.02077550424463,0.645251596690166,0.39639842675124104,0.491807936214428,0.4891135367551446,0.40962171819278925,-0.07499233725255636
11,88283090a3fffff,21.392532641681456,0.7174268261222937,0.5060266800097571,0.4786642387583397,0.49999057581063966,0.4185490907442898,-0.14863771464852643
11,8828308033fffff,21.716015243180816,0.699735879906425,0.4681340006063556,0.41366976855757215,0.41914329461800853,0.4575410411043207,-0.053554275111073524
11,8828308269fffff,20.61351752335694,0.6222210387906023,0.4772419640140801,0.46715939568707654,0.47261460477087164,0.3893889225081366,0.01840737285811328
11,8828309191fffff,21.345457340404387,0.6452352259916062,0.468307773326643,0.3879307377739376,0.48081488867690714,0.41743799451735214,-0.02383067347186599
11,8828309409fffff,20.948581706600965,0.5917254911575728,0.4775842410050455,0.3801128006378636,0.5343425247435241,0.2845045255628194,-0.03535955202117987
11,8828309455fffff,20.769950857281433,0.6029114402414566,0.42384515440434595,0.37955994787976305,0.46098970543925744,0.3499924303718569,-0.012773921188762676
11,8828309407fffff,21.92345049902028,0.6725109068998566,0.39331348498043545,0.433995525182377,0.4685211604972837,0.4568298227506311,-0.05586991030988415
11,8828308621fffff,20.54788112269482,0.6852152959861386,0.5621362704892401,0.3124499307306039,0.5287050736187632,0.30241393764585467,-0.020696555229194037
11,88283080edfffff,21.474095129504917,0.6747541041132611,0.5143718894125999,0.3497671153445543,0.5039715937889986,0.3561512681796473,-0.027165264202814034
11,882830824dfffff,21.317536918376657,0.6508236891111251,0.404829569451423,0.4391243885142428,0.3946448619479468,0.394930516478926,0.024331879971615643
11,882830863dfffff,20.950454365614764,0.6906443606112506,0.5309754409757939,0.2592023660060518,0.5339725974968442,0.34819652323376016,-0.001553702342782473
11,8828308445fffff,22.093027675854916,0.5771832705145953,0.46229967056760246,0.31228790369136156,0.4775810868536545,0.5815015275956944,-0.11082898708039454
11,8828308629fffff,20.144234561118765,0.6333850131556141,0.4553580904629124,0.398087369368234,0.5749909423617053,0.31632863011841506,-0.04501631130759051
