timestep,cell_id,temperature,humidity,vegetation_density,water_availability,soil_quality,biodiversity_index,carbon_flux
0,88283081d1fffff,20.002665949947627,0.6233245774501557,0.5005586573872316,0.5415383024967951,0.6852636797702724,0.5286137044774779,0.021742780003743637
0,8828309419fffff,19.92344811279734,0.5885349012626653,0.5029354218898063,0.5788153073253469,0.7290369380460768,0.4497528820546197,-0.030102834197828873
0,882830940dfffff,19.984348654687146,0.68827057335959,0.4839035565225979,0.5421036253254378,0.6320701208263388,0.47920478151750917,0.04550222025037848
0,8828308449fffff,19.979544192800237,0.5810359623900678,0.5633208553227032,0.5635584556530159,0.6053476307178917,0.544164741401211,-0.17993675694321856
0,8828308441fffff,19.965718020265736,0.5996590861399349,0.5859240865003714,0.5420342314799886,0.5375448307005801,0.5232125240543667,-0.08983453718217839
0,8828309455fffff,19.979797961505213,0.6826437795956247,0.5055438731525675,0.502353265825344,0.666958432551315,0.553320783385003,-0.06013960770411782
0,8828308621fffff,20.065753674112283,0.5446375776081399,0.4698087075607918,0.5374248530152046,0.6457750373281821,0.47275674009129576,-0.00016307773980922275
0,8828308033fffff,20.082005862453368,0.6543638822676575,0.4773508952513599,0.45111161104257597,0.6105666639632126,0.564618931088825,-0.0719838929868211
0,8828308635fffff,19.965502538598304,0.6139528776888376,0.5543518422772579,0.5626082741770992,0.5834698103669104,0.567577221142407,-0.021977048454741754
0,8828308035fffff,20.036950936365283,0.6574830064857057,0.4618427477166606,0.5368127041860421,0.5846019583247617,0.47120862733318497,-0.05071705539325955
0,88283080e1fffff,20.077515426177257,0.561000306901345,0.4569566467330873,0.5599089789234577,0.6820994164546429,0.5177470427606354,0.0234507837747295
0,8828309199fffff,20.0553086433287,0.6238618329118553,0.4714440851333694,0.5126002279243769,0.4534956908016605,0.5621038252043407,0.018419766534932176
0,8828309195fffff,19.997571797177752,0.6447947647429655,0.45847493222510266,0.5321672901173695,0.6842560224554309,0.45249278798016834,-0.097065973192654
0,8828309411fffff,19.97170538338566,0.6051535486105094,0.5131147515982604,0.46443637934159937,0.588106333022288,0.5605289770514372,0.06654851359407567
0,8828308241fffff,20.02189305843327,0.728657756382855,0.4600561787688924,0.5136653738422936,0.5977923138200303,0.6290648970932465,-0.044381552559197575
0,882830941dfffff,20.04102817098717,0.577331086195533,0.5079891775207659,0.5450942727493431,0.6405002179160196,0.5720005822870482,-0.0361689844137557
0,8828308015fffff,19.93077870735287,0.5763252803235247,0.5129403523924445,0.5130599062158513,0.5662504862435178,0.4682807928787152,-0.04159849564966751
0,8828308445fffff,19.998735681624588,0.589715498720001,0.43924919609364144,0.5917844338284017,0.6619696836733325,0.5007740592921327,0.07413131956902079
0,8828309405fffff,19.968485013783113,0.5223334170991052,0.5915132742338932,0.4842104814917319,0.5513796940484301,0.4851417538017765,0.03029918625190327
0,882830945dfffff,19.998227870029016,0.4902349245675691,0.544670165359132,0.471651169774563,0.5899394842800303,0.47303361379335374,0.005322812906319479
0,8828309439fffff,20.047565629266852,0.5184356596380835,0.5317424263040158,0.5655670932219404,0.6511922929828154,0.5193450679060974,0.010584390911827356
0,8828308753fffff,20.023534740211986,0.6156019226279119,0.47597177148966485,0.5769450806897831,0.646801907547325,0.5213278890260866,0.002580464512734483
0,882830844bfffff,19.960664266321835,0.6074856158786585,0.46012614487712333,0.517530435488184,0.6086261077811297,0.5096361305240825,0.07245045918543472
0,882830862dfffff,19.984047048135082,0.5306035801336367,0.43576379314432534,0.5728315380111533,0.526637320456627,0.42402231688352304,0.038962742201810216
0,8828308719fffff,20.079993095857812,0.6252010781948769,0.5319393443612571,0.507903996683772,0.6574596932589732,0.5211852098813851,-0.055513628644310004
0,8828308249fffff,20.047744646726226,0.5883584538130016,0.5244104591788796,0.48746467025940227,0.6044772340075129,0.5226391792190268,-0.027877863808248166
0,88283091d3fffff,19.944533312982593,0.5385803039917805,0.477772440689431,0.4124312033141547,0.5717097959684124,0.41348535364283007,0.06218606318509395
0,88283080e7fffff,20.016106614667713,0.574110923962704,0.5542197849007983,0.5532924689933588,0.6184524835501538,0.393982434079228,0.02807810271740927
0,8828308623fffff,20.02278935123287,0.5589209227887986,0.49614197507506813,0.5751165000409167,0.563326069196695,0.5174591767284361,0.019457911940001363
0,8828308245fffff,19.962161391333797,0.5174689330446436,0.4960542531931792,0.5765295375476301,0.6328780808232883,0.4981036466198507,0.026001930969012446
0,882830844dfffff,20.06229291447811,0.595949576413535,0.4858321243019489,0.5848142269449498,0.6083411836644302,0.5171055283199254,0.03439381064619856
0,8828308713fffff,20.058331293735392,0.6776120376252234,0.46924942931148245,0.5987455804865242,0.4965750991695476,0.4415480656543913,0.06853516037100073
0,88283091d7fffff,19.985140064885602,0.6568142059351506,0.44541307530034474,0.4787819282226914,0.6626002665058941,0.4757742524441994,-0.0660367226280449
0,8828309451fffff,19.994054348457617,0.5254508054786525,0.5903120959985467,0.5449216201334983,0.5894870280993217,0.5079449297675656,-0.06307795517675577
0,88283081ddfffff,20.00781639476155,0.5987586756165758,0.5028678719044486,0.4306346876513891,0.576957792950427,0.4947514831598395,-0.014271356490940818
0,8828309193fffff,20.005093530625338,0.6603628239097743,0.4909081439178838,0.5160217145513916,0.521924399980689,0.5384456493561783,0.06526183282128938
0,8828309457fffff,19.934318577418473,0.6920802872045678,0.507040109553911,0.5415245035997507,0.6360529513108953,0.49013362661581017,0.016949663576983492
0,8828308269fffff,19.965385866590086,0.5195719171440287,0.5504873242978486,0.5570214605858903,0.6296630154226908,0.423194809713525,0.04486580823093897
0,882830919bfffff,20.055246274073106,0.5956452372498815,0.4255624747856934,0.5542099662257293,0.5710096172549397,0.42081474466698066,-0.039685050571027954
0,8828309197fffff,19.965769677316523,0.5121786408599518,0.4722767479125482,0.5091640080698078,0.5389059409417545,0.5467284024589308,-0.09339031480146487
0,88283080e5fffff,20.022183123341648,0.6432118584365671,0.4866986502536453,0.5599472460581144,0.5727807136713375,0.46592608528222584,-0.01143671937865999
0,882830803bfffff,19.97133854880163,0.6020836851280329,0.49668642773565186,0.4646161364837422,0.5891214011650089,0.5026737237310461,-0.0039528154223737915
0,882830863dfffff,19.988308014556218,0.48836113622789673,0.4892569544086951,0.527958864366157,0.5240118308944264,0.48386391493472014,0.046502192911746454
0,8828309447fffff,19.982654362206485,0.5715283617250192,0.4423267142899049,0.5205767256892219,0.6663549161837968,0.48011868914078043,-0.0054543540333773025
0,8828309407fffff,19.97151955858431,0.6363394743983903,0.536161258807284,0.5965999134617641,0.5721758756122273,0.4865809462797783,0.05847680908138462
0,8828308627fffff,19.99022564853507,0.5784697685605772,0.5928348113433873,0.6572046929476004,0.5678420520405051,0.5903306937468328,-0.00847032145943717
0,88283090a7fffff,20.036518985621225,0.6062371017170832,0.49391491060056225,0.6332595653401867,0.5588912740286407,0.4766224649391423,0.058237085796236814
0,88283090a1fffff,19.969095250141706,0.6499385173723209,0.5209516230783858,0.5272821974633043,0.6413585330150862,0.5189767022093159,-0.12976707454422629
0,8828309409fffff,20.004502089571968,0.6527920766282443,0.46820819709170425,0.5083905127578724,0.5486877201282604,0.4994464076692308,0.09417631616550326
0,8828308629fffff,19.973029694037663,0.48718391346305295,0.4470697174779651,0.5601510061334621,0.6154153084197064,0.48127411520725943,-0.01605573400629953
0,8828308711fffff,19.983989546558746,0.5586593206612838,0.5357241598360005,0.4817928885497845,0.5650914864398043,0.5898669385794202,-0.06740205278870547
0,88283081cbfffff,19.995458978472683,0.5807212348237618,0.5417503244467489,0.46176784780295443,0.6079613011960526,0.5041113065167602,0.03790797922939304
0,882830940bfffff,20.02563772472976,0.5423279910897623,0.4577054784832244,0.5487700284248179,0.6968308117649045,0.42116226440914,-0.041526486149206246
0,88283080e9fffff,19.98620990809512,0.673425825041865,0.5045053984324267,0.5229319238340304,0.6758040843475746,0.5445671719200427,-0.04557916907429851
0,88283081dbfffff,20.014929025890304,0.4750224891367651,0.4869510541228247,0.5285265466247461,0.6069363675488323,0.5554986158422327,0.00016935803860512646
0,8828309453fffff,20.01884946969617,0.6824518087788445,0.5131026447223124,0.543214432256941,0.6699083990561687,0.5325386900504127,-0.04097093745998282
0,882830871bfffff,19.969316644075903,0.6171742255383362,0.5180981093585789,0.44543208535601,0.6273371397714957,0.49964684157392386,0.011510883761269125
0,882830862bfffff,20.02831693014295,0.6696859857377884,0.4921704231743766,0.46617988017094625,0.6445499867197005,0.6395831096933832,0.05721776731891731
0,882830919dfffff,20.058691802693122,0.6698860268672601,0.5817452283054148,0.45576631578776905,0.5151229806807743,0.4347038150431556,-0.05212015297627354
0,88283081d9fffff,20.052460478357414,0.6169596459186613,0.48631679245390186,0.4592814461041441,0.6277768298531975,0.40301997092880615,-0.0074898919975828065
0,88283090a3fffff,20.08318004856112,0.6494154338149383,0.5527828345383632,0.4879516667862854,0.5704831793753304,0.5576990091737883,-0.001592095322518274
0,8828308037fffff,20.05164537445844,0.6961457357727587,0.5857625010720009,0.5548084320593683,0.6136200351959334,0.5073251091256592,0.019203756581206426
0,882830824dfffff,20.06093646610174,0.6732903726286469,0.5492385295118434,0.4772928688192624,0.6363060929853965,0.49993815626160704,-0.0027718582536769604
0,8828309403fffff,19.963766455372777,0.5829451393745242,0.418662763079119,0.575374337222999,0.5885445103231914,0.5488973325004328,-0.053292000614089945
0,8828309401fffff,20.088768986550363,0.5692991822099281,0.44480594774239496,0.5214348741314823,0.5746759209476845,0.5248709146296818,0.047934837180112155
0,8828309191fffff,19.894516807410607,0.6019413307991481,0.388221750613986,0.5888824828464356,0.5651660052258304,0.4705376529150053,-0.07391075139274042
0,8828308039fffff,19.992128636812314,0.6130694635306363,0.45370749845031666,0.44137209344721284,0.6230155494165547,0.5316326547476863,0.011970647143091996
0,8828308017fffff,20.030481055294313,0.6290702420650869,0.4300975743811134,0.4144483651333175,0.5455827684338557,0.5393873174089966,0.03222587897815931
0,8828309443fffff,19.979362185904954,0.5740692413524598,0.6131390795912963,0.5020568164997884,0.5149742943087221,0.43786077755129094,0.039714062715396126
0,88283080edfffff,20.00068982156694,0.5439718274632224,0.5842804767160701,0.5324839318644035,0.6784968496357132,0.47311235790393,0.020478541201657582
0,88283090a5fffff,20.02949078580998,0.5805975464293277,0.45854199949005864,0.508763703505466,0.6076046937046551,0.5308189382975839,0.01379320603265741
0,882830803dfffff,20.097352779410254,0.655947520096306,0.5303783043573342,0.6189542366301747,0.6316929566359308,0.4933375023128794,0.013619619116236712
0,8828308031fffff,19.927290478424812,0.5671084137464487,0.4782014097881428,0.5339763591801052,0.48633143044171545,0.5010682289015551,-0.035396053176547225
0,8828309415fffff,19.97961085647729,0.5643126157368101,0.5145754344950523,0.5040960781282602,0.4974384414434606,0.41167305355565675,-0.06313038932301535
0,8828308625fffff,19.97454811086534,0.5125032220159887,0.6263542550263876,0.4366746703192609,0.6519554831681215,0.49363703723343877,-0.0594709330571907
0,88283090adfffff,20.04431852441114,0.6399515207998435,0.4646569270184562,0.5259061130481192,0.5967032014323504,0.4881442091740814,-0.0547580702929844
1,88283081d1fffff,20.911120348161102,0.6677612154273586,0.566626195215278,0.6346784667293982,0.582356756238596,0.5614945097715316,0.0618956417523004
1,8828309419fffff,21.4655948707921,0.6749373822780055,0.5173286851663829,0.6782068941744143,0.5999435404336092,0.5656783896428061,0.0703180144721928
1,882830940dfffff,21.15089573768062,0.6912815211781773,0.6672324016551703,0.6446395228076979,0.5977510136114602,0.4692657926421705,-0.021331565609855878
1,8828308449fffff,21.48902561026454,0.5983422930459293,0.5015620753968206,0.7202038255338756,0.6090340745099078,0.5706315667973396,0.13383870720708102
1,8828308441fffff,22.09046768150027,0.606914188648116,0.4983851413317555,0.7738909573497936,0.6995981380218356,0.606086438977448,0.17398410567252423
1,8828309455fffff,20.704038595290818,0.6848355465772563,0.5426963830525376,0.6837876044997848,0.7234219771980596,0.5599271557983387,0.03509230860642323
1,8828308621fffff,20.48591481489209,0.6122597964482321,0.4060170115364895,0.6044560679574866,0.6619579097626174,0.5743031247536624,0.04464646158681024
1,8828308033fffff,21.656028300349647,0.6790821541852613,0.4720581452291359,0.7283409802079398,0.6592943464333272,0.52508147843249,-0.058601764699624595
1,8828308635fffff,21.338546053244997,0.5045120401622779,0.42912143184277485,0.724771944316677,0.5337354123091322,0.5675103358806599,0.14136178934484384
1,8828308035fffff,22.147962319414052,0.6761644380187694,0.5272039420043266,0.6448339695412995,0.6826031924842495,0.4628389426055035,0.15121392786044963
1,88283080e1fffff,21.37368988235648,0.6986271141852398,0.5087652811932203,0.6857010664525063,0.7031291895658806,0.550036495298887,0.012046898253108939
1,8828309199fffff,21.939066374767776,0.6482153189923228,0.6038907458489479,0.6490065108644961,0.749332049294062,0.5029945776358855,0.003303886446866626
1,8828309195fffff,21.09170301663919,0.7131445931641737,0.522273212086305,0.5802773542435248,0.7233208824053611,0.5825093871387631,0.08449689040376564
1,8828309411fffff,22.03645889323749,0.6558625738450441,0.5754467402524527,0.5738085844591347,0.5751293359046842,0.4575814620550812,0.08054777013414635
1,8828308241fffff,21.493950466523263,0.7076510491658096,0.6011174385324105,0.6032435498948698,0.5660211854748642,0.5795812348387271,0.09735727548129045
1,882830941dfffff,21.636791710873354,0.6815517223802232,0.5737332806951411,0.48569473548303355,0.6083112230971437,0.5305372307595341,0.20640521561459188
1,8828308015fffff,21.777593199298327,0.6857680303020142,0.4897808155750196,0.701503803310476,0.6828711589102855,0.48864191782237165,-0.031275642865943885
1,8828308445fffff,22.007208347154066,0.47962528526898746,0.4739034458670218,0.7642785215581314,0.6981487641455972,0.4698663549892021,0.07486518399876306
1,8828309405fffff,21.57660415650298,0.695535668488185,0.5878733849160918,0.5667937874170067,0.6710256762455712,0.4490358570360913,0.08682637121845858
1,882830945dfffff,20.33723376521544,0.5740523230533034,0.47879232590468057,0.6424716843886197,0.6373719673171047,0.5641266463578504,0.03740853575139096
1,8828309439fffff,22.39365825655507,0.662286201204812,0.5950835546006196,0.54868411308683,0.5752561400660312,0.5521224682220354,0.10711830545857132
1,8828308753fffff,20.86025469240737,0.6520876349103376,0.5427497968983858,0.6512744106676578,0.6692986248704007,0.5425596864334753,0.199109090343978
1,882830844bfffff,21.839658502447087,0.6395102274071925,0.5012520837628959,0.7655064716215381,0.6342629210820436,0.5279164910841876,0.03561875304552959
1,882830862dfffff,20.476852086494624,0.6958903053581696,0.5136937431692516,0.6113691960736128,0.6210542772064266,0.5636350235098292,-0.0015172282159691061
1,8828308719fffff,21.289642824843774,0.6770354027773118,0.5539293474200492,0.6593316182372977,0.5893256916150847,0.5334267666610251,0.026060773044909093
1,8828308249fffff,21.494846692648718,0.6978872103945046,0.6423806513417442,0.579209053394455,0.6648457293831239,0.5377553130056649,-0.041328380508463686
1,88283091d3fffff,22.179950561002457,0.7050316615451188,0.5876934326973705,0.5979070316093312,0.738686602431146,0.4539736851574765,0.05425778533160961
1,88283080e7fffff,21.603154713021432,0.690123872065459,0.5153700439866925,0.7686052191181965,0.6407008903786041,0.5698628341346357,0.0045729042914320304
1,8828308623fffff,20.936404453978206,0.6440050239065431,0.5365511183655912,0.6432272670413539,0.6456139277313183,0.6119486767603904,0.0328594063066018
1,8828308245fffff,20.94807577923568,0.6130170351734239,0.600633647968274,0.5200750434201986,0.7373716062689446,0.5328097194943543,0.04452816471674072
1,882830844dfffff,21.629694855941846,0.7074126908456713,0.43143650741347456,0.6409378184256832,0.5997594653415554,0.5548602237134026,0.05047629922621201
1,8828308713fffff,21.705276629040757,0.665947952291956,0.4564337785674482,0.7192290283028303,0.5422072842360919,0.4844514667660655,0.02185467454345716
1,88283091d7fffff,22.390618877476424,0.740699409427049,0.5418856803210816,0.657405780077091,0.6188371655166464,0.5643775555617931,0.06406967612532044
1,8828309451fffff,20.78025136201448,0.6741244331273587,0.517532248965236,0.6477758636525983,0.627484651795247,0.554357164669782,0.0858996160752018
1,88283081ddfffff,21.163344704494016,0.6831861612341096,0.5843167940886189,0.7341183374232594,0.6652104235380202,0.5828994727991287,0.074257545494925
1,8828309193fffff,21.003037002110485,0.6750231762501974,0.5919689749094773,0.5311683707218986,0.6399154452891178,0.5126890944749297,-0.0014865841379107306
1,8828309457fffff,21.23158639132326,0.65345774575459,0.5727817146593577,0.6275068175002938,0.6019026805594402,0.5656594949818035,-0.04998081140295223
1,8828308269fffff,20.49440591659821,0.6223678905594784,0.5931295919731576,0.5558979038207202,0.6280368546015648,0.588619888895374,0.07825777714431185
1,882830919bfffff,21.45547737523447,0.6638691937717465,0.57390498457644,0.528523079144535,0.6429823611398753,0.40955069739239824,0.1279681030233612
1,8828309197fffff,20.71349587711713,0.6376806614038804,0.49791598655037594,0.5883814969684472,0.5748877895780483,0.6086795231270662,-0.019430424838942646
1,88283080e5fffff,21.48517974424959,0.6707012385464259,0.45841801682899885,0.6975122761021724,0.6446969771402209,0.5194097050319268,-0.045469321530240026
1,882830803bfffff,21.928392285936773,0.6583159433818748,0.4853979001479339,0.6833682482550204,0.609219478186333,0.6163173059662479,0.026928189771148206
1,882830863dfffff,20.810830545964556,0.7228698556761822,0.4188495105657528,0.5967465695122998,0.6413264282758527,0.5758626737603603,0.12476169065245266
1,8828309447fffff,20.723341751930377,0.6477160531359227,0.49936369700536787,0.6450918370758107,0.5885536224556823,0.5503048690513156,-0.00800852521769621
1,8828309407fffff,21.963866554417773,0.6570798727973091,0.6168397650614617,0.5485463533618544,0.6888734736240465,0.5861113760389209,0.12241364295043777
1,8828308627fffff,21.114358777292164,0.6803422873494357,0.5258668819601842,0.6808031956956728,0.6561538750343142,0.5435905149337016,0.07436026777411872
1,88283090a7fffff,21.546442248338707,0.6583221428568145,0.5278243865670152,0.5996029919093614,0.6732024797149962,0.5401917211335487,-0.008436044919097462
1,88283090a1fffff,21.515681621095258,0.5904925656217406,0.6637833873702214,0.6633956413547525,0.606153214966531,0.5702947745431916,0.11387485153017365
1,8828309409fffff,20.979417557729974,0.6582534622834447,0.6271308076224174,0.7600976305275624,0.6220731550975256,0.5489339082691136,-0.09985703171062274
1,8828308629fffff,20.191830513888515,0.6086600147964991,0.5081896614440715,0.6733881792383516,0.5203296755028081,0.47019406028409444,0.09867688516327919
1,8828308711fffff,21.390940461502115,0.6444815530057614,0.5822467918259671,0.7083532060796915,0.6235085314848631,0.5346238037281418,0.05760321397180067
1,88283081cbfffff,21.53568639297791,0.6307294643146257,0.6183572206789731,0.7556724444042718,0.5944464638375626,0.5366100810151219,0.059773020872447465
1,882830940bfffff,21.319380232706774,0.6526476168969594,0.5571828928044384,0.6342853657205948,0.6500673349011759,0.5231933245783973,0.02595774790752958
1,88283080e9fffff,21.196954687125036,0.6671631715587724,0.5005595416437383,0.5803329480151741,0.6794614664363552,0.6012983395006509,0.11470198453205059
1,88283081dbfffff,21.211617345606804,0.6110436836433305,0.587125809840782,0.7175405418146371,0.5890612513067762,0.6012971009016315,-0.10466838065799561
1,8828309453fffff,21.288666360821814,0.6622572709444162,0.5450475848238779,0.5662030770334634,0.6949249293782103,0.6432791901814665,0.019294293226652645
1,882830871bfffff,21.23152537338952,0.6973300222103375,0.48500250419393853,0.6941603479723393,0.5594685520514803,0.5953708506100593,0.07087466734548593
1,882830862bfffff,20.402292638071938,0.6958462040142959,0.40808047137169556,0.7616850621152746,0.6103681225108567,0.5150919129703722,0.12382441574460037
1,882830919dfffff,21.784279724496557,0.6496941336528845,0.5756886717561719,0.6331552791051246,0.6367991140164753,0.5512149364327454,-0.014925935123505943
1,88283081d9fffff,21.406755163129546,0.6573009395251271,0.501301711825555,0.6850363435870743,0.6885501400080257,0.47265201462131456,0.024562271624762915
1,88283090a3fffff,21.296524253813967,0.5958432009895888,0.5829714399494748,0.6401810131170627,0.6013487786639343,0.5580607076428433,0.11960483784796684
1,8828308037fffff,21.589038962423636,0.6268379009891564,0.5621823457698241,0.7015807352525097,0.6204340860985027,0.6040358933246692,0.08178523473985115
1,882830824dfffff,21.302712239360417,0.612813797248614,0.5085032338734095,0.6826606747484435,0.5888982160448493,0.5026043035578138,0.02168064365154002
1,8828309403fffff,21.84804294491391,0.7152229701534584,0.6248642840013207,0.5737086827999806,0.5942538347761329,0.5577850986320751,-0.0187492373385741
1,8828309401fffff,21.569698566038806,0.6937484101259843,0.592571240706356,0.5714703810777265,0.6992065843540368,0.5371567922376791,0.1006653279594581
1,8828309191fffff,21.426690964000816,0.7765934941663635,0.6745881217547545,0.6720830658415032,0.6437875355280718,0.5294675823179645,0.15268797714994894
1,8828308039fffff,22.316779771733696,0.6350946834533951,0.49806944081995425,0.5789464820677399,0.6368498701241113,0.4691847283808441,0.021898144225003316
1,8828308017fffff,21.327092568934106,0.7255416617342962,0.4149425827380365,0.6784544866674806,0.6171270083574207,0.5385835846913528,-0.036575134909045896
1,8828309443fffff,20.40627491819536,0.5728545995334767,0.6163220661560986,0.6480110323034726,0.6885257694088123,0.5378204522360879,-0.07257009317365722
1,88283080edfffff,21.498589338443637,0.6522174978706718,0.5536790946965028,0.7192016278497381,0.6775973225787277,0.6813414559372817,-0.021367561651138043
1,88283090a5fffff,21.83523190014447,0.6628440722413896,0.5762658971978853,0.6583657226925486,0.6493749125106021,0.5562972511314641,0.09625276171033667
1,882830803dfffff,22.53221931044001,0.6578228652263595,0.5045800219533012,0.6593250813346979,0.562799725050959,0.44481486772933587,0.05939170998065957
1,8828308031fffff,22.15386989080148,0.6457539661284617,0.5365678396941853,0.658605768221168,0.6501247814896928,0.5456515833367658,0.09726378235827929
1,8828309415fffff,22.35305304686447,0.771641037405209,0.6484445279732346,0.5578108567042884,0.6516152448289511,0.5263156132864778,0.09151792281965446
1,8828308625fffff,20.79442760062309,0.6539284728314895,0.47555212535281394,0.6832811564894656,0.6748122691895009,0.6251925139420713,0.10404958813583479
1,88283090adfffff,21.86723738897528,0.6399381301044731,0.6194263616757896,0.7055209380611749,0.6313042493331459,0.6003961535184313,0.1209913999945312
2,88283081d1fffff,21.493553410608246,0.5997390778275697,0.47196812411804745,0.7857384331927021,0.5436563675983227,0.6647740307897185,0.06733426185245302
2,8828309419fffff,22.376932282382455,0.7529536858718208,0.5794556416372162,0.7390127208481572,0.669000544224888,0.6405588715827732,-0.12234591571831487
2,882830940dfffff,21.932448578632915,0.7138023161901106,0.6055591141260983,0.597749875794888,0.674562587183279,0.6605424775700929,-0.0070473380883523135
2,8828308449fffff,22.404230588771675,0.5759163212611156,0.5506941627138954,0.7069222614272814,0.6002257825486735,0.65085190190792,0.040265737892650796
2,8828308441fffff,23.249755544006018,0.6592309935924116,0.5817024455625474,0.8055373888032863,0.6074708175127422,0.5881175178758823,0.04125425251171356
2,8828309455fffff,21.100727947953242,0.6539110890250088,0.5394008282874065,0.680063398942388,0.6176074800808774,0.6366444153386212,-0.04019164374506866
2,8828308621fffff,20.846729982856598,0.739305694311797,0.42329433818641243,0.7023659227257255,0.5923202989036132,0.8018090015804444,-0.057635279122132864
2,8828308033fffff,22.707476894142975,0.7533558195142017,0.4790671829380151,0.6470994919443162,0.7171583834053388,0.6052267404522327,0.024402027419189037
2,8828308635fffff,22.244845099334228,0.6757116421875842,0.45792886868123084,0.7049144912645904,0.5996200265984105,0.6272470929499616,-0.001515801376935128
2,8828308035fffff,23.43568083146459,0.7231305471529454,0.6100156267603498,0.6971219572227348,0.6865239769747274,0.5547202648202172,0.042630417255577716
2,88283080e1fffff,22.226187478922082,0.734752880259995,0.5663247314701915,0.6781283612121078,0.6634787106818436,0.6482037004408361,-0.0025780776073378426
2,8828309199fffff,23.065183798454765,0.7562261695667738,0.6085395919344989,0.7002244017476897,0.7396183001550581,0.6172020754257161,0.04880525749823405
2,8828309195fffff,21.850775727993387,0.7404387910314607,0.6242382001999955,0.5488711435256242,0.6118391881819831,0.5231104374951815,-0.0288746640921623
2,8828309411fffff,23.083902755886164,0.784318877954007,0.6995142306012437,0.6269579771236594,0.7113172057215418,0.5279193453529869,-0.06317220976353624
2,8828308241fffff,22.382336155883884,0.6916987947851145,0.6900223950185183,0.5882029092840069,0.6840433266118228,0.5541934756597997,0.04743521141423397
2,882830941dfffff,22.67332589120942,0.7873620670939212,0.6751135998653416,0.5592180765580518,0.7521303822080635,0.5843278200013394,-0.03234778420014287
2,8828308015fffff,22.845502987258534,0.7060891389034221,0.5169054521471629,0.6585161767648309,0.7411432066205326,0.6055837331484802,-0.04398935484809217
2,8828308445fffff,23.343810241601044,0.6966800683557803,0.5010738484903504,0.7590809501007517,0.7177337438916324,0.6693593663306748,-0.05971459614109873
2,8828309405fffff,22.63432519053127,0.662671226372391,0.6016282114099046,0.6081822527451861,0.5921510916723154,0.5669103795139775,0.06900843264716747
2,882830945dfffff,20.57069043629703,0.6460485844635179,0.5334053953860813,0.7464354843497223,0.7802647571987958,0.6036783707119004,-0.003924858771433035
2,8828309439fffff,23.882132399354703,0.7616691594909986,0.6418965128832135,0.5706031342576646,0.582102388068357,0.5912414339725482,0.035139217982081423
2,8828308753fffff,21.53197814502703,0.6570341963598738,0.6217271509084049,0.6410206393331265,0.5579816912195725,0.62107432458181,0.04361658783652933
2,882830844bfffff,22.898246100916243,0.6416041518932186,0.5452282673735062,0.6827316252253277,0.6620968043567728,0.6710642475733561,-0.012576118560709972
2,882830862dfffff,20.623994004277105,0.599724810685901,0.5903818037479583,0.6462794198356234,0.6161604604263551,0.6560839324128581,-0.026556562544046876
2,8828308719fffff,22.119208100294994,0.6334740559252393,0.5876649801758778,0.5423313345847061,0.6494342273946743,0.7285258532817681,-0.06374637964033321
2,8828308249fffff,22.36169736090832,0.7340210733571695,0.6082079372763943,0.5501523122738357,0.7380957130862422,0.6192448665440591,-0.010542352222576493
2,88283091d3fffff,23.681822845832258,0.6206622377632581,0.5250187317993702,0.7217848062243488,0.5676768300165416,0.5510214413127966,-0.0926206480394726
2,88283080e7fffff,22.572468029526977,0.6709520175830197,0.5365636788765856,0.6269586887560569,0.6445198934825653,0.5677590291982338,-0.040476010632007176
2,8828308623fffff,21.333865383307547,0.6035973467429064,0.5335986798413549,0.703967411139062,0.6966533406121616,0.7039995142053953,-0.07195282106161535
2,8828308245fffff,21.685890079348873,0.6486293743713077,0.6807857562611027,0.6152625090804629,0.7610301795081611,0.5767187738486469,0.036974524354327375
2,882830844dfffff,22.54281003856792,0.6236280338286189,0.5171614312120256,0.727829784752931,0.6343369054497188,0.598354668021193,-0.03221918534087224
2,8828308713fffff,22.70905197476545,0.640753411539233,0.5719898170722472,0.6372084444872577,0.680300866266066,0.5834477721255393,0.035874213560284196
2,88283091d7fffff,23.79864789181049,0.6456472078115991,0.6411186555527927,0.7081865228488918,0.6211801369446478,0.5674016875785046,0.058418084464672414
2,8828309451fffff,21.223703981683478,0.6119146533688898,0.4922921855168252,0.6295740477204146,0.7014256872970334,0.6190121613380716,-0.0008754340346765037
2,88283081ddfffff,21.926068634010715,0.5865181040441565,0.614880482878596,0.6754360299376089,0.6858955131225384,0.5954056152239424,0.10882686432780163
2,8828309193fffff,21.755050241311427,0.794092999153655,0.6533675634487675,0.5484441280677785,0.6828091309773613,0.5969736369351129,0.00948558697668638
2,8828309457fffff,21.866812111662764,0.6088300286471401,0.6573190986704652,0.6544116436087,0.7030046345046521,0.5296714130956526,0.04096848227118833
2,8828308269fffff,20.885014541636643,0.8230960540256107,0.6365054458316883,0.5385416765579483,0.7273886764423396,0.6079255433035652,0.0002980108771669317
2,882830919bfffff,22.392219602047174,0.5764828073390846,0.5935185056919159,0.5357035874539455,0.6603137097066778,0.5678223976428624,0.008253975934514615
2,8828309197fffff,21.238448403731713,0.845600685658828,0.6450170270853242,0.4887932043867563,0.7341997257952884,0.6297005460607765,0.028195940313264542
2,88283080e5fffff,22.58078073244788,0.5925609275949499,0.45095541115589355,0.706943767966322,0.653871616773433,0.6694888223088193,-0.04693127066054821
2,882830803bfffff,22.991970231072454,0.6566695838981432,0.47639573910688776,0.6392745857935337,0.686565877464438,0.6367202675682229,-0.04287955070272317
2,882830863dfffff,21.457102582764993,0.7542557168147137,0.4257427220001236,0.6524463191664434,0.7123968305666657,0.6593221735482588,-0.059522667245127496
2,8828309447fffff,21.126454551559576,0.5773015737809624,0.5809436428736605,0.5882588902020185,0.711961952847991,0.6607055269184681,0.015087397747095322
2,8828309407fffff,23.083584038924307,0.6316419001496456,0.6451362053162869,0.5470197034068254,0.640062798595427,0.49641007552640326,-0.06818938754989826
2,8828308627fffff,21.684350037477355,0.7099695039215779,0.5330349899200757,0.7353662205102316,0.6090454114955801,0.6974872423018549,-0.04423909858660075
2,88283090a7fffff,22.50358206215894,0.6153784710212328,0.5664795148024733,0.6985510112960154,0.6712351187021368,0.5864002268760179,0.05340354760926017
2,88283090a1fffff,22.401946652349594,0.721995894490935,0.6043063163648409,0.6458320105043027,0.6903169662211041,0.5760910875571057,-0.024837513292395
2,8828309409fffff,21.473506981715015,0.6087334452120651,0.5012471557746341,0.6069746265905168,0.7773050985624903,0.6572507678180086,-0.04722316541219733
2,8828308629fffff,20.297180999477316,0.8024553750550745,0.55743517112432,0.6827251128068904,0.677065117004793,0.6815656322917032,0.08570372228228128
2,8828308711fffff,22.38944436032014,0.7370196154767641,0.5772637640034703,0.6531344463755224,0.6586741558974241,0.6530638934645145,0.060683388420184316
2,88283081cbfffff,22.497135263533014,0.6459560138052955,0.549608028931386,0.7190417727388001,0.7260719143992577,0.47815390032995114,0.04206937755887463
2,882830940bfffff,22.185722968767045,0.6217668801577447,0.5699900751301283,0.6078988507782317,0.6765412430475819,0.5039953136820727,-0.05711896467791265
2,88283080e9fffff,21.80469372818101,0.6597927711887192,0.4684419380869937,0.5941359027067378,0.7365344426254217,0.5704176789685192,0.07837642210204193
2,88283081dbfffff,22.071351408034648,0.6134166695651447,0.4924504043207457,0.63153131650067,0.793776739005623,0.5171406569452813,0.053494019793331495
2,8828309453fffff,22.050919574637383,0.6893440841846602,0.6237006041535016,0.7511992908349803,0.7005259933856037,0.5372310174145759,0.025362814490022177
2,882830871bfffff,22.113230245271,0.643724210505694,0.5670018322817784,0.7371062245557456,0.6387228934031068,0.5913155142897457,-0.03547886374281232
2,882830862bfffff,20.726691927655203,0.7227543025400045,0.4979328143259085,0.7155998009515101,0.6937965895974211,0.7003910727290198,-0.008961521877588646
2,882830919dfffff,22.791206171182814,0.6894932618752702,0.6545232024532123,0.6466097083670251,0.6558582149653343,0.5511462304361909,0.058840720051071715
2,88283081d9fffff,22.139491457299552,0.6353147082782505,0.532745163415049,0.8061507412187314,0.6216706832465957,0.6108415002181651,0.0879525548602598
2,88283090a3fffff,22.186466539545883,0.7201787690706282,0.6802804567992993,0.5517206818334348,0.66720999549051,0.5374900134818054,-0.077835401042138
2,8828308037fffff,22.765175212241704,0.7160976952240822,0.6039072163241148,0.7885154998579936,0.7428160015895684,0.4598591752935727,-0.012754123441169012
2,882830824dfffff,22.087475741790826,0.7124045891546128,0.7184855420840699,0.5389935991105316,0.6884749113527707,0.6171826184269809,-0.004938569730787853
2,8828309403fffff,23.069168020115864,0.636582382354554,0.7593161919844902,0.5800633110868931,0.6309924690734412,0.6064940059677901,0.07621725756810153
2,8828309401fffff,22.32125225719954,0.5871045953975249,0.49810922755931303,0.6787768134320631,0.7439848851804153,0.5988536462888496,-0.026587394035267047
2,8828309191fffff,22.11691525760527,0.7076232845796584,0.6096430947768459,0.625776798039603,0.5919297237929952,0.6257076979924918,-0.060086881596078466
2,8828308039fffff,23.742175901921744,0.7272492849671054,0.5178621616065505,0.6520085835839056,0.6359764691095051,0.5388430245679906,0.03847987638875345
2,8828308017fffff,22.152909206806033,0.7551517749370134,0.5311548204810581,0.7041405100206608,0.7024774779616278,0.6144530906652105,0.03984468585133604
2,8828309443fffff,20.642712963178667,0.6293515456465224,0.5591440224600694,0.6468978941120476,0.7571633210190967,0.696107725164194,0.023257208076222207
2,88283080edfffff,22.3621505228714,0.6803265647465337,0.5743009017008894,0.6946229214019863,0.6946242742314142,0.751457119551694,-0.038350522143794405
2,88283090a5fffff,22.901295347472846,0.6997079352287734,0.6799951215291378,0.6033554599397044,0.7054908841079148,0.587967002263166,-0.00018150257637938337
2,882830803dfffff,24.18040911307084,0.7502565571739701,0.5952188251534847,0.7013216186539694,0.6461004779852559,0.5119645073177013,0.023349711058501588
2,8828308031fffff,23.47057129207881,0.6903391313547566,0.5897447132773707,0.6616365051190075,0.7450145446325477,0.48807295988835253,0.026898722362703565
2,8828309415fffff,23.700341885734428,0.6987841473018912,0.6582530548923325,0.5656069532166847,0.6612943718461637,0.5402394932035608,0.009212900593983568
2,8828308625fffff,21.322686936543942,0.7043662478792808,0.515769705282294,0.6900654749540941,0.6145677841885391,0.6778005253901896,-0.10346463893070529
2,88283090adfffff,23.0714177828038,0.7077502236070163,0.5368907979043473,0.7126034311074326,0.6679662490712294,0.6189755408208524,-0.0406102120549212
3,88283081d1fffff,21.53314279667597,0.5266674822815757,0.5413120567035061,0.5150640244964455,0.726625760429776,0.6310241979624585,-0.03665099573189479
3,8828309419fffff,22.464354764417127,0.6480517573621982,0.6214712162146465,0.508976621572239,0.7205108617977098,0.6569609267235205,-0.0475796903897208
3,882830940dfffff,21.87681012560218,0.5797977876575943,0.5517498639313189,0.5704490023242716,0.7093845919891156,0.6092052750349435,-0.01870595202924475
3,8828308449fffff,22.471527476008212,0.6080216853623001,0.5385797734958431,0.49020643048856477,0.7032623168136061,0.7084774888532759,-0.16465937488858035
3,8828308441fffff,23.34232862707585,0.6421098030170962,0.4895254926674122,0.5290592081073787,0.7442824951762265,0.7122080562758715,-0.12225411852995413
3,8828309455fffff,21.24833224742276,0.6903633219276503,0.5999962788622413,0.5495588979446326,0.7555469106344617,0.6415647462498277,-0.01913365096265208
3,8828308621fffff,20.83761280667692,0.6633925962714735,0.5212257225823419,0.47018339698323763,0.6533245986257248,0.9203405280032245,-0.11486797272233755
3,8828308033fffff,22.723617724027886,0.6439136347770924,0.4551582898492447,0.513026674187949,0.6578378303473544,0.6349849998931688,0.033677882522325536
3,8828308635fffff,22.226475568217584,0.5898217387297816,0.43192971689310566,0.5537735825528186,0.7471013881978192,0.7262816259924545,-0.1066397943751849
3,8828308035fffff,23.475975704734257,0.6249640450788497,0.5465113962904398,0.6850297004890243,0.6804956192374876,0.5413850306547889,-0.0355905835607389
3,88283080e1fffff,22.231998117050036,0.7497254969314229,0.5987518852949008,0.4931094881922647,0.7430618185101875,0.4733369767488188,-0.039893092583827006
3,8828309199fffff,23.0944063432291,0.689069369261906,0.6049895332466468,0.5594850468394119,0.7328689416978328,0.5378646381748208,-0.04394003210397784
3,8828309195fffff,21.990543465826853,0.7597537374322175,0.6110066595389082,0.47976499008708096,0.6808890658803686,0.6636918593447971,-0.016493681394756023
3,8828309411fffff,23.11259958326352,0.6482495187616573,0.7396326673424354,0.5964178797289701,0.6175725480477319,0.5363033297407388,-0.10185241213265128
3,8828308241fffff,22.347245907358403,0.7120361762201113,0.7285498735224977,0.5073535753716862,0.70672616004332,0.653832387225679,-0.026793890951126095
3,882830941dfffff,22.71929487795503,0.6418225765245613,0.6855305545602869,0.4613929658827577,0.7911298357413975,0.6492487666814667,-0.045036948603598234
3,8828308015fffff,22.904761874064874,0.771358873888097,0.5929558791661174,0.530833107493357,0.8510399010466341,0.6383119996247668,-0.13797965641054102
3,8828308445fffff,23.34429863877043,0.6051304212871307,0.622842912121077,0.5299179135628704,0.7419580922671422,0.6405414560262895,-0.1538076874565502
3,8828309405fffff,22.53050664659746,0.6201272244078667,0.6334845527179273,0.4941994025554885,0.6894436624356813,0.5661587298720273,-0.045858173969607695
3,882830945dfffff,20.615289097497897,0.6504386977323273,0.5842823453439236,0.5736685564510302,0.7969862015308821,0.67004398116662,-0.05964341806326553
3,8828309439fffff,23.744383572644484,0.6734914689822968,0.666238309854885,0.47137356510437856,0.7189984693986752,0.505220606877154,-0.0029770119529991396
3,8828308753fffff,21.467340916917458,0.7535721872037077,0.6520605122250793,0.5227562368350713,0.7128117443134243,0.8003252657594652,-0.06955843490816171
3,882830844bfffff,23.132875887651167,0.6493904163413585,0.49243831628348633,0.5094452082593105,0.8400140914444999,0.6772001801238378,-0.07090016414363755
3,882830862dfffff,20.693947057953373,0.7373619585140849,0.6035500900499517,0.6183764018960679,0.7362706171228958,0.8369854311938846,-0.1438938874685023
3,8828308719fffff,21.986298950809623,0.5830743297307102,0.6962018750309699,0.49386664047545054,0.6616604852079849,0.7350747618184562,-0.04084251883766425
3,8828308249fffff,22.51053867506201,0.7497656131091659,0.5929312377429169,0.5144426775803669,0.6890329651988878,0.556442775615912,-0.029895809654665685
3,88283091d3fffff,23.77518264879363,0.7406665261829851,0.6306556809903712,0.5288677841756609,0.6824998530810958,0.6317978809164577,-0.01344298993526382
3,88283080e7fffff,22.502866288640117,0.6802873241688967,0.5672005848756497,0.5601449046998825,0.7224146432606037,0.6039471254889853,0.04060895259505166
3,8828308623fffff,21.37883817478981,0.5385655854880428,0.5003225767451259,0.587636720908323,0.6660493246438773,0.7196291783742084,-0.10568997476076405
3,8828308245fffff,21.689472999571958,0.7121018232754041,0.6825563366415925,0.49214947221339456,0.7630814090817476,0.6077090838925386,-0.05701209616667161
3,882830844dfffff,22.55029070202502,0.5701038519671131,0.5179513616807644,0.5350565314690973,0.7080253962376767,0.6914743340444642,-0.16793030938287484
3,8828308713fffff,22.700707372005077,0.6857612167192421,0.48713985327707554,0.4755714987501464,0.7255574458676041,0.7161380298006667,-0.041360266796907505
3,88283091d7fffff,23.752098234182213,0.7465935107771309,0.5511660695763542,0.5061291666440964,0.6688490772624087,0.6461858158155145,-0.12274393852490396
3,8828309451fffff,21.186776976518672,0.6116243425182047,0.5669386562411656,0.5894555558321105,0.6834147450814052,0.7260767506115906,-0.02618338178479189
3,88283081ddfffff,21.925291067705885,0.6212030550727218,0.5472669627058634,0.4890122700451751,0.7438355362228037,0.5367115473629815,-0.03842627495635889
3,8828309193fffff,21.61230218466022,0.6130332057581388,0.5968163072672595,0.5379391859861258,0.7245266974770468,0.568453023625423,0.06725742635514789
3,8828309457fffff,21.85845223842984,0.5652777914831801,0.6346398638735048,0.5488582899943952,0.6736768453354354,0.6486046825781439,-0.06507109398531527
3,8828308269fffff,20.929791405552226,0.7068866367877594,0.7417741791123279,0.5363719905707003,0.6930694946449578,0.6970797367987245,-0.12786823568184102
3,882830919bfffff,22.436120093583913,0.6837531346942145,0.6810810550299308,0.5152064047842178,0.7315324683434816,0.6231485278940437,-0.009154887829578101
3,8828309197fffff,21.274659756137474,0.6849128410784708,0.6782802905770502,0.5374149407515335,0.7735303562337366,0.5505016783275446,-0.06935293343027711
3,88283080e5fffff,22.34419775952114,0.7420076083005109,0.49102998590335634,0.558901422093708,0.6512880709870952,0.6173218857473348,0.058468207792537176
3,882830803bfffff,23.016126020150214,0.7457675139215301,0.49304837818878644,0.5290721336147972,0.6516758878808842,0.6787934068525314,0.05271417719260925
3,882830863dfffff,21.498399887414458,0.6578405583363965,0.48151020537381795,0.4491247196459369,0.5415628413173882,0.7209387489348442,-0.11223236809309184
3,8828309447fffff,21.21046209219047,0.6058359969955162,0.562275987413655,0.5380849759094393,0.6936114615107185,0.6178343305603938,-0.025918897296608005
3,8828309407fffff,23.205083681154168,0.7808202965474976,0.7057650710521527,0.4861457179528756,0.7500545674489307,0.5520516283758086,-0.04873845446824331
3,8828308627fffff,21.66385096017656,0.5444442350545612,0.43218449966128153,0.4667136749287516,0.7517752983584864,0.6882051440404525,-0.20190233432173144
3,88283090a7fffff,22.42950183383006,0.6403429916607638,0.5674183020490048,0.5108069125629785,0.7504542240017842,0.6201235232490678,-0.07349349006193684
3,88283090a1fffff,22.427365016651375,0.7639867181569311,0.6052038318202122,0.4315551979137545,0.6094582918726316,0.5312210880611263,-0.05287246288327835
3,8828309409fffff,21.47406576952506,0.6402720052974776,0.588940673405824,0.5017846517873669,0.7467615440072838,0.7275700455417657,-0.06448347008657386
3,8828308629fffff,20.252031197353446,0.6260861603356901,0.5554893619657408,0.42880731232729274,0.6318896185638648,0.7523429317941419,-0.0025582603608551926
3,8828308711fffff,22.354094420230112,0.6909063561480109,0.5466999876441038,0.4452290058876296,0.6801035615403149,0.6445946282202055,-0.04904947893605863
3,88283081cbfffff,22.580491325300066,0.6327524925231859,0.6210779724581772,0.4905882892909026,0.6951792202749044,0.49458864137914593,-0.0779297622707666
3,882830940bfffff,22.140594100452628,0.5747753790731365,0.6476498361983145,0.4277783640047198,0.7280727064964991,0.6631845235447369,-0.01790056221410885
3,88283080e9fffff,21.78619662272707,0.6931791674660667,0.5186078754579803,0.5155356880672363,0.652842922430216,0.7168984723188759,-0.06802697064180036
3,88283081dbfffff,22.111552037688856,0.6552219858425291,0.5396719034071413,0.5167035566895115,0.7067665819198754,0.584669623530817,-0.06334228280862067
3,8828309453fffff,21.963522082994306,0.6186917484091932,0.664308877351795,0.4743516340170657,0.7523041991571113,0.7510415399501194,0.026224727773396864
3,882830871bfffff,22.04014492630272,0.5761927674356331,0.5641861929088203,0.40402902628694015,0.6274160234509882,0.6821382076267933,-0.08351311501841961
3,882830862bfffff,20.77103168066714,0.669592770785047,0.49234480676840886,0.5012247583706706,0.7353399350701504,0.7836670703014381,-0.11810609157153193
3,882830919dfffff,22.848997502803822,0.6414522172958331,0.5701878225254676,0.5312343092428258,0.6398633899092283,0.6739981211305928,-0.03143851754008462
3,88283081d9fffff,22.137098436786474,0.693472291357233,0.5218864133718116,0.5716324661678333,0.6842321394843146,0.6618523802289399,-0.03977134716389057
3,88283090a3fffff,22.160512143794378,0.6791936043199256,0.6208047758110857,0.5684755880550174,0.7486759481969602,0.6543720318036472,-0.164999446837511
3,8828308037fffff,22.763009575651928,0.6791754511489466,0.5944834582575557,0.5012666786389498,0.6634170337782836,0.6130122778295095,-0.02993017197018979
3,882830824dfffff,22.10520562824035,0.7388344878549042,0.5558433581814908,0.4687752372033143,0.7520859762825631,0.6874199300689836,0.02383978011879042
3,8828309403fffff,23.01119832479311,0.6329232553698051,0.6651912405311613,0.47293441535450786,0.6731228241112006,0.5499894334745116,-0.046780104623679784
3,8828309401fffff,22.430027840314388,0.6980916852456454,0.5662056537230369,0.5363363444346353,0.729570727417118,0.5702178352798681,-0.05283352921286569
3,8828309191fffff,22.17663652542817,0.707942113948879,0.6589028931452434,0.5104892533730365,0.7286198335300839,0.5644961888009713,-0.06510041632451798
3,8828308039fffff,23.794389444231697,0.6916711680496083,0.4863739121724938,0.47506942975113015,0.6912155198144697,0.5770435107198133,0.0028903588191757437
3,8828308017fffff,22.167572236786448,0.7428725793547069,0.47803513105947304,0.3969537337921702,0.6527694316192586,0.645039025426442,-0.10823744553803358
3,8828309443fffff,20.67619774723478,0.5955533592037585,0.6006816828728869,0.4953457883479468,0.7017240340433648,0.7532515595601916,0.07952529815345648
3,88283080edfffff,22.397411569286575,0.6822036806928133,0.4155700887199854,0.5660549857939421,0.7254777971325186,0.6124576767538261,-0.08051798505950573
3,88283090a5fffff,22.826424904775987,0.6840441262375304,0.49625835125075873,0.44004908910849894,0.7176036217941983,0.618020221531198,-0.13138629333399685
3,882830803dfffff,24.16200654776324,0.6677303630037194,0.5866140005394267,0.40423440560884094,0.7217866056299315,0.5412553104332688,-0.09374645443245425
3,8828308031fffff,23.489721751214425,0.6861495288119737,0.5345168652630468,0.5742926022652661,0.6549049366956867,0.5800577880513537,-0.1407618280578728
3,8828309415fffff,23.556362824131522,0.7872159281257091,0.6918917221997339,0.4612507531277502,0.6607208719346775,0.582141192809041,-0.11731657254541461
3,8828308625fffff,21.236075449176226,0.6931744689009017,0.5093776462368452,0.5302537940887463,0.68428006673612,0.7728174925453403,-0.03575756403852448
3,88283090adfffff,23.040403857618752,0.6601315924913191,0.5602715392511517,0.43014162046321863,0.6636814442705385,0.660167241863616,-0.10694645654618493
4,88283081d1fffff,20.82681410177063,0.6286275988265424,0.5857470404438517,0.4020967863501329,0.7336309755067124,0.6820752143594023,-0.010117402833185364
4,8828309419fffff,21.619778735018496,0.5411299308334293,0.6654826733336003,0.37491140778114174,0.7255775243062418,0.619637695707827,-0.001622675240198502
4,882830940dfffff,21.154464678247173,0.58370994888086,0.5962392849527817,0.2749530668256164,0.7297380804034828,0.7133305719433709,-0.07710005380661879
4,8828308449fffff,21.51833221060245,0.5851347121095632,0.5531457231247686,0.3648980921920197,0.7118786461069683,0.8302989131566751,0.01603834243497453
4,8828308441fffff,22.03170102693261,0.6195360748818949,0.5317022092204173,0.36416151355834503,0.7244088245865583,0.7079166261293106,-0.0415058286985798
4,8828309455fffff,20.757702638004837,0.6025414740177837,0.6669068475114402,0.4211640824024442,0.8002891980626722,0.6841722364385866,-0.026694943729412668
4,8828308621fffff,20.522459636877997,0.6287320357248374,0.45642621528400884,0.32709157084844964,0.6337714337071335,0.8289173822156563,0.0767614544197774
4,8828308033fffff,21.666420638025183,0.5413846798988798,0.4297726338420993,0.31132901500963794,0.6371059132827216,0.5606250911643698,0.0623374135303708
4,8828308635fffff,21.311312761371166,0.6320960075418223,0.542140990096012,0.2756417142551177,0.65588335917419,0.7826136674300052,0.035322764241371735
4,8828308035fffff,22.221660724539444,0.6826481274701357,0.5513475584171728,0.2608844645605063,0.8153254730678521,0.5273671864732227,0.03827094005586728
4,88283080e1fffff,21.45045310726993,0.5989411766002148,0.4253217578147388,0.3965050547896803,0.6592367871997171,0.6621313888216993,0.06426958927499583
4,8828309199fffff,21.891319013003297,0.5631278034548246,0.580389440811653,0.351601266950314,0.7081054061521077,0.6119486542604077,-0.08555488143859775
4,8828309195fffff,21.15878180234551,0.6331601074778073,0.5312862127751515,0.4290664506336789,0.7328418704055338,0.7061267897101016,-0.05002472414732076
4,8828309411fffff,21.883086629274274,0.64282159309656,0.6180379677449891,0.49159692348504636,0.6462893560380151,0.5513793612709493,0.04661266305836882
4,8828308241fffff,21.526584071239277,0.6102446289984923,0.6698946661603891,0.4668471947274585,0.7064289155853973,0.7141346324877427,-0.020227370938086957
4,882830941dfffff,21.78324839755811,0.5427148041274344,0.5977807378723283,0.3931172410448846,0.6119680206847451,0.5683216379585246,0.029943630958225685
4,8828308015fffff,21.809786710348916,0.6062278778977845,0.45814781232495494,0.3273263578655869,0.7996473754100542,0.6579061901883133,0.01095653897498798
4,8828308445fffff,22.062527987430588,0.6061987594812135,0.550284767589648,0.4425961952547233,0.6929702708272647,0.7253240609692345,0.0011188262845006744
4,8828309405fffff,21.55997762764826,0.516164910910378,0.6359951766150763,0.4387408231289034,0.7253136520803677,0.6045101281554788,-0.006637671119415499
4,882830945dfffff,20.357498118896366,0.598407533364704,0.5782800881274481,0.3842463369821617,0.6507967634540347,0.6695005458388124,-0.03891431151167141
4,8828309439fffff,22.306460463831357,0.6155160809984627,0.6436881941097305,0.5301982328588499,0.6728337430125062,0.5897379138628469,0.017210924911618762
4,8828308753fffff,20.83566963165543,0.6047960961326238,0.6045191940730374,0.38766091821402404,0.6130836180129836,0.7466201273826785,0.011760492517337434
4,882830844bfffff,21.833839702013012,0.5999433759672708,0.56120338359484,0.35452703993029283,0.732584438351284,0.5995149653096826,-0.0049942126769781815
4,882830862dfffff,20.428945011800135,0.5811134633904214,0.45399994638399627,0.36658631608967895,0.6713998041329395,0.7879059023468113,-0.06622133252365461
4,8828308719fffff,21.26623238517274,0.6370885472353335,0.5703341966922728,0.40958669434885736,0.6731903994696138,0.6547585066326632,-0.0335232265800779
4,8828308249fffff,21.511457057284336,0.5220018215299441,0.6497534790581276,0.3855565107686958,0.818311859166093,0.6372405895331071,0.004446762430949594
4,88283091d3fffff,22.17961983365515,0.6506436053925909,0.5081962245306655,0.41078379302359574,0.7186877406604413,0.626015228112319,-0.056404737212231174
4,88283080e7fffff,21.53967439546411,0.5874829485875165,0.6113054283375643,0.35964551764380487,0.6433377524342454,0.6071393847450578,0.070445229434869
4,8828308623fffff,20.882325079588355,0.5787411847512993,0.5781800119609839,0.3048836138495281,0.660987441593903,0.847385275898161,0.018603411151588974
4,8828308245fffff,21.105339349656045,0.6041228517091393,0.6883296887234215,0.5446822088962467,0.7947356979570275,0.5592971418776527,0.009505334920410434
4,882830844dfffff,21.588521758617333,0.572782991014998,0.5123747046294589,0.2598963118419936,0.6241521721168956,0.8068946431739151,0.033729410825937445
4,8828308713fffff,21.68962262179224,0.6332716524188327,0.5704326190412012,0.3369483743018565,0.6504315479095433,0.5645032651823993,0.08013825499329605
4,88283091d7fffff,22.35859717145204,0.6719391415246875,0.6291282005888197,0.293322598082435,0.6616068364548172,0.6010001202273714,-0.023331346616586115
4,8828309451fffff,20.7781980009133,0.6182723017229991,0.6019320775735247,0.3558743217424613,0.6441396274337223,0.6438779164140526,-0.011212279752453315
4,88283081ddfffff,21.146953557310493,0.6229957286721323,0.5735859149355332,0.2933886349910274,0.7219065396747297,0.5713007478058743,0.002423985564265593
4,8828309193fffff,21.07419446671216,0.601465206534306,0.6511745159988356,0.49053784651872173,0.8010503674509104,0.5984124117471755,0.09965468966232263
4,8828309457fffff,21.138875958385064,0.6257267543488768,0.6098984287073506,0.33857474876115834,0.7369354555056448,0.7104381854627199,0.020681997014489
4,8828308269fffff,20.510312470715725,0.6097086737065199,0.7321834915713383,0.41951421625588675,0.6824239436692722,0.616253582881039,0.023059515140037665
4,882830919bfffff,21.458005798650248,0.5782551667568373,0.5813735224369528,0.4624490481432852,0.7165600415987653,0.6858553661055251,-0.051976776194921845
4,8828309197fffff,20.763369399229866,0.6253470269216055,0.6478621595731794,0.4771071557043749,0.6899651848317818,0.6117702743410516,-0.0036228289562347227
4,88283080e5fffff,21.45578880274888,0.6218767489930187,0.5100572943353857,0.29843053274899767,0.7189332670652832,0.6707438674120937,-0.00024000611524719614
4,882830803bfffff,21.814222678127088,0.5518762632148919,0.5016275630935915,0.3853386734335538,0.7425309874745669,0.7044750672382979,0.0007146276411470914
4,882830863dfffff,20.931755091335145,0.5621670275381265,0.49642572471082347,0.3442583296598439,0.6615768406923931,0.7633042762997884,-0.10490204379737264
4,8828309447fffff,20.702323023512907,0.5904620527518736,0.5360469792106827,0.4507642727547268,0.6615681750356417,0.6720863446342918,-0.04556536560673494
4,8828309407fffff,21.9207215125092,0.6284046918903585,0.6657005130249819,0.4178715969645866,0.7578171256799283,0.5810413139301953,-0.0025460655945033816
4,8828308627fffff,21.040984755964118,0.5355365852684206,0.5443928931047072,0.329798325920894,0.6733768324739025,0.8027069207424212,0.02952162889706181
4,88283090a7fffff,21.537889250587146,0.5833665686164137,0.6091687698863214,0.31618320769858377,0.7632776323052722,0.5503120547384014,0.10936593038002482
4,88283090a1fffff,21.413237770863542,0.588718880358866,0.6155221801758889,0.4922388590233207,0.7020092552837546,0.6671310731596497,0.04155921465910935
4,8828309409fffff,20.909916630076818,0.6337556121511615,0.541570685938422,0.362383052412762,0.6849785801869019,0.654237622715421,-0.008698615310504289
4,8828308629fffff,20.165596284043904,0.6871165186252128,0.5385727183120166,0.40755591597906027,0.6137481886041585,0.8890566498575113,0.029188703221933256
4,8828308711fffff,21.340485127647348,0.642220593836949,0.5260963995225147,0.33608716447362924,0.7137205586886407,0.6117677837679204,-0.08749978521183424
4,88283081cbfffff,21.56362058057301,0.5622202303572856,0.49612834419353086,0.3285288720370898,0.6339120553879638,0.5508536397283678,-0.11025228537596161
4,882830940bfffff,21.272583874773048,0.5128014321804174,0.5980648166515418,0.503502725561587,0.7455198981717286,0.6813314893842418,0.05470017004747709
4,88283080e9fffff,21.185889746638125,0.6324762557161905,0.5585885196644752,0.3248044987506114,0.7238656359289503,0.6779328952076894,-0.038495575661842266
4,88283081dbfffff,21.308793369295355,0.5498620882151525,0.5211531309461108,0.2917112883739707,0.6888558035441642,0.7343070471347404,0.049425913246466856
4,8828309453fffff,21.213359117677445,0.6089857905715319,0.6157010771964737,0.4214868470461531,0.6743314788682071,0.569005864910821,-0.06148074813472283
4,882830871bfffff,21.249339151123525,0.6034535591784048,0.4657622427637201,0.3525810186550056,0.7098732861628834,0.8050239520593834,4.834021908793273e-05
4,882830862bfffff,20.430057630058272,0.5586671342696998,0.5204667945140969,0.35603004313661063,0.6986349868242604,0.8650701396496125,0.00482352505212339
4,882830919dfffff,21.80199834706629,0.5862245646022243,0.6171982907522151,0.3182307977316423,0.6592264081484228,0.6238513620220851,-0.07198523754408877
4,88283081d9fffff,21.37505383276808,0.6615498717438455,0.6574159799947715,0.37435544711810126,0.7347174254306846,0.7487533621339687,0.00037838546216304657
4,88283090a3fffff,21.352846296406877,0.6195513119307533,0.5708249145094084,0.3696453679049895,0.6055386278929237,0.6248540205810181,0.013337973779981024
4,8828308037fffff,21.71031223017697,0.5648655638366236,0.5301844735089146,0.24904470001133122,0.7596487103976653,0.5791077001368019,0.04788450709797994
4,882830824dfffff,21.30373663424851,0.6358780837754103,0.5971155247930063,0.4108692807767172,0.6769788625497914,0.6577089232830854,-0.0028462292918415935
4,8828309403fffff,21.960517539426114,0.6196117069212741,0.6431067134841335,0.41778513867595846,0.6899708910576297,0.7138171657570207,0.03253701318447321
4,8828309401fffff,21.540080787887533,0.5501173758741759,0.5912666153551419,0.42422427408986724,0.6161385150775361,0.7071019905287009,0.03328630313963603
4,8828309191fffff,21.34746174616745,0.5194028459170826,0.5950252973917,0.43899449745661123,0.6156293585565137,0.6661289846051266,0.047073149092981686
4,8828308039fffff,22.372058653267725,0.6638377342028461,0.6298846198445281,0.4380888060464283,0.6868234891367874,0.586579971032296,0.012936828196781363
4,8828308017fffff,21.17698839296054,0.6377288690416125,0.5277939953084013,0.3230264061902744,0.8335989279584461,0.6972399083528187,-0.03099657738468019
4,8828309443fffff,20.37708451634121,0.6121164217771343,0.5128125189326173,0.32395523285799355,0.7084725260970213,0.7642411572544267,-0.06496006074907444
4,88283080edfffff,21.50425582571089,0.6240097070050886,0.504245678976954,0.3560750317239417,0.6852866473736798,0.7547797428494577,0.04904302304410531
4,88283090a5fffff,21.749081908577498,0.6462797176170058,0.5656917995387277,0.43984105286491393,0.6703891840491397,0.6747918261661806,-0.003322526549635686
4,882830803dfffff,22.554737267550507,0.6394895799684246,0.5932940454143316,0.41388578777532803,0.7404855360926496,0.5456635023904511,0.028202901446927567
4,8828308031fffff,22.15692724507399,0.6219495768604166,0.5257962152634361,0.37091815125981475,0.7236675723761042,0.6924474852433207,-0.0370615440407978
4,8828309415fffff,22.306257236900237,0.5180160588977405,0.7189799143184351,0.5093061115093053,0.6586106542729965,0.5209722180645612,-0.09836564955018114
4,8828308625fffff,20.769664386594254,0.6279953445987483,0.5363970699163756,0.36519934610192384,0.673724764535274,0.8532867821368737,-0.07157852923590796
4,88283090adfffff,21.920558917506803,0.6040711460594395,0.47572923453005567,0.3355511542215379,0.649649741049939,0.8089275007716484,-0.06761883245274196
5,88283081d1fffff,19.985718280051376,0.6245791212975307,0.518040298491304,0.33629412156134464,0.6332505645090005,0.5918348805020913,0.0008388895310703394
5,8828309419fffff,20.013446947095634,0.5368656943337863,0.5745398346560282,0.45359203369785134,0.7215067358985829,0.6650107390809656,0.16680690187464597
5,882830940dfffff,19.994549568104546,0.6433024779097212,0.6269647307540891,0.38888695971141307,0.7450848585727851,0.6618881758229054,0.054572458675574094
5,8828308449fffff,19.954215351799302,0.5628250417646112,0.6848794882663753,0.2822518493730126,0.6519645418402898,0.714127008529294,0.19595352783982306
5,8828308441fffff,20.025491653813187,0.6448301672348745,0.5640568223995578,0.367532596535346,0.6097446577294835,0.7107888254741915,0.043368442109730225
5,8828309455fffff,19.990441088899033,0.6270162829634836,0.5033230254397211,0.3072849762323863,0.6875038941185547,0.755526782629481,0.02076654509516852
5,8828308621fffff,19.951636817552863,0.6175898298107697,0.43765163489954373,0.294150245933506,0.7050202471635745,0.8311361922119144,0.015486969705780368
5,8828308033fffff,19.98696949163546,0.5209203976223636,0.5190976123639963,0.28370867390648663,0.7091935349107861,0.6699587313007707,0.07437026418271443
5,8828308635fffff,20.01550857698957,0.5732485995986486,0.5865211307857678,0.36341681564075184,0.6445459353214659,0.7710187146386916,0.02715813054240493
5,8828308035fffff,20.07404572330725,0.5818765440442871,0.5397808934170094,0.3306333539016251,0.7335383949416883,0.5905583691179925,0.03123447759412249
5,88283080e1fffff,20.018059103213865,0.4406801367961727,0.5145319754316366,0.38823089427807284,0.6705882581080896,0.7068995222919755,0.0533946260952432
5,8828309199fffff,20.02448331147091,0.5592423276278968,0.5393747448917405,0.44618138403957425,0.6345350265956375,0.5594372995277428,0.06973507797922006
5,8828309195fffff,20.05331009535181,0.44851911901762176,0.6186783819526528,0.4102589061071979,0.6929598430358423,0.770115787280116,0.11680245616096671
5,8828309411fffff,19.93658134055386,0.5546817665814543,0.6683420711458923,0.36278746934650397,0.7040214821364891,0.5642788127261978,0.04210047911646635
5,8828308241fffff,19.983158571527614,0.5462854084145747,0.6915177415993621,0.4576371996133102,0.601172790950606,0.6510407714839018,-0.04148256346434011
5,882830941dfffff,19.98360550040876,0.449655463256592,0.5138161017662097,0.42464553969839747,0.6476446248179475,0.6402133444094061,-0.001374378906741934
5,8828308015fffff,19.976532568123872,0.4799058805983515,0.44331289754937303,0.3660266333921393,0.6407509528813738,0.731197726144701,0.017068029866919278
5,8828308445fffff,19.99260729981085,0.620685576510857,0.6083103239692557,0.30617090872769115,0.7181781944914392,0.5967016883677101,0.011928981704950811
5,8828309405fffff,19.945461867968085,0.4626574096846686,0.576336099712792,0.44076691953572306,0.6897753512678182,0.6862585628165992,0.10121492119677922
5,882830945dfffff,19.931493567838675,0.5620434821705032,0.49460638562337317,0.32892562868196246,0.7925164716469494,0.6995438943531584,-0.007766080319861287
5,8828309439fffff,19.93834593620906,0.5261270549125557,0.5274796010363475,0.5091458545698846,0.6610467058205781,0.4986971627061461,0.01126506923328073
5,8828308753fffff,20.009871471024816,0.5862967945348647,0.4723891036697344,0.3261718103496789,0.6319622852818038,0.7814718495039864,0.04243406892509938
5,882830844bfffff,19.991056428545683,0.5275191441414079,0.4959577223342638,0.2894167685391171,0.7579816729767898,0.7425946833942781,0.13347327093362268
5,882830862dfffff,20.05943605066506,0.5244008500403294,0.5488718436052575,0.29345958834360536,0.5891553488079737,0.7846107361844503,0.09978735200901931
5,8828308719fffff,20.0782959892507,0.5892477395317471,0.4100422322474733,0.2971205461195114,0.6542193407292934,0.8157523349714443,0.1103503361861446
5,8828308249fffff,20.029748143815638,0.5693664704405332,0.6062964699405877,0.378640502407607,0.7243651121163077,0.6092037039274619,0.01802883466188419
5,88283091d3fffff,20.007085363470484,0.45757235263941964,0.5645356232431845,0.36140342165415124,0.6610384527724567,0.6729654255570355,-0.016269101264366106
5,88283080e7fffff,19.988401162997896,0.6036348688138674,0.5736967604918664,0.2728025349847567,0.6900740863141802,0.625269950708079,-0.03412105924408808
5,8828308623fffff,19.960011469554818,0.6106183444769642,0.5201437556017834,0.27106700997384026,0.65255170180914,0.7582415741448285,0.059013827727972534
5,8828308245fffff,19.949852506637995,0.49727439676166796,0.5460965010897976,0.5063658531966492,0.703728317281634,0.5939727937660086,-0.02619546577896669
5,882830844dfffff,20.071250382095016,0.549678530886765,0.5347262836823266,0.30525386304700425,0.7216587388500938,0.797875972865273,0.08068615211673441
5,8828308713fffff,19.954711129725005,0.6132487976527502,0.5648069138223341,0.37774069897009166,0.5895673565097986,0.6725386559690079,0.019459032800292257
5,88283091d7fffff,20.03760349110753,0.5893795215101165,0.5090325301632688,0.3477545691547561,0.6673488756815469,0.6554490538794538,0.011836913853814808
5,8828309451fffff,19.98069908401038,0.6021518935868427,0.584337711359541,0.38507060575378316,0.7646556814502486,0.7660007203026618,0.006478435800005414
5,88283081ddfffff,19.914934130196038,0.6234331113622998,0.5777585830845511,0.36504087040598404,0.8071766686025361,0.56445579908986,0.025448226690517554
5,8828309193fffff,19.988354664217113,0.6047673802626141,0.6215362548703965,0.3721874118958994,0.7504830986628596,0.655499538262209,0.03268685090866649
5,8828309457fffff,19.887418381451734,0.459050431983043,0.5328855928138434,0.4670045849700287,0.6446419774273543,0.7200282942945684,-0.026304618832347942
5,8828308269fffff,20.050147753870814,0.5240313061484702,0.6342511034292682,0.5520496585210998,0.7479748763078368,0.6901674548123946,0.06523205770558542
5,882830919bfffff,20.08390782140065,0.53796723510179,0.4860861167121843,0.390879057114333,0.7507699043832053,0.5806289670715119,0.0759397638048459
5,8828309197fffff,20.01298813655077,0.5351835200039683,0.6455972857210447,0.4161150329470514,0.652220773930975,0.5482019814941135,0.10539264264640699
5,88283080e5fffff,20.045531924183397,0.502125123552861,0.5134881656182471,0.2859776941723514,0.6605558719326502,0.69684000167302,-0.09841626557055963
5,882830803bfffff,20.082708255960224,0.600740158184,0.5305548573740024,0.32788407073558384,0.6124335463980648,0.6646867074597699,0.025009222790019547
5,882830863dfffff,20.020135175407834,0.5474840107938265,0.4578642634112505,0.3423747126671647,0.7196689940677812,0.7997961498348377,0.08496368273991627
5,8828309447fffff,20.02678297494211,0.540393646310013,0.6400162425791084,0.38202982878072195,0.7806090248293074,0.7413581959798561,0.029009863291812384
5,8828309407fffff,20.0240124160162,0.508296452301691,0.5570185597226962,0.4416877535941299,0.6491755064647894,0.619459575122006,0.02687609679085118
5,8828308627fffff,20.017642157803284,0.5035412666715446,0.48419516148290254,0.3937163466905378,0.6184898702048137,0.8686310589713309,0.06807988587615012
5,88283090a7fffff,20.016296363564205,0.48846627293022454,0.6386171787172048,0.47701300300949984,0.7098690993788531,0.6364223749667172,0.05128219969810651
5,88283090a1fffff,20.141019908365642,0.5873399719081602,0.6037395870069997,0.38265077394095554,0.6655198875352877,0.7643903181963129,0.1354366951203146
5,8828309409fffff,20.02217052360255,0.5730297070524352,0.5244157009558532,0.3509172886455292,0.6799747105486045,0.7266484047114046,0.07095680621926942
5,8828308629fffff,19.97284182886625,0.5216091581436325,0.34359484053524636,0.31306236416901334,0.6571258012955575,0.9427137353605297,0.00885257085228807
5,8828308711fffff,20.065993071189833,0.6005626824131717,0.5699218451979279,0.3635515839429541,0.6787579877305595,0.7042729607068797,0.09472560320302598
5,88283081cbfffff,20.025264773651188,0.584706472784889,0.5382658446853892,0.2488151324978331,0.7080617521170783,0.6635107118326681,0.09934622084129621
5,882830940bfffff,19.992357755310202,0.5355262001225845,0.6262270912788155,0.41399955690119006,0.7007872067684449,0.7110470143600587,0.10139769142296358
5,88283080e9fffff,19.966618003025552,0.4593980808444902,0.5214317039342925,0.34607873034304476,0.7098132292727137,0.7185733817680497,0.020213719188236088
5,88283081dbfffff,19.959255217625557,0.5628606336617799,0.43794140802527515,0.19418904491779415,0.6783986782865317,0.60541404533815,-0.0070492879259189374
5,8828309453fffff,19.886684664260223,0.5492302458751936,0.4872730416073701,0.29966694510173786,0.6839997790215666,0.7363806467224833,0.10317098725326773
5,882830871bfffff,20.023873894449324,0.5127089332893033,0.5461610041388801,0.24006264034240177,0.7089822786436,0.7774511475251673,0.12359701097626595
5,882830862bfffff,19.938902059671687,0.5594954742599012,0.48935661227353683,0.3450918296326324,0.6503817552645937,0.8365443994324753,0.10806235705705416
5,882830919dfffff,19.993268629214214,0.5427727121460377,0.5060312133853039,0.37036194757747265,0.7056276214756287,0.6032002824634723,0.0044856255484592295
5,88283081d9fffff,20.002933368983296,0.5826247333749829,0.47272243847941253,0.310520331790163,0.6871712443016689,0.6311512845682897,-0.012688235069782946
5,88283090a3fffff,20.025471744064,0.5698352635567421,0.5844601293853124,0.3756217381842217,0.6760163420653222,0.7479034514541716,-0.0009452829093834353
5,8828308037fffff,20.04030374291888,0.5694601818298591,0.541499977297927,0.30678327068522554,0.705129206171695,0.6310623297630358,0.021953126544732544
5,882830824dfffff,20.084095988709304,0.4705243546730921,0.6219733430078607,0.3385036785996793,0.7309354909349471,0.6702967465344534,0.08536589479859802
5,8828309403fffff,20.081088213674683,0.5400834171593013,0.48486493868118963,0.4351994245285096,0.6966553259763324,0.6512364369476413,0.06693865691387033
5,8828309401fffff,20.022725398257453,0.6434317151409157,0.5280840358015889,0.36385897749401536,0.7772268211971464,0.6155050544173645,0.0007074477014613334
5,8828309191fffff,19.953334425255285,0.5584864191773651,0.5791729980775507,0.38801775758041684,0.6924972455889243,0.6889897758293864,0.0328963405180505
5,8828308039fffff,20.000251719267478,0.5287946546094506,0.598208662073838,0.3785777669712054,0.686334992236989,0.5739472747802856,0.02791980995838754
5,8828308017fffff,20.094819592850268,0.4752861838329912,0.5877905682529111,0.3759024328407785,0.6853674631168587,0.7192633653800413,0.054236105640859185
5,8828309443fffff,19.954291764458233,0.6007414234014418,0.5324796080382441,0.3932969479140142,0.7841435975993161,0.740605223238745,0.0013071610177865945
5,88283080edfffff,19.932417392083476,0.5576184909090686,0.5191954176431368,0.3405806860821717,0.7378070515710056,0.6629179324924127,0.034439616684424176
5,88283090a5fffff,20.016223240961757,0.6030662223592247,0.48523258410848574,0.41638048405506,0.667570393805588,0.6859807456518966,0.11197194183873238
5,882830803dfffff,19.90897782284615,0.5309530919566222,0.5249606880349917,0.37125966373421865,0.6979570698410532,0.5430897330152885,0.03700394953559792
5,8828308031fffff,19.946927680666512,0.5417625560737752,0.5161937703697248,0.26319287248776196,0.7084469320805373,0.6166258540313947,0.011515996285698729
5,8828309415fffff,19.954552798656938,0.476277634645145,0.560925574510958,0.4797590733368297,0.5803971985837633,0.5999414835968004,0.036918637016111394
5,8828308625fffff,19.96964620573152,0.5492627964623882,0.46645878643970295,0.3154928407038441,0.6336892874713591,0.8064326173358167,0.09492839549819686
5,88283090adfffff,20.034444860857445,0.5552218282656766,0.5628841413312236,0.2873627991382731,0.6567147072063485,0.7600237355303207,0.01577949477921313
6,88283081d1fffff,19.028420744486464,0.567716006823592,0.5688628980764224,0.48057936653848293,0.747056965279665,0.7431959379589448,0.05948786831996289
6,8828309419fffff,18.44894057521876,0.4901269058740964,0.4603614328596216,0.4558080377616976,0.5862366058528989,0.6106340221222584,-0.057155715133038805
6,882830940dfffff,18.753136805265026,0.5606829694648026,0.5012440378074098,0.5073719434122269,0.673142796622357,0.6103526474194237,-0.03391372235905322
6,8828308449fffff,18.57056161610778,0.5131126981385389,0.4977089877106349,0.42420219144625093,0.6648389994636098,0.7348101556048198,0.0002549470765394989
6,8828308441fffff,17.929067019886684,0.5945277332275631,0.5210081558458179,0.46604170964124625,0.6247475746163593,0.748173917606385,-0.05698184835301138
6,8828309455fffff,19.289556246178886,0.5419951427763058,0.5242369197698371,0.5189200310245883,0.7256549182258878,0.6311576049455697,-0.013390298093776972
6,8828308621fffff,19.463582490616982,0.5639159762231549,0.4954388887064063,0.4486580986848448,0.5889137818010847,0.6832227227625142,0.004243773388997861
6,8828308033fffff,18.225873806106502,0.3805581043430501,0.5292975790165658,0.4969231435733908,0.7230311140809202,0.8100760604505026,0.0071744700058488575
6,8828308635fffff,18.676234881243197,0.5066521675145476,0.5021890815378328,0.5094504965401847,0.6801371651271467,0.7598765564997673,0.003862730633096183
6,8828308035fffff,17.786716043533744,0.5223159352798646,0.6043194772699494,0.5013637958334768,0.6210671780594705,0.6525736256502106,-0.04811079720217285
6,88283080e1fffff,18.60032314019103,0.3851380790886013,0.489400232732175,0.5426337070660712,0.6877896879757109,0.7301458737982109,-0.07800319544063229
6,8828309199fffff,18.1040820102898,0.4510393928672882,0.46836929151879764,0.46615881339688603,0.7076641887701608,0.6198066528095295,0.0468880123140998
6,8828309195fffff,18.837303265068233,0.4910496773055533,0.46285740901854744,0.49523552727683934,0.6199514777532922,0.6173645255539887,-0.030321077477272838
6,8828309411fffff,17.933129274260185,0.5828796343609004,0.45783004584290765,0.5659777956195372,0.7680250134015932,0.5590299906568192,-0.005551220016704445
6,8828308241fffff,18.46877622281008,0.5228978051298081,0.4993290371625531,0.4633382546003011,0.7812172077511363,0.5485266531671199,-0.038716340888377755
6,882830941dfffff,18.368432875032134,0.5586226179310323,0.5376724702424986,0.4225917646470867,0.6843595955027953,0.6105792056024744,0.002751963224470888
6,8828308015fffff,18.225305650767634,0.47378493309313063,0.47251243354761296,0.4631180059572685,0.6381699015681496,0.6798776563008219,0.03426636911548464
6,8828308445fffff,17.93983464089928,0.6226289849740196,0.5051597902752902,0.43697098973512044,0.6306402817690748,0.6529141267717715,0.009972169917886704
6,8828309405fffff,18.445573730252416,0.5279927639493862,0.48546444119113596,0.49361906780601333,0.6181423584564638,0.6370561807886893,0.06661668401014353
6,882830945dfffff,19.659369006251598,0.4623231525281944,0.405602827376957,0.45132388780587956,0.6853763425353547,0.7016296161970468,0.06180791583456825
6,8828309439fffff,17.556826497943383,0.49500776061224916,0.44857830916169095,0.5406166255007185,0.624903434111537,0.5494800378319304,0.002190513024854598
6,8828308753fffff,19.04780298667966,0.5368762791902084,0.478992195735481,0.45535040468305477,0.60611679687483,0.7425438097056556,-0.08127546677929916
6,882830844bfffff,18.107522050842473,0.5604178670377193,0.5002160095056336,0.5019024356411826,0.6463476474892099,0.7435751277880224,-0.021582427010374876
6,882830862dfffff,19.65884168766281,0.4224078282682606,0.47970733533724896,0.60516476221557,0.5694779551320756,0.7341237462756159,0.024337543166347723
6,8828308719fffff,18.734749149624488,0.5372066806195038,0.46258486044966973,0.5028107614457924,0.6111970124393145,0.6502955659690782,0.050690407361043445
6,8828308249fffff,18.49998948642933,0.4746238496367966,0.542794467729984,0.4471483198081634,0.6382868655831364,0.6498638015290737,-0.07175333860660314
6,88283091d3fffff,17.80568017540663,0.4561530251950715,0.478870830594336,0.3900729710921866,0.6860272527440194,0.6148757764031372,0.015646561220544454
6,88283080e7fffff,18.42657884743806,0.47872131881527075,0.5119247140622755,0.5674464842386184,0.6608729132967475,0.6205525798879427,-0.060698980405639175
6,8828308623fffff,19.14261128909341,0.517075739502752,0.5028849472883835,0.45465206532566277,0.6828671984857527,0.8214216906595615,0.03554444274569979
6,8828308245fffff,18.981936024687496,0.48613208403207936,0.3976673162480634,0.5255612527695316,0.6544570135250375,0.5860295533381032,0.019024383393172813
6,882830844dfffff,18.351373118137158,0.502999620854208,0.5328185586413555,0.44093662899871944,0.6406607585870664,0.7579073503483857,0.00639244830517741
6,8828308713fffff,18.379519614867522,0.5465250257977156,0.46760532900091195,0.44684445407805484,0.7918989079852531,0.6480031487533783,-0.013035911809912409
6,88283091d7fffff,17.72888716845693,0.47089930818512593,0.5757181524958711,0.5142062582839355,0.7456846960454269,0.5905274241322825,-0.0015413204577152957
6,8828309451fffff,19.18683957791598,0.5482525094754571,0.5145490159094072,0.458794877305505,0.6120447886755608,0.6205659929289642,0.0613546524059093
6,88283081ddfffff,18.800718095589442,0.532610208841851,0.5288995426017895,0.477753754576592,0.5545590017580828,0.6820311532874839,-0.11653049466980304
6,8828309193fffff,18.955119156155195,0.4377583918695925,0.5501052506406667,0.472449127684403,0.5796932993724575,0.6571734203382634,-0.025992881802682343
6,8828309457fffff,18.86100231071905,0.5055275318389802,0.5222534478187045,0.4782397036352621,0.5974942090630697,0.697616521046671,0.02641085401139953
6,8828308269fffff,19.4088416688838,0.37338023467053416,0.5100866103179112,0.43615082702989366,0.6170324570430401,0.6515023629987807,-0.02396360082111168
6,882830919bfffff,18.518974189005885,0.477164876027268,0.5328191762133466,0.5065224233778546,0.619140066924129,0.6936175186538825,0.026455459506887647
6,8828309197fffff,19.244056904718327,0.4943154997578751,0.4738218805565787,0.5044377681319491,0.6772134810436512,0.6742048567529354,0.015102916429945523
6,88283080e5fffff,18.555834493643257,0.48657393342396643,0.4016446560077959,0.5430331682645316,0.7658512364157594,0.6326796519021741,-0.02393856085366761
6,882830803bfffff,18.079511941074127,0.5307492642833542,0.45020036753014125,0.4839452616535336,0.5796741785468579,0.6637214940133288,0.0214493157760082
6,882830863dfffff,19.050548754602907,0.48026309988671945,0.4992576804521044,0.37413839020462164,0.6804786636822269,0.8164133472679791,-0.01520787079189727
6,8828309447fffff,19.30811788066111,0.5422985013698004,0.5226586523521467,0.5971096072771367,0.6982739012414316,0.7240279373224935,0.020758460956428974
6,8828309407fffff,18.16249946704845,0.4451070066852684,0.5620182056035439,0.42693471626713836,0.6712240803989552,0.5901827750635867,0.015277154489391076
6,8828308627fffff,18.97213344041282,0.5402359278095141,0.5516855124728094,0.4985610145912282,0.6756176879909497,0.8620034402298803,-0.033297053865704286
6,88283090a7fffff,18.436762775637163,0.39184222418397796,0.5133364525778876,0.396524740161674,0.6401939062478869,0.5537670689628466,0.0739763976311985
6,88283090a1fffff,18.488633772798746,0.43484242382725025,0.5298935429208625,0.5193330993224479,0.6297663579118782,0.72181526715439,-0.012237504361461676
6,8828309409fffff,19.107104048078543,0.45467295852742184,0.35555124649122466,0.49763829830813056,0.6527795366080135,0.7526746850956755,0.0482439960369406
6,8828308629fffff,19.741374467850722,0.4541275105157965,0.43516973638356166,0.3922926152113926,0.5944457985214461,0.8535314469350431,0.031942953764189236
6,8828308711fffff,18.59487453809686,0.5215283575026951,0.5174429554537378,0.46802045361941547,0.6643262774550716,0.7591609575059635,0.009594395013781407
6,88283081cbfffff,18.471573396647205,0.5940974627296967,0.46381807056676133,0.44368742298059194,0.6604095461481745,0.4732778808255605,-0.05646597155019907
6,882830940bfffff,18.630324868226403,0.4934505822076575,0.4531395902074057,0.38388528826664736,0.6495803692049786,0.6295835603502596,0.011627212809161598
6,88283080e9fffff,18.88220189003489,0.40776289434032914,0.5381163351714695,0.5074426563971297,0.6678029701075222,0.7262525688552741,0.10817452564583763
6,88283081dbfffff,18.747502730734443,0.46064072900049635,0.47753176249370743,0.5098220931478623,0.6147597967705064,0.6788794057865527,-0.0748324707442302
6,8828309453fffff,18.77667563027368,0.5464484901550586,0.5971719101800624,0.5627226723928551,0.7087525127140095,0.6719122004238579,-0.050679178471706
6,882830871bfffff,18.75112772288501,0.5595446434724576,0.4885633799832026,0.46093049868051383,0.712020218167449,0.7880792315127272,0.05605945229361317
6,882830862bfffff,19.526810224043423,0.47317246566593396,0.42375532635054647,0.5198100951738558,0.7058833744135672,0.9064616014520264,-0.01833475214498194
6,882830919dfffff,18.231265285372217,0.5232684300841122,0.4815817487874378,0.4570197360700495,0.705132317474211,0.6028828620350081,-0.006401915733362685
6,88283081d9fffff,18.65891984241003,0.5495620433231392,0.411629512087667,0.4338462181794521,0.6712810917196796,0.6668922149086869,-0.06337769292422772
6,88283090a3fffff,18.613332101753574,0.45885085458827735,0.4598616620911672,0.5428390219232213,0.5445760320018671,0.6375590553402937,-0.0626651678109497
6,8828308037fffff,18.25102704354655,0.4607151251653968,0.5048050273337246,0.4075002423075559,0.6121624571735494,0.5194504190536564,0.06260129415976225
6,882830824dfffff,18.68513228995582,0.5041951277904758,0.4554655918202034,0.5438266921191829,0.6612553578145488,0.6288021871506022,0.025348153995872577
6,8828309403fffff,18.151141594134195,0.4726497405148582,0.48279508095467594,0.3836259936348433,0.7391905144113968,0.5783983829498733,-0.03133662798986172
6,8828309401fffff,18.594999410240977,0.5458458666296963,0.5255154627652769,0.6325505989411505,0.6973019809161181,0.6567874452494354,0.011788559954896964
6,8828309191fffff,18.67257113106335,0.4847662878821371,0.4474137684592337,0.48793987681212847,0.7527479920127133,0.6870131624252436,0.04462460081934698
6,8828308039fffff,17.637616943753834,0.4610241961775725,0.5534814423872899,0.5104133717442033,0.6844264368276953,0.6680239860877565,-0.051216654086705365
6,8828308017fffff,18.635497018914933,0.49508428662371035,0.46366303625827804,0.47678163139969676,0.7301981933892705,0.6421636936098516,-0.05385931414807309
6,8828309443fffff,19.564882283675537,0.5381441740826481,0.5027326246398703,0.5881551229918756,0.6514468042621643,0.7191725575151243,0.06430410922052703
6,88283080edfffff,18.44080092651964,0.4947971480160838,0.49658463954426163,0.5367324255264234,0.7285787133792925,0.6574819282928457,0.0388034225380759
6,88283090a5fffff,18.195836262117513,0.5028032225862291,0.4880388126213348,0.41552778577648974,0.5875759885167335,0.6507232618846627,0.00252624417647144
6,882830803dfffff,17.395590736321783,0.4884959464803621,0.5053191744251676,0.5205528826374135,0.5763607605719426,0.598246048299107,-0.006705630506793638
6,8828308031fffff,17.971185369353393,0.44987223137618004,0.49792842858164466,0.5041659138313747,0.7066515507229549,0.6177109072069706,-0.01951730913483183
6,8828309415fffff,17.808518787690822,0.474428335780751,0.45727437565783385,0.5318431032651864,0.5292373802953001,0.6043361102598968,-0.03841260324589371
6,8828308625fffff,19.15504464333371,0.48877987745508317,0.47910730273093693,0.40610510868068006,0.5911773332690831,0.8307335779645237,-0.03719792096788614
6,88283090adfffff,18.022595687610753,0.46973543666038586,0.5191094685044273,0.4562604759566467,0.6290368551772945,0.6393588027202295,0.028766688270693137
7,88283081d1fffff,18.49391862911085,0.5087891042190691,0.39943475555950136,0.5802632749526342,0.6501456197229439,0.5420726569904912,-0.060414153716068945
7,8828309419fffff,17.49117921331289,0.5428709139373383,0.4600893398432799,0.5046560637666963,0.6740272847901145,0.5824429986010413,-0.1658636842450565
7,882830940dfffff,17.996170734405002,0.5589542193252677,0.45916575394778775,0.608502355927229,0.542538199277905,0.672414417755389,-0.14171198737985166
7,8828308449fffff,17.582397996809913,0.5618579996498947,0.5608777022470629,0.6779146469443298,0.5647441931716461,0.6957312486503384,-0.07900758822209103
7,8828308441fffff,16.638432087165498,0.4882044424005166,0.5124087546135014,0.5717879641519494,0.6759844264782121,0.6912191362956579,-0.07905545468152377
7,8828309455fffff,18.73828117835149,0.49424687478019624,0.45591341095628607,0.5485091853440033,0.5431593082668077,0.5832330865307853,-0.06894877373595923
7,8828308621fffff,19.238969803564462,0.5768712699808825,0.4229554269331462,0.6605767918230554,0.6409001901470389,0.8370341084339543,-0.12007887873103165
7,8828308033fffff,17.278733247134,0.4872685519857653,0.5084460231016299,0.6166177602067328,0.5539671520013024,0.629521647402603,-0.06765923189217397
7,8828308635fffff,17.938424712584748,0.5500645464427014,0.49802457528063965,0.7207447962455835,0.6395841355426134,0.7926975560740313,-0.08911473543540503
7,8828308035fffff,16.45701952471692,0.5120914336543845,0.404363972458177,0.6315893300406501,0.5967103540667997,0.6569240034277718,-0.13705776550691004
7,88283080e1fffff,17.718755803656254,0.6211550580486433,0.49434926114460465,0.6960189235245455,0.626545678624856,0.6641011765816827,-0.021584658107045428
7,8828309199fffff,16.903569905990942,0.520796748442943,0.42194446486515674,0.63408528063498,0.624761692954385,0.5307417584103569,-0.06492024516983273
7,8828309195fffff,18.095077040041854,0.4927103675664144,0.31520712685974633,0.6016400384026808,0.7299715872859863,0.6087494538837216,-0.09008481070118327
7,8828309411fffff,16.87177470281938,0.5457253406680413,0.5180565041391052,0.6459261524070667,0.7039047463483119,0.6080026584407489,-0.05358216349336258
7,8828308241fffff,17.63001596942067,0.5935127148207506,0.34045035883137437,0.5461372385446993,0.5999110934662336,0.5735713375530863,0.052330115705067834
7,882830941dfffff,17.246292170553644,0.5158051745362427,0.4242591707549973,0.5008636907095961,0.6029991766198454,0.5638895826584944,-0.016369211281985915
7,8828308015fffff,17.17267123829065,0.5288623122369516,0.5311682139280617,0.49261653192262017,0.60790024467302,0.5924159001069274,0.01288936626551266
7,8828308445fffff,16.637016182853312,0.5968307502813831,0.45386205148549363,0.6718452017063918,0.7525977095525626,0.6528098485875788,-0.02210315046380805
7,8828309405fffff,17.55718999377516,0.5733950209894617,0.4694074592980153,0.6488124993584987,0.692340956628922,0.6435600354576916,-0.017947465712874956
7,882830945dfffff,19.394433813137642,0.5437885254570061,0.4606516809657343,0.5736616264833856,0.6369550850806946,0.7990135040409497,-0.02223215072703711
7,8828309439fffff,16.19700270133314,0.511155384429937,0.32249783141523986,0.5174535071017174,0.6058566472335506,0.5113383239929042,-0.03646206921937621
7,8828308753fffff,18.62121703357771,0.5346557708280422,0.3940304790089644,0.6409577582136254,0.6427293217672319,0.7816141071166679,-0.04060377897801412
7,882830844bfffff,17.003997320760387,0.5799696968127627,0.43986972792215495,0.7024068964436301,0.5651132186095544,0.6653924697462632,-0.07615580867443508
7,882830862dfffff,19.33744922993247,0.47841743503792,0.37857780622239456,0.55632265958429,0.5788380924194584,0.8060561483298521,-0.08241695035575818
7,8828308719fffff,17.895502658491278,0.5005863086271665,0.46912274151994227,0.5291095571369482,0.5849319444559326,0.7338995952169057,-0.11438439393117303
7,8828308249fffff,17.59078806923994,0.5368109755411401,0.5134947194840511,0.6073257572331002,0.5653306947909816,0.5887593256444885,-0.01986451941605342
7,88283091d3fffff,16.31764629140664,0.5458981404502005,0.3983635137319186,0.5889338246679049,0.5880618959638079,0.5846935014728623,-0.07164709105446176
7,88283080e7fffff,17.49212454466341,0.5152238149718579,0.4579371731907803,0.6451886831764415,0.6365716524585646,0.6413178110268117,-0.00402553888479611
7,8828308623fffff,18.55607137453724,0.5150478325923052,0.5772663322041437,0.632982509400913,0.6837280538538463,0.7264937741002752,-0.12182065866339181
7,8828308245fffff,18.31164277271306,0.589780481741054,0.3559455920346999,0.5276291007383371,0.622536935175953,0.6122445871157626,0.01451221328866055
7,882830844dfffff,17.369789346053125,0.5829651889629116,0.521723430746412,0.579539036732082,0.6796018065934385,0.7054890007380741,-0.02471445901487722
7,8828308713fffff,17.31979917007975,0.6002563746683843,0.5131827898235927,0.5637944632674291,0.6425871008968033,0.667162946252084,-0.07203236494905393
7,88283091d7fffff,16.210171897485306,0.5386960239663544,0.5282758550732547,0.6739915018261826,0.5395022733011924,0.6125940271994448,-0.1595422593677029
7,8828309451fffff,18.738297036930526,0.5456094677151763,0.434980243878834,0.6270629705899353,0.6510305770825218,0.6380354345440141,-0.04033638725441416
7,88283081ddfffff,18.120424556619525,0.5671731684266305,0.3938042712801402,0.6369342534806268,0.6284291914920449,0.5437844186131157,-0.03863236878707371
7,8828309193fffff,18.302519552582268,0.5503842461086335,0.44076955934735657,0.47832747888990557,0.6038414261939222,0.6082147962237482,-0.08790011307452109
7,8828309457fffff,18.11026947242875,0.551113279402745,0.42610281001821926,0.5379958424919954,0.6159587672011829,0.6386684235374106,-0.09113867914828515
7,8828308269fffff,18.997636070252096,0.40151390236311535,0.37064416089152763,0.5403085969608757,0.60444355981932,0.6201094446717808,-0.17851840793588852
7,882830919bfffff,17.574806272075392,0.4942502242109323,0.39227829584812407,0.5768026145858229,0.6251547827645056,0.6984488837588124,-0.025678303754062513
7,8828309197fffff,18.770042847119544,0.4458833600443523,0.39264731159637545,0.47412208738657363,0.727800694376823,0.711775885597825,-0.08255187748367226
7,88283080e5fffff,17.635663991590587,0.45297175912559223,0.4720303152842591,0.5795444221139201,0.6404141961443757,0.6198098212762782,-0.0012761696089351499
7,882830803bfffff,17.047826903854702,0.36994609110004717,0.5120296126336368,0.599568680897044,0.615336733073529,0.7492209987836685,-0.016513845504901193
7,882830863dfffff,18.537591014534765,0.5656600163498784,0.4278125959996273,0.5835290626429905,0.5641179122655369,0.6914750401081704,-0.015486286366345893
7,8828309447fffff,18.925855018916042,0.5645725084645995,0.5002701942454947,0.5773822022026934,0.6620325896083555,0.5898310569491192,0.009006372945030074
7,8828309407fffff,16.819957557616807,0.522729692172595,0.3828743041976689,0.52640818168545,0.6678388832913178,0.5638363660659064,-0.09106151913203886
7,8828308627fffff,18.30577813969768,0.5578957142680501,0.48278644263936643,0.5117706333571069,0.5336396966110403,0.7888216739963722,-0.07699185642186217
7,88283090a7fffff,17.60458788826608,0.5474017973779559,0.47520029315730383,0.5741519071786394,0.6473465722443074,0.6351786097067408,-0.0645965420313534
7,88283090a1fffff,17.61346919280227,0.6181128085766802,0.45287247408047204,0.545862285460162,0.6207836957540245,0.6817467428522013,-0.1174749612092475
7,8828309409fffff,18.534865146364453,0.5950823892524768,0.4737713319874334,0.6209553727754114,0.5953549454543003,0.591510400467378,-0.06283574935676316
7,8828308629fffff,19.690017001581392,0.5396585631746991,0.5074178240936978,0.5524629398058583,0.6236641547397601,0.7660369475628002,0.026740584411423518
7,8828308711fffff,17.680941844779284,0.5786446368370495,0.4685999224604787,0.5942346796009179,0.5333879547822169,0.6690320214185181,-0.006024722708850766
7,88283081cbfffff,17.417435692290763,0.6211829113430706,0.4798288225223663,0.6413028396587331,0.6256995461158269,0.4922375099712454,-0.07795721899778317
7,882830940bfffff,17.966031933347644,0.5624809312938821,0.4477734516622619,0.6609632890712981,0.6984434545436067,0.6655489193766423,-0.020146738546709255
7,88283080e9fffff,18.268856676469426,0.5450534261361522,0.495955611089424,0.5415643206076135,0.6478691808788207,0.6143380740504214,-0.04577365852358127
7,88283081dbfffff,17.954995470040657,0.5013018660010511,0.46769467913554225,0.5910506920919989,0.6194300334925067,0.6821042858764702,0.006446488779952597
7,8828309453fffff,18.11317583778978,0.5351351745225774,0.3942477842626769,0.6259557644308866,0.5911863547548833,0.6631829053896083,-0.032954104480382614
7,882830871bfffff,17.895887488693933,0.6035674108895633,0.44293033526056225,0.6634248163068163,0.5962404527361761,0.7072146657810483,-0.14953615374390158
7,882830862bfffff,19.272246053866354,0.48857156382802036,0.5257587479933913,0.6802377543355299,0.6901161381714261,0.810167822060863,0.02254611787815909
7,882830919dfffff,17.152772507673685,0.4878989884806,0.43527478631126443,0.5233331938566048,0.709799675350965,0.6971736570038306,-0.008894149324512157
7,88283081d9fffff,17.793817649666742,0.6044226646353837,0.4810916383856361,0.6481392188639273,0.5406317232783527,0.6575669168213967,0.009738289932434127
7,88283090a3fffff,17.748468564930498,0.47705513609900596,0.4692035917120432,0.5868684180679065,0.6059087370886509,0.6054763207322653,-0.072489137190876
7,8828308037fffff,17.22612430471854,0.586712815217023,0.4870266951606352,0.618170953515285,0.6363598772908475,0.6078299850089077,-0.07133822869644202
7,882830824dfffff,17.81276533864755,0.47630030366032866,0.4308830037283168,0.5361982822914338,0.6970535525635584,0.588701962206859,-0.031317728696604825
7,8828309403fffff,16.96761509746593,0.5297713793394587,0.3314587030531102,0.6083508187023439,0.4932639992388057,0.5089643026907162,-0.0019018532516540954
7,8828309401fffff,17.765834579430795,0.5347030459408592,0.45447376320391564,0.5229201848843839,0.6498439363420978,0.6853005483410286,-0.14635430338010372
7,8828309191fffff,17.72688533498768,0.582624909432944,0.3819539443179265,0.6153193901136518,0.6020006731615135,0.661836193971738,-0.027038138655944087
7,8828308039fffff,16.19655446803828,0.49110818466444983,0.4835099244103274,0.5824375716955421,0.6708255370088552,0.6183123615806271,-0.06432778027799521
7,8828308017fffff,17.78640533539366,0.5169451909323313,0.4665580308178646,0.6046351846500698,0.6221522267609808,0.6976142735825517,-0.0311265212425124
7,8828309443fffff,19.364790434003346,0.5103956280054341,0.4809633869890454,0.5574740240095543,0.6141089974116944,0.6345646350462009,-0.02811068151598693
7,88283080edfffff,17.594647256434182,0.5651639962194687,0.5530289905514207,0.5811125810908868,0.6964176193507651,0.6624769363382157,-0.01122836379833314
7,88283090a5fffff,17.19789718636118,0.5878269143741108,0.36852679123179133,0.5296293044990908,0.6126904605238608,0.6123914571747723,-0.022266666706845156
7,882830803dfffff,15.899060824166297,0.48962081658433027,0.4464818753058441,0.5890005519004646,0.6526571445223597,0.5422021843927416,0.021060753692922353
7,8828308031fffff,16.55948719457487,0.5055734344856287,0.451641233749033,0.6162069875423323,0.6404945647158395,0.5701491029418845,-0.12632605615842674
7,8828309415fffff,16.27974424230461,0.4070254776442948,0.3937056390312604,0.5887669914174453,0.6437677509714748,0.5789078549153375,-0.04028569994285057
7,8828308625fffff,18.62942352568162,0.5225706936765475,0.49188122160758263,0.6476117317615443,0.6464497142499003,0.7812481080580581,-0.020297133538686764
7,88283090adfffff,16.895431001416142,0.5789920997178662,0.466517140711734,0.5415045075115789,0.601754471681218,0.7073742217564499,-0.19269547465236575
8,88283081d1fffff,18.446591056074208,0.6057324492648819,0.46398455890186746,0.6544327662626095,0.5817250704851809,0.6297839708146566,-0.048354219686620833
8,8828309419fffff,17.63652679064931,0.6162427518439973,0.30161959384082015,0.6088358054884607,0.5755544264292939,0.5503388210371526,-0.05218099370106007
8,882830940dfffff,18.111372335591533,0.5882369953338233,0.3780279569963212,0.6326170717270073,0.5327550518701385,0.5486930193850429,0.05512341026684995
8,8828308449fffff,17.596247832408455,0.5652241257056297,0.4948565417139304,0.7177224599318311,0.5058929532857503,0.6587165333290516,0.06550772652856678
8,8828308441fffff,16.654540378140503,0.7046885935346892,0.45077480878574994,0.6060845063479162,0.5593590816665046,0.5951933925863595,0.059468250235116704
8,8828309455fffff,18.74229376937344,0.5673190946554196,0.5016051187069692,0.5321681117715661,0.5032959374315217,0.6793481509730558,0.05891962821360149
8,8828308621fffff,19.21398396143508,0.5670749905674985,0.5061989657608051,0.7141534140276573,0.5511083142608895,0.6189906364374936,0.03302713057122404
8,8828308033fffff,17.265460335093273,0.656629787447045,0.48893426307240295,0.7083130280467423,0.5276010224981272,0.6252932941807205,-0.007956012541580135
8,8828308635fffff,17.881512531810728,0.5388429734536512,0.5280869785071993,0.6506826426563873,0.5493585830966312,0.6218898133006528,-0.11878600806009383
8,8828308035fffff,16.532250392508523,0.6385033500216746,0.3727304641387526,0.5509791834083796,0.4830663903617367,0.5048066634374762,-0.10278463430772697
8,88283080e1fffff,17.777032859908108,0.5983494465163912,0.5054326368724458,0.7026181665514477,0.5903839396009639,0.5236977703420094,0.04686690598286642
8,8828309199fffff,16.894258615017133,0.5995175881734821,0.38273528256824196,0.5632100341678496,0.47581948298895865,0.5581622155725214,0.01172072499967305
8,8828309195fffff,18.11004410340221,0.614332678078802,0.35037358879563396,0.5107854545132958,0.6246325644772277,0.5499633359782633,-0.06690586407681115
8,8828309411fffff,16.891115262274294,0.4782223058572882,0.25437063564663814,0.5916860782922196,0.5981122530834345,0.6033745225838912,0.0438124307365681
8,8828308241fffff,17.500440180439828,0.5661664815353993,0.33271437758396716,0.5531847944055986,0.5344349010397397,0.6432750996793362,0.007948989576839859
8,882830941dfffff,17.157566735926835,0.6177287941414924,0.33313008285219353,0.5487533248952713,0.700911252383811,0.5351959034601942,-0.013211303933021017
8,8828308015fffff,17.147803051741278,0.6041418662364599,0.44597090403074846,0.5777173262042384,0.6249626722321968,0.5505721048669644,0.008070539353981087
8,8828308445fffff,16.69725869349736,0.5490230584393074,0.4495084050047768,0.6489629224692413,0.5567567040421635,0.5918887642746371,-0.06716344050182504
8,8828309405fffff,17.48942008415187,0.5529765128305398,0.3261794596132194,0.5681278344859573,0.4914448529192237,0.6069607037255554,-0.07802660825277655
8,882830945dfffff,19.54171370523905,0.5820559100726829,0.4263478827432705,0.6884489158601541,0.5859082185559881,0.629072422147582,-0.025952729414338647
8,8828309439fffff,16.103200113852758,0.5752512808002733,0.39993681524550634,0.5799522510224083,0.6212607106026874,0.6149844766205447,-0.08667242210729922
8,8828308753fffff,18.561258260426275,0.651876470684348,0.38072441177661215,0.6903594239891423,0.6047653178488659,0.7015838502768232,0.01271942720145387
8,882830844bfffff,17.050103808734423,0.607872571771066,0.4083742533250648,0.5788653832447035,0.6916468570869814,0.632631312223306,0.030123910424073315
8,882830862dfffff,19.43745101959342,0.6018510396707861,0.40319727028679414,0.5504348144644675,0.528928610719646,0.6665711194904964,-0.03608066572953563
8,8828308719fffff,18.027727749125418,0.6302468298733676,0.529314699349593,0.6457918686938176,0.5574389783218354,0.6339362779410543,-0.020614316813122452
8,8828308249fffff,17.495282291430144,0.6759418324853913,0.35538924782249504,0.5744819231985462,0.5697179477398823,0.6250819837353006,-0.030905229899353598
8,88283091d3fffff,16.43540042113603,0.5381994460636803,0.41713974014322025,0.6278148142503779,0.5810727561493518,0.6126274394577419,0.053310294487939905
8,88283080e7fffff,17.533631587297897,0.6766761116299529,0.41674700624789995,0.6394766327414142,0.5677192818022196,0.5881375061220406,-0.0509428208503413
8,8828308623fffff,18.584453233386743,0.6128895209354257,0.5571102512349559,0.6156692505878282,0.6245969082115281,0.7391446021993481,-0.05898933204561576
8,8828308245fffff,18.367382063354114,0.6556394158993958,0.28026928981583876,0.499215694721302,0.4390661601206397,0.5884029133405899,-0.03893289842013246
8,882830844dfffff,17.367718733682985,0.5483739170916494,0.3952795001756967,0.6576855453239873,0.6393297432873007,0.6710020872049592,0.05992170818792915
8,8828308713fffff,17.305037293705364,0.6832611908431111,0.5331567055771826,0.5938125793050011,0.6245276781017194,0.6360184638239968,-0.034882282507577085
8,88283091d7fffff,16.245134027768202,0.5561039100293195,0.35622122387248034,0.6011816201096328,0.577028426708469,0.5555304029698572,-0.024754113845700202
8,8828309451fffff,18.786935229383054,0.6319961112247621,0.47261278761726144,0.5733829558282763,0.6578853861258237,0.701028194844735,-0.04684843909827695
8,88283081ddfffff,18.034727663381343,0.6228842974607033,0.4403681722705781,0.6344014638155833,0.5466693705409973,0.5534264735118534,0.02165004792974174
8,8828309193fffff,18.348863613986694,0.48021719823213216,0.331450252764422,0.5073690678409977,0.6991118751582719,0.5227098947747276,-0.038161328552844584
8,8828309457fffff,18.12932485492657,0.5539090824184084,0.45749862104013117,0.5588524887582297,0.5115689941606505,0.5851973096371502,0.06152344302007954
8,8828308269fffff,19.01789752695938,0.6267404245770684,0.4001628188885725,0.4902752122574545,0.6527701147451562,0.6922053925244176,-0.07193140082684318
8,882830919bfffff,17.529930674673995,0.6239209128864576,0.37122043819434186,0.5929802403166844,0.5911819433553582,0.593706667255685,0.03770585679387777
8,8828309197fffff,18.710475174049265,0.5677900679272917,0.32544642686457337,0.45741187768733665,0.5339929180833843,0.5674791556026416,0.006139734202705993
8,88283080e5fffff,17.598413270896444,0.5047609104571728,0.4956282973440651,0.7197412992120309,0.6016887349982921,0.6072046316708638,-0.05177959721565312
8,882830803bfffff,16.97778953248679,0.6800508347124586,0.452401797125847,0.5615885765944594,0.677624596614907,0.6219947245234506,-0.07066962668112658
8,882830863dfffff,18.467632018346464,0.6218808634056437,0.485256357810521,0.6466106993326434,0.630257172073371,0.6762873848469633,-0.04436991799535464
8,8828309447fffff,18.75777254139919,0.4857709363817708,0.44265617457441925,0.4820089066137307,0.5611770961045462,0.6548459763732536,0.06857171765866385
8,8828309407fffff,16.881676481478266,0.6348764786251259,0.3273283073369276,0.5524265899084114,0.6086150387274282,0.48688260858900234,0.01576909061570053
8,8828308627fffff,18.26681956887082,0.5353407390261545,0.5299468019506877,0.6708883686806554,0.6453614957917668,0.7040976094106558,0.026766772907078455
8,88283090a7fffff,17.49206977439296,0.5777256931195468,0.3805757711427773,0.5569446211233929,0.5425657433403253,0.5724075560248005,0.02395685540909695
8,88283090a1fffff,17.519297921599183,0.6121542392756065,0.5398498750672616,0.6480367482089198,0.6225398629333256,0.6538928975366766,0.013065660116510622
8,8828309409fffff,18.575367082063558,0.5868870348301151,0.34952058881184755,0.5801759352119683,0.6575313491512109,0.6382422861632809,0.039808632145534505
8,8828308629fffff,19.697476694575794,0.6330379223379718,0.46702074479929945,0.6276882546318815,0.6553757891770496,0.6487534325005235,-0.0046878898355257655
8,8828308711fffff,17.64456159580798,0.7188141906188087,0.4753535798652541,0.5904442079251457,0.563261996580721,0.5702544677015401,-0.010408802105594965
8,88283081cbfffff,17.4536927206722,0.5764620098246478,0.4318468533347802,0.576820277765645,0.5515059384105675,0.6283555700257502,-0.01948321014753458
8,882830940bfffff,17.86542117584739,0.6747858493832289,0.38291384206330303,0.6134164823650945,0.5959128561721039,0.5652652130622249,-0.05954289781611787
8,88283080e9fffff,18.125189774744115,0.5200225100491651,0.45684176889776823,0.5856161724266219,0.5913436555585898,0.6904862009919106,0.01697763168360977
8,88283081dbfffff,17.969015999739455,0.579231195174386,0.4106840235480624,0.7280036356472801,0.6497222649156057,0.5478197692945793,0.003991383088260266
8,8828309453fffff,18.037235315489546,0.5939374256937519,0.5347721705427919,0.4746226177813854,0.5314348378544921,0.5491261488269139,0.04034214439311109
8,882830871bfffff,17.912602536222064,0.5836478606031462,0.400767615104356,0.6959629976384679,0.5887352899902751,0.6825221061024738,0.02355461547790705
8,882830862bfffff,19.23271918548236,0.5865793219226978,0.45742867131638937,0.5907677017094303,0.6030240573313583,0.6963561834553472,-0.02766433724198523
8,882830919dfffff,17.18432502947861,0.5889702095892729,0.37525376434691454,0.6702482155110774,0.71915504388478,0.5964954359117557,0.10288465076805076
8,88283081d9fffff,17.710888854076323,0.535547151629752,0.48578324744093715,0.686948283018155,0.5553810364441865,0.6041511676312524,0.09021998671933683
8,88283090a3fffff,17.814356237553618,0.6357816716630726,0.401881345569367,0.486447029434235,0.5299870686705048,0.5497127544845025,0.028836673400386318
8,8828308037fffff,17.200987863059865,0.5737220878697309,0.4081715959757553,0.6251938321656563,0.5787122721317272,0.5069693974949605,0.04918965458414761
8,882830824dfffff,17.86312852168821,0.6884759928877364,0.3375660735470935,0.5544457544108212,0.5737160767920423,0.5423897144666575,-0.016784988675795146
8,8828309403fffff,16.950956206493732,0.7013379409987842,0.3528533276489145,0.5681794142452522,0.6199585671725383,0.5559215785167998,0.09260430536173979
8,8828309401fffff,17.60235416270428,0.571532243472841,0.33593488145777406,0.6128078665601888,0.5036654142860237,0.5834828657008215,0.004565706219460843
8,8828309191fffff,17.824486876766176,0.6178664706037394,0.2987686082745145,0.4912455636858286,0.5949108149095244,0.5930169424567592,0.006119665859103977
8,8828308039fffff,16.258423630955367,0.6693581064765847,0.4270518705052596,0.5793697097973275,0.5579659605803228,0.5370265172180178,-0.08339286707525645
8,8828308017fffff,17.81442972242555,0.7117501914869814,0.46829425622313753,0.602526174444145,0.5481675651796202,0.6340188680189287,-0.0430662498467818
8,8828309443fffff,19.270880307174316,0.5859728932806382,0.4505102875503656,0.6090597985783651,0.5982836505060453,0.5884577654721383,-0.021810102068207354
8,88283080edfffff,17.65335592899063,0.6461613186918898,0.5834041751016985,0.7451792343107075,0.5037679038787904,0.6620034404266179,-0.0371464047153389
8,88283090a5fffff,17.074033675927453,0.6812354405550914,0.42443112501972147,0.6196805471714798,0.5491675534349151,0.6105882119365373,-0.043670090252190666
8,882830803dfffff,15.930344659488881,0.6251377788020985,0.3994674886908354,0.6159522741739671,0.5421056763361551,0.6183316923934424,0.09942447568561598
8,8828308031fffff,16.566160183815477,0.5364563260749742,0.40549618208155136,0.5937624885724679,0.5692777198592408,0.5569715182310714,0.00243266375144309
8,8828309415fffff,16.332503813644426,0.629444422259977,0.39340035649236943,0.6025548254573572,0.5057830538354584,0.6037506729776039,0.0008146695841335991
8,8828308625fffff,18.697100602284507,0.6310920607024345,0.48662412197078003,0.5940831294398353,0.60814299471567,0.5424986194192603,-0.050666853077726164
8,88283090adfffff,16.90053162048137,0.5551547369037807,0.48597432204966035,0.5843317943262876,0.5265526937422077,0.6003875206931677,-0.03284130000107364
9,88283081d1fffff,19.0003402502396,0.6031492034702985,0.3931225116084224,0.4346264543461574,0.5309729397662545,0.623995471645328,0.05057273389349205
9,8828309419fffff,18.511866361218267,0.6498010686294621,0.3320389557380937,0.43624015072818206,0.44964577966323427,0.5881734656289008,0.09134922242125629
9,882830940dfffff,18.774154992444902,0.6265219369178242,0.36557280334926395,0.4888429021221327,0.4490424817693425,0.5361512933453656,0.08818799855005813
9,8828308449fffff,18.586857851289988,0.7068442702977927,0.5563401937351488,0.5075433538010381,0.5666784714389712,0.6107288079368766,0.10481753999573623
9,8828308441fffff,17.961142567298037,0.6409341700808819,0.525397094408425,0.4749960969628642,0.5470043067823159,0.5129969146403514,0.19247313742292516
9,8828309455fffff,19.34173226463553,0.6223762062488724,0.47766895735606313,0.4733255237082672,0.49172868406966164,0.5732992163337207,0.07224714173375028
9,8828308621fffff,19.50978316164215,0.5968768075183073,0.5519209262696542,0.4872398063415458,0.5282265370478235,0.5342486026329938,0.10520578355797922
9,8828308033fffff,18.298975433673046,0.636460485710831,0.41866132495436914,0.42062173471030284,0.5071041885465376,0.5223520256646438,-0.0023995808653166986
9,8828308635fffff,18.65805986355973,0.5878303812483003,0.5267531934206615,0.4763864385002567,0.45768481784085535,0.6261545407428173,0.09534070702894777
9,8828308035fffff,17.792561072782956,0.6314865945349605,0.41454784657064364,0.48813923178760027,0.5438695899939798,0.493545000848553,0.06145103828138335
9,88283080e1fffff,18.669170388083018,0.6266213887477218,0.43646056206327094,0.39000290774125324,0.4934634899012851,0.5857820996969887,0.006268983707361988
9,8828309199fffff,18.18229597237597,0.6579839355887732,0.33067862667781467,0.5203944294481796,0.5491347053155947,0.5897710712038826,0.09686606665960823
9,8828309195fffff,18.841184428886027,0.6615889455949625,0.3830613113135479,0.4486944737346634,0.6978795066154595,0.5385793617379844,-0.041891585253663294
9,8828309411fffff,18.118037543380016,0.7071737069154546,0.28587800455899004,0.4107229180574049,0.6131443025061944,0.49473911254355196,0.19116109062871592
9,8828308241fffff,18.495231309797482,0.6541351795242986,0.17938806032229526,0.5641567279752859,0.5916890837962272,0.5738499499785918,-0.058624712016534325
9,882830941dfffff,18.361044690030912,0.6822528595249219,0.3377512867115531,0.5479497598277581,0.5677499633457628,0.607237757248218,0.08779202843656955
9,8828308015fffff,18.199214945170006,0.7823616205786033,0.5754733833874823,0.48284215352854193,0.5581623315312503,0.5666658118399224,0.036887149978378664
9,8828308445fffff,17.86241045894383,0.643371602312548,0.432105755857603,0.487586205631437,0.4618810662561138,0.535345372291377,0.06371376805944853
9,8828309405fffff,18.457904501978835,0.7080839090113874,0.42657204337384674,0.4406175290228965,0.5343073861710821,0.5229753510251606,-0.011395741223585588
9,882830945dfffff,19.65759015606612,0.62420208024158,0.45415836034254375,0.49631325472142557,0.5270201995741018,0.5698519714155688,0.01598675151289729
9,8828309439fffff,17.60193866223734,0.7557837008247549,0.21274884947614203,0.4815222546354405,0.6158852584498682,0.5901533286076763,0.10878391180355604
9,8828308753fffff,19.10127536509113,0.7167620290628842,0.45363892553635515,0.5252288596440902,0.6069912150819357,0.5793739449511196,-0.021009855220305892
9,882830844bfffff,18.122471860863392,0.553896008979431,0.5030679313889228,0.5836732073684813,0.53826024065769,0.515459351873355,0.07841080103010081
9,882830862dfffff,19.600344442333757,0.6859863447882324,0.44582322190880475,0.5235606481415602,0.562201598087864,0.5794808895752858,0.09839286130009331
9,8828308719fffff,18.782187842450536,0.6614285672310288,0.45320888018424016,0.3820408435119223,0.6256064150787132,0.5654719630492354,0.04996508630470367
9,8828308249fffff,18.460299178382336,0.6033068391755114,0.359490279900266,0.5927407959894457,0.5607090405937107,0.5188375974800852,0.04301190139150003
9,88283091d3fffff,17.694826184419195,0.7119941365629238,0.377640416288046,0.4482481446141943,0.5607083472244626,0.6130139051695106,0.046730716065136076
9,88283080e7fffff,18.48975891843327,0.5901920628189822,0.41500187689280266,0.47262423143545546,0.5440805318261108,0.5572399424050966,0.05689625510721055
9,8828308623fffff,19.140340619665974,0.666940133285851,0.5025446257848404,0.576271780424103,0.5016607753833491,0.6270896896192012,0.06295201477362095
9,8828308245fffff,18.966160252238534,0.7900688489242507,0.31228023903817886,0.4601761560817818,0.5487897725848545,0.5740904811211189,0.049020677749053915
9,882830844dfffff,18.353593460900967,0.6414709831504105,0.4571458151523399,0.4527780621208775,0.6430061207460239,0.5511122622431447,0.051778648223539496
9,8828308713fffff,18.30541537625882,0.6636541111424343,0.39382001852593485,0.5660837748054044,0.5038733420381759,0.6798754307072026,0.057458304422768496
9,88283091d7fffff,17.63527717771389,0.6129201773316051,0.3598909900431351,0.42066268234568177,0.46196083985728986,0.5511765695706339,0.09338698171070979
9,8828309451fffff,19.172905632334,0.7162946873741293,0.3962686261897784,0.5716534981067058,0.4202994916264857,0.5954529508464864,0.10445806371252786
9,88283081ddfffff,18.91715505234715,0.6864654906593295,0.4497736522306536,0.4606133228319491,0.5420975973236687,0.6066716661511155,0.04707218444996347
9,8828309193fffff,18.96362901745446,0.6890848062420429,0.25154786814235186,0.46809682140386777,0.48820284463607233,0.5036915977227134,0.00731077708284595
9,8828309457fffff,18.826319565884056,0.6850117894951416,0.4340119149688831,0.44475775203810225,0.5078423354936645,0.5656170751098745,-0.025868177282310542
9,8828308269fffff,19.37232757156302,0.7084497099299678,0.34721341920023385,0.4406321440294465,0.5560957951279949,0.6708674448813636,0.02451365316877074
9,882830919bfffff,18.519051251829218,0.7508247135579489,0.4201130330194476,0.5352521219337745,0.37730648738887956,0.5912557380253212,0.09073776095924052
9,8828309197fffff,19.24532198809525,0.6963548985361843,0.34170034954968437,0.4527628511807007,0.5465314640352833,0.6651689314387331,0.10564646178298878
9,88283080e5fffff,18.49568540469525,0.561893174918936,0.5007641539631816,0.5212534048787512,0.515933221648917,0.4999446870465256,-0.007011271479796567
9,882830803bfffff,18.213262347142834,0.7454482174200696,0.44823755771657414,0.4651278657688192,0.5611002578977455,0.5974472299904405,0.07904204896766392
9,882830863dfffff,19.158137250379724,0.6370886505188036,0.3930500761888384,0.49882388679877604,0.6147852265263325,0.5565746609605354,0.02916571448190689
9,8828309447fffff,19.25601273610967,0.7636536441520302,0.46080001914885793,0.47546651761193853,0.4949963309181479,0.6328851759843406,0.15187576369830952
9,8828309407fffff,18.08446818969605,0.6927369956418392,0.3206818169852361,0.42536297077415114,0.47729104247834636,0.5787520850730596,0.12408673443744953
9,8828308627fffff,18.950345763769132,0.5972690290564795,0.45885435140170516,0.4041264576069735,0.5406907373266995,0.520981948309027,0.016626660207639476
9,88283090a7fffff,18.581572530109757,0.672444016615249,0.4177286154918394,0.48659376820011446,0.6182397926309684,0.6709075662444434,0.002469074461305898
9,88283090a1fffff,18.452112017218543,0.6654220031623646,0.4392181058229888,0.46948154129183056,0.5951409331404377,0.5065118311549499,0.1132999482200698
9,8828309409fffff,19.07965122858983,0.5583694419627854,0.4231570702352311,0.4624762752921246,0.5687230679911189,0.5670432715751746,-0.017505355100244882
9,8828308629fffff,19.893989764295664,0.7360276210217994,0.5414901831990495,0.5195932073676782,0.5509407951623585,0.6159678318720211,-0.04917929068602851
9,8828308711fffff,18.514453637286323,0.6037818142852406,0.38711483636870253,0.5422008535126922,0.5667229484199839,0.5247937693108651,0.016261086693825172
9,88283081cbfffff,18.44511339489382,0.7110150409799358,0.3623837923793903,0.3639178130844747,0.5395550801073731,0.549832686009819,0.06276412519932512
9,882830940bfffff,18.720502197226345,0.6474665804242484,0.34152772743154863,0.5479978773765287,0.5862364343419159,0.5193439107195812,0.011922594762410237
9,88283080e9fffff,18.879977808607187,0.5548135753019794,0.541627276891125,0.5187340381182417,0.4330842248894366,0.5442255468594335,0.09288621802045002
9,88283081dbfffff,18.774122991009527,0.6559625886181133,0.4334888299861295,0.5094072004894609,0.631985596996933,0.5625545620412186,0.026709162516898248
9,8828309453fffff,18.82643073175993,0.7391860969935531,0.45856992098270793,0.5429085806504289,0.5034097233868946,0.5522484453397184,0.020881631533259105
9,882830871bfffff,18.589090857659297,0.6363000323887366,0.46479945894135843,0.5774468893777203,0.6232492231441464,0.4957410705937684,0.09754299286466901
9,882830862bfffff,19.468104204810032,0.7863307163275163,0.4832604543177598,0.42899152655142403,0.6176520176060383,0.5829857072010959,0.02393933251902599
9,882830919dfffff,18.228340973884468,0.711288565952405,0.44467532927151987,0.46001916192067765,0.6222507280969428,0.6005450583198317,0.12397443530378802
9,88283081d9fffff,18.593937384112206,0.6445472391891529,0.5799400934892324,0.4927276100429322,0.4886984197259848,0.5477821345126457,0.009928167714653602
9,88283090a3fffff,18.643982745812977,0.6428498502526349,0.36637573524847483,0.3468674931449978,0.6130269883137404,0.5900757929171152,0.05196327888804335
9,8828308037fffff,18.301908293639652,0.6470076702192623,0.4526668091030161,0.4579031248057377,0.5421767251617184,0.5099963799755459,0.051947854072635226
9,882830824dfffff,18.659691352291677,0.6897133714084952,0.27982673971425026,0.5143791912757754,0.5843833417525495,0.649320490782989,0.07184443552865102
9,8828309403fffff,18.122289845213626,0.6252908064319785,0.3170698185865377,0.434671426585398,0.5620667015300306,0.5376377528675623,0.054945266715447055
9,8828309401fffff,18.480075489775206,0.698230342988108,0.31036968050794134,0.5181090124776766,0.5158248401015912,0.5440415514673901,0.005494817934014622
9,8828309191fffff,18.576607768772657,0.6841690588592675,0.34648819034857115,0.504804243158493,0.610809084870363,0.5104855112792279,0.0705087579630417
9,8828308039fffff,17.653694638373466,0.6631535379549186,0.4148132767797466,0.5135026479731616,0.467924817600974,0.6131283387045977,0.011829152473151507
9,8828308017fffff,18.709395258323948,0.7250790421231486,0.5115704232975351,0.43932292283866464,0.5074997335760769,0.6162300684002907,-0.0024907638129024745
9,8828309443fffff,19.627944035008003,0.5611948106173817,0.43491413130498274,0.46739954224739066,0.49639404891667593,0.6220479255901362,-0.02511188849208978
9,88283080edfffff,18.526418521215444,0.6455766735071888,0.5784585645417185,0.4443669467313279,0.5226545418104218,0.6677254823627476,0.08352220239444581
9,88283090a5fffff,18.184280769649213,0.7245598137323965,0.3314068639521815,0.44190286696238634,0.38974954714025234,0.4881705517492953,0.00021041294691148682
9,882830803dfffff,17.454315568272463,0.6804728513760809,0.4325876312902671,0.41116826757636643,0.5373978800784714,0.5455602095974902,0.08160079807182012
9,8828308031fffff,17.7713388320258,0.630629184984242,0.43152026191180326,0.580356834961651,0.60359764241903,0.48996101889587923,-0.003568555659805135
9,8828309415fffff,17.864181053272816,0.7430880553663589,0.2406196319347102,0.3806290290502301,0.5577846024069002,0.6115614931800506,0.013675884569166366
9,8828308625fffff,19.27206482868698,0.6675361449583136,0.4917418965176678,0.5291850583611988,0.6007491497407571,0.6476763547699805,0.14569729099517004
9,88283090adfffff,18.142268687097747,0.6193584575717307,0.45552108269147057,0.5274379436810033,0.5950313547874868,0.6157091095108692,0.08456218057232524
10,88283081d1fffff,20.053761143996347,0.7051571588379159,0.37913238808184746,0.31691802189699114,0.44343210963358487,0.5854889932509784,0.015666040642351848
10,8828309419fffff,19.996262468605995,0.6919094548781122,0.34056505665894976,0.3832679573663496,0.5129453930396431,0.5371455328563618,0.043431867049388485
10,882830940dfffff,20.01910531173664,0.5850976831053548,0.4900424426927452,0.40918263882108397,0.5257724370095853,0.559240928352144,0.057392163470386934
10,8828308449fffff,19.95838668035226,0.5934754749265199,0.5636989278864462,0.33856160992041073,0.5158876690772941,0.4422706204538688,-0.05050960606122798
10,8828308441fffff,20.034861216260772,0.6857830550341917,0.48496849901210776,0.23187455318220462,0.48255271853231796,0.49695861633620314,-0.0823857418820761
10,8828309455fffff,19.95078530800106,0.725746112981866,0.37488089167670796,0.39274050031583724,0.5145164278237501,0.521999471730393,-0.03289108584730741
10,8828308621fffff,19.944226841115125,0.6703196964445771,0.4954629630087242,0.2621184748534272,0.6568052954466792,0.5151019704831873,-0.006285707645192668
10,8828308033fffff,20.050337119657705,0.704539464262234,0.5014019454477382,0.2843396837644717,0.5829747168372297,0.5358026848440519,0.03444417401074825
10,8828308635fffff,20.054159406983253,0.6647907917164957,0.5144409740302013,0.36707408415487713,0.5413078286482497,0.5189660628185628,0.09023518993443334
10,8828308035fffff,19.96009038245844,0.6584983705555296,0.45974121497519393,0.3248616563277716,0.5257775499291443,0.47207098303009276,-0.013712788266585825
10,88283080e1fffff,20.020182920771944,0.7313557747467485,0.4985451335785841,0.40940094332567334,0.41942789355812937,0.5125480700036077,0.08070933684351406
10,8828309199fffff,20.090026544456272,0.7133917895120759,0.3524999025349496,0.3697760750486994,0.5102769461979475,0.5514074419392798,0.06676170038786694
10,8828309195fffff,20.074085809547903,0.6738462615363802,0.372876263567331,0.45833029498650796,0.5155069277126986,0.4854472098679125,0.06455131357524986
10,8828309411fffff,19.98676548243525,0.7338173423336737,0.3674655011562696,0.49430388628499056,0.6440237296325151,0.45138460553604975,0.03130206819051618
10,8828308241fffff,19.994087672008366,0.6278669699418782,0.31713881050825127,0.44616231704069076,0.4639859462775988,0.5098748464921136,0.006240402513652148
10,882830941dfffff,20.06067155437498,0.6725155260236074,0.38857163510714837,0.43174566606193576,0.4989318695507429,0.5389955776231374,-0.002216031614769312
10,8828308015fffff,19.961189927343128,0.6386865939100523,0.4538226448621153,0.4003862627706217,0.5386143111931927,0.47511518571387557,-0.0293940407764516
10,8828308445fffff,20.014953754220507,0.5567632307554912,0.4746467095416704,0.33171383201320626,0.44302961849759376,0.4891681151956067,0.0225350614034452
10,8828309405fffff,19.996904610866483,0.770769279834315,0.445941020264269,0.4437906711474871,0.5688447274264506,0.5686943198415866,0.09082417118762309
10,882830945dfffff,20.03689033030552,0.7818938850996706,0.449294690138657,0.2998093474165455,0.544613096422863,0.5052706704337553,0.06936316914724298
10,8828309439fffff,19.965020453674125,0.7283211032362517,0.3399617244245968,0.37812410965906307,0.5615942853388058,0.510515437164995,0.06043308799142773
10,8828308753fffff,19.948810389323445,0.7402228723976504,0.5693846548304564,0.3615658603682749,0.5505125467173576,0.5129356896360108,0.004666990973920375
10,882830844bfffff,19.983001582940854,0.6861519342305551,0.5138126638274155,0.35367902735818785,0.4662961332136324,0.5167597384900918,-0.04166166828313058
10,882830862dfffff,20.02718147307548,0.7112306281882605,0.4678933218535672,0.41076355495777783,0.5890154006620265,0.5371826106756601,0.012904030915690366
10,8828308719fffff,20.04118080021255,0.6776407376363563,0.4337081878339836,0.3749812035973622,0.4776596118080204,0.4492300982022417,-0.04615322500755614
10,8828308249fffff,19.936806945230504,0.7559920028541538,0.36015770747335113,0.3783536034890223,0.45964072343216295,0.3875987970170493,0.12630333473110905
10,88283091d3fffff,19.993090503423613,0.5678265282961968,0.364058234509169,0.3740852531713346,0.5317065325813046,0.4660947086234441,-0.04185372163640672
10,88283080e7fffff,19.968881224378663,0.6989394185970971,0.42171143186998233,0.38248164304841475,0.4601799507355152,0.5213115065488404,-0.010982071819989047
10,8828308623fffff,20.00982409884856,0.6081466055008342,0.42880511961865464,0.33475988712215315,0.5241686136416804,0.596773257414961,-0.01609774767622177
10,8828308245fffff,19.958535269991945,0.7875965386791132,0.27792665427294083,0.40339995647335614,0.4511178845927891,0.44698527966390605,0.04556474893791561
10,882830844dfffff,20.059580008076242,0.6304067038483202,0.4543325461761444,0.34703714762737914,0.5586704153342354,0.48143918857612206,0.10652802244743846
10,8828308713fffff,19.980956900493883,0.6497434511689841,0.35618502746172215,0.34540999297865643,0.5393391198477886,0.5236657720977939,0.09434523341535155
10,88283091d7fffff,19.994327875960952,0.6644708577130848,0.3805157406772093,0.2868391970161251,0.5244194722188243,0.4361982550409521,0.01103985775686094
10,8828309451fffff,20.054161499419262,0.7135844371969151,0.5149676720925975,0.4830336166499066,0.4648793929981634,0.493807490352822,0.03882076637515655
10,88283081ddfffff,20.083017573042902,0.7199058033577022,0.44865217668988877,0.24578489675620432,0.4014597091053089,0.5321746381909965,-0.038622772881239525
10,8828309193fffff,20.01918943587439,0.7069109664711413,0.32075493033824937,0.41914493224761545,0.46660483963981825,0.5500418248927175,0.01729987611073252
10,8828309457fffff,20.027399389804746,0.7185995912952254,0.3914933629614714,0.3896547328628778,0.5154068387799957,0.45083021979660143,-0.0024926034332321176
10,8828308269fffff,19.99811633312318,0.7320187249025377,0.34318365709664916,0.41985504006799845,0.5382065103373198,0.4681535893461065,0.052897284512794296
10,882830919bfffff,20.012200792883675,0.6477888593049533,0.4072187519574031,0.36630672869066616,0.5377242501132451,0.432221772344588,0.02465614628860348
10,8828309197fffff,20.01311175157509,0.6746659688009681,0.37173724141137365,0.4214866192503841,0.5166370001892406,0.4265730584368582,-0.0070250104318274305
10,88283080e5fffff,19.961935498576793,0.6557372658297501,0.5312795475156266,0.2772431624312093,0.5429981992047019,0.42917227796302176,0.08042767158244299
10,882830803bfffff,19.989924399752816,0.6477575905216588,0.4128008637106667,0.3813586064548441,0.4211462775777428,0.5077167054392454,0.04821511966302694
10,882830863dfffff,20.011240315975705,0.6337314305203389,0.3667754884102358,0.33383175546734534,0.5642614230183872,0.4694258056866538,-0.04394945458747632
10,8828309447fffff,20.01750551908104,0.7409282369557806,0.3915712848284475,0.40520558761102243,0.43381224796946793,0.5330021421552347,-0.027355217576190093
10,8828309407fffff,20.013992074021637,0.7176858589638818,0.38337358571104346,0.4712838076047587,0.5493739337005398,0.4595596556587036,-0.05854331823529186
10,8828308627fffff,19.948367121462038,0.6817886439614835,0.4568796777777403,0.2670049304361807,0.5210904956026805,0.5662522556732721,0.055962037797533684
10,88283090a7fffff,19.99233618873369,0.7313356866207764,0.3331437451003515,0.5350718452391947,0.5273768713474133,0.47345643209882715,0.06216233281617809
10,88283090a1fffff,19.978877912091736,0.6847809348859737,0.36635353114543007,0.38380396225914476,0.5545470063145829,0.4094534541837769,-0.0035511955283967526
10,8828309409fffff,19.987494488354457,0.6796904336518301,0.304531148441297,0.4312173503377403,0.4878834200711561,0.5707367192617016,-0.0647092605014405
10,8828308629fffff,20.071377718022177,0.7057453523213829,0.40385590337812294,0.473293465911517,0.5903054144958845,0.5460964331607501,0.05487791169640761
10,8828308711fffff,20.074682998144212,0.5705995309222779,0.3873207722436291,0.32437419250029587,0.5142096710738348,0.5561589654866672,-0.02634417143281938
10,88283081cbfffff,19.884614948024417,0.6206065761324521,0.4802720876793105,0.31795492256130226,0.5380830750701683,0.4675660716034867,0.0425672293164486
10,882830940bfffff,19.931933325744758,0.6642211133016491,0.40433532182541554,0.34769458642849327,0.4897216596841473,0.5067934966012839,-0.06538833971223719
10,88283080e9fffff,19.908888758382627,0.7411284819702663,0.5531748614916452,0.2912452785142804,0.4298848623436509,0.507067599707555,-0.0027570512900674505
10,88283081dbfffff,20.029428260488768,0.6477562685090283,0.4466015255066525,0.4529597446223694,0.5445135720895685,0.5150999473479504,0.01737683757815568
10,8828309453fffff,20.046652473400382,0.5995404761082648,0.37835653090296106,0.45283724704399475,0.5355940118011324,0.40086352682528686,0.061113280014523735
10,882830871bfffff,19.990039594243413,0.6725164970182862,0.5662774390064795,0.3471869111033985,0.5183730480636932,0.48643781270026376,-0.018530540652991964
10,882830862bfffff,20.030023096225534,0.6552907350024223,0.37619825376683297,0.3244397506292458,0.5356559688212972,0.5683648685420887,-0.09986406374208169
10,882830919dfffff,20.03099188042605,0.6182991688960338,0.30762222419637575,0.4061958072187914,0.4373781401674255,0.528021271663887,-0.0020436187954312847
10,88283081d9fffff,19.971552427306946,0.7297232646893042,0.439057497170429,0.37343873155975277,0.4872723103465536,0.5484529167563384,0.08500504028833705
10,88283090a3fffff,20.028667229971425,0.6543839581605282,0.376684020098156,0.3800440471290437,0.48775446989783805,0.5237190050452336,0.03161800742500173
10,8828308037fffff,20.03773458070802,0.764192146017998,0.4733913963749407,0.290325182955794,0.4066155288576262,0.5139146864140105,0.05080006248334277
10,882830824dfffff,20.067051300538562,0.6333884886563879,0.3872882330387148,0.45638045604144173,0.5554319274018892,0.4802558261153488,-0.013162381926182232
10,8828309403fffff,19.9781430847261,0.7172064706488938,0.34658365081073955,0.5290250858815367,0.5173761071832684,0.5361576879809387,-0.005295047613777587
10,8828309401fffff,20.045077755059754,0.7002445846057038,0.35277731347805313,0.4978249610241976,0.5905063828419524,0.4036224904277445,-0.04409854669755637
10,8828309191fffff,19.97149307740622,0.7554927405001783,0.3957283261572065,0.4670905180627973,0.5617903612581094,0.4821990861418342,0.018124225996578355
10,8828308039fffff,20.06364653494886,0.7708422041340709,0.5143861666244007,0.3857080313722591,0.4918986625357419,0.531098811158323,-0.020559562752283628
10,8828308017fffff,20.050393035439974,0.7023985801371095,0.5486063067169845,0.3136484997141199,0.42685504263487534,0.47075762200808224,-0.035458440981083306
10,8828309443fffff,20.02399358225063,0.5422167191498224,0.4192177699608241,0.38098210980989117,0.5148440218051248,0.5852931569343368,0.08261618046719339
10,88283080edfffff,19.993033124281105,0.7327863073669407,0.5056707557015717,0.3925030174154307,0.5271521313932348,0.4823825574603875,-0.009959324823943447
10,88283090a5fffff,20.049914656304214,0.6177960827587777,0.4174298871168764,0.3894515341255805,0.6204581735360142,0.577156659024507,-0.0347335596690408
10,882830803dfffff,20.007540985250202,0.6761958056072105,0.4333690785756729,0.3910183060662534,0.5845665403818597,0.42373013625662903,0.07082637157426147
10,8828308031fffff,19.95614382063851,0.682202006695671,0.41154659701939966,0.2973917018644267,0.5661139603429692,0.41915709463549855,0.023418308172008115
10,8828309415fffff,19.923234010011765,0.7922471520011942,0.2798477148233048,0.4248154954281978,0.6008908193936061,0.5622961536107249,0.06607977094182703
10,8828308625fffff,19.995946394614588,0.7098489293979042,0.5517356695198125,0.4231958314764246,0.5493518527341335,0.44473636354278856,-0.08945417362416754
10,88283090adfffff,20.15931012418235,0.6189671858537447,0.544137837182993,0.41497156679125125,0.4847406350288259,0.47199965103783204,-0.031103345722687997
11,88283081d1fffff,20.911891210493526,0.6826733436895882,0.4905595733165762,0.3254962736275098,0.5493629834057736,0.48251554678706443,-0.07364631448407677
11,8828309419fffff,21.586465366681622,0.6661966916937695,0.4444511854812974,0.41040028871923523,0.46145188976495016,0.558711420294454,0.014026832230426015
11,882830940dfffff,21.20329956383685,0.6052873375988395,0.47845460828477965,0.5084801613261739,0.4548400493489052,0.4358204803094655,-0.0019895025062996244
11,8828308449fffff,21.49751094729073,0.6519809931133138,0.42956312211935105,0.43252732948091815,0.515726143050083,0.46852893975018817,-0.10695841430758452
11,8828308441fffff,22.072571717646277,0.5749390135552669,0.4586609127865431,0.3354674480387191,0.5414061664788367,0.44245626033845165,-0.10385477754925129
11,8828309455fffff,20.718930370712567,0.6376109822639462,0.44116885857942095,0.40131902565453637,0.49019485045761707,0.5083725830902139,0.015125987197245623
11,8828308621fffff,20.55536249966115,0.5798177941127138,0.5355996610513738,0.32252907621994314,0.4859718369427532,0.4819505192086731,-0.17919202059874442
11,8828308033fffff,21.68884328165814,0.5533157763860763,0.4990836172776696,0.3092508153786757,0.46536885875131806,0.46430771938436693,0.04786444220115307
11,8828308635fffff,21.330955736440828,0.6423064399334809,0.4577929878860102,0.3310844789423584,0.5078337967500274,0.3726605830595688,-0.07679915736052174
11,8828308035fffff,22.212544357933215,0.5889127787264662,0.42516235460694607,0.32573551757211533,0.4416984161889632,0.48894950121803227,-0.05857221359261262
11,88283080e1fffff,21.37711463854692,0.695734757767506,0.5079503791929741,0.3725818130006118,0.46014197467749485,0.4722952094311551,0.13164228689027774
11,8828309199fffff,21.87882674071928,0.6555758234125979,0.43979666134446926,0.3947859672556237,0.5271438496817896,0.394822271728245,-0.08597858306905837
11,8828309195fffff,21.145302950656895,0.6430813755135347,0.3919687876457488,0.3074542723273439,0.4776256105104416,0.42669102198224157,0.029835364853885438
11,8828309411fffff,22.007337172051813,0.6647648423674134,0.4293278947550988,0.419612660370949,0.5380272593504416,0.49353908732023605,-0.06532357998378091
11,8828308241fffff,21.561134092120632,0.5737099000700018,0.3739582146846086,0.38486266217663395,0.5093352222782477,0.4972598273876553,0.010007938387703346
11,882830941dfffff,21.659509531298806,0.7212282621987043,0.47894628955119967,0.4656390981165139,0.497370834145982,0.5001132142894787,-0.10205519688727302
11,8828308015fffff,21.829573351800136,0.6747022027625721,0.5487408890699296,0.35412231528972143,0.48132205111435844,0.4255341156396853,-0.0821042207752647
11,8828308445fffff,21.96691804963937,0.597799463751698,0.4978403607284773,0.4110668485804189,0.4188267050395343,0.42156892469343654,-0.08580028603581122
11,8828309405fffff,21.677292877129585,0.5916810109178228,0.393178388546335,0.3178288148239822,0.6057697898181853,0.4172111728360155,-0.07533555611581846
11,882830945dfffff,20.33666379110397,0.6406358631568186,0.4545867601608025,0.4006680669229154,0.4012607856729598,0.4252645951047811,-0.007987934118492928
11,8828309439fffff,22.422187075925887,0.688473522340326,0.3803944937789959,0.4225752409016245,0.48568032523948157,0.4331676667060326,-0.015524646534842701
11,8828308753fffff,20.899517625698987,0.7258416452918843,0.3869271512207644,0.3786013007541021,0.5809350975682607,0.4019253627858474,0.0034352697271873567
11,882830844bfffff,21.89695103479882,0.6610985300428671,0.4503486620575763,0.2552102150208898,0.5181900132473587,0.4732787621662399,-0.05214833528725898
11,882830862dfffff,20.431772365963415,0.7644154776410874,0.43452114142424947,0.35896724957018844,0.569878250255979,0.42929142076848564,-0.10923568312635165
11,8828308719fffff,21.189456116167687,0.6507467177669477,0.4489187250009914,0.45836491304724525,0.5186711447433544,0.49873876576676807,-0.06436879083746608
11,8828308249fffff,21.65468366997303,0.7187140556849888,0.4238710887136423,0.4337807688378016,0.5474515816344878,0.4223898633655745,-0.16617945032438153
11,88283091d3fffff,22.281071049253818,0.5912746579539521,0.4428063278453971,0.47921797481232237,0.46829324276995554,0.44486532877080676,0.00676160892988735
11,88283080e7fffff,21.544928299466243,0.7331213205911578,0.4506654387658952,0.37072496078777667,0.4330409615070804,0.45760576648604695,0.061674136178682844
11,8828308623fffff,20.843439040216445,0.6382600124314597,0.5349837668550989,0.2519871941536307,0.5230766748507547,0.3612874751253628,-0.14462882052773646
11,8828308245fffff,21.026389600492735,0.739132786928939,0.41982624732443113,0.40317420701186046,0.509600857617005,0.5328490959268378,0.005900664857706805
11,882830844dfffff,21.682722528734267,0.6020362708740861,0.4511572410669142,0.3275732902132298,0.5157082806317608,0.46280298795220254,-0.1599294936149085
11,8828308713fffff,21.57463464049498,0.592062447014007,0.3161012632448482,0.3938156290548283,0.48340564091319355,0.3993621389865846,-0.04703121880304749
11,88283091d7fffff,22.256154993756383,0.56832635462997,0.4617302230679508,0.44547107314250267,0.5708145874001103,0.4841486659784669,-0.07284503443327787
11,8828309451fffff,20.784287506083142,0.6518505131137186,0.48738149747143567,0.3065646420454642,0.48530257963546886,0.5038592083116633,-0.09346434620274621
11,88283081ddfffff,21.25194410516237,0.5823626665005569,0.42616387188128396,0.31181288843282157,0.49106963818679694,0.3876877472699728,-0.013785052921794036
11,8828309193fffff,20.948997589778852,0.7414506705213751,0.48407803783842196,0.4032551361937174,0.532732265465883,0.43655695119555626,-0.0017057104220629948
11,8828309457fffff,21.168762769421956,0.6177423144067588,0.4948219543148038,0.34392639230234195,0.4682291260115958,0.4949733896673617,-0.06846218021824953
11,8828308269fffff,20.548324244440774,0.6270245369733874,0.4151588768955589,0.4921197267604805,0.49349097123412095,0.5936099526797305,0.010652184779811266
11,882830919bfffff,21.465631178580836,0.7066998599816724,0.42371856610045633,0.4692335600863927,0.47060203483422636,0.3631409027898812,-0.049004848921346614
11,8828309197fffff,20.74236494222274,0.7059684111898695,0.44266584256619257,0.47834705836578184,0.5314238779627081,0.44694763263909887,-0.1515576364284034
11,88283080e5fffff,21.4532999723648,0.5936680755832332,0.4799072839043902,0.35042093842529476,0.42969898270594714,0.44504452277405376,0.03448712921096729
11,882830803bfffff,21.86366075804098,0.61138692477746,0.4734003570254441,0.3752023719827183,0.4028132113411326,0.4136289634022302,-0.016220116513690076
11,882830863dfffff,20.826056307923285,0.6471124214258548,0.5884746662726592,0.34415590612536384,0.6037389895771186,0.5022661324774482,-0.05299685384548052
11,8828309447fffff,20.67953746566723,0.6349739844789519,0.3548289869577239,0.37869284099564093,0.4447340053565957,0.475105032603408,0.0017641120600852545
11,8828309407fffff,21.910449649790564,0.6392699808603645,0.3610870193474354,0.47086753283630245,0.5486317836763382,0.4775100076146095,-0.03338433149297833
11,8828308627fffff,21.04769246502232,0.6812384025470127,0.4275970001754677,0.3338431957409018,0.5662031227313137,0.4525500736985085,-0.12304296128852169
11,88283090a7fffff,21.539848232574474,0.6776108247395605,0.41076200560522236,0.43474198925369795,0.526843284535978,0.4909979584300157,-0.05825209648631553
11,88283090a1fffff,21.51482949518462,0.6436192474589413,0.49822255503329116,0.41006447136734053,0.5172281477048359,0.39518517772241657,-0.10169539237213257
11,8828309409fffff,20.903161930118735,0.6628941969765823,0.4082067286079983,0.3896682050152873,0.5228000333650408,0.44121419024482084,0.007627034666208732
11,8828308629fffff,20.13261463168728,0.5991656668968538,0.4796010963206263,0.41230275398279026,0.5540381225991426,0.39754079783020274,-0.057710922955887624
11,8828308711fffff,21.44348322675721,0.6316442842616171,0.4951267176034694,0.3973506608686811,0.4740039652694861,0.4810070249861893,-0.059541047748130155
11,88283081cbfffff,21.610218583176422,0.6759312037011354,0.504572144504431,0.39626061816867986,0.4968693613597926,0.4089493681494374,-0.059251590382413614
11,882830940bfffff,21.226638339575246,0.6528786187435629,0.3979321008166404,0.373024157230251,0.4833243821600084,0.3918187165115872,-0.08182874335827578
11,88283080e9fffff,21.041337997574967,0.6176907795914369,0.4888814277010104,0.43290989243337225,0.4765728898781298,0.41494909459052537,-0.027183461524557598
11,88283081dbfffff,21.20615756857521,0.7034036231998202,0.4905572481155448,0.3925251737470785,0.495222759140482,0.5105124994932512,0.01121657464504107
11,8828309453fffff,21.20753581221513,0.6601182047761525,0.47389762368826527,0.3786190561895537,0.43438138541897897,0.4317736166990128,0.013334686130829249
11,882830871bfffff,21.33784180681827,0.701457545855823,0.5509959639675384,0.44027740331661,0.5460573752857131,0.4130323930429031,0.00488734298702119
11,882830862bfffff,20.53312423119626,0.7104518431841044,0.47816614242800765,0.38773861986373814,0.5185286396546717,0.44799714910881866,-0.06098240910931144
11,882830919dfffff,21.720319814442725,0.6815448086454884,0.39673053740079955,0.32166299664189413,0.5403724132653395,0.4440130831886727,-0.08824315295391065
11,88283081d9fffff,21.35310817609259,0.6654671283669887,0.44875495783817715,0.34672213426003917,0.48718157530158845,0.5132004954418874,0.05596044746572311
11,88283090a3fffff,21.318335669809244,0.6738660703293339,0.47425898138927386,0.3839178881154239,0.551850219265204,0.46082876036874887,-0.12981141728234724
11,8828308037fffff,21.785215608425904,0.7633898964931143,0.5659072082834135,0.3802183834867906,0.5003596515724085,0.4127987669686742,-0.1826399695353941
11,882830824dfffff,21.34035086845756,0.6715787620375424,0.4122658205376128,0.4505729942685739,0.47506651805389993,0.42714440444725943,0.02996851535579822
11,8828309403fffff,21.937997539145673,0.7361551486986233,0.47933986427307196,0.5164376922312833,0.5115814088695797,0.5143939599319717,-0.10473805587270442
11,8828309401fffff,21.473169606729087,0.6665387176025971,0.37199325521658033,0.4864676814438036,0.47864605514974934,0.48446166659962925,-0.03018197624547726
11,8828309191fffff,21.32391953688859,0.6689549870038043,0.4900179266209493,0.4532541076642499,0.5277318772861542,0.5085925319840412,-0.04885462267416415
11,8828308039fffff,22.302105911738796,0.7347469711419509,0.4784937775690769,0.38339239405005854,0.400024923448362,0.40985742718151597,-0.004177770374013165
11,8828308017fffff,21.317316184644998,0.7351730965920562,0.49411061721046556,0.33565373183857716,0.43550482072059554,0.41365186355393163,-0.10805048456124342
11,8828309443fffff,20.298453751561485,0.7503623202500487,0.4618329331528377,0.3527490094914062,0.4159561490032623,0.519506193566748,0.010931269604675296
11,88283080edfffff,21.502764621231762,0.6535404887085445,0.5569521839854389,0.4221219574947243,0.5406900138604727,0.4656333199115862,-0.07568666666782409
11,88283090a5fffff,21.804264733930633,0.6730797528996657,0.46703775190021113,0.41758434605851225,0.5326308983639763,0.4596747778343455,-0.19314943007657276
11,882830803dfffff,22.65360805510265,0.7177737663986516,0.5229594752676308,0.29837224902767445,0.5135528650574172,0.4136326816338635,-0.01351425960541932
11,8828308031fffff,22.052512682478824,0.7158218045023715,0.4977443665397692,0.4179336850034016,0.4459216094256278,0.4493766034625062,-0.005518866654369736
11,8828309415fffff,22.33086970653673,0.6452804028899203,0.38823102007878013,0.5541709695049164,0.6238013694149515,0.5465958524590804,-0.0947560732930522
11,8828308625fffff,20.832056078721653,0.6291632151508422,0.5634200381986114,0.42148048563203333,0.5415403580467929,0.36848407681592166,-0.14903234986813346
11,88283090adfffff,21.90795524657973,0.6744979544809346,0.48197966471122233,0.38995709431216835,0.4583575027299263,0.5045771749969596,-0.005916425354728375
