2026-01-25 16:05:46,359 - src.core.setup_manager - INFO - Enhanced Cascadia Analysis Framework initialized with SPACE integration
2026-01-25 16:05:46,359 - src.core.setup_manager - INFO - Log file: cascadia_analysis_20260125_160546.log
2026-01-25 16:05:46,359 - __main__ - INFO - 🌲 Starting Cascadia Agricultural Analysis Framework
2026-01-25 16:05:46,359 - __main__ - INFO - 📊 Analysis Parameters:
2026-01-25 16:05:46,359 - __main__ - INFO -    H3 Resolution: 8
2026-01-25 16:05:46,359 - __main__ - INFO -    Target Counties: CA:Del Norte
2026-01-25 16:05:46,359 - __main__ - INFO -    Active Modules: zoning,ownership,improvements,ground_water,surface_water,water_rights,power_source,mortgage_debt
2026-01-25 16:05:46,359 - __main__ - INFO -    Export Format: geojson
2026-01-25 16:05:46,359 - __main__ - INFO -    Output Directory: output
2026-01-25 16:05:46,359 - __main__ - INFO -    Visualization Options: Interactive Dashboard
2026-01-25 16:05:46,359 - cascadia - INFO - Enhanced logging initialized with level: INFO
2026-01-25 16:05:46,359 - __main__ - INFO - 🚀 Initializing Cascadia Agricultural Analysis Framework
2026-01-25 16:05:46,359 - __main__ - INFO - Enhanced logging initialized: output/cascadia_analysis.log
2026-01-25 16:05:46,366 - src.core.setup_manager - INFO - Loaded analysis configuration from config/analysis_config.yaml
2026-01-25 16:05:46,366 - __main__ - INFO - 🔍 Validating configuration...
2026-01-25 16:05:46,370 - src.core.enhanced_config - INFO - Configuration loaded from /Users/4d/Documents/GitHub/GEO-INFER/GEO-INFER-PLACE/locations/cascadia/src/config/cascadia_config.yaml
2026-01-25 16:05:46,370 - src.core.enhanced_config - INFO - Enhanced Configuration Manager initialized
2026-01-25 16:05:46,370 - __main__ - INFO - Target counties: {'CA': ['Del Norte']}
2026-01-25 16:05:46,370 - __main__ - INFO - Active modules: ['zoning', 'ownership', 'improvements', 'ground_water', 'surface_water', 'water_rights', 'power_source', 'mortgage_debt']
2026-01-25 16:05:46,370 - __main__ - INFO - 📊 Configuration validation: ✅ PASSED
2026-01-25 16:05:46,370 - src.core.data_processor - INFO - 🔧 Creating shared backend for all modules...
2026-01-25 16:05:46,370 - geo_infer_place.core.unified_backend - INFO - Using native H3 library for spatial indexing (osc_geo module deprecated)
2026-01-25 16:05:46,370 - geo_infer_place.core.unified_backend - INFO - Loading region data from cache: output/data/cache/region_cache_4e2b5626c8c4ca7a05c736003fae87ed.json
2026-01-25 16:05:46,371 - geo_infer_place.core.unified_backend - INFO - ✅ Loaded 7749 hexagons from cache
2026-01-25 16:05:46,371 - geo_infer_place.core.unified_backend - INFO - Using cached region data
2026-01-25 16:05:46,371 - geo_infer_space.core.unified_backend - WARNING - Failed to initialize H3DataLoader from GEO-INFER-SPACE: osc_geo module not available. OSC data loading disabled.. Functionality relying on OSC data loading will be unavailable.
2026-01-25 16:05:46,371 - geo_infer_place.core.unified_backend - ERROR - No county geometries could be loaded or defined. Cannot define a target region.
2026-01-25 16:05:46,371 - geo_infer_space.core.unified_backend - INFO - UnifiedH3Backend initialized for 'Cascadia' with 0 active modules at H3 resolution 8
2026-01-25 16:05:46,371 - geo_infer_space.core.unified_backend - INFO - Active modules: []
2026-01-25 16:05:46,371 - geo_infer_space.core.unified_backend - INFO - Defined 0 total target hexagons across 0 areas.
2026-01-25 16:05:46,371 - geo_infer_space.utils.config_loader - INFO - Config loader initialized with directory: /Users/4d/Documents/GitHub/GEO-INFER/GEO-INFER-SPACE/src/config
2026-01-25 16:05:46,371 - geo_infer_space.utils.config_loader - WARNING - Location config not found: /Users/4d/Documents/GitHub/GEO-INFER/GEO-INFER-SPACE/src/config/cascadia.yaml
2026-01-25 16:05:46,371 - geo_infer_space.utils.config_loader - DEBUG - Configuration validation passed
2026-01-25 16:05:46,371 - geo_infer_place.core.unified_backend - INFO - ✅ Cascadia configuration loaded successfully
2026-01-25 16:05:46,371 - geo_infer_place.core.unified_backend - INFO - Loading county geometries with boundary loader...
2026-01-25 16:05:46,378 - county_boundary_loader - INFO - Loaded county boundaries configuration from /Users/4d/Documents/GitHub/GEO-INFER/GEO-INFER-PLACE/locations/cascadia/config/county_boundaries.yaml
2026-01-25 16:05:46,378 - county_boundary_loader - INFO - Loaded GeoJSON geometry for ca_del_norte from /Users/4d/Documents/GitHub/GEO-INFER/GEO-INFER-PLACE/locations/cascadia/config/ca_del_norte_boundary.geojson
2026-01-25 16:05:46,378 - geo_infer_place.core.unified_backend - INFO - Successfully loaded county geometries using boundary loader
2026-01-25 16:05:46,378 - geo_infer_place.core.unified_backend - INFO - Generating hexagons for Del_Norte, CA using SPACE utilities...
2026-01-25 16:05:46,378 - geo_infer_place.core.unified_backend - DEBUG - Geometry type: <class 'dict'>, Geometry: {'type': 'Polygon', 'coordinates': [[[-124.5, 41.4], [-124.5, 42.0], [-123.5, 42.0], [-123.5, 41.4], [-124.5, 41.4]]]}
2026-01-25 16:05:46,383 - geo_infer_place.core.unified_backend - INFO - Generated 7749 hexagons for Del_Norte, CA
2026-01-25 16:05:46,385 - geo_infer_place.core.unified_backend - INFO - ✅ Generated 7749 H3 hexagons using SPACE utilities
2026-01-25 16:05:46,386 - geo_infer_place.core.unified_backend - INFO - Enhanced CascadianAgriculturalH3Backend initialized for 'Cascadia' with 0 active modules at H3 resolution 8
2026-01-25 16:05:46,386 - geo_infer_place.core.unified_backend - INFO - Active modules: []
2026-01-25 16:05:46,386 - geo_infer_place.core.unified_backend - INFO - Defined 7749 total target hexagons across 1 states.
2026-01-25 16:05:46,386 - geo_infer_place.core.unified_backend - INFO - SPACE integration: Spatial processor, data integrator, and visualization engine available
2026-01-25 16:05:46,386 - src.core.data_processor - INFO - ✅ Shared backend created with 7749 target hexagons
2026-01-25 16:05:46,386 - src.core.enhanced_data_manager - INFO - Enhanced Data Manager initialized with H3 resolution 8
2026-01-25 16:05:46,386 - src.core.enhanced_data_manager - INFO - SPACE H3 utilities available: True
2026-01-25 16:05:46,386 - src.core.enhanced_h3_fusion - INFO - Enhanced H3 Fusion initialized with resolution 8
2026-01-25 16:05:46,386 - src.core.enhanced_h3_fusion - INFO - SPACE H3 utilities available: True
2026-01-25 16:05:46,386 - src.core.enhanced_h3_fusion - INFO - Spatial analysis enabled: True
2026-01-25 16:05:46,386 - src.core.enhanced_h3_fusion - INFO - Fusion mode: geom_intersect
2026-01-25 16:05:46,386 - src.core.enhanced_h3_fusion - INFO - Fusion cache directory: output/data/cache/fusion
2026-01-25 16:05:46,386 - selenium.webdriver.common.selenium_manager - DEBUG - Selenium Manager binary found at: /Users/4d/Documents/GitHub/GEO-INFER/GEO-INFER-PLACE/locations/cascadia/.venv/lib/python3.12/site-packages/selenium/webdriver/common/macos/selenium-manager
2026-01-25 16:05:46,386 - selenium.webdriver.common.selenium_manager - DEBUG - Executing process: /Users/4d/Documents/GitHub/GEO-INFER/GEO-INFER-PLACE/locations/cascadia/.venv/lib/python3.12/site-packages/selenium/webdriver/common/macos/selenium-manager --browser chrome --debug --language-binding python --output json
2026-01-25 16:05:46,650 - selenium.webdriver.common.selenium_manager - DEBUG - chromedriver not found in PATH
2026-01-25 16:05:46,650 - selenium.webdriver.common.selenium_manager - DEBUG - chrome detected at /Applications/Google Chrome.app/Contents/MacOS/Google Chrome
2026-01-25 16:05:46,650 - selenium.webdriver.common.selenium_manager - DEBUG - Running command: /Applications/Google\ Chrome.app/Contents/MacOS/Google\ Chrome --version
2026-01-25 16:05:46,650 - selenium.webdriver.common.selenium_manager - DEBUG - Output: "Google Chrome 144.0.7559.97 "
2026-01-25 16:05:46,650 - selenium.webdriver.common.selenium_manager - DEBUG - Detected browser: chrome 144.0.7559.97
2026-01-25 16:05:46,650 - selenium.webdriver.common.selenium_manager - DEBUG - Required driver: chromedriver 144.0.7559.96
2026-01-25 16:05:46,650 - selenium.webdriver.common.selenium_manager - DEBUG - chromedriver 144.0.7559.96 already in the cache
2026-01-25 16:05:46,650 - selenium.webdriver.common.selenium_manager - DEBUG - Driver path: /Users/4d/.cache/selenium/chromedriver/mac-arm64/144.0.7559.96/chromedriver
2026-01-25 16:05:46,650 - selenium.webdriver.common.selenium_manager - DEBUG - Browser path: /Applications/Google Chrome.app/Contents/MacOS/Google Chrome
2026-01-25 16:05:46,653 - selenium.webdriver.common.service - DEBUG - Started executable: `/Users/4d/.cache/selenium/chromedriver/mac-arm64/144.0.7559.96/chromedriver` in a child process with pid: 31443 using 0 to output -3
2026-01-25 16:05:46,681 - selenium.webdriver.remote.remote_connection - DEBUG - POST http://localhost:59589/session {'capabilities': {'firstMatch': [{}], 'alwaysMatch': {'browserName': 'chrome', 'pageLoadStrategy': <PageLoadStrategy.normal: 'normal'>, 'browserVersion': None, 'goog:chromeOptions': {'extensions': [], 'binary': '/Applications/Google Chrome.app/Contents/MacOS/Google Chrome', 'args': ['--headless', '--no-sandbox', '--disable-dev-shm-usage', '--disable-gpu', '--window-size=1920,1080']}}}}
2026-01-25 16:05:46,681 - urllib3.connectionpool - DEBUG - Starting new HTTP connection (1): localhost:59589
2026-01-25 16:06:10,586 - urllib3.connectionpool - DEBUG - http://localhost:59589 "POST /session HTTP/1.1" 200 0
2026-01-25 16:06:10,586 - selenium.webdriver.remote.remote_connection - DEBUG - Remote response: status=200 | data={"value":{"capabilities":{"acceptInsecureCerts":false,"browserName":"chrome","browserVersion":"144.0.7559.97","chrome":{"chromedriverVersion":"144.0.7559.96 (d7b80622cfab91c265741194e7942eefd2d21811-refs/branch-heads/7559@{#3667})","userDataDir":"/var/folders/vc/rgmbpjpj0dbg61vr54xjskc80000gn/T/org.chromium.Chromium.scoped_dir.41QJ5K"},"fedcm:accounts":true,"goog:chromeOptions":{"debuggerAddress":"localhost:59651"},"goog:processID":31444,"networkConnectionEnabled":false,"pageLoadStrategy":"normal","platformName":"mac","proxy":{},"setWindowRect":true,"strictFileInteractability":false,"timeouts":{"implicit":0,"pageLoad":300000,"script":30000},"unhandledPromptBehavior":"dismiss and notify","webauthn:extension:credBlob":true,"webauthn:extension:largeBlob":true,"webauthn:extension:minPinLength":true,"webauthn:extension:prf":true,"webauthn:virtualAuthenticators":true},"sessionId":"cf02c19644267949405e79207f50cc41"}} | headers=HTTPHeaderDict({'Content-Length': '923', 'Content-Type': 'application/json; charset=utf-8', 'cache-control': 'no-cache'})
2026-01-25 16:06:10,586 - selenium.webdriver.remote.remote_connection - DEBUG - Finished Request
2026-01-25 16:06:10,586 - selenium.webdriver.remote.remote_connection - DEBUG - POST http://localhost:59589/session/cf02c19644267949405e79207f50cc41/timeouts {'implicit': 10000}
2026-01-25 16:06:10,587 - urllib3.connectionpool - DEBUG - http://localhost:59589 "POST /session/cf02c19644267949405e79207f50cc41/timeouts HTTP/1.1" 200 0
2026-01-25 16:06:10,587 - selenium.webdriver.remote.remote_connection - DEBUG - Remote response: status=200 | data={"value":null} | headers=HTTPHeaderDict({'Content-Length': '14', 'Content-Type': 'application/json; charset=utf-8', 'cache-control': 'no-cache'})
2026-01-25 16:06:10,587 - selenium.webdriver.remote.remote_connection - DEBUG - Finished Request
2026-01-25 16:06:10,587 - src.core.real_data_acquisition - INFO - Web driver initialized successfully
2026-01-25 16:06:10,587 - src.core.real_data_acquisition - INFO - Real Data Acquisition system initialized
2026-01-25 16:06:10,587 - src.core.visualization.comprehensive_visualization - INFO - Comprehensive Visualization Engine initialized
2026-01-25 16:06:10,589 - src.core.enhanced_h3_fusion - INFO - ✅ H3 operations validation completed successfully
2026-01-25 16:06:10,589 - __main__ - INFO - H3 validation result: {'h3_api_version': '4.x', 'space_integration': True, 'operations_tested': ['latlng_to_cell', 'cell_to_latlng', 'cell_to_latlng_boundary', 'geo_to_cells', 'grid_disk', 'cell_area', 'is_valid_cell'], 'errors': [], 'warnings': []}
2026-01-25 16:06:10,596 - geo_infer_space.backends.h3.h3_backend - INFO - H3 library v4.3.1 loaded successfully
2026-01-25 16:06:10,596 - geo_infer_space.core.dispatcher - INFO - Registered spatial backend: h3
2026-01-25 16:06:10,596 - geo_infer_space.core.dispatcher - INFO - H3 backend loaded successfully
2026-01-25 16:06:10,597 - geo_infer_space.backends.srai.srai_backend - WARNING - SRAI library is not available
2026-01-25 16:06:10,597 - geo_infer_space.backends.srai.srai_backend - WARNING - SRAI backend initialized but library is not available
2026-01-25 16:06:10,598 - geo_infer_space.backends.srai.srai_backend - DEBUG - Getting SRAI backend capabilities
2026-01-25 16:06:10,598 - geo_infer_space.core.dispatcher - INFO - Registered spatial backend: srai
2026-01-25 16:06:10,598 - geo_infer_space.core.dispatcher - INFO - SRAI backend loaded successfully
2026-01-25 16:06:10,598 - src.data_modules.zoning.data_sources - INFO - [zoning] Loaded config from config/data_urls.json
2026-01-25 16:06:10,598 - src.data_modules.zoning.geo_infer_zoning - INFO - Initialized GeoInferZoning module with real OSC H3 v4 integration.
2026-01-25 16:06:10,598 - __main__ - INFO - ✅ Zoning module initialized with enhanced data management
2026-01-25 16:06:10,598 - src.data_modules.ownership.data_sources - ERROR - Could not load or parse config file at /Users/4d/Documents/GitHub/GEO-INFER/GEO-INFER-PLACE/locations/cascadia/src/data_modules/ownership/../config/data_urls.json: [Errno 2] No such file or directory: '/Users/4d/Documents/GitHub/GEO-INFER/GEO-INFER-PLACE/locations/cascadia/src/data_modules/ownership/../config/data_urls.json'
2026-01-25 16:06:10,598 - src.data_modules.ownership.geo_infer_ownership - INFO - Initialized GeoInferOwnership module with real OSC H3 v4 integration.
2026-01-25 16:06:10,598 - __main__ - INFO - ✅ Ownership module initialized with enhanced data management
2026-01-25 16:06:10,598 - src.data_modules.improvements.data_sources - INFO - Initialized CascadianImprovementsDataSources.
2026-01-25 16:06:10,598 - src.data_modules.improvements.geo_infer_improvements - INFO - Initialized GeoInferImprovements module.
2026-01-25 16:06:10,598 - __main__ - INFO - ✅ Improvements module initialized with enhanced data management
2026-01-25 16:06:10,598 - src.data_modules.water_rights.data_sources - ERROR - Could not load or parse water_rights config: [Errno 2] No such file or directory: '/Users/4d/Documents/GitHub/GEO-INFER/GEO-INFER-PLACE/locations/cascadia/src/data_modules/water_rights/../config/data_urls.json'
2026-01-25 16:06:10,598 - src.data_modules.water_rights.data_sources - INFO - Initialized CascadianWaterRightsDataSources.
2026-01-25 16:06:10,598 - src.data_modules.water_rights.geo_infer_water_rights - INFO - Initialized GeoInferWaterRights with resolution 8
2026-01-25 16:06:10,598 - __main__ - INFO - ✅ Water rights module initialized with enhanced data management
2026-01-25 16:06:10,598 - src.data_modules.ground_water.data_sources - ERROR - Could not load or parse ground_water config: [Errno 2] No such file or directory: '/Users/4d/Documents/GitHub/GEO-INFER/GEO-INFER-PLACE/locations/cascadia/src/data_modules/ground_water/../config/data_urls.json'
2026-01-25 16:06:10,598 - src.data_modules.ground_water.data_sources - INFO - Initialized CascadianGroundWaterDataSources
2026-01-25 16:06:10,599 - src.data_modules.ground_water.geo_infer_ground_water - INFO - Initialized GeoInferGroundWater with resolution 8
2026-01-25 16:06:10,599 - __main__ - INFO - ✅ Ground water module initialized with enhanced data management
2026-01-25 16:06:10,599 - src.data_modules.surface_water.data_sources - ERROR - Could not load or parse surface_water config: [Errno 2] No such file or directory: '/Users/4d/Documents/GitHub/GEO-INFER/GEO-INFER-PLACE/locations/cascadia/src/data_modules/surface_water/../config/data_urls.json'
2026-01-25 16:06:10,599 - src.data_modules.surface_water.geo_infer_surface_water - INFO - Initialized GeoInferSurfaceWater with resolution 8
2026-01-25 16:06:10,599 - __main__ - INFO - ✅ Surface water module initialized with enhanced data management
2026-01-25 16:06:10,599 - src.data_modules.power_source.data_sources - ERROR - Could not load or parse power_source config: [Errno 2] No such file or directory: '/Users/4d/Documents/GitHub/GEO-INFER/GEO-INFER-PLACE/locations/cascadia/src/data_modules/power_source/../config/data_urls.json'
2026-01-25 16:06:10,599 - src.data_modules.power_source.geo_infer_power_source - INFO - Initialized GeoInferPowerSource with resolution 8
2026-01-25 16:06:10,599 - __main__ - INFO - ✅ Power source module initialized with enhanced data management
2026-01-25 16:06:10,599 - src.data_modules.mortgage_debt.data_sources - ERROR - Could not load or parse mortgage_debt config: [Errno 2] No such file or directory: '/Users/4d/Documents/GitHub/GEO-INFER/GEO-INFER-PLACE/locations/cascadia/src/data_modules/mortgage_debt/../config/data_urls.json'
2026-01-25 16:06:10,599 - src.data_modules.mortgage_debt.geo_infer_mortgage_debt - INFO - Initialized GeoInferMortgageDebt with backend integration
2026-01-25 16:06:10,599 - __main__ - INFO - ✅ Mortgage debt module initialized with enhanced data management
2026-01-25 16:06:10,599 - __main__ - INFO - ✅ Updated shared backend with 8 active modules
2026-01-25 16:06:10,599 - __main__ - INFO - 🚀 Starting enhanced comprehensive analysis with real data acquisition and H3 geospatial fusion...
2026-01-25 16:06:10,599 - __main__ - INFO - 📊 Processing module: zoning
2026-01-25 16:06:10,600 - __main__ - INFO - 📊 Processing module: ownership
2026-01-25 16:06:10,600 - cascadia.processing.real_data_acquisition - INFO - 🚀 PROCESSING START - Zoning Data Acquisition
2026-01-25 16:06:10,600 - __main__ - INFO - 📊 Processing module: improvements
2026-01-25 16:06:10,600 - __main__ - INFO - 📊 Processing module: water_rights
2026-01-25 16:06:10,600 - cascadia.processing.real_data_acquisition - INFO -    Module: real_data_acquisition
2026-01-25 16:06:10,600 - __main__ - INFO - 📊 Processing module: ground_water
2026-01-25 16:06:10,600 - __main__ - INFO - ℹ️  Acquiring data via standard module extraction for water_rights
2026-01-25 16:06:10,600 - __main__ - INFO - 📊 Processing module: surface_water
2026-01-25 16:06:10,600 - __main__ - INFO - 📊 Processing module: power_source
2026-01-25 16:06:10,600 - cascadia.processing.real_data_acquisition - INFO -    Parameters: {'sources': ['Del Norte County', 'California State']}
2026-01-25 16:06:10,600 - __main__ - INFO - ℹ️  Acquiring data via standard module extraction for ground_water
2026-01-25 16:06:10,600 - __main__ - INFO - 📊 Processing module: mortgage_debt
2026-01-25 16:06:10,601 - cascadia.processing.data_manager - INFO - 🚀 PROCESSING START - Data Acquisition
2026-01-25 16:06:10,601 - __main__ - INFO - ℹ️  Acquiring data via standard module extraction for surface_water
2026-01-25 16:06:10,601 - __main__ - INFO - ℹ️  Acquiring data via standard module extraction for power_source
2026-01-25 16:06:10,602 - selenium.webdriver.remote.remote_connection - DEBUG - POST http://localhost:59589/session/cf02c19644267949405e79207f50cc41/url {'url': 'https://www.co.del-norte.ca.us/departments/planning-building'}
2026-01-25 16:06:10,602 - cascadia.processing.data_manager - INFO - 🚀 PROCESSING START - Data Acquisition
2026-01-25 16:06:10,602 - __main__ - INFO - ℹ️  Acquiring data via standard module extraction for mortgage_debt
2026-01-25 16:06:10,602 - cascadia.processing.data_manager - INFO -    Module: data_manager
2026-01-25 16:06:10,602 - cascadia.processing.data_manager - INFO - 🚀 PROCESSING START - Data Acquisition
2026-01-25 16:06:10,602 - cascadia.processing.data_manager - INFO - 🚀 PROCESSING START - Data Acquisition
2026-01-25 16:06:10,602 - cascadia.processing.data_manager - INFO -    Module: data_manager
2026-01-25 16:06:10,602 - cascadia.processing.data_manager - INFO - 🚀 PROCESSING START - Data Acquisition
2026-01-25 16:06:10,602 - cascadia.processing.data_manager - INFO -    Parameters: {'module': 'water_rights', 'force_refresh': True}
2026-01-25 16:06:10,602 - cascadia.processing.data_manager - INFO -    Module: data_manager
2026-01-25 16:06:10,602 - cascadia.processing.data_manager - INFO -    Module: data_manager
2026-01-25 16:06:10,602 - cascadia.processing.data_manager - INFO -    Parameters: {'module': 'ground_water', 'force_refresh': True}
2026-01-25 16:06:10,602 - cascadia.processing.data_manager - INFO -    Module: data_manager
2026-01-25 16:06:10,602 - cascadia.processing.data_manager - INFO -    Parameters: {'module': 'surface_water', 'force_refresh': True}
2026-01-25 16:06:10,603 - cascadia.processing.data_manager - INFO -    Step: Data Acquisition
2026-01-25 16:06:10,603 - cascadia.processing.data_manager - INFO -    Parameters: {'module': 'power_source', 'force_refresh': True}
2026-01-25 16:06:10,603 - cascadia.processing.data_manager - INFO -    Parameters: {'module': 'mortgage_debt', 'force_refresh': True}
2026-01-25 16:06:10,603 - cascadia.processing.data_manager - INFO -    Step: Data Acquisition
2026-01-25 16:06:10,603 - cascadia.processing.data_manager - INFO -    Step: Data Acquisition
2026-01-25 16:06:10,603 - cascadia.processing.data_manager - INFO -      action: calling_data_source_func
2026-01-25 16:06:10,603 - cascadia.processing.data_manager - INFO -      action: calling_data_source_func
2026-01-25 16:06:10,603 - cascadia.processing.data_manager - INFO -      action: calling_data_source_func
2026-01-25 16:06:10,604 - cascadia.processing.data_manager - INFO -      module: water_rights
2026-01-25 16:06:10,604 - cascadia.processing.data_manager - INFO -    Step: Data Acquisition
2026-01-25 16:06:10,604 - cascadia.processing.data_manager - INFO -      module: ground_water
2026-01-25 16:06:10,604 - cascadia.processing.data_manager - INFO -      module: surface_water
2026-01-25 16:06:10,604 - cascadia.processing.data_manager - INFO -    Step: Data Acquisition
2026-01-25 16:06:10,604 - cascadia.processing.data_manager - INFO -      action: calling_data_source_func
2026-01-25 16:06:10,605 - urllib3.connectionpool - DEBUG - Starting new HTTPS connection (1): services.countyofdelnorte.us:443
2026-01-25 16:06:10,605 - urllib3.connectionpool - DEBUG - Starting new HTTPS connection (1): services.countyofdelnorte.us:443
2026-01-25 16:06:10,605 - cascadia.processing.data_manager - INFO - 🚀 PROCESSING START - Data Validation and Storage
2026-01-25 16:06:10,606 - cascadia.processing.data_manager - INFO -    Module: data_manager
2026-01-25 16:06:10,605 - cascadia.processing.data_manager - INFO -      action: calling_data_source_func
2026-01-25 16:06:10,606 - cascadia.processing.data_manager - INFO -      module: power_source
2026-01-25 16:06:10,605 - cascadia.processing.data_manager - INFO - 🚀 PROCESSING START - Data Validation and Storage
2026-01-25 16:06:10,606 - cascadia.processing.data_manager - INFO -    Parameters: {'module': 'water_rights', 'raw_path': 'output/water_rights/data/raw/raw_water_rights_data.geojson'}
2026-01-25 16:06:10,606 - cascadia.processing.data_manager - INFO -      module: mortgage_debt
2026-01-25 16:06:10,606 - cascadia.processing.data_manager - INFO -    Module: data_manager
2026-01-25 16:06:10,607 - src.data_modules.power_source.data_sources - INFO - Fetching all power infrastructure features from HIFLD...
2026-01-25 16:06:10,607 - cascadia.processing.data_manager - INFO -    Parameters: {'module': 'ground_water', 'raw_path': 'output/ground_water/data/raw/raw_ground_water_data.geojson'}
2026-01-25 16:06:10,608 - src.data_modules.mortgage_debt.geo_infer_mortgage_debt - INFO - [mortgage_debt] Using cached raw data at output/mortgage_debt/data/raw/raw_mortgage_debt_data.geojson
2026-01-25 16:06:10,609 - src.core.real_data_acquisition - ERROR - Failed to acquire improvements data: HTTPSConnectionPool(host='services.countyofdelnorte.us', port=443): Max retries exceeded with url: /arcgis/rest/services/BuildingPermits/MapServer/0/query?where=1%3D1&outFields=IMPROVEMENT_VALUE%2CLAND_VALUE%2CBUILDING_TYPE%2CYEAR_BUILT%2CAPN&returnGeometry=true&f=geojson&geometryPrecision=6&maxRecordCount=10000 (Caused by NameResolutionError("HTTPSConnection(host='services.countyofdelnorte.us', port=443): Failed to resolve 'services.countyofdelnorte.us' ([Errno 8] nodename nor servname provided, or not known)"))
2026-01-25 16:06:10,609 - src.core.real_data_acquisition - ERROR - Failed to acquire ownership data: HTTPSConnectionPool(host='services.countyofdelnorte.us', port=443): Max retries exceeded with url: /arcgis/rest/services/Parcels/MapServer/0/query?where=1%3D1&outFields=OWNER_NAME%2CACRES%2CLAND_USE%2CIMPROVEMENT_VALUE%2CLAND_VALUE%2CAPN&returnGeometry=true&f=geojson&geometryPrecision=6&maxRecordCount=10000 (Caused by NameResolutionError("HTTPSConnection(host='services.countyofdelnorte.us', port=443): Failed to resolve 'services.countyofdelnorte.us' ([Errno 8] nodename nor servname provided, or not known)"))
2026-01-25 16:06:10,609 - src.data_modules.power_source.data_sources - ERROR - HIFLD service URL for 'transmission lines' not configured.
2026-01-25 16:06:10,612 - cascadia.processing.data_manager - INFO - 🚀 PROCESSING START - Data Validation and Storage
2026-01-25 16:06:10,614 - __main__ - INFO - ℹ️  Acquiring data via standard module extraction for improvements
2026-01-25 16:06:10,617 - __main__ - INFO - ℹ️  Acquiring data via standard module extraction for ownership
2026-01-25 16:06:10,627 - src.data_modules.power_source.data_sources - ERROR - HIFLD service URL for 'power plants' not configured.
2026-01-25 16:06:10,627 - cascadia.processing.data_manager - INFO -    Module: data_manager
2026-01-25 16:06:10,627 - cascadia.processing.data_manager - INFO - 🚀 PROCESSING START - Data Acquisition
2026-01-25 16:06:10,628 - cascadia.processing.data_manager - INFO - 🚀 PROCESSING START - Data Acquisition
2026-01-25 16:06:10,630 - src.data_modules.power_source.data_sources - INFO - Incomplete HIFLD data, querying OSM...
2026-01-25 16:06:10,631 - cascadia.processing.data_manager - INFO -    Parameters: {'module': 'mortgage_debt', 'raw_path': 'output/mortgage_debt/data/raw/raw_mortgage_debt_data.geojson'}
2026-01-25 16:06:10,631 - cascadia.processing.data_manager - INFO -    Module: data_manager
2026-01-25 16:06:10,632 - cascadia.processing.data_manager - INFO -    Module: data_manager
2026-01-25 16:06:10,633 - cascadia.processing.data_manager - INFO -    Parameters: {'module': 'improvements', 'force_refresh': True}
2026-01-25 16:06:10,634 - cascadia.processing.data_manager - INFO -    Parameters: {'module': 'ownership', 'force_refresh': True}
2026-01-25 16:06:10,643 - cascadia.processing.data_manager - INFO -    Step: Data Acquisition
2026-01-25 16:06:10,645 - cascadia.processing.data_manager - INFO -      action: calling_data_source_func
2026-01-25 16:06:10,669 - cascadia.processing.data_manager - INFO -      module: ownership
2026-01-25 16:06:10,671 - src.data_modules.ownership.geo_infer_ownership - INFO - [ownership] 🔍 Acquiring raw ownership data...
2026-01-25 16:06:10,673 - cascadia.processing.data_manager - INFO -    Step: Data Acquisition
2026-01-25 16:06:10,681 - cascadia.processing.data_manager - INFO -      action: calling_data_source_func
2026-01-25 16:06:10,682 - cascadia.processing.data_manager - INFO -      module: improvements
2026-01-25 16:06:10,689 - src.data_modules.improvements.geo_infer_improvements - INFO - [improvements] 🔍 Acquiring raw improvements data...
2026-01-25 16:06:10,705 - src.data_modules.ownership.geo_infer_ownership - WARNING - [ownership] ⚠️ No ownership data found, creating synthetic data...
2026-01-25 16:06:10,710 - src.data_modules.ownership.geo_infer_ownership - INFO - Creating real ownership data based on H3 hexagon analysis...
2026-01-25 16:06:10,755 - src.data_modules.improvements.geo_infer_improvements - INFO - [improvements] ✅ Found cached raw improvements data: output/improvements/data/raw/raw_improvements_data.geojson
2026-01-25 16:06:10,757 - cascadia.processing.data_manager - INFO - 🚀 PROCESSING START - Data Validation and Storage
2026-01-25 16:06:10,757 - cascadia.processing.data_manager - INFO -    Module: data_manager
2026-01-25 16:06:10,758 - cascadia.processing.data_manager - INFO -    Parameters: {'module': 'improvements', 'raw_path': 'output/improvements/data/raw/raw_improvements_data.geojson'}
2026-01-25 16:06:10,776 - src.core.enhanced_data_manager - INFO - 🗺️  GEODATAFRAME SUMMARY - ground_water_raw_data
2026-01-25 16:06:10,776 - src.core.enhanced_data_manager - INFO - 🗺️  GEODATAFRAME SUMMARY - water_rights_raw_data
2026-01-25 16:06:10,779 - src.core.enhanced_data_manager - INFO - 🗺️  GEODATAFRAME SUMMARY - mortgage_debt_raw_data
2026-01-25 16:06:10,779 - src.core.enhanced_data_manager - INFO -    Shape: (0, 1)
2026-01-25 16:06:10,788 - src.core.enhanced_data_manager - INFO -    Shape: (0, 1)
2026-01-25 16:06:10,792 - src.core.enhanced_data_manager - INFO -    Shape: (0, 1)
2026-01-25 16:06:10,793 - src.core.enhanced_data_manager - INFO -    CRS: EPSG:4326
2026-01-25 16:06:10,794 - src.core.enhanced_data_manager - INFO -    CRS: EPSG:4326
2026-01-25 16:06:10,795 - src.core.enhanced_data_manager - INFO - 🗺️  GEODATAFRAME SUMMARY - improvements_raw_data
2026-01-25 16:06:10,795 - src.core.enhanced_data_manager - INFO -    CRS: EPSG:4326
2026-01-25 16:06:10,803 - pyogrio._io - INFO - Created 100 records
2026-01-25 16:06:10,804 - src.core.enhanced_data_manager - INFO -    Geometry Type: []
2026-01-25 16:06:10,809 - src.core.enhanced_data_manager - INFO -    Geometry Type: []
2026-01-25 16:06:10,810 - src.core.enhanced_data_manager - INFO -    Shape: (500, 4)
2026-01-25 16:06:10,811 - src.core.enhanced_data_manager - INFO -    Geometry Type: []
2026-01-25 16:06:10,811 - src.data_modules.ownership.geo_infer_ownership - INFO - Created 100 real ownership features
2026-01-25 16:06:10,813 - src.core.enhanced_data_manager - INFO -    Bounds: [nan nan nan nan]
2026-01-25 16:06:10,815 - src.core.enhanced_data_manager - INFO -    Bounds: [nan nan nan nan]
2026-01-25 16:06:10,816 - src.core.enhanced_data_manager - INFO -    CRS: EPSG:4326
2026-01-25 16:06:10,818 - src.core.enhanced_data_manager - INFO -    Bounds: [nan nan nan nan]
2026-01-25 16:06:10,828 - pyogrio._io - INFO - Created 100 records
2026-01-25 16:06:10,829 - src.core.enhanced_data_manager - INFO - 📋 DATAFRAME SUMMARY - ground_water_raw_data
2026-01-25 16:06:10,829 - src.core.enhanced_data_manager - INFO - 📋 DATAFRAME SUMMARY - water_rights_raw_data
2026-01-25 16:06:10,832 - src.core.enhanced_data_manager - INFO - 📋 DATAFRAME SUMMARY - mortgage_debt_raw_data
2026-01-25 16:06:10,833 - src.core.enhanced_data_manager - INFO -    Geometry Type: ['Polygon']
2026-01-25 16:06:10,833 - cascadia.processing.data_manager - INFO - 🚀 PROCESSING START - Data Validation and Storage
2026-01-25 16:06:10,840 - src.core.enhanced_data_manager - INFO -    Shape: (0, 1)
2026-01-25 16:06:10,841 - src.core.enhanced_data_manager - INFO -    Shape: (0, 1)
2026-01-25 16:06:10,841 - src.core.enhanced_data_manager - INFO -    Shape: (0, 1)
2026-01-25 16:06:10,845 - src.core.enhanced_data_manager - INFO -    Bounds: [  41.39591676 -124.50144468   42.00346747 -123.49460285]
2026-01-25 16:06:10,848 - cascadia.processing.data_manager - INFO -    Module: data_manager
2026-01-25 16:06:10,849 - src.core.enhanced_data_manager - INFO -    Memory Usage: 0.00 MB
2026-01-25 16:06:10,849 - src.core.enhanced_data_manager - INFO -    Memory Usage: 0.00 MB
2026-01-25 16:06:10,850 - src.core.enhanced_data_manager - INFO -    Memory Usage: 0.00 MB
2026-01-25 16:06:10,851 - cascadia.processing.data_manager - INFO -    Parameters: {'module': 'ownership', 'raw_path': 'output/ownership/data/raw/raw_ownership_data.geojson'}
2026-01-25 16:06:10,852 - src.core.enhanced_data_manager - INFO -    Columns: ['geometry']
2026-01-25 16:06:10,853 - src.core.enhanced_data_manager - INFO -    Columns: ['geometry']
2026-01-25 16:06:10,854 - src.core.enhanced_data_manager - INFO -    Columns: ['geometry']
2026-01-25 16:06:10,857 - src.core.enhanced_data_manager - INFO -    Data Types: {'geometry': <geopandas.array.GeometryDtype object at 0x1149f7650>}
2026-01-25 16:06:10,858 - src.core.enhanced_data_manager - INFO - 🗺️  GEODATAFRAME SUMMARY - ownership_raw_data
2026-01-25 16:06:10,858 - src.core.enhanced_data_manager - INFO -    Data Types: {'geometry': <geopandas.array.GeometryDtype object at 0x1149f7650>}
2026-01-25 16:06:10,859 - src.core.enhanced_data_manager - INFO -    Data Types: {'geometry': <geopandas.array.GeometryDtype object at 0x1149f7650>}
2026-01-25 16:06:10,859 - cascadia.data.data_manager - INFO - 🔍 DATA VALIDATION - Module: data_manager
2026-01-25 16:06:10,860 - src.core.enhanced_data_manager - INFO -    Shape: (100, 6)
2026-01-25 16:06:10,861 - cascadia.data.data_manager - INFO - 🔍 DATA VALIDATION - Module: data_manager
2026-01-25 16:06:10,863 - cascadia.data.data_manager - INFO - 🔍 DATA VALIDATION - Module: data_manager
2026-01-25 16:06:10,863 - cascadia.data.data_manager - INFO -    Quality Score: 0.00
2026-01-25 16:06:10,863 - src.core.enhanced_data_manager - INFO -    CRS: EPSG:4326
2026-01-25 16:06:10,863 - cascadia.data.data_manager - INFO -    Quality Score: 0.00
2026-01-25 16:06:10,864 - cascadia.data.data_manager - INFO -    Quality Score: 0.00
2026-01-25 16:06:10,864 - cascadia.data.data_manager - INFO -    Validation Results: {'is_valid': False, 'errors': ['Empty dataset'], 'warnings': [], 'quality_score': 0.0, 'feature_count': 0, 'geometry_types': [], 'crs': 'EPSG:4326', 'attribute_summary': {}, 'spatial_summary': {}, 'data_quality_metrics': {}}
2026-01-25 16:06:10,864 - src.core.enhanced_data_manager - INFO -    Geometry Type: ['Polygon']
2026-01-25 16:06:10,865 - cascadia.data.data_manager - INFO -    Validation Results: {'is_valid': False, 'errors': ['Empty dataset'], 'warnings': [], 'quality_score': 0.0, 'feature_count': 0, 'geometry_types': [], 'crs': 'EPSG:4326', 'attribute_summary': {}, 'spatial_summary': {}, 'data_quality_metrics': {}}
2026-01-25 16:06:10,865 - cascadia.data.data_manager - INFO -    Validation Results: {'is_valid': False, 'errors': ['Empty dataset'], 'warnings': [], 'quality_score': 0.0, 'feature_count': 0, 'geometry_types': [], 'crs': 'EPSG:4326', 'attribute_summary': {}, 'spatial_summary': {}, 'data_quality_metrics': {}}
2026-01-25 16:06:10,865 - src.core.enhanced_data_manager - WARNING - [ground_water] ⚠️ Data validation failed: ['Empty dataset']
2026-01-25 16:06:10,865 - src.core.enhanced_data_manager - INFO -    Bounds: [  41.39617603 -124.50450855   41.47929869 -124.12332766]
2026-01-25 16:06:10,865 - src.core.enhanced_data_manager - WARNING - [water_rights] ⚠️ Data validation failed: ['Empty dataset']
2026-01-25 16:06:10,866 - src.core.enhanced_data_manager - WARNING - [mortgage_debt] ⚠️ Data validation failed: ['Empty dataset']
2026-01-25 16:06:10,866 - src.core.enhanced_data_manager - INFO - [ground_water] 🔧 Creating synthetic data...
2026-01-25 16:06:10,866 - src.core.enhanced_data_manager - INFO - [water_rights] 🔧 Creating synthetic data...
2026-01-25 16:06:10,866 - src.core.enhanced_data_manager - INFO - [mortgage_debt] 🔧 Creating synthetic data...
2026-01-25 16:06:10,869 - pyogrio._io - INFO - Created 1 records
2026-01-25 16:06:10,874 - pyogrio._io - INFO - Created 1 records
2026-01-25 16:06:10,874 - pyogrio._io - INFO - Created 1 records
2026-01-25 16:06:10,874 - src.core.enhanced_data_manager - INFO - [ground_water] ✅ Created synthetic data: output/ground_water/data/synthetic/synthetic_ground_water_data.geojson
2026-01-25 16:06:10,875 - src.core.enhanced_data_manager - INFO - [water_rights] ✅ Created synthetic data: output/water_rights/data/synthetic/synthetic_water_rights_data.geojson
2026-01-25 16:06:10,875 - src.core.enhanced_data_manager - INFO - [mortgage_debt] ✅ Created synthetic data: output/mortgage_debt/data/synthetic/synthetic_mortgage_debt_data.geojson
2026-01-25 16:06:10,875 - cascadia.processing.data_manager - INFO - ✅ PROCESSING COMPLETE - Data Acquisition
2026-01-25 16:06:10,877 - cascadia.processing.data_manager - INFO - ✅ PROCESSING COMPLETE - Data Acquisition
2026-01-25 16:06:10,879 - cascadia.processing.data_manager - INFO - ✅ PROCESSING COMPLETE - Data Acquisition
2026-01-25 16:06:10,880 - cascadia.processing.data_manager - INFO -    Duration: 0.27s
2026-01-25 16:06:10,881 - cascadia.processing.data_manager - INFO -    Duration: 0.28s
2026-01-25 16:06:10,886 - cascadia.processing.data_manager - INFO -    Duration: 0.28s
2026-01-25 16:06:10,887 - cascadia.processing.data_manager - INFO -    source: new_data
2026-01-25 16:06:10,891 - cascadia.processing.data_manager - INFO -    source: new_data
2026-01-25 16:06:10,892 - cascadia.processing.data_manager - INFO -    source: new_data
2026-01-25 16:06:10,892 - cascadia.processing.data_manager - INFO -    module: ground_water
2026-01-25 16:06:10,892 - cascadia.processing.data_manager - INFO -    module: water_rights
2026-01-25 16:06:10,892 - cascadia.processing.data_manager - INFO -    module: mortgage_debt
2026-01-25 16:06:10,893 - cascadia.processing.data_manager - INFO -    path: output/ground_water/data/synthetic/synthetic_ground_water_data.geojson
2026-01-25 16:06:10,893 - cascadia.processing.data_manager - INFO -    path: output/water_rights/data/synthetic/synthetic_water_rights_data.geojson
2026-01-25 16:06:10,893 - cascadia.processing.data_manager - INFO -    path: output/mortgage_debt/data/synthetic/synthetic_mortgage_debt_data.geojson
2026-01-25 16:06:10,893 - cascadia.processing.data_manager - INFO - 🚀 PROCESSING START - H3 Processing
2026-01-25 16:06:10,894 - cascadia.processing.data_manager - INFO - 🚀 PROCESSING START - H3 Processing
2026-01-25 16:06:10,894 - cascadia.processing.data_manager - INFO - 🚀 PROCESSING START - H3 Processing
2026-01-25 16:06:10,894 - cascadia.processing.data_manager - INFO -    Module: data_manager
2026-01-25 16:06:10,894 - cascadia.processing.data_manager - INFO -    Module: data_manager
2026-01-25 16:06:10,894 - cascadia.processing.data_manager - INFO -    Module: data_manager
2026-01-25 16:06:10,895 - cascadia.processing.data_manager - INFO -    Parameters: {'module': 'ground_water', 'data_path': 'output/ground_water/data/synthetic/synthetic_ground_water_data.geojson', 'target_hexagons_count': 7749}
2026-01-25 16:06:10,896 - cascadia.processing.data_manager - INFO -    Parameters: {'module': 'water_rights', 'data_path': 'output/water_rights/data/synthetic/synthetic_water_rights_data.geojson', 'target_hexagons_count': 7749}
2026-01-25 16:06:10,896 - cascadia.processing.data_manager - INFO -    Parameters: {'module': 'mortgage_debt', 'data_path': 'output/mortgage_debt/data/synthetic/synthetic_mortgage_debt_data.geojson', 'target_hexagons_count': 7749}
2026-01-25 16:06:10,900 - cascadia.processing.data_manager - INFO -    Step: H3 Processing
2026-01-25 16:06:10,901 - cascadia.processing.data_manager - INFO -      action: cache_invalid
2026-01-25 16:06:10,901 - cascadia.processing.data_manager - INFO -      module: ground_water
2026-01-25 16:06:10,903 - cascadia.processing.data_manager - INFO -    Step: H3 Processing
2026-01-25 16:06:10,904 - cascadia.processing.data_manager - INFO -      action: processing_to_h3
2026-01-25 16:06:10,905 - cascadia.processing.data_manager - INFO -    Step: H3 Processing
2026-01-25 16:06:10,906 - cascadia.processing.data_manager - INFO -    Step: H3 Processing
2026-01-25 16:06:10,907 - cascadia.processing.data_manager - INFO -      module: ground_water
2026-01-25 16:06:10,909 - cascadia.processing.data_manager - INFO -      action: cache_invalid
2026-01-25 16:06:10,910 - cascadia.processing.data_manager - INFO -      action: cache_invalid
2026-01-25 16:06:10,912 - cascadia.processing.data_manager - INFO -      module: mortgage_debt
2026-01-25 16:06:10,919 - cascadia.processing.data_manager - INFO -      module: water_rights
2026-01-25 16:06:10,942 - cascadia.processing.data_manager - INFO -    Step: H3 Processing
2026-01-25 16:06:10,961 - cascadia.processing.data_manager - INFO -    Step: H3 Processing
2026-01-25 16:06:10,968 - cascadia.processing.data_manager - INFO -      action: processing_to_h3
2026-01-25 16:06:10,974 - cascadia.processing.data_manager - INFO -      action: processing_to_h3
2026-01-25 16:06:10,983 - src.core.enhanced_data_manager - INFO - [ground_water] ✅ Processed 1 features to 1551 H3 hexagons
2026-01-25 16:06:10,983 - cascadia.processing.data_manager - INFO -      module: mortgage_debt
2026-01-25 16:06:10,984 - cascadia.processing.data_manager - INFO -      module: water_rights
2026-01-25 16:06:11,118 - src.core.enhanced_data_manager - INFO - [water_rights] ✅ Processed 1 features to 1551 H3 hexagons
2026-01-25 16:06:11,122 - src.core.enhanced_data_manager - INFO - [mortgage_debt] ✅ Processed 1 features to 1551 H3 hexagons
2026-01-25 16:06:11,134 - cascadia.data.data_manager - INFO - 🔷 H3 PROCESSING - Module: data_manager
2026-01-25 16:06:11,134 - cascadia.data.data_manager - INFO -    Input Features: 1
2026-01-25 16:06:11,134 - cascadia.data.data_manager - INFO -    Output Hexagons: 1,551
2026-01-25 16:06:11,134 - cascadia.data.data_manager - INFO -    Coverage: 20.0%
2026-01-25 16:06:11,134 - cascadia.data.data_manager - INFO -    Processing Time: 0.24s
2026-01-25 16:06:11,134 - cascadia.processing.data_manager - INFO - ✅ PROCESSING COMPLETE - H3 Processing
2026-01-25 16:06:11,135 - cascadia.processing.data_manager - INFO -    Duration: 0.24s
2026-01-25 16:06:11,135 - cascadia.processing.data_manager - INFO -    source: new_processing
2026-01-25 16:06:11,135 - cascadia.processing.data_manager - INFO -    module: ground_water
2026-01-25 16:06:11,135 - cascadia.processing.data_manager - INFO -    input_features: 1
2026-01-25 16:06:11,135 - cascadia.processing.data_manager - INFO -    output_hexagons: 1551
2026-01-25 16:06:11,140 - cascadia.data.data_manager - INFO - 🔷 H3 PROCESSING - Module: data_manager
2026-01-25 16:06:11,141 - cascadia.data.data_manager - INFO -    Input Features: 1
2026-01-25 16:06:11,142 - cascadia.data.data_manager - INFO -    Output Hexagons: 1,551
2026-01-25 16:06:11,142 - cascadia.data.data_manager - INFO -    Coverage: 20.0%
2026-01-25 16:06:11,142 - cascadia.data.data_manager - INFO -    Processing Time: 0.25s
2026-01-25 16:06:11,143 - cascadia.processing.data_manager - INFO - ✅ PROCESSING COMPLETE - H3 Processing
2026-01-25 16:06:11,145 - cascadia.processing.data_manager - INFO -    Duration: 0.25s
2026-01-25 16:06:11,146 - __main__ - INFO - 📋 ground_water data quality: synthetic data only, recommendations: []
2026-01-25 16:06:11,146 - cascadia.data.data_manager - INFO - 🔷 H3 PROCESSING - Module: data_manager
2026-01-25 16:06:11,147 - cascadia.processing.data_manager - INFO -    source: new_processing
2026-01-25 16:06:11,148 - cascadia.data.data_manager - INFO -    Input Features: 1
2026-01-25 16:06:11,148 - cascadia.processing.data_manager - INFO -    module: mortgage_debt
2026-01-25 16:06:11,149 - cascadia.data.data_manager - INFO -    Output Hexagons: 1,551
2026-01-25 16:06:11,150 - cascadia.processing.data_manager - INFO -    input_features: 1
2026-01-25 16:06:11,151 - cascadia.data.data_manager - INFO -    Coverage: 20.0%
2026-01-25 16:06:11,151 - cascadia.processing.data_manager - INFO -    output_hexagons: 1551
2026-01-25 16:06:11,151 - cascadia.data.data_manager - INFO -    Processing Time: 0.25s
2026-01-25 16:06:11,155 - cascadia.processing.data_manager - INFO - ✅ PROCESSING COMPLETE - H3 Processing
2026-01-25 16:06:11,156 - cascadia.processing.data_manager - INFO -    Duration: 0.26s
2026-01-25 16:06:11,156 - cascadia.processing.data_manager - INFO -    source: new_processing
2026-01-25 16:06:11,157 - cascadia.processing.data_manager - INFO -    module: water_rights
2026-01-25 16:06:11,157 - cascadia.processing.data_manager - INFO -    input_features: 1
2026-01-25 16:06:11,158 - cascadia.processing.data_manager - INFO -    output_hexagons: 1551
2026-01-25 16:06:11,161 - __main__ - INFO - 📋 mortgage_debt data quality: synthetic data only, recommendations: []
2026-01-25 16:06:11,163 - __main__ - INFO - 📋 water_rights data quality: synthetic data only, recommendations: []
2026-01-25 16:06:11,246 - src.data_modules.surface_water.data_sources - INFO - Fetching all surface water features from NHD...
2026-01-25 16:06:11,246 - src.data_modules.surface_water.data_sources - ERROR - No URL configured for NHD layer 'flowlines'.
2026-01-25 16:06:11,248 - src.data_modules.surface_water.data_sources - ERROR - No URL configured for NHD layer 'waterbodies'.
2026-01-25 16:06:11,248 - src.data_modules.surface_water.data_sources - INFO - NHD returned no data. Falling back to OSM.
2026-01-25 16:06:11,248 - src.data_modules.surface_water.data_sources - INFO - Querying OpenStreetMap Overpass API for surface water...
2026-01-25 16:06:11,249 - urllib3.connectionpool - DEBUG - Starting new HTTPS connection (1): overpass-api.de:443
2026-01-25 16:06:11,381 - src.data_modules.power_source.data_sources - INFO - PowerSource: Querying OSM for power lines/plants (fallback/augment)...
2026-01-25 16:06:11,382 - urllib3.connectionpool - DEBUG - Starting new HTTPS connection (1): overpass-api.de:443
2026-01-25 16:06:11,443 - src.core.enhanced_data_manager - INFO -    Total Area: 95.07 km²
2026-01-25 16:06:11,443 - src.core.enhanced_data_manager - INFO -    Total Area: 0.53 km²
2026-01-25 16:06:11,444 - src.core.enhanced_data_manager - INFO - 📋 DATAFRAME SUMMARY - ownership_raw_data
2026-01-25 16:06:11,444 - src.core.enhanced_data_manager - INFO - 📋 DATAFRAME SUMMARY - improvements_raw_data
2026-01-25 16:06:11,444 - src.core.enhanced_data_manager - INFO -    Shape: (100, 6)
2026-01-25 16:06:11,444 - src.core.enhanced_data_manager - INFO -    Shape: (500, 4)
2026-01-25 16:06:11,444 - src.core.enhanced_data_manager - INFO -    Memory Usage: 0.02 MB
2026-01-25 16:06:11,445 - src.core.enhanced_data_manager - INFO -    Memory Usage: 0.04 MB
2026-01-25 16:06:11,445 - src.core.enhanced_data_manager - INFO -    Columns: ['owner_name', 'parcel_size', 'owner_type', 'acres', 'source', 'geometry']
2026-01-25 16:06:11,445 - src.core.enhanced_data_manager - INFO -    Columns: ['improvement_value', 'land_value', 'parcel_id', 'geometry']
2026-01-25 16:06:11,445 - src.core.enhanced_data_manager - INFO -    Data Types: {'owner_name': dtype('O'), 'parcel_size': dtype('float64'), 'owner_type': dtype('O'), 'acres': dtype('float64'), 'source': dtype('O'), 'geometry': <geopandas.array.GeometryDtype object at 0x1149f7650>}
2026-01-25 16:06:11,445 - src.core.enhanced_data_manager - INFO -    Data Types: {'improvement_value': dtype('int32'), 'land_value': dtype('int32'), 'parcel_id': dtype('O'), 'geometry': <geopandas.array.GeometryDtype object at 0x1149f7650>}
2026-01-25 16:06:11,446 - src.core.enhanced_data_manager - INFO -    Null Values: {'owner_name': 0, 'parcel_size': 0, 'owner_type': 0, 'acres': 0, 'source': 0, 'geometry': 0}
2026-01-25 16:06:11,446 - src.core.enhanced_data_manager - INFO -    Unique Values (first 5 cols): {'owner_name': 5, 'parcel_size': 5, 'owner_type': 5, 'acres': 5, 'source': 1}
2026-01-25 16:06:11,447 - src.core.enhanced_data_manager - INFO -    Null Values: {'improvement_value': 0, 'land_value': 0, 'parcel_id': 0, 'geometry': 0}
2026-01-25 16:06:11,449 - src.core.enhanced_data_manager - INFO -    Unique Values (first 5 cols): {'improvement_value': 499, 'land_value': 498, 'parcel_id': 500, 'geometry': 500}
2026-01-25 16:06:11,452 - cascadia.data.data_manager - INFO - 🔍 DATA VALIDATION - Module: data_manager
2026-01-25 16:06:11,452 - cascadia.data.data_manager - INFO -    Quality Score: 0.97
2026-01-25 16:06:11,453 - cascadia.data.data_manager - INFO -    Validation Results: {'is_valid': np.True_, 'errors': [], 'warnings': ["Column 'source' has only one unique value", 'Latitude values outside valid range'], 'quality_score': np.float64(0.9714285714285715), 'feature_count': 100, 'geometry_types': ['Polygon'], 'crs': 'EPSG:4326', 'attribute_summary': {'owner_name': {'null_count': 0, 'null_percentage': 0.0, 'unique_count': 5, 'data_type': 'object'}, 'parcel_size': {'null_count': 0, 'null_percentage': 0.0, 'unique_count': 5, 'data_type': 'float64'}, 'owner_type': {'null_count': 0, 'null_percentage': 0.0, 'unique_count': 5, 'data_type': 'object'}, 'acres': {'null_count': 0, 'null_percentage': 0.0, 'unique_count': 5, 'data_type': 'float64'}, 'source': {'null_count': 0, 'null_percentage': 0.0, 'unique_count': 1, 'data_type': 'object'}}, 'spatial_summary': {'bounds': [41.39617603166997, -124.50450855305226, 41.47929869133251, -124.1233276585563], 'total_area': 0.0077162625436906695, 'mean_area': 7.71626254369067e-05, 'null_geometries': 0, 'invalid_geometries': 0, 'geometry_type_distribution': {'Polygon': 100}}, 'data_quality_metrics': {'completeness_score': np.float64(1.0), 'validity_score': np.float64(1.0), 'consistency_score': 1.0, 'accuracy_score': 0.9}}
2026-01-25 16:06:11,456 - src.core.enhanced_data_manager - DEBUG - [ownership] Empirical data analysis: 5/6 indicators (score: 0.83)
2026-01-25 16:06:11,456 - cascadia.data.data_manager - INFO - 📊 REAL DATA ACQUIRED - Module: data_manager
2026-01-25 16:06:11,456 - cascadia.data.data_manager - INFO -    Source URL: output/ownership/data/raw/raw_ownership_data.geojson
2026-01-25 16:06:11,456 - cascadia.data.data_manager - INFO -    File Path: output/ownership/data/empirical/empirical_ownership_data.geojson
2026-01-25 16:06:11,456 - cascadia.data.data_manager - INFO -    Data Type: Empirical
2026-01-25 16:06:11,456 - cascadia.data.data_manager - INFO -    Row Count: 100
2026-01-25 16:06:11,457 - cascadia.data.data_manager - INFO -    File Size: 0.05 MB
2026-01-25 16:06:11,457 - cascadia.data.data_manager - INFO -    Geometry Types: ['Polygon']
2026-01-25 16:06:11,457 - cascadia.data.data_manager - INFO -    CRS: EPSG:4326
2026-01-25 16:06:11,457 - src.core.enhanced_data_manager - ERROR - [ownership] ❌ Data validation error: The truth value of an array with more than one element is ambiguous. Use a.any() or a.all()
2026-01-25 16:06:11,457 - src.core.enhanced_data_manager - INFO - [ownership] 🔧 Creating synthetic data...
2026-01-25 16:06:11,457 - cascadia.data.data_manager - INFO - 🔍 DATA VALIDATION - Module: data_manager
2026-01-25 16:06:11,458 - cascadia.data.data_manager - INFO -    Quality Score: 0.97
2026-01-25 16:06:11,459 - pyogrio._io - INFO - Created 2 records
2026-01-25 16:06:11,459 - cascadia.data.data_manager - INFO -    Validation Results: {'is_valid': np.True_, 'errors': [], 'warnings': ['Latitude values outside valid range'], 'quality_score': np.float64(0.9714285714285715), 'feature_count': 500, 'geometry_types': ['Polygon'], 'crs': 'EPSG:4326', 'attribute_summary': {'improvement_value': {'null_count': 0, 'null_percentage': 0.0, 'unique_count': 499, 'data_type': 'int32'}, 'land_value': {'null_count': 0, 'null_percentage': 0.0, 'unique_count': 498, 'data_type': 'int32'}, 'parcel_id': {'null_count': 0, 'null_percentage': 0.0, 'unique_count': 500, 'data_type': 'object'}}, 'spatial_summary': {'bounds': [41.39591675840825, -124.50144468106375, 42.00346747340679, -123.49460285487287], 'total_area': 4.331019790593037e-05, 'mean_area': 8.662039581186075e-08, 'null_geometries': 0, 'invalid_geometries': 0, 'geometry_type_distribution': {'Polygon': 500}}, 'data_quality_metrics': {'completeness_score': np.float64(1.0), 'validity_score': np.float64(1.0), 'consistency_score': 1.0, 'accuracy_score': 0.9}}
2026-01-25 16:06:11,459 - src.core.enhanced_data_manager - INFO - [ownership] ✅ Created synthetic data: output/ownership/data/synthetic/synthetic_ownership_data.geojson
2026-01-25 16:06:11,459 - cascadia.processing.data_manager - INFO - ✅ PROCESSING COMPLETE - Data Acquisition
2026-01-25 16:06:11,459 - cascadia.processing.data_manager - INFO -    Duration: 0.83s
2026-01-25 16:06:11,469 - src.core.enhanced_data_manager - DEBUG - [improvements] Empirical data analysis: 4/6 indicators (score: 0.67)
2026-01-25 16:06:11,469 - cascadia.processing.data_manager - INFO -    source: new_data
2026-01-25 16:06:11,470 - cascadia.processing.data_manager - INFO -    module: ownership
2026-01-25 16:06:11,470 - cascadia.processing.data_manager - INFO -    path: output/ownership/data/synthetic/synthetic_ownership_data.geojson
2026-01-25 16:06:11,470 - cascadia.processing.data_manager - INFO - 🚀 PROCESSING START - H3 Processing
2026-01-25 16:06:11,470 - cascadia.data.data_manager - INFO - 📊 REAL DATA ACQUIRED - Module: data_manager
2026-01-25 16:06:11,470 - cascadia.processing.data_manager - INFO -    Module: data_manager
2026-01-25 16:06:11,470 - cascadia.data.data_manager - INFO -    Source URL: output/improvements/data/raw/raw_improvements_data.geojson
2026-01-25 16:06:11,470 - cascadia.processing.data_manager - INFO -    Parameters: {'module': 'ownership', 'data_path': 'output/ownership/data/synthetic/synthetic_ownership_data.geojson', 'target_hexagons_count': 7749}
2026-01-25 16:06:11,470 - cascadia.data.data_manager - INFO -    File Path: output/improvements/data/empirical/empirical_improvements_data.geojson
2026-01-25 16:06:11,470 - cascadia.data.data_manager - INFO -    Data Type: Empirical
2026-01-25 16:06:11,470 - cascadia.data.data_manager - INFO -    Row Count: 500
2026-01-25 16:06:11,470 - cascadia.data.data_manager - INFO -    File Size: 0.20 MB
2026-01-25 16:06:11,470 - cascadia.data.data_manager - INFO -    Geometry Types: ['Polygon']
2026-01-25 16:06:11,470 - cascadia.data.data_manager - INFO -    CRS: EPSG:4326
2026-01-25 16:06:11,470 - src.core.enhanced_data_manager - ERROR - [improvements] ❌ Data validation error: The truth value of an array with more than one element is ambiguous. Use a.any() or a.all()
2026-01-25 16:06:11,470 - src.core.enhanced_data_manager - INFO - [improvements] 🔧 Creating synthetic data...
2026-01-25 16:06:11,472 - pyogrio._io - INFO - Created 2 records
2026-01-25 16:06:11,472 - src.core.enhanced_data_manager - INFO - [improvements] ✅ Created synthetic data: output/improvements/data/synthetic/synthetic_improvements_data.geojson
2026-01-25 16:06:11,472 - cascadia.processing.data_manager - INFO - ✅ PROCESSING COMPLETE - Data Acquisition
2026-01-25 16:06:11,472 - cascadia.processing.data_manager - INFO -    Duration: 0.84s
2026-01-25 16:06:11,472 - cascadia.processing.data_manager - INFO -    source: new_data
2026-01-25 16:06:11,472 - cascadia.processing.data_manager - INFO -    module: improvements
2026-01-25 16:06:11,472 - cascadia.processing.data_manager - INFO -    path: output/improvements/data/synthetic/synthetic_improvements_data.geojson
2026-01-25 16:06:11,472 - cascadia.processing.data_manager - INFO - 🚀 PROCESSING START - H3 Processing
2026-01-25 16:06:11,472 - cascadia.processing.data_manager - INFO -    Module: data_manager
2026-01-25 16:06:11,472 - cascadia.processing.data_manager - INFO -    Parameters: {'module': 'improvements', 'data_path': 'output/improvements/data/synthetic/synthetic_improvements_data.geojson', 'target_hexagons_count': 7749}
2026-01-25 16:06:11,475 - cascadia.processing.data_manager - INFO -    Step: H3 Processing
2026-01-25 16:06:11,475 - cascadia.processing.data_manager - INFO -      action: cache_invalid
2026-01-25 16:06:11,475 - cascadia.processing.data_manager - INFO -      module: ownership
2026-01-25 16:06:11,475 - cascadia.processing.data_manager - INFO -    Step: H3 Processing
2026-01-25 16:06:11,475 - cascadia.processing.data_manager - INFO -    Step: H3 Processing
2026-01-25 16:06:11,476 - cascadia.processing.data_manager - INFO -      action: cache_invalid
2026-01-25 16:06:11,476 - cascadia.processing.data_manager - INFO -      action: processing_to_h3
2026-01-25 16:06:11,476 - cascadia.processing.data_manager - INFO -      module: improvements
2026-01-25 16:06:11,476 - cascadia.processing.data_manager - INFO -      module: ownership
2026-01-25 16:06:11,476 - cascadia.processing.data_manager - INFO -    Step: H3 Processing
2026-01-25 16:06:11,488 - cascadia.processing.data_manager - INFO -      action: processing_to_h3
2026-01-25 16:06:11,488 - cascadia.processing.data_manager - INFO -      module: improvements
2026-01-25 16:06:11,502 - src.core.enhanced_data_manager - INFO - [improvements] ✅ Processed 2 features to 2 H3 hexagons
2026-01-25 16:06:11,544 - cascadia.data.data_manager - INFO - 🔷 H3 PROCESSING - Module: data_manager
2026-01-25 16:06:11,549 - cascadia.data.data_manager - INFO -    Input Features: 2
2026-01-25 16:06:11,555 - cascadia.data.data_manager - INFO -    Output Hexagons: 2
2026-01-25 16:06:11,561 - cascadia.data.data_manager - INFO -    Coverage: 0.0%
2026-01-25 16:06:11,579 - cascadia.data.data_manager - INFO -    Processing Time: 0.07s
2026-01-25 16:06:11,594 - cascadia.processing.data_manager - INFO - ✅ PROCESSING COMPLETE - H3 Processing
2026-01-25 16:06:11,600 - cascadia.processing.data_manager - INFO -    Duration: 0.12s
2026-01-25 16:06:11,606 - cascadia.processing.data_manager - INFO -    source: new_processing
2026-01-25 16:06:11,616 - src.core.enhanced_data_manager - INFO - [ownership] ✅ Processed 2 features to 2584 H3 hexagons
2026-01-25 16:06:11,616 - cascadia.processing.data_manager - INFO -    module: improvements
2026-01-25 16:06:11,616 - cascadia.processing.data_manager - INFO -    input_features: 2
2026-01-25 16:06:11,616 - cascadia.processing.data_manager - INFO -    output_hexagons: 2
2026-01-25 16:06:11,618 - __main__ - INFO - 📋 improvements data quality: synthetic data only, recommendations: []
2026-01-25 16:06:11,629 - cascadia.data.data_manager - INFO - 🔷 H3 PROCESSING - Module: data_manager
2026-01-25 16:06:11,629 - cascadia.data.data_manager - INFO -    Input Features: 2
2026-01-25 16:06:11,629 - cascadia.data.data_manager - INFO -    Output Hexagons: 2,584
2026-01-25 16:06:11,629 - cascadia.data.data_manager - INFO -    Coverage: 33.3%
2026-01-25 16:06:11,629 - cascadia.data.data_manager - INFO -    Processing Time: 0.16s
2026-01-25 16:06:11,629 - cascadia.processing.data_manager - INFO - ✅ PROCESSING COMPLETE - H3 Processing
2026-01-25 16:06:11,629 - cascadia.processing.data_manager - INFO -    Duration: 0.16s
2026-01-25 16:06:11,629 - cascadia.processing.data_manager - INFO -    source: new_processing
2026-01-25 16:06:11,629 - cascadia.processing.data_manager - INFO -    module: ownership
2026-01-25 16:06:11,629 - cascadia.processing.data_manager - INFO -    input_features: 2
2026-01-25 16:06:11,629 - cascadia.processing.data_manager - INFO -    output_hexagons: 2584
2026-01-25 16:06:11,632 - __main__ - INFO - 📋 ownership data quality: synthetic data only, recommendations: []
2026-01-25 16:06:11,944 - urllib3.connectionpool - DEBUG - https://overpass-api.de:443 "POST /api/interpreter HTTP/1.1" 400 497
2026-01-25 16:06:11,945 - src.data_modules.surface_water.data_sources - ERROR - OSM Overpass query failed: 400 Client Error: Bad Request for url: https://overpass-api.de/api/interpreter
2026-01-25 16:06:11,946 - cascadia.data.data_manager - ERROR - ⚠️  FALLBACK DATA USED - Module: data_manager
2026-01-25 16:06:11,946 - cascadia.data.data_manager - ERROR -    Original Source: data_source_func
2026-01-25 16:06:11,946 - cascadia.data.data_manager - ERROR -    Fallback Reason: Exception: The truth value of a GeoDataFrame is ambiguous. Use a.empty, a.bool(), a.item(), a.any() or a.all().
2026-01-25 16:06:11,946 - cascadia.data.data_manager - ERROR -    Fallback Type: synthetic_data
2026-01-25 16:06:11,946 - cascadia.data.data_manager - ERROR -    Limitations: ['Data acquisition failed', 'Using generated test data']
2026-01-25 16:06:11,946 - src.core.enhanced_data_manager - INFO - [surface_water] 🔧 Creating synthetic data...
2026-01-25 16:06:11,948 - pyogrio._io - INFO - Created 1 records
2026-01-25 16:06:11,949 - src.core.enhanced_data_manager - INFO - [surface_water] ✅ Created synthetic data: output/surface_water/data/synthetic/synthetic_surface_water_data.geojson
2026-01-25 16:06:11,949 - cascadia.processing.data_manager - INFO - 🚀 PROCESSING START - H3 Processing
2026-01-25 16:06:11,949 - cascadia.processing.data_manager - INFO -    Module: data_manager
2026-01-25 16:06:11,949 - cascadia.processing.data_manager - INFO -    Parameters: {'module': 'surface_water', 'data_path': 'output/surface_water/data/synthetic/synthetic_surface_water_data.geojson', 'target_hexagons_count': 7749}
2026-01-25 16:06:11,950 - cascadia.processing.data_manager - INFO -    Step: H3 Processing
2026-01-25 16:06:11,951 - cascadia.processing.data_manager - INFO -      action: cache_invalid
2026-01-25 16:06:11,951 - cascadia.processing.data_manager - INFO -      module: surface_water
2026-01-25 16:06:11,951 - cascadia.processing.data_manager - INFO -    Step: H3 Processing
2026-01-25 16:06:11,951 - cascadia.processing.data_manager - INFO -      action: processing_to_h3
2026-01-25 16:06:11,951 - cascadia.processing.data_manager - INFO -      module: surface_water
2026-01-25 16:06:12,045 - src.core.enhanced_data_manager - INFO - [surface_water] ✅ Processed 1 features to 1551 H3 hexagons
2026-01-25 16:06:12,050 - cascadia.data.data_manager - INFO - 🔷 H3 PROCESSING - Module: data_manager
2026-01-25 16:06:12,050 - cascadia.data.data_manager - INFO -    Input Features: 1
2026-01-25 16:06:12,051 - cascadia.data.data_manager - INFO -    Output Hexagons: 1,551
2026-01-25 16:06:12,051 - cascadia.data.data_manager - INFO -    Coverage: 20.0%
2026-01-25 16:06:12,051 - cascadia.data.data_manager - INFO -    Processing Time: 0.10s
2026-01-25 16:06:12,051 - cascadia.processing.data_manager - INFO - ✅ PROCESSING COMPLETE - H3 Processing
2026-01-25 16:06:12,051 - cascadia.processing.data_manager - INFO -    Duration: 0.10s
2026-01-25 16:06:12,051 - cascadia.processing.data_manager - INFO -    source: new_processing
2026-01-25 16:06:12,051 - cascadia.processing.data_manager - INFO -    module: surface_water
2026-01-25 16:06:12,051 - cascadia.processing.data_manager - INFO -    input_features: 1
2026-01-25 16:06:12,051 - cascadia.processing.data_manager - INFO -    output_hexagons: 1551
2026-01-25 16:06:12,052 - __main__ - INFO - 📋 surface_water data quality: synthetic data only, recommendations: []
2026-01-25 16:06:12,059 - urllib3.connectionpool - DEBUG - https://overpass-api.de:443 "POST /api/interpreter HTTP/1.1" 400 506
2026-01-25 16:06:12,059 - src.data_modules.power_source.data_sources - ERROR - OSM Overpass query failed for power: 400 Client Error: Bad Request for url: https://overpass-api.de/api/interpreter
2026-01-25 16:06:12,061 - cascadia.data.data_manager - ERROR - ⚠️  FALLBACK DATA USED - Module: data_manager
2026-01-25 16:06:12,061 - cascadia.data.data_manager - ERROR -    Original Source: data_source_func
2026-01-25 16:06:12,061 - cascadia.data.data_manager - ERROR -    Fallback Reason: Exception: The truth value of a GeoDataFrame is ambiguous. Use a.empty, a.bool(), a.item(), a.any() or a.all().
2026-01-25 16:06:12,061 - cascadia.data.data_manager - ERROR -    Fallback Type: synthetic_data
2026-01-25 16:06:12,061 - cascadia.data.data_manager - ERROR -    Limitations: ['Data acquisition failed', 'Using generated test data']
2026-01-25 16:06:12,061 - src.core.enhanced_data_manager - INFO - [power_source] 🔧 Creating synthetic data...
2026-01-25 16:06:12,063 - pyogrio._io - INFO - Created 1 records
2026-01-25 16:06:12,063 - src.core.enhanced_data_manager - INFO - [power_source] ✅ Created synthetic data: output/power_source/data/synthetic/synthetic_power_source_data.geojson
2026-01-25 16:06:12,063 - cascadia.processing.data_manager - INFO - 🚀 PROCESSING START - H3 Processing
2026-01-25 16:06:12,063 - cascadia.processing.data_manager - INFO -    Module: data_manager
2026-01-25 16:06:12,063 - cascadia.processing.data_manager - INFO -    Parameters: {'module': 'power_source', 'data_path': 'output/power_source/data/synthetic/synthetic_power_source_data.geojson', 'target_hexagons_count': 7749}
2026-01-25 16:06:12,065 - cascadia.processing.data_manager - INFO -    Step: H3 Processing
2026-01-25 16:06:12,065 - cascadia.processing.data_manager - INFO -      action: cache_invalid
2026-01-25 16:06:12,065 - cascadia.processing.data_manager - INFO -      module: power_source
2026-01-25 16:06:12,065 - cascadia.processing.data_manager - INFO -    Step: H3 Processing
2026-01-25 16:06:12,065 - cascadia.processing.data_manager - INFO -      action: processing_to_h3
2026-01-25 16:06:12,065 - cascadia.processing.data_manager - INFO -      module: power_source
2026-01-25 16:06:12,133 - src.core.enhanced_data_manager - INFO - [power_source] ✅ Processed 1 features to 1551 H3 hexagons
2026-01-25 16:06:12,138 - cascadia.data.data_manager - INFO - 🔷 H3 PROCESSING - Module: data_manager
2026-01-25 16:06:12,138 - cascadia.data.data_manager - INFO -    Input Features: 1
2026-01-25 16:06:12,138 - cascadia.data.data_manager - INFO -    Output Hexagons: 1,551
2026-01-25 16:06:12,138 - cascadia.data.data_manager - INFO -    Coverage: 20.0%
2026-01-25 16:06:12,138 - cascadia.data.data_manager - INFO -    Processing Time: 0.07s
2026-01-25 16:06:12,138 - cascadia.processing.data_manager - INFO - ✅ PROCESSING COMPLETE - H3 Processing
2026-01-25 16:06:12,138 - cascadia.processing.data_manager - INFO -    Duration: 0.07s
2026-01-25 16:06:12,138 - cascadia.processing.data_manager - INFO -    source: new_processing
2026-01-25 16:06:12,138 - cascadia.processing.data_manager - INFO -    module: power_source
2026-01-25 16:06:12,138 - cascadia.processing.data_manager - INFO -    input_features: 1
2026-01-25 16:06:12,138 - cascadia.processing.data_manager - INFO -    output_hexagons: 1551
2026-01-25 16:06:12,140 - __main__ - INFO - 📋 power_source data quality: synthetic data only, recommendations: []
2026-01-25 16:08:10,605 - src.core.real_data_acquisition - ERROR - Failed to scrape Del Norte zoning data: HTTPConnectionPool(host='localhost', port=59589): Read timed out. (read timeout=120)
2026-01-25 16:08:10,609 - urllib3.connectionpool - DEBUG - Starting new HTTPS connection (1): gis.conservation.ca.gov:443
2026-01-25 16:08:10,776 - urllib3.connectionpool - DEBUG - https://gis.conservation.ca.gov:443 "GET /server/rest/services/DLRP/Farmland_Mapping_and_Monitoring_Program/FeatureServer/0/query?where=COUNTY%3D15&outFields=%2A&returnGeometry=true&f=geojson&geometryPrecision=6 HTTP/1.1" 404 None
2026-01-25 16:08:10,777 - urllib3.connectionpool - DEBUG - Starting new HTTPS connection (1): data.ca.gov:443
2026-01-25 16:08:11,397 - urllib3.connectionpool - DEBUG - https://data.ca.gov:443 "GET /api/3/action/package_show?id=zoning-data HTTP/1.1" 404 None
2026-01-25 16:08:11,399 - cascadia.data.real_data_acquisition - ERROR - ⚠️  FALLBACK DATA USED - Module: real_data_acquisition
2026-01-25 16:08:11,399 - cascadia.data.real_data_acquisition - ERROR -    Original Source: zoning_data_acquisition
2026-01-25 16:08:11,399 - cascadia.data.real_data_acquisition - ERROR -    Fallback Reason: No real zoning data available
2026-01-25 16:08:11,399 - cascadia.data.real_data_acquisition - ERROR -    Fallback Type: synthetic_zoning
2026-01-25 16:08:11,399 - cascadia.data.real_data_acquisition - ERROR -    Limitations: ['Using generated test data', 'No real zoning boundaries']
2026-01-25 16:08:11,413 - pyogrio._io - INFO - Created 50 records
2026-01-25 16:08:11,413 - __main__ - INFO - ℹ️  Acquiring data via standard module extraction for zoning
2026-01-25 16:08:11,413 - cascadia.processing.data_manager - INFO - 🚀 PROCESSING START - Data Acquisition
2026-01-25 16:08:11,413 - cascadia.processing.data_manager - INFO -    Module: data_manager
2026-01-25 16:08:11,413 - cascadia.processing.data_manager - INFO -    Parameters: {'module': 'zoning', 'force_refresh': True}
2026-01-25 16:08:11,414 - cascadia.processing.data_manager - INFO -    Step: Data Acquisition
2026-01-25 16:08:11,414 - cascadia.processing.data_manager - INFO -      action: calling_data_source_func
2026-01-25 16:08:11,414 - cascadia.processing.data_manager - INFO -      module: zoning
2026-01-25 16:08:11,414 - src.data_modules.zoning.geo_infer_zoning - INFO - [zoning] 🔍 Acquiring raw zoning data...
2026-01-25 16:08:11,414 - src.data_modules.zoning.geo_infer_zoning - WARNING - [zoning] ⚠️ No zoning data found, creating synthetic data...
2026-01-25 16:08:11,414 - src.data_modules.zoning.geo_infer_zoning - INFO - Creating synthetic Del Norte County zoning data for testing...
2026-01-25 16:08:11,416 - pyogrio._io - INFO - Created 6 records
2026-01-25 16:08:11,416 - src.data_modules.zoning.geo_infer_zoning - INFO - Created synthetic Del Norte County zoning data with 6 features
2026-01-25 16:08:11,418 - pyogrio._io - INFO - Created 6 records
2026-01-25 16:08:11,418 - cascadia.processing.data_manager - INFO - 🚀 PROCESSING START - Data Validation and Storage
2026-01-25 16:08:11,418 - cascadia.processing.data_manager - INFO -    Module: data_manager
2026-01-25 16:08:11,418 - cascadia.processing.data_manager - INFO -    Parameters: {'module': 'zoning', 'raw_path': 'output/zoning/data/raw/raw_zoning_data.geojson'}
2026-01-25 16:08:11,420 - src.core.enhanced_data_manager - INFO - 🗺️  GEODATAFRAME SUMMARY - zoning_raw_data
2026-01-25 16:08:11,420 - src.core.enhanced_data_manager - INFO -    Shape: (6, 4)
2026-01-25 16:08:11,420 - src.core.enhanced_data_manager - INFO -    CRS: EPSG:4326
2026-01-25 16:08:11,420 - src.core.enhanced_data_manager - INFO -    Geometry Type: ['Polygon']
2026-01-25 16:08:11,420 - src.core.enhanced_data_manager - INFO -    Bounds: [-124.3   41.4 -123.6   42. ]
2026-01-25 16:08:11,422 - src.core.enhanced_data_manager - INFO -    Total Area: 2587.41 km²
2026-01-25 16:08:11,422 - src.core.enhanced_data_manager - INFO - 📋 DATAFRAME SUMMARY - zoning_raw_data
2026-01-25 16:08:11,422 - src.core.enhanced_data_manager - INFO -    Shape: (6, 4)
2026-01-25 16:08:11,422 - src.core.enhanced_data_manager - INFO -    Memory Usage: 0.00 MB
2026-01-25 16:08:11,422 - src.core.enhanced_data_manager - INFO -    Columns: ['CI_CLASSNM', 'source', 'county', 'geometry']
2026-01-25 16:08:11,423 - src.core.enhanced_data_manager - INFO -    Data Types: {'CI_CLASSNM': dtype('O'), 'source': dtype('O'), 'county': dtype('O'), 'geometry': <geopandas.array.GeometryDtype object at 0x1149f7650>}
2026-01-25 16:08:11,423 - src.core.enhanced_data_manager - INFO -    Null Values: {'CI_CLASSNM': 0, 'source': 0, 'county': 0, 'geometry': 0}
2026-01-25 16:08:11,423 - src.core.enhanced_data_manager - INFO -    Unique Values (first 5 cols): {'CI_CLASSNM': 6, 'source': 1, 'county': 1, 'geometry': 6}
2026-01-25 16:08:11,425 - cascadia.data.data_manager - INFO - 🔍 DATA VALIDATION - Module: data_manager
2026-01-25 16:08:11,425 - cascadia.data.data_manager - INFO -    Quality Score: 0.97
2026-01-25 16:08:11,425 - cascadia.data.data_manager - INFO -    Validation Results: {'is_valid': np.True_, 'errors': [], 'warnings': ["Column 'source' has only one unique value", "Column 'county' has only one unique value"], 'quality_score': np.float64(0.9714285714285715), 'feature_count': 6, 'geometry_types': ['Polygon'], 'crs': 'EPSG:4326', 'attribute_summary': {'CI_CLASSNM': {'null_count': 0, 'null_percentage': 0.0, 'unique_count': 6, 'data_type': 'object'}, 'source': {'null_count': 0, 'null_percentage': 0.0, 'unique_count': 1, 'data_type': 'object'}, 'county': {'null_count': 0, 'null_percentage': 0.0, 'unique_count': 1, 'data_type': 'object'}}, 'spatial_summary': {'bounds': [-124.3, 41.4, -123.6, 42.0], 'total_area': 0.21000000000000313, 'mean_area': 0.035000000000000524, 'null_geometries': 0, 'invalid_geometries': 0, 'geometry_type_distribution': {'Polygon': 6}}, 'data_quality_metrics': {'completeness_score': np.float64(1.0), 'validity_score': np.float64(1.0), 'consistency_score': 1.0, 'accuracy_score': 0.9}}
2026-01-25 16:08:11,426 - src.core.enhanced_data_manager - DEBUG - [zoning] Empirical data analysis: 5/6 indicators (score: 0.83)
2026-01-25 16:08:11,426 - cascadia.data.data_manager - INFO - 📊 REAL DATA ACQUIRED - Module: data_manager
2026-01-25 16:08:11,426 - cascadia.data.data_manager - INFO -    Source URL: output/zoning/data/raw/raw_zoning_data.geojson
2026-01-25 16:08:11,426 - cascadia.data.data_manager - INFO -    File Path: output/zoning/data/empirical/empirical_zoning_data.geojson
2026-01-25 16:08:11,426 - cascadia.data.data_manager - INFO -    Data Type: Empirical
2026-01-25 16:08:11,426 - cascadia.data.data_manager - INFO -    Row Count: 6
2026-01-25 16:08:11,426 - cascadia.data.data_manager - INFO -    File Size: 0.00 MB
2026-01-25 16:08:11,426 - cascadia.data.data_manager - INFO -    Geometry Types: ['Polygon']
2026-01-25 16:08:11,426 - cascadia.data.data_manager - INFO -    CRS: EPSG:4326
2026-01-25 16:08:11,426 - src.core.enhanced_data_manager - ERROR - [zoning] ❌ Data validation error: The truth value of an array with more than one element is ambiguous. Use a.any() or a.all()
2026-01-25 16:08:11,426 - src.core.enhanced_data_manager - INFO - [zoning] 🔧 Creating synthetic data...
2026-01-25 16:08:11,428 - pyogrio._io - INFO - Created 2 records
2026-01-25 16:08:11,428 - src.core.enhanced_data_manager - INFO - [zoning] ✅ Created synthetic data: output/zoning/data/synthetic/synthetic_zoning_data.geojson
2026-01-25 16:08:11,428 - cascadia.processing.data_manager - INFO - ✅ PROCESSING COMPLETE - Data Acquisition
2026-01-25 16:08:11,428 - cascadia.processing.data_manager - INFO -    Duration: 0.01s
2026-01-25 16:08:11,428 - cascadia.processing.data_manager - INFO -    source: new_data
2026-01-25 16:08:11,428 - cascadia.processing.data_manager - INFO -    module: zoning
2026-01-25 16:08:11,428 - cascadia.processing.data_manager - INFO -    path: output/zoning/data/synthetic/synthetic_zoning_data.geojson
2026-01-25 16:08:11,428 - cascadia.processing.data_manager - INFO - 🚀 PROCESSING START - H3 Processing
2026-01-25 16:08:11,428 - cascadia.processing.data_manager - INFO -    Module: data_manager
2026-01-25 16:08:11,428 - cascadia.processing.data_manager - INFO -    Parameters: {'module': 'zoning', 'data_path': 'output/zoning/data/synthetic/synthetic_zoning_data.geojson', 'target_hexagons_count': 7749}
2026-01-25 16:08:11,431 - cascadia.processing.data_manager - INFO -    Step: H3 Processing
2026-01-25 16:08:11,431 - cascadia.processing.data_manager - INFO -      action: cache_invalid
2026-01-25 16:08:11,431 - cascadia.processing.data_manager - INFO -      module: zoning
2026-01-25 16:08:11,431 - cascadia.processing.data_manager - INFO -    Step: H3 Processing
2026-01-25 16:08:11,431 - cascadia.processing.data_manager - INFO -      action: processing_to_h3
2026-01-25 16:08:11,431 - cascadia.processing.data_manager - INFO -      module: zoning
2026-01-25 16:08:11,565 - src.core.enhanced_data_manager - INFO - [zoning] ✅ Processed 2 features to 2584 H3 hexagons
2026-01-25 16:08:11,578 - cascadia.data.data_manager - INFO - 🔷 H3 PROCESSING - Module: data_manager
2026-01-25 16:08:11,578 - cascadia.data.data_manager - INFO -    Input Features: 2
2026-01-25 16:08:11,578 - cascadia.data.data_manager - INFO -    Output Hexagons: 2,584
2026-01-25 16:08:11,578 - cascadia.data.data_manager - INFO -    Coverage: 33.3%
2026-01-25 16:08:11,578 - cascadia.data.data_manager - INFO -    Processing Time: 0.15s
2026-01-25 16:08:11,578 - cascadia.processing.data_manager - INFO - ✅ PROCESSING COMPLETE - H3 Processing
2026-01-25 16:08:11,578 - cascadia.processing.data_manager - INFO -    Duration: 0.15s
2026-01-25 16:08:11,578 - cascadia.processing.data_manager - INFO -    source: new_processing
2026-01-25 16:08:11,578 - cascadia.processing.data_manager - INFO -    module: zoning
2026-01-25 16:08:11,578 - cascadia.processing.data_manager - INFO -    input_features: 2
2026-01-25 16:08:11,578 - cascadia.processing.data_manager - INFO -    output_hexagons: 2584
2026-01-25 16:08:11,581 - __main__ - INFO - 📋 zoning data quality: synthetic data only, recommendations: []
2026-01-25 16:08:11,588 - __main__ - INFO - 🔗 Performing enhanced H3 geospatial fusion...
2026-01-25 16:08:11,588 - src.core.enhanced_h3_fusion - INFO - Starting enhanced H3 geospatial fusion for 8 data sources
2026-01-25 16:08:11,589 - src.core.enhanced_h3_fusion - INFO - Starting batch fusion for 8 data sources
2026-01-25 16:08:11,590 - src.core.enhanced_h3_fusion - INFO - [ground_water] Starting optimized fusion with 1551 source hexagons
2026-01-25 16:08:11,590 - src.core.enhanced_h3_fusion - INFO - [mortgage_debt] Starting optimized fusion with 1551 source hexagons
2026-01-25 16:08:11,590 - src.core.enhanced_h3_fusion - INFO - [water_rights] Starting optimized fusion with 1551 source hexagons
2026-01-25 16:08:11,591 - src.core.enhanced_h3_fusion - INFO - [improvements] Starting optimized fusion with 2 source hexagons
2026-01-25 16:08:11,596 - src.core.enhanced_h3_fusion - INFO - [improvements] fusion complete: processed=2, targets_matched=14, time=0.01s, rate=369.9 hexes/sec
2026-01-25 16:08:11,597 - src.core.enhanced_h3_fusion - INFO - [ownership] Starting optimized fusion with 2584 source hexagons
2026-01-25 16:08:11,597 - src.core.enhanced_h3_fusion - INFO - ✅ Batch fused improvements: 14 hexagons
2026-01-25 16:08:11,974 - src.core.enhanced_h3_fusion - INFO - [water_rights] fused 155/1551 source hexes; matched targets: 1085; rate: 404.3 hexes/sec
2026-01-25 16:08:11,978 - src.core.enhanced_h3_fusion - INFO - [ground_water] fused 155/1551 source hexes; matched targets: 1085; rate: 398.6 hexes/sec
2026-01-25 16:08:11,987 - src.core.enhanced_h3_fusion - INFO - [mortgage_debt] fused 155/1551 source hexes; matched targets: 1085; rate: 390.6 hexes/sec
2026-01-25 16:08:12,245 - src.core.enhanced_h3_fusion - INFO - [ownership] fused 258/2584 source hexes; matched targets: 1806; rate: 398.1 hexes/sec
2026-01-25 16:08:12,320 - src.core.enhanced_h3_fusion - INFO - [water_rights] fused 294/1551 source hexes; matched targets: 2058; rate: 402.9 hexes/sec
2026-01-25 16:08:12,334 - src.core.enhanced_h3_fusion - INFO - [ground_water] fused 294/1551 source hexes; matched targets: 2058; rate: 394.9 hexes/sec
2026-01-25 16:08:12,337 - src.core.enhanced_h3_fusion - INFO - [mortgage_debt] fused 294/1551 source hexes; matched targets: 2058; rate: 393.6 hexes/sec
2026-01-25 16:08:12,632 - src.core.enhanced_h3_fusion - INFO - [water_rights] fused 419/1551 source hexes; matched targets: 2933; rate: 402.1 hexes/sec
2026-01-25 16:08:12,640 - src.core.enhanced_h3_fusion - INFO - [mortgage_debt] fused 419/1551 source hexes; matched targets: 2933; rate: 398.9 hexes/sec
2026-01-25 16:08:12,650 - src.core.enhanced_h3_fusion - INFO - [ground_water] fused 419/1551 source hexes; matched targets: 2933; rate: 395.0 hexes/sec
2026-01-25 16:08:12,831 - src.core.enhanced_h3_fusion - INFO - [ownership] fused 490/2584 source hexes; matched targets: 3430; rate: 397.1 hexes/sec
2026-01-25 16:08:12,895 - src.core.enhanced_h3_fusion - INFO - [water_rights] fused 532/1551 source hexes; matched targets: 3724; rate: 407.7 hexes/sec
2026-01-25 16:08:12,910 - src.core.enhanced_h3_fusion - INFO - [mortgage_debt] fused 532/1551 source hexes; matched targets: 3724; rate: 403.0 hexes/sec
2026-01-25 16:08:12,940 - src.core.enhanced_h3_fusion - INFO - [ground_water] fused 532/1551 source hexes; matched targets: 3724; rate: 394.0 hexes/sec
2026-01-25 16:08:13,175 - src.core.enhanced_h3_fusion - INFO - [water_rights] fused 633/1551 source hexes; matched targets: 4431; rate: 399.5 hexes/sec
2026-01-25 16:08:13,178 - src.core.enhanced_h3_fusion - INFO - [mortgage_debt] fused 633/1551 source hexes; matched targets: 4431; rate: 398.5 hexes/sec
2026-01-25 16:08:13,218 - src.core.enhanced_h3_fusion - INFO - [ground_water] fused 633/1551 source hexes; matched targets: 4431; rate: 388.8 hexes/sec
2026-01-25 16:08:13,383 - src.core.enhanced_h3_fusion - INFO - [ownership] fused 699/2584 source hexes; matched targets: 4893; rate: 391.5 hexes/sec
2026-01-25 16:08:13,420 - src.core.enhanced_h3_fusion - INFO - [water_rights] fused 733/1551 source hexes; matched targets: 5131; rate: 400.7 hexes/sec
2026-01-25 16:08:13,431 - src.core.enhanced_h3_fusion - INFO - [mortgage_debt] fused 733/1551 source hexes; matched targets: 5131; rate: 398.1 hexes/sec
2026-01-25 16:08:13,464 - src.core.enhanced_h3_fusion - INFO - [ground_water] fused 733/1551 source hexes; matched targets: 5131; rate: 391.0 hexes/sec
2026-01-25 16:08:13,669 - src.core.enhanced_h3_fusion - INFO - [water_rights] fused 833/1551 source hexes; matched targets: 5831; rate: 400.8 hexes/sec
2026-01-25 16:08:13,677 - src.core.enhanced_h3_fusion - INFO - [mortgage_debt] fused 833/1551 source hexes; matched targets: 5831; rate: 399.2 hexes/sec
2026-01-25 16:08:13,708 - src.core.enhanced_h3_fusion - INFO - [ground_water] fused 833/1551 source hexes; matched targets: 5831; rate: 393.3 hexes/sec
2026-01-25 16:08:13,858 - src.core.enhanced_h3_fusion - INFO - [ownership] fused 887/2584 source hexes; matched targets: 6209; rate: 392.4 hexes/sec
2026-01-25 16:08:13,923 - src.core.enhanced_h3_fusion - INFO - [water_rights] fused 933/1551 source hexes; matched targets: 6531; rate: 400.0 hexes/sec
2026-01-25 16:08:13,926 - src.core.enhanced_h3_fusion - INFO - [mortgage_debt] fused 933/1551 source hexes; matched targets: 6531; rate: 399.4 hexes/sec
2026-01-25 16:08:13,963 - src.core.enhanced_h3_fusion - INFO - [ground_water] fused 933/1551 source hexes; matched targets: 6531; rate: 393.1 hexes/sec
2026-01-25 16:08:14,171 - src.core.enhanced_h3_fusion - INFO - [mortgage_debt] fused 1033/1551 source hexes; matched targets: 7231; rate: 400.2 hexes/sec
2026-01-25 16:08:14,189 - src.core.enhanced_h3_fusion - INFO - [water_rights] fused 1033/1551 source hexes; matched targets: 7231; rate: 397.5 hexes/sec
2026-01-25 16:08:14,221 - src.core.enhanced_h3_fusion - INFO - [ground_water] fused 1033/1551 source hexes; matched targets: 7231; rate: 392.5 hexes/sec
2026-01-25 16:08:14,299 - src.core.enhanced_h3_fusion - INFO - [ownership] fused 1056/2584 source hexes; matched targets: 7392; rate: 390.8 hexes/sec
2026-01-25 16:08:14,422 - src.core.enhanced_h3_fusion - INFO - [mortgage_debt] fused 1133/1551 source hexes; matched targets: 7931; rate: 400.1 hexes/sec
2026-01-25 16:08:14,447 - src.core.enhanced_h3_fusion - INFO - [water_rights] fused 1133/1551 source hexes; matched targets: 7931; rate: 396.5 hexes/sec
2026-01-25 16:08:14,481 - src.core.enhanced_h3_fusion - INFO - [ground_water] fused 1133/1551 source hexes; matched targets: 7931; rate: 391.9 hexes/sec
2026-01-25 16:08:14,675 - src.core.enhanced_h3_fusion - INFO - [mortgage_debt] fused 1233/1551 source hexes; matched targets: 8631; rate: 399.7 hexes/sec
2026-01-25 16:08:14,685 - src.core.enhanced_h3_fusion - INFO - [ownership] fused 1208/2584 source hexes; matched targets: 8456; rate: 391.2 hexes/sec
2026-01-25 16:08:14,690 - src.core.enhanced_h3_fusion - INFO - [water_rights] fused 1233/1551 source hexes; matched targets: 8631; rate: 397.7 hexes/sec
2026-01-25 16:08:14,737 - src.core.enhanced_h3_fusion - INFO - [ground_water] fused 1233/1551 source hexes; matched targets: 8631; rate: 391.8 hexes/sec
2026-01-25 16:08:14,940 - src.core.enhanced_h3_fusion - INFO - [mortgage_debt] fused 1333/1551 source hexes; matched targets: 9331; rate: 397.9 hexes/sec
2026-01-25 16:08:14,956 - src.core.enhanced_h3_fusion - INFO - [water_rights] fused 1333/1551 source hexes; matched targets: 9331; rate: 396.0 hexes/sec
2026-01-25 16:08:15,014 - src.core.enhanced_h3_fusion - INFO - [ground_water] fused 1333/1551 source hexes; matched targets: 9331; rate: 389.3 hexes/sec
2026-01-25 16:08:15,039 - src.core.enhanced_h3_fusion - INFO - [ownership] fused 1345/2584 source hexes; matched targets: 9415; rate: 390.8 hexes/sec
2026-01-25 16:08:15,197 - src.core.enhanced_h3_fusion - INFO - [mortgage_debt] fused 1433/1551 source hexes; matched targets: 10031; rate: 397.3 hexes/sec
2026-01-25 16:08:15,217 - src.core.enhanced_h3_fusion - INFO - [water_rights] fused 1433/1551 source hexes; matched targets: 10031; rate: 395.1 hexes/sec
2026-01-25 16:08:15,266 - src.core.enhanced_h3_fusion - INFO - [ground_water] fused 1433/1551 source hexes; matched targets: 10031; rate: 389.8 hexes/sec
2026-01-25 16:08:15,336 - src.core.enhanced_h3_fusion - INFO - [ownership] fused 1468/2584 source hexes; matched targets: 10276; rate: 392.6 hexes/sec
2026-01-25 16:08:15,458 - src.core.enhanced_h3_fusion - INFO - [mortgage_debt] fused 1533/1551 source hexes; matched targets: 10731; rate: 396.4 hexes/sec
2026-01-25 16:08:15,467 - src.core.enhanced_h3_fusion - INFO - [water_rights] fused 1533/1551 source hexes; matched targets: 10731; rate: 395.4 hexes/sec
2026-01-25 16:08:15,499 - src.core.enhanced_h3_fusion - INFO - [mortgage_debt] fusion complete: processed=1551, targets_matched=10857, time=3.91s, rate=396.8 hexes/sec
2026-01-25 16:08:15,499 - src.core.enhanced_h3_fusion - INFO - [surface_water] Starting optimized fusion with 1551 source hexagons
2026-01-25 16:08:15,500 - src.core.enhanced_h3_fusion - INFO - ✅ Batch fused mortgage_debt: 1719 hexagons
2026-01-25 16:08:15,508 - src.core.enhanced_h3_fusion - INFO - [water_rights] fusion complete: processed=1551, targets_matched=10857, time=3.92s, rate=395.9 hexes/sec
2026-01-25 16:08:15,509 - src.core.enhanced_h3_fusion - INFO - [power_source] Starting optimized fusion with 1551 source hexagons
2026-01-25 16:08:15,511 - src.core.enhanced_h3_fusion - INFO - ✅ Batch fused water_rights: 1719 hexagons
2026-01-25 16:08:15,517 - src.core.enhanced_h3_fusion - INFO - [ground_water] fused 1533/1551 source hexes; matched targets: 10731; rate: 390.3 hexes/sec
2026-01-25 16:08:15,569 - src.core.enhanced_h3_fusion - INFO - [ground_water] fusion complete: processed=1551, targets_matched=10857, time=3.98s, rate=389.8 hexes/sec
2026-01-25 16:08:15,570 - src.core.enhanced_h3_fusion - INFO - [zoning] Starting optimized fusion with 2584 source hexagons
2026-01-25 16:08:15,570 - src.core.enhanced_h3_fusion - INFO - ✅ Batch fused ground_water: 1719 hexagons
2026-01-25 16:08:15,621 - src.core.enhanced_h3_fusion - INFO - [ownership] fused 1579/2584 source hexes; matched targets: 11053; rate: 392.4 hexes/sec
2026-01-25 16:08:15,876 - src.core.enhanced_h3_fusion - INFO - [ownership] fused 1679/2584 source hexes; matched targets: 11753; rate: 392.4 hexes/sec
2026-01-25 16:08:15,899 - src.core.enhanced_h3_fusion - INFO - [surface_water] fused 155/1551 source hexes; matched targets: 1085; rate: 387.1 hexes/sec
2026-01-25 16:08:15,912 - src.core.enhanced_h3_fusion - INFO - [power_source] fused 155/1551 source hexes; matched targets: 1085; rate: 384.7 hexes/sec
2026-01-25 16:08:16,126 - src.core.enhanced_h3_fusion - INFO - [ownership] fused 1779/2584 source hexes; matched targets: 12453; rate: 392.8 hexes/sec
2026-01-25 16:08:16,224 - src.core.enhanced_h3_fusion - INFO - [zoning] fused 258/2584 source hexes; matched targets: 1806; rate: 394.3 hexes/sec
2026-01-25 16:08:16,250 - src.core.enhanced_h3_fusion - INFO - [surface_water] fused 294/1551 source hexes; matched targets: 2058; rate: 391.7 hexes/sec
2026-01-25 16:08:16,252 - src.core.enhanced_h3_fusion - INFO - [power_source] fused 294/1551 source hexes; matched targets: 2058; rate: 395.4 hexes/sec
2026-01-25 16:08:16,389 - src.core.enhanced_h3_fusion - INFO - [ownership] fused 1879/2584 source hexes; matched targets: 13153; rate: 392.1 hexes/sec
2026-01-25 16:08:16,548 - src.core.enhanced_h3_fusion - INFO - [surface_water] fused 419/1551 source hexes; matched targets: 2933; rate: 399.6 hexes/sec
2026-01-25 16:08:16,572 - src.core.enhanced_h3_fusion - INFO - [power_source] fused 419/1551 source hexes; matched targets: 2933; rate: 394.0 hexes/sec
2026-01-25 16:08:16,632 - src.core.enhanced_h3_fusion - INFO - [ownership] fused 1979/2584 source hexes; matched targets: 13853; rate: 393.0 hexes/sec
2026-01-25 16:08:16,813 - src.core.enhanced_h3_fusion - INFO - [zoning] fused 490/2584 source hexes; matched targets: 3430; rate: 394.1 hexes/sec
2026-01-25 16:08:16,825 - src.core.enhanced_h3_fusion - INFO - [surface_water] fused 532/1551 source hexes; matched targets: 3724; rate: 401.1 hexes/sec
2026-01-25 16:08:16,869 - src.core.enhanced_h3_fusion - INFO - [power_source] fused 532/1551 source hexes; matched targets: 3724; rate: 391.0 hexes/sec
2026-01-25 16:08:16,894 - src.core.enhanced_h3_fusion - INFO - [ownership] fused 2079/2584 source hexes; matched targets: 14553; rate: 392.5 hexes/sec
2026-01-25 16:08:17,072 - src.core.enhanced_h3_fusion - INFO - [surface_water] fused 633/1551 source hexes; matched targets: 4431; rate: 402.4 hexes/sec
2026-01-25 16:08:17,112 - src.core.enhanced_h3_fusion - INFO - [power_source] fused 633/1551 source hexes; matched targets: 4431; rate: 394.7 hexes/sec
2026-01-25 16:08:17,154 - src.core.enhanced_h3_fusion - INFO - [ownership] fused 2179/2584 source hexes; matched targets: 15253; rate: 392.1 hexes/sec
2026-01-25 16:08:17,317 - src.core.enhanced_h3_fusion - INFO - [surface_water] fused 733/1551 source hexes; matched targets: 5131; rate: 403.3 hexes/sec
2026-01-25 16:08:17,331 - src.core.enhanced_h3_fusion - INFO - [zoning] fused 699/2584 source hexes; matched targets: 4893; rate: 397.0 hexes/sec
2026-01-25 16:08:17,377 - src.core.enhanced_h3_fusion - INFO - [power_source] fused 733/1551 source hexes; matched targets: 5131; rate: 392.3 hexes/sec
2026-01-25 16:08:17,411 - src.core.enhanced_h3_fusion - INFO - [ownership] fused 2279/2584 source hexes; matched targets: 15953; rate: 392.0 hexes/sec
2026-01-25 16:08:17,583 - src.core.enhanced_h3_fusion - INFO - [surface_water] fused 833/1551 source hexes; matched targets: 5831; rate: 399.7 hexes/sec
2026-01-25 16:08:17,624 - src.core.enhanced_h3_fusion - INFO - [power_source] fused 833/1551 source hexes; matched targets: 5831; rate: 393.8 hexes/sec
2026-01-25 16:08:17,657 - src.core.enhanced_h3_fusion - INFO - [ownership] fused 2379/2584 source hexes; matched targets: 16653; rate: 392.6 hexes/sec
2026-01-25 16:08:17,782 - src.core.enhanced_h3_fusion - INFO - [zoning] fused 887/2584 source hexes; matched targets: 6209; rate: 401.0 hexes/sec
2026-01-25 16:08:17,845 - src.core.enhanced_h3_fusion - INFO - [surface_water] fused 933/1551 source hexes; matched targets: 6531; rate: 397.7 hexes/sec
2026-01-25 16:08:17,880 - src.core.enhanced_h3_fusion - INFO - [power_source] fused 933/1551 source hexes; matched targets: 6531; rate: 393.4 hexes/sec
2026-01-25 16:08:17,915 - src.core.enhanced_h3_fusion - INFO - [ownership] fused 2479/2584 source hexes; matched targets: 17353; rate: 392.4 hexes/sec
2026-01-25 16:08:18,089 - src.core.enhanced_h3_fusion - INFO - [surface_water] fused 1033/1551 source hexes; matched targets: 7231; rate: 398.8 hexes/sec
2026-01-25 16:08:18,128 - src.core.enhanced_h3_fusion - INFO - [power_source] fused 1033/1551 source hexes; matched targets: 7231; rate: 394.4 hexes/sec
2026-01-25 16:08:18,148 - src.core.enhanced_h3_fusion - INFO - [ownership] fused 2579/2584 source hexes; matched targets: 18053; rate: 393.7 hexes/sec
2026-01-25 16:08:18,161 - src.core.enhanced_h3_fusion - INFO - [ownership] fusion complete: processed=2584, targets_matched=18088, time=6.56s, rate=393.7 hexes/sec
2026-01-25 16:08:18,163 - src.core.enhanced_h3_fusion - INFO - ✅ Batch fused ownership: 2818 hexagons
2026-01-25 16:08:18,176 - src.core.enhanced_h3_fusion - INFO - [zoning] fused 1056/2584 source hexes; matched targets: 7392; rate: 405.2 hexes/sec
2026-01-25 16:08:18,295 - src.core.enhanced_h3_fusion - INFO - [surface_water] fused 1133/1551 source hexes; matched targets: 7931; rate: 405.2 hexes/sec
2026-01-25 16:08:18,332 - src.core.enhanced_h3_fusion - INFO - [power_source] fused 1133/1551 source hexes; matched targets: 7931; rate: 401.2 hexes/sec
2026-01-25 16:08:18,469 - src.core.enhanced_h3_fusion - INFO - [zoning] fused 1208/2584 source hexes; matched targets: 8456; rate: 416.7 hexes/sec
2026-01-25 16:08:18,488 - src.core.enhanced_h3_fusion - INFO - [surface_water] fused 1233/1551 source hexes; matched targets: 8631; rate: 412.5 hexes/sec
2026-01-25 16:08:18,511 - src.core.enhanced_h3_fusion - INFO - [power_source] fused 1233/1551 source hexes; matched targets: 8631; rate: 410.7 hexes/sec
2026-01-25 16:08:18,678 - src.core.enhanced_h3_fusion - INFO - [surface_water] fused 1333/1551 source hexes; matched targets: 9331; rate: 419.3 hexes/sec
2026-01-25 16:08:18,692 - src.core.enhanced_h3_fusion - INFO - [power_source] fused 1333/1551 source hexes; matched targets: 9331; rate: 418.7 hexes/sec
2026-01-25 16:08:18,706 - src.core.enhanced_h3_fusion - INFO - [zoning] fused 1345/2584 source hexes; matched targets: 9415; rate: 428.8 hexes/sec
2026-01-25 16:08:18,862 - src.core.enhanced_h3_fusion - INFO - [surface_water] fused 1433/1551 source hexes; matched targets: 10031; rate: 426.1 hexes/sec
2026-01-25 16:08:18,876 - src.core.enhanced_h3_fusion - INFO - [power_source] fused 1433/1551 source hexes; matched targets: 10031; rate: 425.6 hexes/sec
2026-01-25 16:08:18,921 - src.core.enhanced_h3_fusion - INFO - [zoning] fused 1468/2584 source hexes; matched targets: 10276; rate: 438.1 hexes/sec
2026-01-25 16:08:19,048 - src.core.enhanced_h3_fusion - INFO - [surface_water] fused 1533/1551 source hexes; matched targets: 10731; rate: 432.0 hexes/sec
2026-01-25 16:08:19,063 - src.core.enhanced_h3_fusion - INFO - [power_source] fused 1533/1551 source hexes; matched targets: 10731; rate: 431.3 hexes/sec
2026-01-25 16:08:19,081 - src.core.enhanced_h3_fusion - INFO - [surface_water] fusion complete: processed=1551, targets_matched=10857, time=3.58s, rate=433.0 hexes/sec
2026-01-25 16:08:19,082 - src.core.enhanced_h3_fusion - INFO - ✅ Batch fused surface_water: 1719 hexagons
2026-01-25 16:08:19,091 - src.core.enhanced_h3_fusion - INFO - [power_source] fusion complete: processed=1551, targets_matched=10857, time=3.58s, rate=432.9 hexes/sec
2026-01-25 16:08:19,092 - src.core.enhanced_h3_fusion - INFO - ✅ Batch fused power_source: 1719 hexagons
2026-01-25 16:08:19,098 - src.core.enhanced_h3_fusion - INFO - [zoning] fused 1579/2584 source hexes; matched targets: 11053; rate: 447.5 hexes/sec
2026-01-25 16:08:19,135 - src.core.enhanced_h3_fusion - INFO - [zoning] fused 1679/2584 source hexes; matched targets: 11753; rate: 470.9 hexes/sec
2026-01-25 16:08:19,172 - src.core.enhanced_h3_fusion - INFO - [zoning] fused 1779/2584 source hexes; matched targets: 12453; rate: 493.9 hexes/sec
2026-01-25 16:08:19,209 - src.core.enhanced_h3_fusion - INFO - [zoning] fused 1879/2584 source hexes; matched targets: 13153; rate: 516.3 hexes/sec
2026-01-25 16:08:19,246 - src.core.enhanced_h3_fusion - INFO - [zoning] fused 1979/2584 source hexes; matched targets: 13853; rate: 538.3 hexes/sec
2026-01-25 16:08:19,283 - src.core.enhanced_h3_fusion - INFO - [zoning] fused 2079/2584 source hexes; matched targets: 14553; rate: 559.9 hexes/sec
2026-01-25 16:08:19,320 - src.core.enhanced_h3_fusion - INFO - [zoning] fused 2179/2584 source hexes; matched targets: 15253; rate: 581.1 hexes/sec
2026-01-25 16:08:19,357 - src.core.enhanced_h3_fusion - INFO - [zoning] fused 2279/2584 source hexes; matched targets: 15953; rate: 601.8 hexes/sec
2026-01-25 16:08:19,394 - src.core.enhanced_h3_fusion - INFO - [zoning] fused 2379/2584 source hexes; matched targets: 16653; rate: 622.1 hexes/sec
2026-01-25 16:08:19,430 - src.core.enhanced_h3_fusion - INFO - [zoning] fused 2479/2584 source hexes; matched targets: 17353; rate: 642.1 hexes/sec
2026-01-25 16:08:19,467 - src.core.enhanced_h3_fusion - INFO - [zoning] fused 2579/2584 source hexes; matched targets: 18053; rate: 661.7 hexes/sec
2026-01-25 16:08:19,469 - src.core.enhanced_h3_fusion - INFO - [zoning] fusion complete: processed=2584, targets_matched=18088, time=3.90s, rate=662.7 hexes/sec
2026-01-25 16:08:19,469 - src.core.enhanced_h3_fusion - INFO - ✅ Batch fused zoning: 2818 hexagons
2026-01-25 16:08:19,469 - src.core.enhanced_h3_fusion - INFO - Performing enhanced spatial analysis...
2026-01-25 16:08:19,470 - src.core.enhanced_h3_fusion - INFO - Performing enhanced spatial analysis...
2026-01-25 16:08:19,486 - src.core.enhanced_h3_fusion - INFO - ✅ Enhanced spatial analysis completed
2026-01-25 16:08:19,486 - src.core.enhanced_h3_fusion - INFO - ✅ Enhanced H3 fusion completed: 2818 hexagons
2026-01-25 16:08:19,486 - src.core.enhanced_h3_fusion - INFO - 📊 Fusion coverage: 36.4%
2026-01-25 16:08:19,794 - src.core.enhanced_h3_fusion - INFO - Saved fusion cache: output/data/cache/fusion/fused_res8_2e3aa269d6051ee1.json
2026-01-25 16:08:19,794 - __main__ - INFO - 🔬 Running final analysis on fused data...
2026-01-25 16:08:19,803 - __main__ - INFO - Saved redevelopment scores cache: output/data/cache/scores/scores_2e3aa269d6051ee1.json
2026-01-25 16:08:19,821 - geo_infer_place.core.unified_backend - INFO - Calculating enhanced agricultural redevelopment potential scores with SPACE integration...
2026-01-25 16:08:19,918 - geo_infer_place.core.unified_backend - INFO - ✅ Calculated enhanced redevelopment scores for 7749 hexagons with SPACE integration.
2026-01-25 16:08:19,924 - __main__ - INFO - 🎨 Creating comprehensive visualizations...
2026-01-25 16:08:19,925 - cascadia.visualization.comprehensive_viz - INFO - 🎨 VISUALIZATION CREATED - Interactive H3 Map
2026-01-25 16:08:19,925 - cascadia.visualization.comprehensive_viz - INFO -    Module: comprehensive_viz
2026-01-25 16:08:19,925 - cascadia.visualization.comprehensive_viz - INFO -    Data Sources: ['ground_water', 'mortgage_debt', 'water_rights', 'improvements', 'ownership', 'surface_water', 'power_source', 'zoning']
2026-01-25 16:08:19,925 - cascadia.visualization.comprehensive_viz - INFO -    Hexagon Count: 5,000
2026-01-25 16:08:19,925 - cascadia.visualization.comprehensive_viz - INFO -    Layers: ['ground_water', 'mortgage_debt', 'water_rights', 'improvements', 'ownership', 'surface_water', 'power_source', 'zoning']
2026-01-25 16:08:19,925 - cascadia.visualization.comprehensive_viz - INFO -    Interactive Features: ['Layer Toggles', 'Data Filtering', 'Hexagon Selection', 'Export Capabilities', 'Real-time Analysis']
2026-01-25 16:08:27,238 - cascadia.visualization.comprehensive_viz - INFO - 🎨 VISUALIZATION CREATED - Interactive H3 Map
2026-01-25 16:08:27,238 - cascadia.visualization.comprehensive_viz - INFO -    Module: comprehensive_viz
2026-01-25 16:08:27,239 - cascadia.visualization.comprehensive_viz - INFO -    Data Sources: ['ground_water', 'mortgage_debt', 'water_rights', 'improvements', 'ownership', 'surface_water', 'power_source', 'zoning']
2026-01-25 16:08:27,239 - cascadia.visualization.comprehensive_viz - INFO -    Hexagon Count: 5,000
2026-01-25 16:08:27,239 - cascadia.visualization.comprehensive_viz - INFO -    Layers: ['ground_water', 'mortgage_debt', 'water_rights', 'improvements', 'ownership', 'surface_water', 'power_source', 'zoning']
2026-01-25 16:08:27,239 - cascadia.visualization.comprehensive_viz - INFO -    Interactive Features: ['Layer Toggles', 'Data Filtering', 'Hexagon Selection', 'Export Capabilities', 'Real-time Analysis']
2026-01-25 16:08:27,239 - src.core.visualization.comprehensive_visualization - INFO - Interactive H3 map created: output/visualizations/interactive/cascadia_interactive_map.html
2026-01-25 16:08:29,012 - src.core.visualization.comprehensive_visualization - INFO - Static visualizations created: 4 files
2026-01-25 16:08:29,632 - src.core.visualization.comprehensive_visualization - INFO - Static visualizations created: 4 files
2026-01-25 16:08:29,633 - cascadia.visualization.comprehensive_viz - INFO - 🎨 VISUALIZATION CREATED - Interactive H3 Map
2026-01-25 16:08:29,633 - cascadia.visualization.comprehensive_viz - INFO -    Module: comprehensive_viz
2026-01-25 16:08:29,633 - cascadia.visualization.comprehensive_viz - INFO -    Data Sources: ['ground_water', 'mortgage_debt', 'water_rights', 'improvements', 'ownership', 'surface_water', 'power_source', 'zoning']
2026-01-25 16:08:29,633 - cascadia.visualization.comprehensive_viz - INFO -    Hexagon Count: 2,818
2026-01-25 16:08:29,633 - cascadia.visualization.comprehensive_viz - INFO -    Layers: ['ground_water', 'mortgage_debt', 'water_rights', 'improvements', 'ownership', 'surface_water', 'power_source', 'zoning']
2026-01-25 16:08:29,633 - cascadia.visualization.comprehensive_viz - INFO -    Interactive Features: ['Layer Toggles', 'Data Filtering', 'Hexagon Selection', 'Export Capabilities', 'Real-time Analysis']
2026-01-25 16:08:35,072 - cascadia.visualization.comprehensive_viz - INFO - 🎨 VISUALIZATION CREATED - Interactive H3 Map
2026-01-25 16:08:35,072 - cascadia.visualization.comprehensive_viz - INFO -    Module: comprehensive_viz
2026-01-25 16:08:35,072 - cascadia.visualization.comprehensive_viz - INFO -    Data Sources: ['ground_water', 'mortgage_debt', 'water_rights', 'improvements', 'ownership', 'surface_water', 'power_source', 'zoning']
2026-01-25 16:08:35,072 - cascadia.visualization.comprehensive_viz - INFO -    Hexagon Count: 2,818
2026-01-25 16:08:35,072 - cascadia.visualization.comprehensive_viz - INFO -    Layers: ['ground_water', 'mortgage_debt', 'water_rights', 'improvements', 'ownership', 'surface_water', 'power_source', 'zoning']
2026-01-25 16:08:35,072 - cascadia.visualization.comprehensive_viz - INFO -    Interactive Features: ['Layer Toggles', 'Data Filtering', 'Hexagon Selection', 'Export Capabilities', 'Real-time Analysis']
2026-01-25 16:08:35,072 - src.core.visualization.comprehensive_visualization - INFO - Interactive H3 map created: output/visualizations/interactive/cascadia_interactive_map.html
2026-01-25 16:08:35,074 - src.core.visualization.comprehensive_visualization - INFO - Comprehensive dashboard created: output/visualizations/dashboard/cascadia_dashboard.html
2026-01-25 16:08:35,519 - src.core.visualization.comprehensive_visualization - INFO - Visualization data exported: 4 files
2026-01-25 16:08:35,520 - __main__ - INFO - ✅ Comprehensive visualizations created
2026-01-25 16:08:35,520 - __main__ - INFO -    Interactive Map: output/visualizations/interactive/cascadia_interactive_map.html
2026-01-25 16:08:35,520 - __main__ - INFO -    Static Visualizations: 4 files
2026-01-25 16:08:35,520 - __main__ - INFO -    Dashboard: output/visualizations/dashboard/cascadia_dashboard.html
2026-01-25 16:08:35,520 - __main__ - INFO -    Export Files: 4 files
2026-01-25 16:08:35,521 - src.core.reporting_engine - INFO - ✅ Data provenance manifest written: output/cascadia_data_provenance_20260125_160835.json
2026-01-25 16:08:35,524 - src.core.data_processor - INFO - Step 4: Exporting analysis results...
2026-01-25 16:08:36,064 - geo_infer_place.core.unified_backend - INFO - ✅ Enhanced GeoJSON export completed with 7749 features
2026-01-25 16:08:36,065 - geo_infer_place.core.unified_backend - INFO - ✅ Successfully exported enhanced unified data to output/cascadia_unified_data_20260125_160835.geojson
2026-01-25 16:08:36,066 - src.core.data_processor - INFO - ✅ Successfully exported enhanced unified data to output/cascadia_unified_data_20260125_160835.geojson
2026-01-25 16:08:36,067 - src.core.data_processor - INFO - Exported redevelopment scores to output/cascadia_redevelopment_scores_20260125_160835.json
2026-01-25 16:08:36,068 - src.core.data_processor - INFO - Exported summary to output/cascadia_summary_20260125_160835.json
2026-01-25 16:08:36,068 - src.core.data_processor - INFO - Creating efficient visualization alternatives...
2026-01-25 16:08:42,292 - src.core.visualization.datashader_visualization - INFO - Creating Datashader visualizations...
2026-01-25 16:08:42,293 - geo_infer_place.core.unified_backend - INFO - Calculating enhanced agricultural redevelopment potential scores with SPACE integration...
2026-01-25 16:08:42,408 - geo_infer_place.core.unified_backend - INFO - ✅ Calculated enhanced redevelopment scores for 7749 hexagons with SPACE integration.
2026-01-25 16:08:42,408 - src.core.visualization.datashader_visualization - INFO - Creating comprehensive Datashader dashboard...
2026-01-25 16:08:42,408 - src.core.visualization.datashader_visualization - INFO - Preparing H3 data for Datashader visualization...
2026-01-25 16:08:42,421 - src.core.visualization.datashader_visualization - INFO - Prepared DataFrame with 7749 H3 cells
2026-01-25 16:08:42,422 - src.core.visualization.datashader_visualization - INFO - Creating redevelopment potential heatmap...
2026-01-25 16:08:42,423 - datashader.compiler - DEBUG - global_cuda_mutex False
2026-01-25 16:08:42,423 - datashader.compiler - DEBUG - any_uses_cuda_mutex False
2026-01-25 16:08:42,423 - datashader.compiler - DEBUG - arg_lk _0 _sum_zero('redevelopment_score') redevelopment_score
2026-01-25 16:08:42,423 - datashader.compiler - DEBUG - arg_lk _1 count() redevelopment_score
2026-01-25 16:08:42,424 - datashader.compiler - DEBUG - arg_lk _2 <datashader.reductions.extract object at 0x17ecd3410> redevelopment_score
2026-01-25 16:08:42,424 - datashader.compiler - DEBUG - func _3 CPUDispatcher(<function _sum_zero._append at 0x309977ec0>)
2026-01-25 16:08:42,424 - datashader.compiler - DEBUG - func _4 CPUDispatcher(<function count._append at 0x30996b060>)
2026-01-25 16:08:42,424 - datashader.compiler - DEBUG - def append(i0, x, y, _0, _1, _2):
    _3(x, y, _0, _2[i0])
    _4(x, y, _1, _2[i0])
2026-01-25 16:08:42,703 - numba.core.byteflow - DEBUG - bytecode dump:
>          0	NOP(arg=None, lineno=66)
           2	RESUME(arg=0, lineno=66)
           4	LOAD_GLOBAL(arg=0, lineno=69)
          14	LOAD_ATTR(arg=2, lineno=69)
          34	STORE_FAST(arg=1, lineno=69)
          36	LOAD_GLOBAL(arg=0, lineno=70)
          46	LOAD_ATTR(arg=2, lineno=70)
          66	UNARY_NEGATIVE(arg=None, lineno=70)
          68	STORE_FAST(arg=2, lineno=70)
          70	LOAD_FAST(arg=0, lineno=71)
          72	GET_ITER(arg=None, lineno=71)
>         74	FOR_ITER(arg=29, lineno=71)
          78	STORE_FAST(arg=3, lineno=71)
          80	LOAD_GLOBAL(arg=5, lineno=72)
          90	LOAD_FAST(arg=3, lineno=72)
          92	CALL(arg=1, lineno=72)
         100	POP_JUMP_IF_FALSE(arg=1, lineno=72)
         102	JUMP_BACKWARD(arg=15, lineno=72)
>        104	LOAD_FAST(arg=3, lineno=73)
         106	LOAD_FAST(arg=1, lineno=73)
         108	COMPARE_OP(arg=2, lineno=73)
         112	POP_JUMP_IF_FALSE(arg=2, lineno=73)
         114	LOAD_FAST(arg=3, lineno=74)
         116	STORE_FAST(arg=1, lineno=74)
>        118	LOAD_FAST(arg=3, lineno=75)
         120	LOAD_FAST(arg=2, lineno=75)
         122	COMPARE_OP(arg=68, lineno=75)
         126	POP_JUMP_IF_TRUE(arg=1, lineno=75)
         128	JUMP_BACKWARD(arg=28, lineno=75)
>        130	LOAD_FAST(arg=3, lineno=76)
         132	STORE_FAST(arg=2, lineno=76)
         134	JUMP_BACKWARD(arg=31, lineno=76)
>        136	END_FOR(arg=None, lineno=71)
         138	LOAD_FAST(arg=1, lineno=78)
         140	LOAD_FAST(arg=2, lineno=78)
         142	BUILD_TUPLE(arg=2, lineno=78)
         144	RETURN_VALUE(arg=None, lineno=78)
2026-01-25 16:08:42,703 - numba.core.byteflow - DEBUG - pending: deque([State(pc_initial=0 nstack_initial=0)])
2026-01-25 16:08:42,703 - numba.core.byteflow - DEBUG - stack: []
2026-01-25 16:08:42,703 - numba.core.byteflow - DEBUG - state.pc_initial: State(pc_initial=0 nstack_initial=0)
2026-01-25 16:08:42,703 - numba.core.byteflow - DEBUG - dispatch pc=0, inst=NOP(arg=None, lineno=66)
2026-01-25 16:08:42,703 - numba.core.byteflow - DEBUG - stack []
2026-01-25 16:08:42,703 - numba.core.byteflow - DEBUG - dispatch pc=2, inst=RESUME(arg=0, lineno=66)
2026-01-25 16:08:42,703 - numba.core.byteflow - DEBUG - stack []
2026-01-25 16:08:42,703 - numba.core.byteflow - DEBUG - dispatch pc=4, inst=LOAD_GLOBAL(arg=0, lineno=69)
2026-01-25 16:08:42,703 - numba.core.byteflow - DEBUG - stack []
2026-01-25 16:08:42,703 - numba.core.byteflow - DEBUG - dispatch pc=14, inst=LOAD_ATTR(arg=2, lineno=69)
2026-01-25 16:08:42,703 - numba.core.byteflow - DEBUG - stack ['$4load_global.0']
2026-01-25 16:08:42,703 - numba.core.byteflow - DEBUG - dispatch pc=34, inst=STORE_FAST(arg=1, lineno=69)
2026-01-25 16:08:42,703 - numba.core.byteflow - DEBUG - stack ['$14load_attr.1']
2026-01-25 16:08:42,703 - numba.core.byteflow - DEBUG - dispatch pc=36, inst=LOAD_GLOBAL(arg=0, lineno=70)
2026-01-25 16:08:42,704 - numba.core.byteflow - DEBUG - stack []
2026-01-25 16:08:42,704 - numba.core.byteflow - DEBUG - dispatch pc=46, inst=LOAD_ATTR(arg=2, lineno=70)
2026-01-25 16:08:42,704 - numba.core.byteflow - DEBUG - stack ['$36load_global.2']
2026-01-25 16:08:42,704 - numba.core.byteflow - DEBUG - dispatch pc=66, inst=UNARY_NEGATIVE(arg=None, lineno=70)
2026-01-25 16:08:42,704 - numba.core.byteflow - DEBUG - stack ['$46load_attr.3']
2026-01-25 16:08:42,704 - numba.core.byteflow - DEBUG - dispatch pc=68, inst=STORE_FAST(arg=2, lineno=70)
2026-01-25 16:08:42,704 - numba.core.byteflow - DEBUG - stack ['$66unary_negative.4']
2026-01-25 16:08:42,704 - numba.core.byteflow - DEBUG - dispatch pc=70, inst=LOAD_FAST(arg=0, lineno=71)
2026-01-25 16:08:42,704 - numba.core.byteflow - DEBUG - stack []
2026-01-25 16:08:42,704 - numba.core.byteflow - DEBUG - dispatch pc=72, inst=GET_ITER(arg=None, lineno=71)
2026-01-25 16:08:42,704 - numba.core.byteflow - DEBUG - stack ['$arr70.5']
2026-01-25 16:08:42,704 - numba.core.byteflow - DEBUG - end state. edges=[Edge(pc=74, stack=('$72get_iter.6',), blockstack=(), npush=0)]
2026-01-25 16:08:42,704 - numba.core.byteflow - DEBUG - pending: deque([State(pc_initial=74 nstack_initial=1)])
2026-01-25 16:08:42,704 - numba.core.byteflow - DEBUG - stack: ['$phi74.0']
2026-01-25 16:08:42,704 - numba.core.byteflow - DEBUG - state.pc_initial: State(pc_initial=74 nstack_initial=1)
2026-01-25 16:08:42,704 - numba.core.byteflow - DEBUG - dispatch pc=74, inst=FOR_ITER(arg=29, lineno=71)
2026-01-25 16:08:42,704 - numba.core.byteflow - DEBUG - stack ['$phi74.0']
2026-01-25 16:08:42,704 - numba.core.byteflow - DEBUG - end state. edges=[Edge(pc=136, stack=('$phi74.0', '$74for_iter.2'), blockstack=(), npush=0), Edge(pc=78, stack=('$phi74.0', '$74for_iter.2'), blockstack=(), npush=0)]
2026-01-25 16:08:42,704 - numba.core.byteflow - DEBUG - pending: deque([State(pc_initial=136 nstack_initial=2), State(pc_initial=78 nstack_initial=2)])
2026-01-25 16:08:42,704 - numba.core.byteflow - DEBUG - stack: ['$phi136.0', '$phi136.1']
2026-01-25 16:08:42,704 - numba.core.byteflow - DEBUG - state.pc_initial: State(pc_initial=136 nstack_initial=2)
2026-01-25 16:08:42,704 - numba.core.byteflow - DEBUG - dispatch pc=136, inst=END_FOR(arg=None, lineno=71)
2026-01-25 16:08:42,704 - numba.core.byteflow - DEBUG - stack ['$phi136.0', '$phi136.1']
2026-01-25 16:08:42,704 - numba.core.byteflow - DEBUG - dispatch pc=138, inst=LOAD_FAST(arg=1, lineno=78)
2026-01-25 16:08:42,704 - numba.core.byteflow - DEBUG - stack []
2026-01-25 16:08:42,704 - numba.core.byteflow - DEBUG - dispatch pc=140, inst=LOAD_FAST(arg=2, lineno=78)
2026-01-25 16:08:42,704 - numba.core.byteflow - DEBUG - stack ['$minval138.2']
2026-01-25 16:08:42,704 - numba.core.byteflow - DEBUG - dispatch pc=142, inst=BUILD_TUPLE(arg=2, lineno=78)
2026-01-25 16:08:42,709 - numba.core.byteflow - DEBUG - stack ['$minval138.2', '$maxval140.3']
2026-01-25 16:08:42,709 - numba.core.byteflow - DEBUG - dispatch pc=144, inst=RETURN_VALUE(arg=None, lineno=78)
2026-01-25 16:08:42,709 - numba.core.byteflow - DEBUG - stack ['$142build_tuple.4']
2026-01-25 16:08:42,709 - numba.core.byteflow - DEBUG - end state. edges=[]
2026-01-25 16:08:42,709 - numba.core.byteflow - DEBUG - pending: deque([State(pc_initial=78 nstack_initial=2)])
2026-01-25 16:08:42,709 - numba.core.byteflow - DEBUG - stack: ['$phi78.0', '$phi78.1']
2026-01-25 16:08:42,709 - numba.core.byteflow - DEBUG - state.pc_initial: State(pc_initial=78 nstack_initial=2)
2026-01-25 16:08:42,709 - numba.core.byteflow - DEBUG - dispatch pc=78, inst=STORE_FAST(arg=3, lineno=71)
2026-01-25 16:08:42,709 - numba.core.byteflow - DEBUG - stack ['$phi78.0', '$phi78.1']
2026-01-25 16:08:42,709 - numba.core.byteflow - DEBUG - dispatch pc=80, inst=LOAD_GLOBAL(arg=5, lineno=72)
2026-01-25 16:08:42,709 - numba.core.byteflow - DEBUG - stack ['$phi78.0']
2026-01-25 16:08:42,709 - numba.core.byteflow - DEBUG - dispatch pc=90, inst=LOAD_FAST(arg=3, lineno=72)
2026-01-25 16:08:42,709 - numba.core.byteflow - DEBUG - stack ['$phi78.0', '$null$80.3', '$80load_global.2']
2026-01-25 16:08:42,709 - numba.core.byteflow - DEBUG - dispatch pc=92, inst=CALL(arg=1, lineno=72)
2026-01-25 16:08:42,709 - numba.core.byteflow - DEBUG - stack ['$phi78.0', '$null$80.3', '$80load_global.2', '$x90.4']
2026-01-25 16:08:42,709 - numba.core.byteflow - DEBUG - dispatch pc=100, inst=POP_JUMP_IF_FALSE(arg=1, lineno=72)
2026-01-25 16:08:42,709 - numba.core.byteflow - DEBUG - stack ['$phi78.0', '$92call.5']
2026-01-25 16:08:42,709 - numba.core.byteflow - DEBUG - end state. edges=[Edge(pc=102, stack=('$phi78.0',), blockstack=(), npush=0), Edge(pc=104, stack=('$phi78.0',), blockstack=(), npush=0)]
2026-01-25 16:08:42,709 - numba.core.byteflow - DEBUG - pending: deque([State(pc_initial=102 nstack_initial=1), State(pc_initial=104 nstack_initial=1)])
2026-01-25 16:08:42,709 - numba.core.byteflow - DEBUG - stack: ['$phi102.0']
2026-01-25 16:08:42,709 - numba.core.byteflow - DEBUG - state.pc_initial: State(pc_initial=102 nstack_initial=1)
2026-01-25 16:08:42,709 - numba.core.byteflow - DEBUG - dispatch pc=102, inst=JUMP_BACKWARD(arg=15, lineno=72)
2026-01-25 16:08:42,709 - numba.core.byteflow - DEBUG - stack ['$phi102.0']
2026-01-25 16:08:42,709 - numba.core.byteflow - DEBUG - end state. edges=[Edge(pc=74, stack=('$phi102.0',), blockstack=(), npush=0)]
2026-01-25 16:08:42,709 - numba.core.byteflow - DEBUG - pending: deque([State(pc_initial=104 nstack_initial=1), State(pc_initial=74 nstack_initial=1)])
2026-01-25 16:08:42,709 - numba.core.byteflow - DEBUG - stack: ['$phi104.0']
2026-01-25 16:08:42,709 - numba.core.byteflow - DEBUG - state.pc_initial: State(pc_initial=104 nstack_initial=1)
2026-01-25 16:08:42,709 - numba.core.byteflow - DEBUG - dispatch pc=104, inst=LOAD_FAST(arg=3, lineno=73)
2026-01-25 16:08:42,709 - numba.core.byteflow - DEBUG - stack ['$phi104.0']
2026-01-25 16:08:42,709 - numba.core.byteflow - DEBUG - dispatch pc=106, inst=LOAD_FAST(arg=1, lineno=73)
2026-01-25 16:08:42,709 - numba.core.byteflow - DEBUG - stack ['$phi104.0', '$x104.1']
2026-01-25 16:08:42,709 - numba.core.byteflow - DEBUG - dispatch pc=108, inst=COMPARE_OP(arg=2, lineno=73)
2026-01-25 16:08:42,709 - numba.core.byteflow - DEBUG - stack ['$phi104.0', '$x104.1', '$minval106.2']
2026-01-25 16:08:42,710 - numba.core.byteflow - DEBUG - dispatch pc=112, inst=POP_JUMP_IF_FALSE(arg=2, lineno=73)
2026-01-25 16:08:42,710 - numba.core.byteflow - DEBUG - stack ['$phi104.0', '$108compare_op.3']
2026-01-25 16:08:42,710 - numba.core.byteflow - DEBUG - end state. edges=[Edge(pc=114, stack=('$phi104.0',), blockstack=(), npush=0), Edge(pc=118, stack=('$phi104.0',), blockstack=(), npush=0)]
2026-01-25 16:08:42,710 - numba.core.byteflow - DEBUG - pending: deque([State(pc_initial=74 nstack_initial=1), State(pc_initial=114 nstack_initial=1), State(pc_initial=118 nstack_initial=1)])
2026-01-25 16:08:42,710 - numba.core.byteflow - DEBUG - pending: deque([State(pc_initial=114 nstack_initial=1), State(pc_initial=118 nstack_initial=1)])
2026-01-25 16:08:42,710 - numba.core.byteflow - DEBUG - stack: ['$phi114.0']
2026-01-25 16:08:42,710 - numba.core.byteflow - DEBUG - state.pc_initial: State(pc_initial=114 nstack_initial=1)
2026-01-25 16:08:42,710 - numba.core.byteflow - DEBUG - dispatch pc=114, inst=LOAD_FAST(arg=3, lineno=74)
2026-01-25 16:08:42,710 - numba.core.byteflow - DEBUG - stack ['$phi114.0']
2026-01-25 16:08:42,710 - numba.core.byteflow - DEBUG - dispatch pc=116, inst=STORE_FAST(arg=1, lineno=74)
2026-01-25 16:08:42,710 - numba.core.byteflow - DEBUG - stack ['$phi114.0', '$x114.1']
2026-01-25 16:08:42,710 - numba.core.byteflow - DEBUG - end state. edges=[Edge(pc=118, stack=('$phi114.0',), blockstack=(), npush=0)]
2026-01-25 16:08:42,710 - numba.core.byteflow - DEBUG - pending: deque([State(pc_initial=118 nstack_initial=1), State(pc_initial=118 nstack_initial=1)])
2026-01-25 16:08:42,710 - numba.core.byteflow - DEBUG - stack: ['$phi118.0']
2026-01-25 16:08:42,710 - numba.core.byteflow - DEBUG - state.pc_initial: State(pc_initial=118 nstack_initial=1)
2026-01-25 16:08:42,710 - numba.core.byteflow - DEBUG - dispatch pc=118, inst=LOAD_FAST(arg=3, lineno=75)
2026-01-25 16:08:42,710 - numba.core.byteflow - DEBUG - stack ['$phi118.0']
2026-01-25 16:08:42,710 - numba.core.byteflow - DEBUG - dispatch pc=120, inst=LOAD_FAST(arg=2, lineno=75)
2026-01-25 16:08:42,710 - numba.core.byteflow - DEBUG - stack ['$phi118.0', '$x118.1']
2026-01-25 16:08:42,710 - numba.core.byteflow - DEBUG - dispatch pc=122, inst=COMPARE_OP(arg=68, lineno=75)
2026-01-25 16:08:42,710 - numba.core.byteflow - DEBUG - stack ['$phi118.0', '$x118.1', '$maxval120.2']
2026-01-25 16:08:42,710 - numba.core.byteflow - DEBUG - dispatch pc=126, inst=POP_JUMP_IF_TRUE(arg=1, lineno=75)
2026-01-25 16:08:42,710 - numba.core.byteflow - DEBUG - stack ['$phi118.0', '$122compare_op.3']
2026-01-25 16:08:42,710 - numba.core.byteflow - DEBUG - end state. edges=[Edge(pc=128, stack=('$phi118.0',), blockstack=(), npush=0), Edge(pc=130, stack=('$phi118.0',), blockstack=(), npush=0)]
2026-01-25 16:08:42,710 - numba.core.byteflow - DEBUG - pending: deque([State(pc_initial=118 nstack_initial=1), State(pc_initial=128 nstack_initial=1), State(pc_initial=130 nstack_initial=1)])
2026-01-25 16:08:42,710 - numba.core.byteflow - DEBUG - pending: deque([State(pc_initial=128 nstack_initial=1), State(pc_initial=130 nstack_initial=1)])
2026-01-25 16:08:42,710 - numba.core.byteflow - DEBUG - stack: ['$phi128.0']
2026-01-25 16:08:42,710 - numba.core.byteflow - DEBUG - state.pc_initial: State(pc_initial=128 nstack_initial=1)
2026-01-25 16:08:42,710 - numba.core.byteflow - DEBUG - dispatch pc=128, inst=JUMP_BACKWARD(arg=28, lineno=75)
2026-01-25 16:08:42,710 - numba.core.byteflow - DEBUG - stack ['$phi128.0']
2026-01-25 16:08:42,711 - numba.core.byteflow - DEBUG - end state. edges=[Edge(pc=74, stack=('$phi128.0',), blockstack=(), npush=0)]
2026-01-25 16:08:42,711 - numba.core.byteflow - DEBUG - pending: deque([State(pc_initial=130 nstack_initial=1), State(pc_initial=74 nstack_initial=1)])
2026-01-25 16:08:42,711 - numba.core.byteflow - DEBUG - stack: ['$phi130.0']
2026-01-25 16:08:42,711 - numba.core.byteflow - DEBUG - state.pc_initial: State(pc_initial=130 nstack_initial=1)
2026-01-25 16:08:42,711 - numba.core.byteflow - DEBUG - dispatch pc=130, inst=LOAD_FAST(arg=3, lineno=76)
2026-01-25 16:08:42,711 - numba.core.byteflow - DEBUG - stack ['$phi130.0']
2026-01-25 16:08:42,711 - numba.core.byteflow - DEBUG - dispatch pc=132, inst=STORE_FAST(arg=2, lineno=76)
2026-01-25 16:08:42,711 - numba.core.byteflow - DEBUG - stack ['$phi130.0', '$x130.1']
2026-01-25 16:08:42,711 - numba.core.byteflow - DEBUG - dispatch pc=134, inst=JUMP_BACKWARD(arg=31, lineno=76)
2026-01-25 16:08:42,711 - numba.core.byteflow - DEBUG - stack ['$phi130.0']
2026-01-25 16:08:42,711 - numba.core.byteflow - DEBUG - end state. edges=[Edge(pc=74, stack=('$phi130.0',), blockstack=(), npush=0)]
2026-01-25 16:08:42,711 - numba.core.byteflow - DEBUG - pending: deque([State(pc_initial=74 nstack_initial=1), State(pc_initial=74 nstack_initial=1)])
2026-01-25 16:08:42,711 - numba.core.byteflow - DEBUG - pending: deque([State(pc_initial=74 nstack_initial=1)])
2026-01-25 16:08:42,711 - numba.core.byteflow - DEBUG - -------------------------Prune PHIs-------------------------
2026-01-25 16:08:42,711 - numba.core.byteflow - DEBUG - Used_phis: defaultdict(<class 'set'>,
            {State(pc_initial=0 nstack_initial=0): set(),
             State(pc_initial=74 nstack_initial=1): {'$phi74.0'},
             State(pc_initial=78 nstack_initial=2): {'$phi78.1'},
             State(pc_initial=102 nstack_initial=1): set(),
             State(pc_initial=104 nstack_initial=1): set(),
             State(pc_initial=114 nstack_initial=1): set(),
             State(pc_initial=118 nstack_initial=1): set(),
             State(pc_initial=128 nstack_initial=1): set(),
             State(pc_initial=130 nstack_initial=1): set(),
             State(pc_initial=136 nstack_initial=2): set()})
2026-01-25 16:08:42,711 - numba.core.byteflow - DEBUG - defmap: {'$phi136.1': State(pc_initial=74 nstack_initial=1),
 '$phi74.0': State(pc_initial=0 nstack_initial=0),
 '$phi78.1': State(pc_initial=74 nstack_initial=1)}
2026-01-25 16:08:42,711 - numba.core.byteflow - DEBUG - phismap: defaultdict(<class 'set'>,
            {'$phi102.0': {('$phi78.0', State(pc_initial=78 nstack_initial=2))},
             '$phi104.0': {('$phi78.0', State(pc_initial=78 nstack_initial=2))},
             '$phi114.0': {('$phi104.0',
                            State(pc_initial=104 nstack_initial=1))},
             '$phi118.0': {('$phi104.0',
                            State(pc_initial=104 nstack_initial=1)),
                           ('$phi114.0',
                            State(pc_initial=114 nstack_initial=1))},
             '$phi128.0': {('$phi118.0',
                            State(pc_initial=118 nstack_initial=1))},
             '$phi130.0': {('$phi118.0',
                            State(pc_initial=118 nstack_initial=1))},
             '$phi136.0': {('$phi74.0', State(pc_initial=74 nstack_initial=1))},
             '$phi136.1': {('$74for_iter.2',
                            State(pc_initial=74 nstack_initial=1))},
             '$phi74.0': {('$72get_iter.6',
                           State(pc_initial=0 nstack_initial=0)),
                          ('$phi102.0', State(pc_initial=102 nstack_initial=1)),
                          ('$phi128.0', State(pc_initial=128 nstack_initial=1)),
                          ('$phi130.0',
                           State(pc_initial=130 nstack_initial=1))},
             '$phi78.0': {('$phi74.0', State(pc_initial=74 nstack_initial=1))},
             '$phi78.1': {('$74for_iter.2',
                           State(pc_initial=74 nstack_initial=1))}})
2026-01-25 16:08:42,711 - numba.core.byteflow - DEBUG - changing phismap: defaultdict(<class 'set'>,
            {'$phi102.0': {('$phi74.0', State(pc_initial=74 nstack_initial=1))},
             '$phi104.0': {('$phi74.0', State(pc_initial=74 nstack_initial=1))},
             '$phi114.0': {('$phi74.0', State(pc_initial=74 nstack_initial=1))},
             '$phi118.0': {('$phi74.0', State(pc_initial=74 nstack_initial=1))},
             '$phi128.0': {('$phi74.0', State(pc_initial=74 nstack_initial=1))},
             '$phi130.0': {('$phi74.0', State(pc_initial=74 nstack_initial=1))},
             '$phi136.0': {('$72get_iter.6',
                            State(pc_initial=0 nstack_initial=0)),
                           ('$phi102.0',
                            State(pc_initial=102 nstack_initial=1)),
                           ('$phi128.0',
                            State(pc_initial=128 nstack_initial=1)),
                           ('$phi130.0',
                            State(pc_initial=130 nstack_initial=1))},
             '$phi136.1': {('$74for_iter.2',
                            State(pc_initial=74 nstack_initial=1))},
             '$phi74.0': {('$72get_iter.6',
                           State(pc_initial=0 nstack_initial=0)),
                          ('$phi74.0', State(pc_initial=74 nstack_initial=1))},
             '$phi78.0': {('$72get_iter.6',
                           State(pc_initial=0 nstack_initial=0))},
             '$phi78.1': {('$74for_iter.2',
                           State(pc_initial=74 nstack_initial=1))}})
2026-01-25 16:08:42,712 - numba.core.byteflow - DEBUG - changing phismap: defaultdict(<class 'set'>,
            {'$phi102.0': {('$72get_iter.6',
                            State(pc_initial=0 nstack_initial=0))},
             '$phi104.0': {('$72get_iter.6',
                            State(pc_initial=0 nstack_initial=0))},
             '$phi114.0': {('$72get_iter.6',
                            State(pc_initial=0 nstack_initial=0))},
             '$phi118.0': {('$72get_iter.6',
                            State(pc_initial=0 nstack_initial=0))},
             '$phi128.0': {('$72get_iter.6',
                            State(pc_initial=0 nstack_initial=0))},
             '$phi130.0': {('$72get_iter.6',
                            State(pc_initial=0 nstack_initial=0))},
             '$phi136.0': {('$72get_iter.6',
                            State(pc_initial=0 nstack_initial=0))},
             '$phi136.1': {('$74for_iter.2',
                            State(pc_initial=74 nstack_initial=1))},
             '$phi74.0': {('$72get_iter.6',
                           State(pc_initial=0 nstack_initial=0))},
             '$phi78.0': {('$72get_iter.6',
                           State(pc_initial=0 nstack_initial=0))},
             '$phi78.1': {('$74for_iter.2',
                           State(pc_initial=74 nstack_initial=1))}})
2026-01-25 16:08:42,712 - numba.core.byteflow - DEBUG - changing phismap: defaultdict(<class 'set'>,
            {'$phi102.0': {('$72get_iter.6',
                            State(pc_initial=0 nstack_initial=0))},
             '$phi104.0': {('$72get_iter.6',
                            State(pc_initial=0 nstack_initial=0))},
             '$phi114.0': {('$72get_iter.6',
                            State(pc_initial=0 nstack_initial=0))},
             '$phi118.0': {('$72get_iter.6',
                            State(pc_initial=0 nstack_initial=0))},
             '$phi128.0': {('$72get_iter.6',
                            State(pc_initial=0 nstack_initial=0))},
             '$phi130.0': {('$72get_iter.6',
                            State(pc_initial=0 nstack_initial=0))},
             '$phi136.0': {('$72get_iter.6',
                            State(pc_initial=0 nstack_initial=0))},
             '$phi136.1': {('$74for_iter.2',
                            State(pc_initial=74 nstack_initial=1))},
             '$phi74.0': {('$72get_iter.6',
                           State(pc_initial=0 nstack_initial=0))},
             '$phi78.0': {('$72get_iter.6',
                           State(pc_initial=0 nstack_initial=0))},
             '$phi78.1': {('$74for_iter.2',
                           State(pc_initial=74 nstack_initial=1))}})
2026-01-25 16:08:42,712 - numba.core.byteflow - DEBUG - keep phismap: {'$phi74.0': {('$72get_iter.6', State(pc_initial=0 nstack_initial=0))},
 '$phi78.1': {('$74for_iter.2', State(pc_initial=74 nstack_initial=1))}}
2026-01-25 16:08:42,712 - numba.core.byteflow - DEBUG - new_out: defaultdict(<class 'dict'>,
            {State(pc_initial=0 nstack_initial=0): {'$phi74.0': '$72get_iter.6'},
             State(pc_initial=74 nstack_initial=1): {'$phi78.1': '$74for_iter.2'}})
2026-01-25 16:08:42,712 - numba.core.byteflow - DEBUG - ----------------------DONE Prune PHIs-----------------------
2026-01-25 16:08:42,712 - numba.core.byteflow - DEBUG - block_infos State(pc_initial=0 nstack_initial=0):
AdaptBlockInfo(insts=((0, {}), (2, {}), (4, {'idx': 0, 'res': '$4load_global.0'}), (14, {'item': '$4load_global.0', 'res': '$14load_attr.1'}), (34, {'value': '$14load_attr.1'}), (36, {'idx': 0, 'res': '$36load_global.2'}), (46, {'item': '$36load_global.2', 'res': '$46load_attr.3'}), (66, {'value': '$46load_attr.3', 'res': '$66unary_negative.4'}), (68, {'value': '$66unary_negative.4'}), (70, {'res': '$arr70.5'}), (72, {'value': '$arr70.5', 'res': '$72get_iter.6'})), outgoing_phis={'$phi74.0': '$72get_iter.6'}, blockstack=(), active_try_block=None, outgoing_edgepushed={74: ('$72get_iter.6',)})
2026-01-25 16:08:42,712 - numba.core.byteflow - DEBUG - block_infos State(pc_initial=74 nstack_initial=1):
AdaptBlockInfo(insts=((74, {'iterator': '$phi74.0', 'pair': '$74for_iter.1', 'indval': '$74for_iter.2', 'pred': '$74for_iter.3'}),), outgoing_phis={'$phi78.1': '$74for_iter.2'}, blockstack=(), active_try_block=None, outgoing_edgepushed={136: ('$phi74.0', '$74for_iter.2'), 78: ('$phi74.0', '$74for_iter.2')})
2026-01-25 16:08:42,712 - numba.core.byteflow - DEBUG - block_infos State(pc_initial=78 nstack_initial=2):
AdaptBlockInfo(insts=((78, {'value': '$phi78.1'}), (80, {'idx': 2, 'res': '$80load_global.2'}), (90, {'res': '$x90.4'}), (92, {'func': '$80load_global.2', 'args': ['$x90.4'], 'kw_names': None, 'res': '$92call.5'}), (100, {'pred': '$92call.5'})), outgoing_phis={}, blockstack=(), active_try_block=None, outgoing_edgepushed={102: ('$phi78.0',), 104: ('$phi78.0',)})
2026-01-25 16:08:42,712 - numba.core.byteflow - DEBUG - block_infos State(pc_initial=102 nstack_initial=1):
AdaptBlockInfo(insts=((102, {}),), outgoing_phis={}, blockstack=(), active_try_block=None, outgoing_edgepushed={74: ('$phi102.0',)})
2026-01-25 16:08:42,712 - numba.core.byteflow - DEBUG - block_infos State(pc_initial=104 nstack_initial=1):
AdaptBlockInfo(insts=((104, {'res': '$x104.1'}), (106, {'res': '$minval106.2'}), (108, {'lhs': '$x104.1', 'rhs': '$minval106.2', 'res': '$108compare_op.3'}), (112, {'pred': '$108compare_op.3'})), outgoing_phis={}, blockstack=(), active_try_block=None, outgoing_edgepushed={114: ('$phi104.0',), 118: ('$phi104.0',)})
2026-01-25 16:08:42,712 - numba.core.byteflow - DEBUG - block_infos State(pc_initial=114 nstack_initial=1):
AdaptBlockInfo(insts=((114, {'res': '$x114.1'}), (116, {'value': '$x114.1'})), outgoing_phis={}, blockstack=(), active_try_block=None, outgoing_edgepushed={118: ('$phi114.0',)})
2026-01-25 16:08:42,713 - numba.core.byteflow - DEBUG - block_infos State(pc_initial=118 nstack_initial=1):
AdaptBlockInfo(insts=((118, {'res': '$x118.1'}), (120, {'res': '$maxval120.2'}), (122, {'lhs': '$x118.1', 'rhs': '$maxval120.2', 'res': '$122compare_op.3'}), (126, {'pred': '$122compare_op.3'})), outgoing_phis={}, blockstack=(), active_try_block=None, outgoing_edgepushed={128: ('$phi118.0',), 130: ('$phi118.0',)})
2026-01-25 16:08:42,713 - numba.core.byteflow - DEBUG - block_infos State(pc_initial=128 nstack_initial=1):
AdaptBlockInfo(insts=((128, {}),), outgoing_phis={}, blockstack=(), active_try_block=None, outgoing_edgepushed={74: ('$phi128.0',)})
2026-01-25 16:08:42,713 - numba.core.byteflow - DEBUG - block_infos State(pc_initial=130 nstack_initial=1):
AdaptBlockInfo(insts=((130, {'res': '$x130.1'}), (132, {'value': '$x130.1'}), (134, {})), outgoing_phis={}, blockstack=(), active_try_block=None, outgoing_edgepushed={74: ('$phi130.0',)})
2026-01-25 16:08:42,713 - numba.core.byteflow - DEBUG - block_infos State(pc_initial=136 nstack_initial=2):
AdaptBlockInfo(insts=((138, {'res': '$minval138.2'}), (140, {'res': '$maxval140.3'}), (142, {'items': ['$minval138.2', '$maxval140.3'], 'res': '$142build_tuple.4'}), (144, {'retval': '$142build_tuple.4', 'castval': '$144return_value.5'})), outgoing_phis={}, blockstack=(), active_try_block=None, outgoing_edgepushed={})
2026-01-25 16:08:42,713 - numba.core.interpreter - DEBUG - label 0:
    arr = arg(0, name=arr)                   ['arr']
    $4load_global.0 = global(np: <module 'numpy' from '/Users/4d/Documents/GitHub/GEO-INFER/GEO-INFER-PLACE/locations/cascadia/.venv/lib/python3.12/site-packages/numpy/__init__.py'>) ['$4load_global.0']
    minval = getattr(value=$4load_global.0, attr=inf) ['$4load_global.0', 'minval']
    $36load_global.2 = global(np: <module 'numpy' from '/Users/4d/Documents/GitHub/GEO-INFER/GEO-INFER-PLACE/locations/cascadia/.venv/lib/python3.12/site-packages/numpy/__init__.py'>) ['$36load_global.2']
    $46load_attr.3 = getattr(value=$36load_global.2, attr=inf) ['$36load_global.2', '$46load_attr.3']
    maxval = unary(fn=<built-in function neg>, value=$46load_attr.3) ['$46load_attr.3', 'maxval']
    $72get_iter.6 = getiter(value=arr)       ['$72get_iter.6', 'arr']
    $phi74.0 = $72get_iter.6                 ['$72get_iter.6', '$phi74.0']
    jump 74                                  []
label 74:
    $74for_iter.1 = iternext(value=$phi74.0) ['$74for_iter.1', '$phi74.0']
    $74for_iter.2 = pair_first(value=$74for_iter.1) ['$74for_iter.1', '$74for_iter.2']
    $74for_iter.3 = pair_second(value=$74for_iter.1) ['$74for_iter.1', '$74for_iter.3']
    $phi78.1 = $74for_iter.2                 ['$74for_iter.2', '$phi78.1']
    branch $74for_iter.3, 78, 136            ['$74for_iter.3']
label 78:
    x = $phi78.1                             ['$phi78.1', 'x']
    $80load_global.2 = global(isnan: <built-in function isnan>) ['$80load_global.2']
    $92call.5 = call $80load_global.2(x, func=$80load_global.2, args=[Var(x, glyph.py:71)], kws=(), vararg=None, varkwarg=None, target=None) ['$80load_global.2', '$92call.5', 'x']
    $bool100 = global(bool: <class 'bool'>)  ['$bool100']
    $100pred = call $bool100($92call.5, func=$bool100, args=(Var($92call.5, glyph.py:72),), kws=(), vararg=None, varkwarg=None, target=None) ['$100pred', '$92call.5', '$bool100']
    branch $100pred, 102, 104                ['$100pred']
label 102:
    jump 74                                  []
label 104:
    $108compare_op.3 = x < minval            ['$108compare_op.3', 'minval', 'x']
    $bool112 = global(bool: <class 'bool'>)  ['$bool112']
    $112pred = call $bool112($108compare_op.3, func=$bool112, args=(Var($108compare_op.3, glyph.py:73),), kws=(), vararg=None, varkwarg=None, target=None) ['$108compare_op.3', '$112pred', '$bool112']
    branch $112pred, 114, 118                ['$112pred']
label 114:
    minval = x                               ['minval', 'x']
    jump 118                                 []
label 118:
    $122compare_op.3 = x > maxval            ['$122compare_op.3', 'maxval', 'x']
    $bool126 = global(bool: <class 'bool'>)  ['$bool126']
    $126pred = call $bool126($122compare_op.3, func=$bool126, args=(Var($122compare_op.3, glyph.py:75),), kws=(), vararg=None, varkwarg=None, target=None) ['$122compare_op.3', '$126pred', '$bool126']
    branch $126pred, 130, 128                ['$126pred']
label 128:
    jump 74                                  []
label 130:
    maxval = x                               ['maxval', 'x']
    jump 74                                  []
label 136:
    $142build_tuple.4 = build_tuple(items=[Var(minval, glyph.py:69), Var(maxval, glyph.py:70)]) ['$142build_tuple.4', 'maxval', 'minval']
    $144return_value.5 = cast(value=$142build_tuple.4) ['$142build_tuple.4', '$144return_value.5']
    return $144return_value.5                ['$144return_value.5']

2026-01-25 16:08:42,716 - numba.core.ssa - DEBUG - ==== SSA block analysis pass on 0
2026-01-25 16:08:42,716 - numba.core.ssa - DEBUG - Running <numba.core.ssa._GatherDefsHandler object at 0x16c515460>
2026-01-25 16:08:42,716 - numba.core.ssa - DEBUG - on stmt: arr = arg(0, name=arr)
2026-01-25 16:08:42,716 - numba.core.ssa - DEBUG - on stmt: $4load_global.0 = global(np: <module 'numpy' from '/Users/4d/Documents/GitHub/GEO-INFER/GEO-INFER-PLACE/locations/cascadia/.venv/lib/python3.12/site-packages/numpy/__init__.py'>)
2026-01-25 16:08:42,716 - numba.core.ssa - DEBUG - on stmt: minval = getattr(value=$4load_global.0, attr=inf)
2026-01-25 16:08:42,716 - numba.core.ssa - DEBUG - on stmt: $36load_global.2 = global(np: <module 'numpy' from '/Users/4d/Documents/GitHub/GEO-INFER/GEO-INFER-PLACE/locations/cascadia/.venv/lib/python3.12/site-packages/numpy/__init__.py'>)
2026-01-25 16:08:42,716 - numba.core.ssa - DEBUG - on stmt: $46load_attr.3 = getattr(value=$36load_global.2, attr=inf)
2026-01-25 16:08:42,716 - numba.core.ssa - DEBUG - on stmt: maxval = unary(fn=<built-in function neg>, value=$46load_attr.3)
2026-01-25 16:08:42,716 - numba.core.ssa - DEBUG - on stmt: $72get_iter.6 = getiter(value=arr)
2026-01-25 16:08:42,716 - numba.core.ssa - DEBUG - on stmt: $phi74.0 = $72get_iter.6
2026-01-25 16:08:42,716 - numba.core.ssa - DEBUG - on stmt: jump 74
2026-01-25 16:08:42,716 - numba.core.ssa - DEBUG - ==== SSA block analysis pass on 74
2026-01-25 16:08:42,716 - numba.core.ssa - DEBUG - Running <numba.core.ssa._GatherDefsHandler object at 0x16c515460>
2026-01-25 16:08:42,716 - numba.core.ssa - DEBUG - on stmt: $74for_iter.1 = iternext(value=$phi74.0)
2026-01-25 16:08:42,716 - numba.core.ssa - DEBUG - on stmt: $74for_iter.2 = pair_first(value=$74for_iter.1)
2026-01-25 16:08:42,716 - numba.core.ssa - DEBUG - on stmt: $74for_iter.3 = pair_second(value=$74for_iter.1)
2026-01-25 16:08:42,716 - numba.core.ssa - DEBUG - on stmt: $phi78.1 = $74for_iter.2
2026-01-25 16:08:42,716 - numba.core.ssa - DEBUG - on stmt: branch $74for_iter.3, 78, 136
2026-01-25 16:08:42,716 - numba.core.ssa - DEBUG - ==== SSA block analysis pass on 78
2026-01-25 16:08:42,716 - numba.core.ssa - DEBUG - Running <numba.core.ssa._GatherDefsHandler object at 0x16c515460>
2026-01-25 16:08:42,716 - numba.core.ssa - DEBUG - on stmt: x = $phi78.1
2026-01-25 16:08:42,716 - numba.core.ssa - DEBUG - on stmt: $80load_global.2 = global(isnan: <built-in function isnan>)
2026-01-25 16:08:42,716 - numba.core.ssa - DEBUG - on stmt: $92call.5 = call $80load_global.2(x, func=$80load_global.2, args=[Var(x, glyph.py:71)], kws=(), vararg=None, varkwarg=None, target=None)
2026-01-25 16:08:42,716 - numba.core.ssa - DEBUG - on stmt: $bool100 = global(bool: <class 'bool'>)
2026-01-25 16:08:42,716 - numba.core.ssa - DEBUG - on stmt: $100pred = call $bool100($92call.5, func=$bool100, args=(Var($92call.5, glyph.py:72),), kws=(), vararg=None, varkwarg=None, target=None)
2026-01-25 16:08:42,716 - numba.core.ssa - DEBUG - on stmt: branch $100pred, 102, 104
2026-01-25 16:08:42,716 - numba.core.ssa - DEBUG - ==== SSA block analysis pass on 102
2026-01-25 16:08:42,716 - numba.core.ssa - DEBUG - Running <numba.core.ssa._GatherDefsHandler object at 0x16c515460>
2026-01-25 16:08:42,716 - numba.core.ssa - DEBUG - on stmt: jump 137
2026-01-25 16:08:42,716 - numba.core.ssa - DEBUG - ==== SSA block analysis pass on 104
2026-01-25 16:08:42,716 - numba.core.ssa - DEBUG - Running <numba.core.ssa._GatherDefsHandler object at 0x16c515460>
2026-01-25 16:08:42,716 - numba.core.ssa - DEBUG - on stmt: $108compare_op.3 = x < minval
2026-01-25 16:08:42,716 - numba.core.ssa - DEBUG - on stmt: $bool112 = global(bool: <class 'bool'>)
2026-01-25 16:08:42,716 - numba.core.ssa - DEBUG - on stmt: $112pred = call $bool112($108compare_op.3, func=$bool112, args=(Var($108compare_op.3, glyph.py:73),), kws=(), vararg=None, varkwarg=None, target=None)
2026-01-25 16:08:42,716 - numba.core.ssa - DEBUG - on stmt: branch $112pred, 114, 118
2026-01-25 16:08:42,716 - numba.core.ssa - DEBUG - ==== SSA block analysis pass on 114
2026-01-25 16:08:42,716 - numba.core.ssa - DEBUG - Running <numba.core.ssa._GatherDefsHandler object at 0x16c515460>
2026-01-25 16:08:42,717 - numba.core.ssa - DEBUG - on stmt: minval = x
2026-01-25 16:08:42,717 - numba.core.ssa - DEBUG - on stmt: jump 118
2026-01-25 16:08:42,717 - numba.core.ssa - DEBUG - ==== SSA block analysis pass on 118
2026-01-25 16:08:42,717 - numba.core.ssa - DEBUG - Running <numba.core.ssa._GatherDefsHandler object at 0x16c515460>
2026-01-25 16:08:42,717 - numba.core.ssa - DEBUG - on stmt: $122compare_op.3 = x > maxval
2026-01-25 16:08:42,717 - numba.core.ssa - DEBUG - on stmt: $bool126 = global(bool: <class 'bool'>)
2026-01-25 16:08:42,717 - numba.core.ssa - DEBUG - on stmt: $126pred = call $bool126($122compare_op.3, func=$bool126, args=(Var($122compare_op.3, glyph.py:75),), kws=(), vararg=None, varkwarg=None, target=None)
2026-01-25 16:08:42,717 - numba.core.ssa - DEBUG - on stmt: branch $126pred, 130, 128
2026-01-25 16:08:42,717 - numba.core.ssa - DEBUG - ==== SSA block analysis pass on 128
2026-01-25 16:08:42,717 - numba.core.ssa - DEBUG - Running <numba.core.ssa._GatherDefsHandler object at 0x16c515460>
2026-01-25 16:08:42,717 - numba.core.ssa - DEBUG - on stmt: jump 137
2026-01-25 16:08:42,717 - numba.core.ssa - DEBUG - ==== SSA block analysis pass on 130
2026-01-25 16:08:42,717 - numba.core.ssa - DEBUG - Running <numba.core.ssa._GatherDefsHandler object at 0x16c515460>
2026-01-25 16:08:42,717 - numba.core.ssa - DEBUG - on stmt: maxval = x
2026-01-25 16:08:42,717 - numba.core.ssa - DEBUG - on stmt: jump 137
2026-01-25 16:08:42,717 - numba.core.ssa - DEBUG - ==== SSA block analysis pass on 136
2026-01-25 16:08:42,717 - numba.core.ssa - DEBUG - Running <numba.core.ssa._GatherDefsHandler object at 0x16c515460>
2026-01-25 16:08:42,717 - numba.core.ssa - DEBUG - on stmt: $142build_tuple.4 = build_tuple(items=[Var(minval, glyph.py:69), Var(maxval, glyph.py:70)])
2026-01-25 16:08:42,717 - numba.core.ssa - DEBUG - on stmt: $144return_value.5 = cast(value=$142build_tuple.4)
2026-01-25 16:08:42,717 - numba.core.ssa - DEBUG - on stmt: return $144return_value.5
2026-01-25 16:08:42,717 - numba.core.ssa - DEBUG - ==== SSA block analysis pass on 137
2026-01-25 16:08:42,717 - numba.core.ssa - DEBUG - Running <numba.core.ssa._GatherDefsHandler object at 0x16c515460>
2026-01-25 16:08:42,717 - numba.core.ssa - DEBUG - on stmt: jump 74
2026-01-25 16:08:42,717 - numba.core.ssa - DEBUG - defs defaultdict(<class 'list'>,
            {'$100pred': [(<numba.core.ir.Assign object at 0x16c517560>, 78)],
             '$108compare_op.3': [(<numba.core.ir.Assign object at 0x16c517890>,
                                   104)],
             '$112pred': [(<numba.core.ir.Assign object at 0x16c517a40>, 104)],
             '$122compare_op.3': [(<numba.core.ir.Assign object at 0x16c517f50>,
                                   118)],
             '$126pred': [(<numba.core.ir.Assign object at 0x16c544170>, 118)],
             '$142build_tuple.4': [(<numba.core.ir.Assign object at 0x16c544710>,
                                    136)],
             '$144return_value.5': [(<numba.core.ir.Assign object at 0x16c544830>,
                                     136)],
             '$36load_global.2': [(<numba.core.ir.Assign object at 0x16c5157f0>,
                                   0)],
             '$46load_attr.3': [(<numba.core.ir.Assign object at 0x16c515430>,
                                 0)],
             '$4load_global.0': [(<numba.core.ir.Assign object at 0x16c5156a0>,
                                  0)],
             '$72get_iter.6': [(<numba.core.ir.Assign object at 0x16c516e10>,
                                0)],
             '$74for_iter.1': [(<numba.core.ir.Assign object at 0x16c516f60>,
                                74)],
             '$74for_iter.2': [(<numba.core.ir.Assign object at 0x16c516ff0>,
                                74)],
             '$74for_iter.3': [(<numba.core.ir.Assign object at 0x16c517080>,
                                74)],
             '$80load_global.2': [(<numba.core.ir.Assign object at 0x16c517290>,
                                   78)],
             '$92call.5': [(<numba.core.ir.Assign object at 0x16c517440>, 78)],
             '$bool100': [(<numba.core.ir.Assign object at 0x16c5174d0>, 78)],
             '$bool112': [(<numba.core.ir.Assign object at 0x16c517950>, 104)],
             '$bool126': [(<numba.core.ir.Assign object at 0x16c544080>, 118)],
             '$phi74.0': [(<numba.core.ir.Assign object at 0x16c516cc0>, 0)],
             '$phi78.1': [(<numba.core.ir.Assign object at 0x16c516ed0>, 74)],
             'arr': [(<numba.core.ir.Assign object at 0x16c5155b0>, 0)],
             'maxval': [(<numba.core.ir.Assign object at 0x16c516c30>, 0),
                        (<numba.core.ir.Assign object at 0x16c544380>, 130)],
             'minval': [(<numba.core.ir.Assign object at 0x16c515a90>, 0),
                        (<numba.core.ir.Assign object at 0x16c517bf0>, 114)],
             'x': [(<numba.core.ir.Assign object at 0x16c5171d0>, 78)]})
2026-01-25 16:08:42,717 - numba.core.ssa - DEBUG - SSA violators <numba.core.utils.OrderedSet object at 0x16c515460>
2026-01-25 16:08:42,717 - numba.core.ssa - DEBUG - Fix SSA violator on var minval
2026-01-25 16:08:42,717 - numba.core.ssa - DEBUG - ==== SSA block rewrite pass on 0
2026-01-25 16:08:42,717 - numba.core.ssa - DEBUG - Running <numba.core.ssa._FreshVarHandler object at 0x16c515f40>
2026-01-25 16:08:42,717 - numba.core.ssa - DEBUG - on stmt: arr = arg(0, name=arr)
2026-01-25 16:08:42,717 - numba.core.ssa - DEBUG - on stmt: $4load_global.0 = global(np: <module 'numpy' from '/Users/4d/Documents/GitHub/GEO-INFER/GEO-INFER-PLACE/locations/cascadia/.venv/lib/python3.12/site-packages/numpy/__init__.py'>)
2026-01-25 16:08:42,717 - numba.core.ssa - DEBUG - on stmt: minval = getattr(value=$4load_global.0, attr=inf)
2026-01-25 16:08:42,717 - numba.core.ssa - DEBUG - first assign: minval
2026-01-25 16:08:42,717 - numba.core.ssa - DEBUG - replaced with: minval = getattr(value=$4load_global.0, attr=inf)
2026-01-25 16:08:42,718 - numba.core.ssa - DEBUG - on stmt: $36load_global.2 = global(np: <module 'numpy' from '/Users/4d/Documents/GitHub/GEO-INFER/GEO-INFER-PLACE/locations/cascadia/.venv/lib/python3.12/site-packages/numpy/__init__.py'>)
2026-01-25 16:08:42,718 - numba.core.ssa - DEBUG - on stmt: $46load_attr.3 = getattr(value=$36load_global.2, attr=inf)
2026-01-25 16:08:42,718 - numba.core.ssa - DEBUG - on stmt: maxval = unary(fn=<built-in function neg>, value=$46load_attr.3)
2026-01-25 16:08:42,718 - numba.core.ssa - DEBUG - on stmt: $72get_iter.6 = getiter(value=arr)
2026-01-25 16:08:42,718 - numba.core.ssa - DEBUG - on stmt: $phi74.0 = $72get_iter.6
2026-01-25 16:08:42,718 - numba.core.ssa - DEBUG - on stmt: jump 74
2026-01-25 16:08:42,718 - numba.core.ssa - DEBUG - ==== SSA block rewrite pass on 74
2026-01-25 16:08:42,718 - numba.core.ssa - DEBUG - Running <numba.core.ssa._FreshVarHandler object at 0x16c515f40>
2026-01-25 16:08:42,718 - numba.core.ssa - DEBUG - on stmt: $74for_iter.1 = iternext(value=$phi74.0)
2026-01-25 16:08:42,718 - numba.core.ssa - DEBUG - on stmt: $74for_iter.2 = pair_first(value=$74for_iter.1)
2026-01-25 16:08:42,718 - numba.core.ssa - DEBUG - on stmt: $74for_iter.3 = pair_second(value=$74for_iter.1)
2026-01-25 16:08:42,718 - numba.core.ssa - DEBUG - on stmt: $phi78.1 = $74for_iter.2
2026-01-25 16:08:42,718 - numba.core.ssa - DEBUG - on stmt: branch $74for_iter.3, 78, 136
2026-01-25 16:08:42,718 - numba.core.ssa - DEBUG - ==== SSA block rewrite pass on 78
2026-01-25 16:08:42,718 - numba.core.ssa - DEBUG - Running <numba.core.ssa._FreshVarHandler object at 0x16c515f40>
2026-01-25 16:08:42,718 - numba.core.ssa - DEBUG - on stmt: x = $phi78.1
2026-01-25 16:08:42,718 - numba.core.ssa - DEBUG - on stmt: $80load_global.2 = global(isnan: <built-in function isnan>)
2026-01-25 16:08:42,718 - numba.core.ssa - DEBUG - on stmt: $92call.5 = call $80load_global.2(x, func=$80load_global.2, args=[Var(x, glyph.py:71)], kws=(), vararg=None, varkwarg=None, target=None)
2026-01-25 16:08:42,718 - numba.core.ssa - DEBUG - on stmt: $bool100 = global(bool: <class 'bool'>)
2026-01-25 16:08:42,718 - numba.core.ssa - DEBUG - on stmt: $100pred = call $bool100($92call.5, func=$bool100, args=(Var($92call.5, glyph.py:72),), kws=(), vararg=None, varkwarg=None, target=None)
2026-01-25 16:08:42,718 - numba.core.ssa - DEBUG - on stmt: branch $100pred, 102, 104
2026-01-25 16:08:42,718 - numba.core.ssa - DEBUG - ==== SSA block rewrite pass on 102
2026-01-25 16:08:42,718 - numba.core.ssa - DEBUG - Running <numba.core.ssa._FreshVarHandler object at 0x16c515f40>
2026-01-25 16:08:42,718 - numba.core.ssa - DEBUG - on stmt: jump 137
2026-01-25 16:08:42,718 - numba.core.ssa - DEBUG - ==== SSA block rewrite pass on 104
2026-01-25 16:08:42,718 - numba.core.ssa - DEBUG - Running <numba.core.ssa._FreshVarHandler object at 0x16c515f40>
2026-01-25 16:08:42,718 - numba.core.ssa - DEBUG - on stmt: $108compare_op.3 = x < minval
2026-01-25 16:08:42,718 - numba.core.ssa - DEBUG - on stmt: $bool112 = global(bool: <class 'bool'>)
2026-01-25 16:08:42,718 - numba.core.ssa - DEBUG - on stmt: $112pred = call $bool112($108compare_op.3, func=$bool112, args=(Var($108compare_op.3, glyph.py:73),), kws=(), vararg=None, varkwarg=None, target=None)
2026-01-25 16:08:42,718 - numba.core.ssa - DEBUG - on stmt: branch $112pred, 114, 118
2026-01-25 16:08:42,718 - numba.core.ssa - DEBUG - ==== SSA block rewrite pass on 114
2026-01-25 16:08:42,718 - numba.core.ssa - DEBUG - Running <numba.core.ssa._FreshVarHandler object at 0x16c515f40>
2026-01-25 16:08:42,718 - numba.core.ssa - DEBUG - on stmt: minval = x
2026-01-25 16:08:42,718 - numba.core.ssa - DEBUG - replaced with: minval.1 = x
2026-01-25 16:08:42,718 - numba.core.ssa - DEBUG - on stmt: jump 118
2026-01-25 16:08:42,718 - numba.core.ssa - DEBUG - ==== SSA block rewrite pass on 118
2026-01-25 16:08:42,718 - numba.core.ssa - DEBUG - Running <numba.core.ssa._FreshVarHandler object at 0x16c515f40>
2026-01-25 16:08:42,718 - numba.core.ssa - DEBUG - on stmt: $122compare_op.3 = x > maxval
2026-01-25 16:08:42,718 - numba.core.ssa - DEBUG - on stmt: $bool126 = global(bool: <class 'bool'>)
2026-01-25 16:08:42,718 - numba.core.ssa - DEBUG - on stmt: $126pred = call $bool126($122compare_op.3, func=$bool126, args=(Var($122compare_op.3, glyph.py:75),), kws=(), vararg=None, varkwarg=None, target=None)
2026-01-25 16:08:42,718 - numba.core.ssa - DEBUG - on stmt: branch $126pred, 130, 128
2026-01-25 16:08:42,718 - numba.core.ssa - DEBUG - ==== SSA block rewrite pass on 128
2026-01-25 16:08:42,718 - numba.core.ssa - DEBUG - Running <numba.core.ssa._FreshVarHandler object at 0x16c515f40>
2026-01-25 16:08:42,718 - numba.core.ssa - DEBUG - on stmt: jump 137
2026-01-25 16:08:42,718 - numba.core.ssa - DEBUG - ==== SSA block rewrite pass on 130
2026-01-25 16:08:42,718 - numba.core.ssa - DEBUG - Running <numba.core.ssa._FreshVarHandler object at 0x16c515f40>
2026-01-25 16:08:42,718 - numba.core.ssa - DEBUG - on stmt: maxval = x
2026-01-25 16:08:42,718 - numba.core.ssa - DEBUG - on stmt: jump 137
2026-01-25 16:08:42,718 - numba.core.ssa - DEBUG - ==== SSA block rewrite pass on 136
2026-01-25 16:08:42,719 - numba.core.ssa - DEBUG - Running <numba.core.ssa._FreshVarHandler object at 0x16c515f40>
2026-01-25 16:08:42,719 - numba.core.ssa - DEBUG - on stmt: $142build_tuple.4 = build_tuple(items=[Var(minval, glyph.py:69), Var(maxval, glyph.py:70)])
2026-01-25 16:08:42,719 - numba.core.ssa - DEBUG - on stmt: $144return_value.5 = cast(value=$142build_tuple.4)
2026-01-25 16:08:42,719 - numba.core.ssa - DEBUG - on stmt: return $144return_value.5
2026-01-25 16:08:42,719 - numba.core.ssa - DEBUG - ==== SSA block rewrite pass on 137
2026-01-25 16:08:42,719 - numba.core.ssa - DEBUG - Running <numba.core.ssa._FreshVarHandler object at 0x16c515f40>
2026-01-25 16:08:42,719 - numba.core.ssa - DEBUG - on stmt: jump 74
2026-01-25 16:08:42,719 - numba.core.ssa - DEBUG - Replaced assignments: defaultdict(<class 'list'>,
            {0: [<numba.core.ir.Assign object at 0x16c516b10>],
             114: [<numba.core.ir.Assign object at 0x16c544a10>]})
2026-01-25 16:08:42,719 - numba.core.ssa - DEBUG - ==== SSA block rewrite pass on 0
2026-01-25 16:08:42,719 - numba.core.ssa - DEBUG - Running <numba.core.ssa._FixSSAVars object at 0x16c515f40>
2026-01-25 16:08:42,719 - numba.core.ssa - DEBUG - on stmt: arr = arg(0, name=arr)
2026-01-25 16:08:42,719 - numba.core.ssa - DEBUG - on stmt: $4load_global.0 = global(np: <module 'numpy' from '/Users/4d/Documents/GitHub/GEO-INFER/GEO-INFER-PLACE/locations/cascadia/.venv/lib/python3.12/site-packages/numpy/__init__.py'>)
2026-01-25 16:08:42,719 - numba.core.ssa - DEBUG - on stmt: minval = getattr(value=$4load_global.0, attr=inf)
2026-01-25 16:08:42,719 - numba.core.ssa - DEBUG - on stmt: $36load_global.2 = global(np: <module 'numpy' from '/Users/4d/Documents/GitHub/GEO-INFER/GEO-INFER-PLACE/locations/cascadia/.venv/lib/python3.12/site-packages/numpy/__init__.py'>)
2026-01-25 16:08:42,719 - numba.core.ssa - DEBUG - on stmt: $46load_attr.3 = getattr(value=$36load_global.2, attr=inf)
2026-01-25 16:08:42,719 - numba.core.ssa - DEBUG - on stmt: maxval = unary(fn=<built-in function neg>, value=$46load_attr.3)
2026-01-25 16:08:42,719 - numba.core.ssa - DEBUG - on stmt: $72get_iter.6 = getiter(value=arr)
2026-01-25 16:08:42,719 - numba.core.ssa - DEBUG - on stmt: $phi74.0 = $72get_iter.6
2026-01-25 16:08:42,719 - numba.core.ssa - DEBUG - on stmt: jump 74
2026-01-25 16:08:42,719 - numba.core.ssa - DEBUG - ==== SSA block rewrite pass on 74
2026-01-25 16:08:42,719 - numba.core.ssa - DEBUG - Running <numba.core.ssa._FixSSAVars object at 0x16c515f40>
2026-01-25 16:08:42,719 - numba.core.ssa - DEBUG - on stmt: $74for_iter.1 = iternext(value=$phi74.0)
2026-01-25 16:08:42,719 - numba.core.ssa - DEBUG - on stmt: $74for_iter.2 = pair_first(value=$74for_iter.1)
2026-01-25 16:08:42,719 - numba.core.ssa - DEBUG - on stmt: $74for_iter.3 = pair_second(value=$74for_iter.1)
2026-01-25 16:08:42,719 - numba.core.ssa - DEBUG - on stmt: $phi78.1 = $74for_iter.2
2026-01-25 16:08:42,719 - numba.core.ssa - DEBUG - on stmt: branch $74for_iter.3, 78, 136
2026-01-25 16:08:42,719 - numba.core.ssa - DEBUG - ==== SSA block rewrite pass on 78
2026-01-25 16:08:42,719 - numba.core.ssa - DEBUG - Running <numba.core.ssa._FixSSAVars object at 0x16c515f40>
2026-01-25 16:08:42,719 - numba.core.ssa - DEBUG - on stmt: x = $phi78.1
2026-01-25 16:08:42,719 - numba.core.ssa - DEBUG - on stmt: $80load_global.2 = global(isnan: <built-in function isnan>)
2026-01-25 16:08:42,719 - numba.core.ssa - DEBUG - on stmt: $92call.5 = call $80load_global.2(x, func=$80load_global.2, args=[Var(x, glyph.py:71)], kws=(), vararg=None, varkwarg=None, target=None)
2026-01-25 16:08:42,719 - numba.core.ssa - DEBUG - on stmt: $bool100 = global(bool: <class 'bool'>)
2026-01-25 16:08:42,719 - numba.core.ssa - DEBUG - on stmt: $100pred = call $bool100($92call.5, func=$bool100, args=(Var($92call.5, glyph.py:72),), kws=(), vararg=None, varkwarg=None, target=None)
2026-01-25 16:08:42,719 - numba.core.ssa - DEBUG - on stmt: branch $100pred, 102, 104
2026-01-25 16:08:42,719 - numba.core.ssa - DEBUG - ==== SSA block rewrite pass on 102
2026-01-25 16:08:42,719 - numba.core.ssa - DEBUG - Running <numba.core.ssa._FixSSAVars object at 0x16c515f40>
2026-01-25 16:08:42,719 - numba.core.ssa - DEBUG - on stmt: jump 137
2026-01-25 16:08:42,719 - numba.core.ssa - DEBUG - ==== SSA block rewrite pass on 104
2026-01-25 16:08:42,719 - numba.core.ssa - DEBUG - Running <numba.core.ssa._FixSSAVars object at 0x16c515f40>
2026-01-25 16:08:42,719 - numba.core.ssa - DEBUG - on stmt: $108compare_op.3 = x < minval
2026-01-25 16:08:42,719 - numba.core.ssa - DEBUG - find_def var='minval' stmt=$108compare_op.3 = x < minval
2026-01-25 16:08:42,719 - numba.core.ssa - DEBUG - find_def_from_top label 104
2026-01-25 16:08:42,719 - numba.core.ssa - DEBUG - idom 78 from label 104
2026-01-25 16:08:42,719 - numba.core.ssa - DEBUG - find_def_from_bottom label 78
2026-01-25 16:08:42,719 - numba.core.ssa - DEBUG - find_def_from_top label 78
2026-01-25 16:08:42,719 - numba.core.ssa - DEBUG - idom 74 from label 78
2026-01-25 16:08:42,720 - numba.core.ssa - DEBUG - find_def_from_bottom label 74
2026-01-25 16:08:42,720 - numba.core.ssa - DEBUG - find_def_from_top label 74
2026-01-25 16:08:42,720 - numba.core.ssa - DEBUG - insert phi node minval.2 = phi(incoming_values=[], incoming_blocks=[]) at 74
2026-01-25 16:08:42,720 - numba.core.ssa - DEBUG - find_def_from_bottom label 0
2026-01-25 16:08:42,720 - numba.core.ssa - DEBUG - incoming_def minval = getattr(value=$4load_global.0, attr=inf)
2026-01-25 16:08:42,720 - numba.core.ssa - DEBUG - find_def_from_bottom label 137
2026-01-25 16:08:42,720 - numba.core.ssa - DEBUG - find_def_from_top label 137
2026-01-25 16:08:42,720 - numba.core.ssa - DEBUG - insert phi node minval.3 = phi(incoming_values=[], incoming_blocks=[]) at 137
2026-01-25 16:08:42,720 - numba.core.ssa - DEBUG - find_def_from_bottom label 128
2026-01-25 16:08:42,720 - numba.core.ssa - DEBUG - find_def_from_top label 128
2026-01-25 16:08:42,720 - numba.core.ssa - DEBUG - idom 118 from label 128
2026-01-25 16:08:42,720 - numba.core.ssa - DEBUG - find_def_from_bottom label 118
2026-01-25 16:08:42,720 - numba.core.ssa - DEBUG - find_def_from_top label 118
2026-01-25 16:08:42,720 - numba.core.ssa - DEBUG - insert phi node minval.4 = phi(incoming_values=[], incoming_blocks=[]) at 118
2026-01-25 16:08:42,720 - numba.core.ssa - DEBUG - find_def_from_bottom label 104
2026-01-25 16:08:42,720 - numba.core.ssa - DEBUG - find_def_from_top label 104
2026-01-25 16:08:42,720 - numba.core.ssa - DEBUG - idom 78 from label 104
2026-01-25 16:08:42,720 - numba.core.ssa - DEBUG - find_def_from_bottom label 78
2026-01-25 16:08:42,720 - numba.core.ssa - DEBUG - find_def_from_top label 78
2026-01-25 16:08:42,720 - numba.core.ssa - DEBUG - idom 74 from label 78
2026-01-25 16:08:42,720 - numba.core.ssa - DEBUG - find_def_from_bottom label 74
2026-01-25 16:08:42,720 - numba.core.ssa - DEBUG - incoming_def minval.2 = phi(incoming_values=[Var(minval, glyph.py:69)], incoming_blocks=[0])
2026-01-25 16:08:42,720 - numba.core.ssa - DEBUG - find_def_from_bottom label 114
2026-01-25 16:08:42,720 - numba.core.ssa - DEBUG - incoming_def minval.1 = x
2026-01-25 16:08:42,720 - numba.core.ssa - DEBUG - incoming_def minval.4 = phi(incoming_values=[Var(minval.2, glyph.py:73), Var(minval.1, glyph.py:74)], incoming_blocks=[104, 114])
2026-01-25 16:08:42,720 - numba.core.ssa - DEBUG - find_def_from_bottom label 130
2026-01-25 16:08:42,720 - numba.core.ssa - DEBUG - find_def_from_top label 130
2026-01-25 16:08:42,720 - numba.core.ssa - DEBUG - idom 118 from label 130
2026-01-25 16:08:42,720 - numba.core.ssa - DEBUG - find_def_from_bottom label 118
2026-01-25 16:08:42,720 - numba.core.ssa - DEBUG - incoming_def minval.4 = phi(incoming_values=[Var(minval.2, glyph.py:73), Var(minval.1, glyph.py:74)], incoming_blocks=[104, 114])
2026-01-25 16:08:42,720 - numba.core.ssa - DEBUG - find_def_from_bottom label 102
2026-01-25 16:08:42,720 - numba.core.ssa - DEBUG - find_def_from_top label 102
2026-01-25 16:08:42,720 - numba.core.ssa - DEBUG - idom 78 from label 102
2026-01-25 16:08:42,720 - numba.core.ssa - DEBUG - find_def_from_bottom label 78
2026-01-25 16:08:42,720 - numba.core.ssa - DEBUG - find_def_from_top label 78
2026-01-25 16:08:42,720 - numba.core.ssa - DEBUG - idom 74 from label 78
2026-01-25 16:08:42,720 - numba.core.ssa - DEBUG - find_def_from_bottom label 74
2026-01-25 16:08:42,720 - numba.core.ssa - DEBUG - incoming_def minval.2 = phi(incoming_values=[Var(minval, glyph.py:69)], incoming_blocks=[0])
2026-01-25 16:08:42,720 - numba.core.ssa - DEBUG - incoming_def minval.3 = phi(incoming_values=[Var(minval.4, glyph.py:73), Var(minval.4, glyph.py:73), Var(minval.2, glyph.py:73)], incoming_blocks=[128, 130, 102])
2026-01-25 16:08:42,720 - numba.core.ssa - DEBUG - replaced with: $108compare_op.3 = x < minval.2
2026-01-25 16:08:42,720 - numba.core.ssa - DEBUG - on stmt: $bool112 = global(bool: <class 'bool'>)
2026-01-25 16:08:42,720 - numba.core.ssa - DEBUG - on stmt: $112pred = call $bool112($108compare_op.3, func=$bool112, args=(Var($108compare_op.3, glyph.py:73),), kws=(), vararg=None, varkwarg=None, target=None)
2026-01-25 16:08:42,720 - numba.core.ssa - DEBUG - on stmt: branch $112pred, 114, 118
2026-01-25 16:08:42,720 - numba.core.ssa - DEBUG - ==== SSA block rewrite pass on 114
2026-01-25 16:08:42,720 - numba.core.ssa - DEBUG - Running <numba.core.ssa._FixSSAVars object at 0x16c515f40>
2026-01-25 16:08:42,720 - numba.core.ssa - DEBUG - on stmt: minval.1 = x
2026-01-25 16:08:42,720 - numba.core.ssa - DEBUG - on stmt: jump 118
2026-01-25 16:08:42,720 - numba.core.ssa - DEBUG - ==== SSA block rewrite pass on 118
2026-01-25 16:08:42,720 - numba.core.ssa - DEBUG - Running <numba.core.ssa._FixSSAVars object at 0x16c515f40>
2026-01-25 16:08:42,720 - numba.core.ssa - DEBUG - on stmt: $122compare_op.3 = x > maxval
2026-01-25 16:08:42,720 - numba.core.ssa - DEBUG - on stmt: $bool126 = global(bool: <class 'bool'>)
2026-01-25 16:08:42,721 - numba.core.ssa - DEBUG - on stmt: $126pred = call $bool126($122compare_op.3, func=$bool126, args=(Var($122compare_op.3, glyph.py:75),), kws=(), vararg=None, varkwarg=None, target=None)
2026-01-25 16:08:42,721 - numba.core.ssa - DEBUG - on stmt: branch $126pred, 130, 128
2026-01-25 16:08:42,721 - numba.core.ssa - DEBUG - ==== SSA block rewrite pass on 128
2026-01-25 16:08:42,721 - numba.core.ssa - DEBUG - Running <numba.core.ssa._FixSSAVars object at 0x16c515f40>
2026-01-25 16:08:42,721 - numba.core.ssa - DEBUG - on stmt: jump 137
2026-01-25 16:08:42,721 - numba.core.ssa - DEBUG - ==== SSA block rewrite pass on 130
2026-01-25 16:08:42,721 - numba.core.ssa - DEBUG - Running <numba.core.ssa._FixSSAVars object at 0x16c515f40>
2026-01-25 16:08:42,721 - numba.core.ssa - DEBUG - on stmt: maxval = x
2026-01-25 16:08:42,721 - numba.core.ssa - DEBUG - on stmt: jump 137
2026-01-25 16:08:42,721 - numba.core.ssa - DEBUG - ==== SSA block rewrite pass on 136
2026-01-25 16:08:42,721 - numba.core.ssa - DEBUG - Running <numba.core.ssa._FixSSAVars object at 0x16c515f40>
2026-01-25 16:08:42,721 - numba.core.ssa - DEBUG - on stmt: $142build_tuple.4 = build_tuple(items=[Var(minval, glyph.py:69), Var(maxval, glyph.py:70)])
2026-01-25 16:08:42,721 - numba.core.ssa - DEBUG - find_def var='minval' stmt=$142build_tuple.4 = build_tuple(items=[Var(minval, glyph.py:69), Var(maxval, glyph.py:70)])
2026-01-25 16:08:42,721 - numba.core.ssa - DEBUG - find_def_from_top label 136
2026-01-25 16:08:42,721 - numba.core.ssa - DEBUG - idom 74 from label 136
2026-01-25 16:08:42,721 - numba.core.ssa - DEBUG - find_def_from_bottom label 74
2026-01-25 16:08:42,721 - numba.core.ssa - DEBUG - replaced with: $142build_tuple.4 = build_tuple(items=[Var(minval.2, glyph.py:73), Var(maxval, glyph.py:70)])
2026-01-25 16:08:42,721 - numba.core.ssa - DEBUG - on stmt: $144return_value.5 = cast(value=$142build_tuple.4)
2026-01-25 16:08:42,721 - numba.core.ssa - DEBUG - on stmt: return $144return_value.5
2026-01-25 16:08:42,721 - numba.core.ssa - DEBUG - ==== SSA block rewrite pass on 137
2026-01-25 16:08:42,721 - numba.core.ssa - DEBUG - Running <numba.core.ssa._FixSSAVars object at 0x16c515f40>
2026-01-25 16:08:42,721 - numba.core.ssa - DEBUG - on stmt: jump 74
2026-01-25 16:08:42,721 - numba.core.ssa - DEBUG - Fix SSA violator on var maxval
2026-01-25 16:08:42,721 - numba.core.ssa - DEBUG - ==== SSA block rewrite pass on 0
2026-01-25 16:08:42,721 - numba.core.ssa - DEBUG - Running <numba.core.ssa._FreshVarHandler object at 0x16c5163f0>
2026-01-25 16:08:42,721 - numba.core.ssa - DEBUG - on stmt: arr = arg(0, name=arr)
2026-01-25 16:08:42,721 - numba.core.ssa - DEBUG - on stmt: $4load_global.0 = global(np: <module 'numpy' from '/Users/4d/Documents/GitHub/GEO-INFER/GEO-INFER-PLACE/locations/cascadia/.venv/lib/python3.12/site-packages/numpy/__init__.py'>)
2026-01-25 16:08:42,721 - numba.core.ssa - DEBUG - on stmt: minval = getattr(value=$4load_global.0, attr=inf)
2026-01-25 16:08:42,721 - numba.core.ssa - DEBUG - on stmt: $36load_global.2 = global(np: <module 'numpy' from '/Users/4d/Documents/GitHub/GEO-INFER/GEO-INFER-PLACE/locations/cascadia/.venv/lib/python3.12/site-packages/numpy/__init__.py'>)
2026-01-25 16:08:42,721 - numba.core.ssa - DEBUG - on stmt: $46load_attr.3 = getattr(value=$36load_global.2, attr=inf)
2026-01-25 16:08:42,721 - numba.core.ssa - DEBUG - on stmt: maxval = unary(fn=<built-in function neg>, value=$46load_attr.3)
2026-01-25 16:08:42,721 - numba.core.ssa - DEBUG - first assign: maxval
2026-01-25 16:08:42,721 - numba.core.ssa - DEBUG - replaced with: maxval = unary(fn=<built-in function neg>, value=$46load_attr.3)
2026-01-25 16:08:42,721 - numba.core.ssa - DEBUG - on stmt: $72get_iter.6 = getiter(value=arr)
2026-01-25 16:08:42,721 - numba.core.ssa - DEBUG - on stmt: $phi74.0 = $72get_iter.6
2026-01-25 16:08:42,721 - numba.core.ssa - DEBUG - on stmt: jump 74
2026-01-25 16:08:42,721 - numba.core.ssa - DEBUG - ==== SSA block rewrite pass on 74
2026-01-25 16:08:42,721 - numba.core.ssa - DEBUG - Running <numba.core.ssa._FreshVarHandler object at 0x16c5163f0>
2026-01-25 16:08:42,721 - numba.core.ssa - DEBUG - on stmt: minval.2 = phi(incoming_values=[Var(minval, glyph.py:69), Var(minval.3, glyph.py:73)], incoming_blocks=[0, 137])
2026-01-25 16:08:42,721 - numba.core.ssa - DEBUG - on stmt: $74for_iter.1 = iternext(value=$phi74.0)
2026-01-25 16:08:42,721 - numba.core.ssa - DEBUG - on stmt: $74for_iter.2 = pair_first(value=$74for_iter.1)
2026-01-25 16:08:42,721 - numba.core.ssa - DEBUG - on stmt: $74for_iter.3 = pair_second(value=$74for_iter.1)
2026-01-25 16:08:42,721 - numba.core.ssa - DEBUG - on stmt: $phi78.1 = $74for_iter.2
2026-01-25 16:08:42,721 - numba.core.ssa - DEBUG - on stmt: branch $74for_iter.3, 78, 136
2026-01-25 16:08:42,721 - numba.core.ssa - DEBUG - ==== SSA block rewrite pass on 78
2026-01-25 16:08:42,721 - numba.core.ssa - DEBUG - Running <numba.core.ssa._FreshVarHandler object at 0x16c5163f0>
2026-01-25 16:08:42,721 - numba.core.ssa - DEBUG - on stmt: x = $phi78.1
2026-01-25 16:08:42,721 - numba.core.ssa - DEBUG - on stmt: $80load_global.2 = global(isnan: <built-in function isnan>)
2026-01-25 16:08:42,721 - numba.core.ssa - DEBUG - on stmt: $92call.5 = call $80load_global.2(x, func=$80load_global.2, args=[Var(x, glyph.py:71)], kws=(), vararg=None, varkwarg=None, target=None)
2026-01-25 16:08:42,721 - numba.core.ssa - DEBUG - on stmt: $bool100 = global(bool: <class 'bool'>)
2026-01-25 16:08:42,721 - numba.core.ssa - DEBUG - on stmt: $100pred = call $bool100($92call.5, func=$bool100, args=(Var($92call.5, glyph.py:72),), kws=(), vararg=None, varkwarg=None, target=None)
2026-01-25 16:08:42,721 - numba.core.ssa - DEBUG - on stmt: branch $100pred, 102, 104
2026-01-25 16:08:42,721 - numba.core.ssa - DEBUG - ==== SSA block rewrite pass on 102
2026-01-25 16:08:42,721 - numba.core.ssa - DEBUG - Running <numba.core.ssa._FreshVarHandler object at 0x16c5163f0>
2026-01-25 16:08:42,721 - numba.core.ssa - DEBUG - on stmt: jump 137
2026-01-25 16:08:42,721 - numba.core.ssa - DEBUG - ==== SSA block rewrite pass on 104
2026-01-25 16:08:42,721 - numba.core.ssa - DEBUG - Running <numba.core.ssa._FreshVarHandler object at 0x16c5163f0>
2026-01-25 16:08:42,721 - numba.core.ssa - DEBUG - on stmt: $108compare_op.3 = x < minval.2
2026-01-25 16:08:42,721 - numba.core.ssa - DEBUG - on stmt: $bool112 = global(bool: <class 'bool'>)
2026-01-25 16:08:42,722 - numba.core.ssa - DEBUG - on stmt: $112pred = call $bool112($108compare_op.3, func=$bool112, args=(Var($108compare_op.3, glyph.py:73),), kws=(), vararg=None, varkwarg=None, target=None)
2026-01-25 16:08:42,722 - numba.core.ssa - DEBUG - on stmt: branch $112pred, 114, 118
2026-01-25 16:08:42,722 - numba.core.ssa - DEBUG - ==== SSA block rewrite pass on 114
2026-01-25 16:08:42,722 - numba.core.ssa - DEBUG - Running <numba.core.ssa._FreshVarHandler object at 0x16c5163f0>
2026-01-25 16:08:42,722 - numba.core.ssa - DEBUG - on stmt: minval.1 = x
2026-01-25 16:08:42,722 - numba.core.ssa - DEBUG - on stmt: jump 118
2026-01-25 16:08:42,722 - numba.core.ssa - DEBUG - ==== SSA block rewrite pass on 118
2026-01-25 16:08:42,722 - numba.core.ssa - DEBUG - Running <numba.core.ssa._FreshVarHandler object at 0x16c5163f0>
2026-01-25 16:08:42,722 - numba.core.ssa - DEBUG - on stmt: minval.4 = phi(incoming_values=[Var(minval.2, glyph.py:73), Var(minval.1, glyph.py:74)], incoming_blocks=[104, 114])
2026-01-25 16:08:42,722 - numba.core.ssa - DEBUG - on stmt: $122compare_op.3 = x > maxval
2026-01-25 16:08:42,722 - numba.core.ssa - DEBUG - on stmt: $bool126 = global(bool: <class 'bool'>)
2026-01-25 16:08:42,722 - numba.core.ssa - DEBUG - on stmt: $126pred = call $bool126($122compare_op.3, func=$bool126, args=(Var($122compare_op.3, glyph.py:75),), kws=(), vararg=None, varkwarg=None, target=None)
2026-01-25 16:08:42,722 - numba.core.ssa - DEBUG - on stmt: branch $126pred, 130, 128
2026-01-25 16:08:42,722 - numba.core.ssa - DEBUG - ==== SSA block rewrite pass on 128
2026-01-25 16:08:42,722 - numba.core.ssa - DEBUG - Running <numba.core.ssa._FreshVarHandler object at 0x16c5163f0>
2026-01-25 16:08:42,722 - numba.core.ssa - DEBUG - on stmt: jump 137
2026-01-25 16:08:42,722 - numba.core.ssa - DEBUG - ==== SSA block rewrite pass on 130
2026-01-25 16:08:42,722 - numba.core.ssa - DEBUG - Running <numba.core.ssa._FreshVarHandler object at 0x16c5163f0>
2026-01-25 16:08:42,722 - numba.core.ssa - DEBUG - on stmt: maxval = x
2026-01-25 16:08:42,722 - numba.core.ssa - DEBUG - replaced with: maxval.1 = x
2026-01-25 16:08:42,722 - numba.core.ssa - DEBUG - on stmt: jump 137
2026-01-25 16:08:42,722 - numba.core.ssa - DEBUG - ==== SSA block rewrite pass on 136
2026-01-25 16:08:42,722 - numba.core.ssa - DEBUG - Running <numba.core.ssa._FreshVarHandler object at 0x16c5163f0>
2026-01-25 16:08:42,722 - numba.core.ssa - DEBUG - on stmt: $142build_tuple.4 = build_tuple(items=[Var(minval.2, glyph.py:73), Var(maxval, glyph.py:70)])
2026-01-25 16:08:42,722 - numba.core.ssa - DEBUG - on stmt: $144return_value.5 = cast(value=$142build_tuple.4)
2026-01-25 16:08:42,722 - numba.core.ssa - DEBUG - on stmt: return $144return_value.5
2026-01-25 16:08:42,722 - numba.core.ssa - DEBUG - ==== SSA block rewrite pass on 137
2026-01-25 16:08:42,722 - numba.core.ssa - DEBUG - Running <numba.core.ssa._FreshVarHandler object at 0x16c5163f0>
2026-01-25 16:08:42,722 - numba.core.ssa - DEBUG - on stmt: minval.3 = phi(incoming_values=[Var(minval.4, glyph.py:73), Var(minval.4, glyph.py:73), Var(minval.2, glyph.py:73)], incoming_blocks=[128, 130, 102])
2026-01-25 16:08:42,722 - numba.core.ssa - DEBUG - on stmt: jump 74
2026-01-25 16:08:42,722 - numba.core.ssa - DEBUG - Replaced assignments: defaultdict(<class 'list'>,
            {0: [<numba.core.ir.Assign object at 0x16c545100>],
             130: [<numba.core.ir.Assign object at 0x16c545490>]})
2026-01-25 16:08:42,722 - numba.core.ssa - DEBUG - ==== SSA block rewrite pass on 0
2026-01-25 16:08:42,722 - numba.core.ssa - DEBUG - Running <numba.core.ssa._FixSSAVars object at 0x16c515f40>
2026-01-25 16:08:42,722 - numba.core.ssa - DEBUG - on stmt: arr = arg(0, name=arr)
2026-01-25 16:08:42,722 - numba.core.ssa - DEBUG - on stmt: $4load_global.0 = global(np: <module 'numpy' from '/Users/4d/Documents/GitHub/GEO-INFER/GEO-INFER-PLACE/locations/cascadia/.venv/lib/python3.12/site-packages/numpy/__init__.py'>)
2026-01-25 16:08:42,722 - numba.core.ssa - DEBUG - on stmt: minval = getattr(value=$4load_global.0, attr=inf)
2026-01-25 16:08:42,722 - numba.core.ssa - DEBUG - on stmt: $36load_global.2 = global(np: <module 'numpy' from '/Users/4d/Documents/GitHub/GEO-INFER/GEO-INFER-PLACE/locations/cascadia/.venv/lib/python3.12/site-packages/numpy/__init__.py'>)
2026-01-25 16:08:42,722 - numba.core.ssa - DEBUG - on stmt: $46load_attr.3 = getattr(value=$36load_global.2, attr=inf)
2026-01-25 16:08:42,722 - numba.core.ssa - DEBUG - on stmt: maxval = unary(fn=<built-in function neg>, value=$46load_attr.3)
2026-01-25 16:08:42,722 - numba.core.ssa - DEBUG - on stmt: $72get_iter.6 = getiter(value=arr)
2026-01-25 16:08:42,722 - numba.core.ssa - DEBUG - on stmt: $phi74.0 = $72get_iter.6
2026-01-25 16:08:42,722 - numba.core.ssa - DEBUG - on stmt: jump 74
2026-01-25 16:08:42,722 - numba.core.ssa - DEBUG - ==== SSA block rewrite pass on 74
2026-01-25 16:08:42,722 - numba.core.ssa - DEBUG - Running <numba.core.ssa._FixSSAVars object at 0x16c515f40>
2026-01-25 16:08:42,722 - numba.core.ssa - DEBUG - on stmt: minval.2 = phi(incoming_values=[Var(minval, glyph.py:69), Var(minval.3, glyph.py:73)], incoming_blocks=[0, 137])
2026-01-25 16:08:42,722 - numba.core.ssa - DEBUG - on stmt: $74for_iter.1 = iternext(value=$phi74.0)
2026-01-25 16:08:42,722 - numba.core.ssa - DEBUG - on stmt: $74for_iter.2 = pair_first(value=$74for_iter.1)
2026-01-25 16:08:42,722 - numba.core.ssa - DEBUG - on stmt: $74for_iter.3 = pair_second(value=$74for_iter.1)
2026-01-25 16:08:42,722 - numba.core.ssa - DEBUG - on stmt: $phi78.1 = $74for_iter.2
2026-01-25 16:08:42,722 - numba.core.ssa - DEBUG - on stmt: branch $74for_iter.3, 78, 136
2026-01-25 16:08:42,722 - numba.core.ssa - DEBUG - ==== SSA block rewrite pass on 78
2026-01-25 16:08:42,722 - numba.core.ssa - DEBUG - Running <numba.core.ssa._FixSSAVars object at 0x16c515f40>
2026-01-25 16:08:42,722 - numba.core.ssa - DEBUG - on stmt: x = $phi78.1
2026-01-25 16:08:42,722 - numba.core.ssa - DEBUG - on stmt: $80load_global.2 = global(isnan: <built-in function isnan>)
2026-01-25 16:08:42,722 - numba.core.ssa - DEBUG - on stmt: $92call.5 = call $80load_global.2(x, func=$80load_global.2, args=[Var(x, glyph.py:71)], kws=(), vararg=None, varkwarg=None, target=None)
2026-01-25 16:08:42,722 - numba.core.ssa - DEBUG - on stmt: $bool100 = global(bool: <class 'bool'>)
2026-01-25 16:08:42,722 - numba.core.ssa - DEBUG - on stmt: $100pred = call $bool100($92call.5, func=$bool100, args=(Var($92call.5, glyph.py:72),), kws=(), vararg=None, varkwarg=None, target=None)
2026-01-25 16:08:42,723 - numba.core.ssa - DEBUG - on stmt: branch $100pred, 102, 104
2026-01-25 16:08:42,723 - numba.core.ssa - DEBUG - ==== SSA block rewrite pass on 102
2026-01-25 16:08:42,723 - numba.core.ssa - DEBUG - Running <numba.core.ssa._FixSSAVars object at 0x16c515f40>
2026-01-25 16:08:42,723 - numba.core.ssa - DEBUG - on stmt: jump 137
2026-01-25 16:08:42,723 - numba.core.ssa - DEBUG - ==== SSA block rewrite pass on 104
2026-01-25 16:08:42,723 - numba.core.ssa - DEBUG - Running <numba.core.ssa._FixSSAVars object at 0x16c515f40>
2026-01-25 16:08:42,723 - numba.core.ssa - DEBUG - on stmt: $108compare_op.3 = x < minval.2
2026-01-25 16:08:42,723 - numba.core.ssa - DEBUG - on stmt: $bool112 = global(bool: <class 'bool'>)
2026-01-25 16:08:42,723 - numba.core.ssa - DEBUG - on stmt: $112pred = call $bool112($108compare_op.3, func=$bool112, args=(Var($108compare_op.3, glyph.py:73),), kws=(), vararg=None, varkwarg=None, target=None)
2026-01-25 16:08:42,723 - numba.core.ssa - DEBUG - on stmt: branch $112pred, 114, 118
2026-01-25 16:08:42,723 - numba.core.ssa - DEBUG - ==== SSA block rewrite pass on 114
2026-01-25 16:08:42,723 - numba.core.ssa - DEBUG - Running <numba.core.ssa._FixSSAVars object at 0x16c515f40>
2026-01-25 16:08:42,723 - numba.core.ssa - DEBUG - on stmt: minval.1 = x
2026-01-25 16:08:42,723 - numba.core.ssa - DEBUG - on stmt: jump 118
2026-01-25 16:08:42,723 - numba.core.ssa - DEBUG - ==== SSA block rewrite pass on 118
2026-01-25 16:08:42,723 - numba.core.ssa - DEBUG - Running <numba.core.ssa._FixSSAVars object at 0x16c515f40>
2026-01-25 16:08:42,723 - numba.core.ssa - DEBUG - on stmt: minval.4 = phi(incoming_values=[Var(minval.2, glyph.py:73), Var(minval.1, glyph.py:74)], incoming_blocks=[104, 114])
2026-01-25 16:08:42,723 - numba.core.ssa - DEBUG - on stmt: $122compare_op.3 = x > maxval
2026-01-25 16:08:42,723 - numba.core.ssa - DEBUG - find_def var='maxval' stmt=$122compare_op.3 = x > maxval
2026-01-25 16:08:42,723 - numba.core.ssa - DEBUG - find_def_from_top label 118
2026-01-25 16:08:42,723 - numba.core.ssa - DEBUG - idom 104 from label 118
2026-01-25 16:08:42,723 - numba.core.ssa - DEBUG - find_def_from_bottom label 104
2026-01-25 16:08:42,723 - numba.core.ssa - DEBUG - find_def_from_top label 104
2026-01-25 16:08:42,723 - numba.core.ssa - DEBUG - idom 78 from label 104
2026-01-25 16:08:42,723 - numba.core.ssa - DEBUG - find_def_from_bottom label 78
2026-01-25 16:08:42,723 - numba.core.ssa - DEBUG - find_def_from_top label 78
2026-01-25 16:08:42,723 - numba.core.ssa - DEBUG - idom 74 from label 78
2026-01-25 16:08:42,723 - numba.core.ssa - DEBUG - find_def_from_bottom label 74
2026-01-25 16:08:42,723 - numba.core.ssa - DEBUG - find_def_from_top label 74
2026-01-25 16:08:42,723 - numba.core.ssa - DEBUG - insert phi node maxval.2 = phi(incoming_values=[], incoming_blocks=[]) at 74
2026-01-25 16:08:42,723 - numba.core.ssa - DEBUG - find_def_from_bottom label 0
2026-01-25 16:08:42,723 - numba.core.ssa - DEBUG - incoming_def maxval = unary(fn=<built-in function neg>, value=$46load_attr.3)
2026-01-25 16:08:42,723 - numba.core.ssa - DEBUG - find_def_from_bottom label 137
2026-01-25 16:08:42,723 - numba.core.ssa - DEBUG - find_def_from_top label 137
2026-01-25 16:08:42,723 - numba.core.ssa - DEBUG - insert phi node maxval.3 = phi(incoming_values=[], incoming_blocks=[]) at 137
2026-01-25 16:08:42,723 - numba.core.ssa - DEBUG - find_def_from_bottom label 128
2026-01-25 16:08:42,723 - numba.core.ssa - DEBUG - find_def_from_top label 128
2026-01-25 16:08:42,723 - numba.core.ssa - DEBUG - idom 118 from label 128
2026-01-25 16:08:42,723 - numba.core.ssa - DEBUG - find_def_from_bottom label 118
2026-01-25 16:08:42,723 - numba.core.ssa - DEBUG - find_def_from_top label 118
2026-01-25 16:08:42,723 - numba.core.ssa - DEBUG - idom 104 from label 118
2026-01-25 16:08:42,723 - numba.core.ssa - DEBUG - find_def_from_bottom label 104
2026-01-25 16:08:42,723 - numba.core.ssa - DEBUG - find_def_from_top label 104
2026-01-25 16:08:42,723 - numba.core.ssa - DEBUG - idom 78 from label 104
2026-01-25 16:08:42,723 - numba.core.ssa - DEBUG - find_def_from_bottom label 78
2026-01-25 16:08:42,723 - numba.core.ssa - DEBUG - find_def_from_top label 78
2026-01-25 16:08:42,723 - numba.core.ssa - DEBUG - idom 74 from label 78
2026-01-25 16:08:42,723 - numba.core.ssa - DEBUG - find_def_from_bottom label 74
2026-01-25 16:08:42,723 - numba.core.ssa - DEBUG - incoming_def maxval.2 = phi(incoming_values=[Var(maxval, glyph.py:70)], incoming_blocks=[0])
2026-01-25 16:08:42,723 - numba.core.ssa - DEBUG - find_def_from_bottom label 130
2026-01-25 16:08:42,723 - numba.core.ssa - DEBUG - incoming_def maxval.1 = x
2026-01-25 16:08:42,723 - numba.core.ssa - DEBUG - find_def_from_bottom label 102
2026-01-25 16:08:42,723 - numba.core.ssa - DEBUG - find_def_from_top label 102
2026-01-25 16:08:42,723 - numba.core.ssa - DEBUG - idom 78 from label 102
2026-01-25 16:08:42,723 - numba.core.ssa - DEBUG - find_def_from_bottom label 78
2026-01-25 16:08:42,724 - numba.core.ssa - DEBUG - find_def_from_top label 78
2026-01-25 16:08:42,724 - numba.core.ssa - DEBUG - idom 74 from label 78
2026-01-25 16:08:42,724 - numba.core.ssa - DEBUG - find_def_from_bottom label 74
2026-01-25 16:08:42,724 - numba.core.ssa - DEBUG - incoming_def maxval.2 = phi(incoming_values=[Var(maxval, glyph.py:70)], incoming_blocks=[0])
2026-01-25 16:08:42,724 - numba.core.ssa - DEBUG - incoming_def maxval.3 = phi(incoming_values=[Var(maxval.2, glyph.py:75), Var(maxval.1, glyph.py:76), Var(maxval.2, glyph.py:75)], incoming_blocks=[128, 130, 102])
2026-01-25 16:08:42,724 - numba.core.ssa - DEBUG - replaced with: $122compare_op.3 = x > maxval.2
2026-01-25 16:08:42,724 - numba.core.ssa - DEBUG - on stmt: $bool126 = global(bool: <class 'bool'>)
2026-01-25 16:08:42,724 - numba.core.ssa - DEBUG - on stmt: $126pred = call $bool126($122compare_op.3, func=$bool126, args=(Var($122compare_op.3, glyph.py:75),), kws=(), vararg=None, varkwarg=None, target=None)
2026-01-25 16:08:42,724 - numba.core.ssa - DEBUG - on stmt: branch $126pred, 130, 128
2026-01-25 16:08:42,724 - numba.core.ssa - DEBUG - ==== SSA block rewrite pass on 128
2026-01-25 16:08:42,724 - numba.core.ssa - DEBUG - Running <numba.core.ssa._FixSSAVars object at 0x16c515f40>
2026-01-25 16:08:42,724 - numba.core.ssa - DEBUG - on stmt: jump 137
2026-01-25 16:08:42,724 - numba.core.ssa - DEBUG - ==== SSA block rewrite pass on 130
2026-01-25 16:08:42,724 - numba.core.ssa - DEBUG - Running <numba.core.ssa._FixSSAVars object at 0x16c515f40>
2026-01-25 16:08:42,724 - numba.core.ssa - DEBUG - on stmt: maxval.1 = x
2026-01-25 16:08:42,724 - numba.core.ssa - DEBUG - on stmt: jump 137
2026-01-25 16:08:42,724 - numba.core.ssa - DEBUG - ==== SSA block rewrite pass on 136
2026-01-25 16:08:42,724 - numba.core.ssa - DEBUG - Running <numba.core.ssa._FixSSAVars object at 0x16c515f40>
2026-01-25 16:08:42,724 - numba.core.ssa - DEBUG - on stmt: $142build_tuple.4 = build_tuple(items=[Var(minval.2, glyph.py:73), Var(maxval, glyph.py:70)])
2026-01-25 16:08:42,724 - numba.core.ssa - DEBUG - find_def var='maxval' stmt=$142build_tuple.4 = build_tuple(items=[Var(minval.2, glyph.py:73), Var(maxval, glyph.py:70)])
2026-01-25 16:08:42,724 - numba.core.ssa - DEBUG - find_def_from_top label 136
2026-01-25 16:08:42,724 - numba.core.ssa - DEBUG - idom 74 from label 136
2026-01-25 16:08:42,724 - numba.core.ssa - DEBUG - find_def_from_bottom label 74
2026-01-25 16:08:42,724 - numba.core.ssa - DEBUG - replaced with: $142build_tuple.4 = build_tuple(items=[Var(minval.2, glyph.py:73), Var(maxval.2, glyph.py:75)])
2026-01-25 16:08:42,724 - numba.core.ssa - DEBUG - on stmt: $144return_value.5 = cast(value=$142build_tuple.4)
2026-01-25 16:08:42,724 - numba.core.ssa - DEBUG - on stmt: return $144return_value.5
2026-01-25 16:08:42,724 - numba.core.ssa - DEBUG - ==== SSA block rewrite pass on 137
2026-01-25 16:08:42,724 - numba.core.ssa - DEBUG - Running <numba.core.ssa._FixSSAVars object at 0x16c515f40>
2026-01-25 16:08:42,724 - numba.core.ssa - DEBUG - on stmt: minval.3 = phi(incoming_values=[Var(minval.4, glyph.py:73), Var(minval.4, glyph.py:73), Var(minval.2, glyph.py:73)], incoming_blocks=[128, 130, 102])
2026-01-25 16:08:42,725 - numba.core.ssa - DEBUG - on stmt: jump 74
2026-01-25 16:08:42,765 - numba.core.byteflow - DEBUG - bytecode dump:
>          0	NOP(arg=None, lineno=112)
           2	RESUME(arg=0, lineno=112)
           4	LOAD_FAST(arg=0, lineno=115)
           6	RETURN_VALUE(arg=None, lineno=115)
2026-01-25 16:08:42,765 - numba.core.byteflow - DEBUG - pending: deque([State(pc_initial=0 nstack_initial=0)])
2026-01-25 16:08:42,765 - numba.core.byteflow - DEBUG - stack: []
2026-01-25 16:08:42,765 - numba.core.byteflow - DEBUG - state.pc_initial: State(pc_initial=0 nstack_initial=0)
2026-01-25 16:08:42,765 - numba.core.byteflow - DEBUG - dispatch pc=0, inst=NOP(arg=None, lineno=112)
2026-01-25 16:08:42,765 - numba.core.byteflow - DEBUG - stack []
2026-01-25 16:08:42,765 - numba.core.byteflow - DEBUG - dispatch pc=2, inst=RESUME(arg=0, lineno=112)
2026-01-25 16:08:42,765 - numba.core.byteflow - DEBUG - stack []
2026-01-25 16:08:42,765 - numba.core.byteflow - DEBUG - dispatch pc=4, inst=LOAD_FAST(arg=0, lineno=115)
2026-01-25 16:08:42,765 - numba.core.byteflow - DEBUG - stack []
2026-01-25 16:08:42,765 - numba.core.byteflow - DEBUG - dispatch pc=6, inst=RETURN_VALUE(arg=None, lineno=115)
2026-01-25 16:08:42,765 - numba.core.byteflow - DEBUG - stack ['$val4.0']
2026-01-25 16:08:42,765 - numba.core.byteflow - DEBUG - end state. edges=[]
2026-01-25 16:08:42,766 - numba.core.byteflow - DEBUG - -------------------------Prune PHIs-------------------------
2026-01-25 16:08:42,766 - numba.core.byteflow - DEBUG - Used_phis: defaultdict(<class 'set'>, {State(pc_initial=0 nstack_initial=0): set()})
2026-01-25 16:08:42,766 - numba.core.byteflow - DEBUG - defmap: {}
2026-01-25 16:08:42,766 - numba.core.byteflow - DEBUG - phismap: defaultdict(<class 'set'>, {})
2026-01-25 16:08:42,766 - numba.core.byteflow - DEBUG - changing phismap: defaultdict(<class 'set'>, {})
2026-01-25 16:08:42,766 - numba.core.byteflow - DEBUG - keep phismap: {}
2026-01-25 16:08:42,766 - numba.core.byteflow - DEBUG - new_out: defaultdict(<class 'dict'>, {})
2026-01-25 16:08:42,766 - numba.core.byteflow - DEBUG - ----------------------DONE Prune PHIs-----------------------
2026-01-25 16:08:42,766 - numba.core.byteflow - DEBUG - block_infos State(pc_initial=0 nstack_initial=0):
AdaptBlockInfo(insts=((0, {}), (2, {}), (4, {'res': '$val4.0'}), (6, {'retval': '$val4.0', 'castval': '$6return_value.1'})), outgoing_phis={}, blockstack=(), active_try_block=None, outgoing_edgepushed={})
2026-01-25 16:08:42,766 - numba.core.interpreter - DEBUG - label 0:
    val = arg(0, name=val)                   ['val']
    $6return_value.1 = cast(value=val)       ['$6return_value.1', 'val']
    return $6return_value.1                  ['$6return_value.1']

2026-01-25 16:08:42,767 - numba.core.ssa - DEBUG - ==== SSA block analysis pass on 0
2026-01-25 16:08:42,767 - numba.core.ssa - DEBUG - Running <numba.core.ssa._GatherDefsHandler object at 0x16c5253d0>
2026-01-25 16:08:42,767 - numba.core.ssa - DEBUG - on stmt: val = arg(0, name=val)
2026-01-25 16:08:42,767 - numba.core.ssa - DEBUG - on stmt: $6return_value.1 = cast(value=val)
2026-01-25 16:08:42,767 - numba.core.ssa - DEBUG - on stmt: return $6return_value.1
2026-01-25 16:08:42,767 - numba.core.ssa - DEBUG - defs defaultdict(<class 'list'>,
            {'$6return_value.1': [(<numba.core.ir.Assign object at 0x13522ac90>,
                                   0)],
             'val': [(<numba.core.ir.Assign object at 0x13522aa20>, 0)]})
2026-01-25 16:08:42,767 - numba.core.ssa - DEBUG - SSA violators <numba.core.utils.OrderedSet object at 0x16c5253d0>
2026-01-25 16:08:42,778 - numba.core.byteflow - DEBUG - bytecode dump:
>          0	NOP(arg=None, lineno=117)
           2	RESUME(arg=0, lineno=117)
           4	LOAD_FAST(arg=0, lineno=120)
           6	RETURN_VALUE(arg=None, lineno=120)
2026-01-25 16:08:42,779 - numba.core.byteflow - DEBUG - pending: deque([State(pc_initial=0 nstack_initial=0)])
2026-01-25 16:08:42,779 - numba.core.byteflow - DEBUG - stack: []
2026-01-25 16:08:42,779 - numba.core.byteflow - DEBUG - state.pc_initial: State(pc_initial=0 nstack_initial=0)
2026-01-25 16:08:42,779 - numba.core.byteflow - DEBUG - dispatch pc=0, inst=NOP(arg=None, lineno=117)
2026-01-25 16:08:42,779 - numba.core.byteflow - DEBUG - stack []
2026-01-25 16:08:42,779 - numba.core.byteflow - DEBUG - dispatch pc=2, inst=RESUME(arg=0, lineno=117)
2026-01-25 16:08:42,779 - numba.core.byteflow - DEBUG - stack []
2026-01-25 16:08:42,779 - numba.core.byteflow - DEBUG - dispatch pc=4, inst=LOAD_FAST(arg=0, lineno=120)
2026-01-25 16:08:42,779 - numba.core.byteflow - DEBUG - stack []
2026-01-25 16:08:42,779 - numba.core.byteflow - DEBUG - dispatch pc=6, inst=RETURN_VALUE(arg=None, lineno=120)
2026-01-25 16:08:42,779 - numba.core.byteflow - DEBUG - stack ['$val4.0']
2026-01-25 16:08:42,779 - numba.core.byteflow - DEBUG - end state. edges=[]
2026-01-25 16:08:42,779 - numba.core.byteflow - DEBUG - -------------------------Prune PHIs-------------------------
2026-01-25 16:08:42,779 - numba.core.byteflow - DEBUG - Used_phis: defaultdict(<class 'set'>, {State(pc_initial=0 nstack_initial=0): set()})
2026-01-25 16:08:42,779 - numba.core.byteflow - DEBUG - defmap: {}
2026-01-25 16:08:42,779 - numba.core.byteflow - DEBUG - phismap: defaultdict(<class 'set'>, {})
2026-01-25 16:08:42,779 - numba.core.byteflow - DEBUG - changing phismap: defaultdict(<class 'set'>, {})
2026-01-25 16:08:42,779 - numba.core.byteflow - DEBUG - keep phismap: {}
2026-01-25 16:08:42,779 - numba.core.byteflow - DEBUG - new_out: defaultdict(<class 'dict'>, {})
2026-01-25 16:08:42,779 - numba.core.byteflow - DEBUG - ----------------------DONE Prune PHIs-----------------------
2026-01-25 16:08:42,779 - numba.core.byteflow - DEBUG - block_infos State(pc_initial=0 nstack_initial=0):
AdaptBlockInfo(insts=((0, {}), (2, {}), (4, {'res': '$val4.0'}), (6, {'retval': '$val4.0', 'castval': '$6return_value.1'})), outgoing_phis={}, blockstack=(), active_try_block=None, outgoing_edgepushed={})
2026-01-25 16:08:42,779 - numba.core.interpreter - DEBUG - label 0:
    val = arg(0, name=val)                   ['val']
    $6return_value.1 = cast(value=val)       ['$6return_value.1', 'val']
    return $6return_value.1                  ['$6return_value.1']

2026-01-25 16:08:42,780 - numba.core.ssa - DEBUG - ==== SSA block analysis pass on 0
2026-01-25 16:08:42,780 - numba.core.ssa - DEBUG - Running <numba.core.ssa._GatherDefsHandler object at 0x135283f20>
2026-01-25 16:08:42,780 - numba.core.ssa - DEBUG - on stmt: val = arg(0, name=val)
2026-01-25 16:08:42,780 - numba.core.ssa - DEBUG - on stmt: $6return_value.1 = cast(value=val)
2026-01-25 16:08:42,780 - numba.core.ssa - DEBUG - on stmt: return $6return_value.1
2026-01-25 16:08:42,780 - numba.core.ssa - DEBUG - defs defaultdict(<class 'list'>,
            {'$6return_value.1': [(<numba.core.ir.Assign object at 0x1352b8770>,
                                   0)],
             'val': [(<numba.core.ir.Assign object at 0x1352b8380>, 0)]})
2026-01-25 16:08:42,780 - numba.core.ssa - DEBUG - SSA violators <numba.core.utils.OrderedSet object at 0x135283f20>
2026-01-25 16:08:42,798 - numba.core.byteflow - DEBUG - bytecode dump:
>          0	NOP(arg=None, lineno=3)
           2	RESUME(arg=0, lineno=3)
           4	LOAD_GLOBAL(arg=1, lineno=5)
          14	LOAD_FAST(arg=8, lineno=5)
          16	LOAD_ATTR(arg=2, lineno=5)
          36	LOAD_CONST(arg=1, lineno=5)
          38	BINARY_SUBSCR(arg=None, lineno=5)
          42	CALL(arg=1, lineno=5)
          50	GET_ITER(arg=None, lineno=5)
>         52	FOR_ITER(arg=28, lineno=5)
          56	STORE_FAST(arg=15, lineno=5)
          58	LOAD_GLOBAL(arg=5, lineno=6)
          68	LOAD_FAST(arg=15, lineno=6)
          70	LOAD_FAST(arg=0, lineno=6)
          72	LOAD_FAST(arg=1, lineno=6)
          74	LOAD_FAST(arg=2, lineno=6)
          76	LOAD_FAST(arg=3, lineno=6)
          78	LOAD_FAST(arg=4, lineno=6)
          80	LOAD_FAST(arg=5, lineno=6)
          82	LOAD_FAST(arg=6, lineno=6)
          84	LOAD_FAST(arg=7, lineno=6)
          86	LOAD_FAST(arg=8, lineno=7)
          88	LOAD_FAST(arg=9, lineno=7)
          90	LOAD_FAST(arg=10, lineno=7)
          92	LOAD_FAST(arg=11, lineno=7)
          94	LOAD_FAST(arg=12, lineno=6)
          96	LOAD_FAST(arg=13, lineno=6)
          98	LOAD_FAST(arg=14, lineno=6)
         100	CALL(arg=16, lineno=6)
         108	POP_TOP(arg=None, lineno=6)
         110	JUMP_BACKWARD(arg=30, lineno=6)
>        112	END_FOR(arg=None, lineno=5)
         114	RETURN_CONST(arg=0, lineno=5)
2026-01-25 16:08:42,799 - numba.core.byteflow - DEBUG - pending: deque([State(pc_initial=0 nstack_initial=0)])
2026-01-25 16:08:42,799 - numba.core.byteflow - DEBUG - stack: []
2026-01-25 16:08:42,799 - numba.core.byteflow - DEBUG - state.pc_initial: State(pc_initial=0 nstack_initial=0)
2026-01-25 16:08:42,799 - numba.core.byteflow - DEBUG - dispatch pc=0, inst=NOP(arg=None, lineno=3)
2026-01-25 16:08:42,799 - numba.core.byteflow - DEBUG - stack []
2026-01-25 16:08:42,799 - numba.core.byteflow - DEBUG - dispatch pc=2, inst=RESUME(arg=0, lineno=3)
2026-01-25 16:08:42,799 - numba.core.byteflow - DEBUG - stack []
2026-01-25 16:08:42,799 - numba.core.byteflow - DEBUG - dispatch pc=4, inst=LOAD_GLOBAL(arg=1, lineno=5)
2026-01-25 16:08:42,799 - numba.core.byteflow - DEBUG - stack []
2026-01-25 16:08:42,799 - numba.core.byteflow - DEBUG - dispatch pc=14, inst=LOAD_FAST(arg=8, lineno=5)
2026-01-25 16:08:42,799 - numba.core.byteflow - DEBUG - stack ['$null$4.1', '$4load_global.0']
2026-01-25 16:08:42,799 - numba.core.byteflow - DEBUG - dispatch pc=16, inst=LOAD_ATTR(arg=2, lineno=5)
2026-01-25 16:08:42,799 - numba.core.byteflow - DEBUG - stack ['$null$4.1', '$4load_global.0', '$xs14.2']
2026-01-25 16:08:42,799 - numba.core.byteflow - DEBUG - dispatch pc=36, inst=LOAD_CONST(arg=1, lineno=5)
2026-01-25 16:08:42,799 - numba.core.byteflow - DEBUG - stack ['$null$4.1', '$4load_global.0', '$16load_attr.3']
2026-01-25 16:08:42,799 - numba.core.byteflow - DEBUG - dispatch pc=38, inst=BINARY_SUBSCR(arg=None, lineno=5)
2026-01-25 16:08:42,799 - numba.core.byteflow - DEBUG - stack ['$null$4.1', '$4load_global.0', '$16load_attr.3', '$const36.4.1']
2026-01-25 16:08:42,799 - numba.core.byteflow - DEBUG - dispatch pc=42, inst=CALL(arg=1, lineno=5)
2026-01-25 16:08:42,799 - numba.core.byteflow - DEBUG - stack ['$null$4.1', '$4load_global.0', '$38binary_subscr.5']
2026-01-25 16:08:42,799 - numba.core.byteflow - DEBUG - dispatch pc=50, inst=GET_ITER(arg=None, lineno=5)
2026-01-25 16:08:42,799 - numba.core.byteflow - DEBUG - stack ['$42call.6']
2026-01-25 16:08:42,799 - numba.core.byteflow - DEBUG - end state. edges=[Edge(pc=52, stack=('$50get_iter.7',), blockstack=(), npush=0)]
2026-01-25 16:08:42,799 - numba.core.byteflow - DEBUG - pending: deque([State(pc_initial=52 nstack_initial=1)])
2026-01-25 16:08:42,799 - numba.core.byteflow - DEBUG - stack: ['$phi52.0']
2026-01-25 16:08:42,799 - numba.core.byteflow - DEBUG - state.pc_initial: State(pc_initial=52 nstack_initial=1)
2026-01-25 16:08:42,799 - numba.core.byteflow - DEBUG - dispatch pc=52, inst=FOR_ITER(arg=28, lineno=5)
2026-01-25 16:08:42,799 - numba.core.byteflow - DEBUG - stack ['$phi52.0']
2026-01-25 16:08:42,799 - numba.core.byteflow - DEBUG - end state. edges=[Edge(pc=112, stack=('$phi52.0', '$52for_iter.2'), blockstack=(), npush=0), Edge(pc=56, stack=('$phi52.0', '$52for_iter.2'), blockstack=(), npush=0)]
2026-01-25 16:08:42,799 - numba.core.byteflow - DEBUG - pending: deque([State(pc_initial=112 nstack_initial=2), State(pc_initial=56 nstack_initial=2)])
2026-01-25 16:08:42,799 - numba.core.byteflow - DEBUG - stack: ['$phi112.0', '$phi112.1']
2026-01-25 16:08:42,799 - numba.core.byteflow - DEBUG - state.pc_initial: State(pc_initial=112 nstack_initial=2)
2026-01-25 16:08:42,799 - numba.core.byteflow - DEBUG - dispatch pc=112, inst=END_FOR(arg=None, lineno=5)
2026-01-25 16:08:42,799 - numba.core.byteflow - DEBUG - stack ['$phi112.0', '$phi112.1']
2026-01-25 16:08:42,799 - numba.core.byteflow - DEBUG - dispatch pc=114, inst=RETURN_CONST(arg=0, lineno=5)
2026-01-25 16:08:42,799 - numba.core.byteflow - DEBUG - stack []
2026-01-25 16:08:42,799 - numba.core.byteflow - DEBUG - end state. edges=[]
2026-01-25 16:08:42,799 - numba.core.byteflow - DEBUG - pending: deque([State(pc_initial=56 nstack_initial=2)])
2026-01-25 16:08:42,799 - numba.core.byteflow - DEBUG - stack: ['$phi56.0', '$phi56.1']
2026-01-25 16:08:42,799 - numba.core.byteflow - DEBUG - state.pc_initial: State(pc_initial=56 nstack_initial=2)
2026-01-25 16:08:42,799 - numba.core.byteflow - DEBUG - dispatch pc=56, inst=STORE_FAST(arg=15, lineno=5)
2026-01-25 16:08:42,799 - numba.core.byteflow - DEBUG - stack ['$phi56.0', '$phi56.1']
2026-01-25 16:08:42,799 - numba.core.byteflow - DEBUG - dispatch pc=58, inst=LOAD_GLOBAL(arg=5, lineno=6)
2026-01-25 16:08:42,799 - numba.core.byteflow - DEBUG - stack ['$phi56.0']
2026-01-25 16:08:42,799 - numba.core.byteflow - DEBUG - dispatch pc=68, inst=LOAD_FAST(arg=15, lineno=6)
2026-01-25 16:08:42,799 - numba.core.byteflow - DEBUG - stack ['$phi56.0', '$null$58.3', '$58load_global.2']
2026-01-25 16:08:42,799 - numba.core.byteflow - DEBUG - dispatch pc=70, inst=LOAD_FAST(arg=0, lineno=6)
2026-01-25 16:08:42,799 - numba.core.byteflow - DEBUG - stack ['$phi56.0', '$null$58.3', '$58load_global.2', '$i68.4']
2026-01-25 16:08:42,799 - numba.core.byteflow - DEBUG - dispatch pc=72, inst=LOAD_FAST(arg=1, lineno=6)
2026-01-25 16:08:42,799 - numba.core.byteflow - DEBUG - stack ['$phi56.0', '$null$58.3', '$58load_global.2', '$i68.4', '$sx70.5']
2026-01-25 16:08:42,800 - numba.core.byteflow - DEBUG - dispatch pc=74, inst=LOAD_FAST(arg=2, lineno=6)
2026-01-25 16:08:42,800 - numba.core.byteflow - DEBUG - stack ['$phi56.0', '$null$58.3', '$58load_global.2', '$i68.4', '$sx70.5', '$tx72.6']
2026-01-25 16:08:42,800 - numba.core.byteflow - DEBUG - dispatch pc=76, inst=LOAD_FAST(arg=3, lineno=6)
2026-01-25 16:08:42,800 - numba.core.byteflow - DEBUG - stack ['$phi56.0', '$null$58.3', '$58load_global.2', '$i68.4', '$sx70.5', '$tx72.6', '$sy74.7']
2026-01-25 16:08:42,800 - numba.core.byteflow - DEBUG - dispatch pc=78, inst=LOAD_FAST(arg=4, lineno=6)
2026-01-25 16:08:42,800 - numba.core.byteflow - DEBUG - stack ['$phi56.0', '$null$58.3', '$58load_global.2', '$i68.4', '$sx70.5', '$tx72.6', '$sy74.7', '$ty76.8']
2026-01-25 16:08:42,800 - numba.core.byteflow - DEBUG - dispatch pc=80, inst=LOAD_FAST(arg=5, lineno=6)
2026-01-25 16:08:42,800 - numba.core.byteflow - DEBUG - stack ['$phi56.0', '$null$58.3', '$58load_global.2', '$i68.4', '$sx70.5', '$tx72.6', '$sy74.7', '$ty76.8', '$xmin78.9']
2026-01-25 16:08:42,800 - numba.core.byteflow - DEBUG - dispatch pc=82, inst=LOAD_FAST(arg=6, lineno=6)
2026-01-25 16:08:42,800 - numba.core.byteflow - DEBUG - stack ['$phi56.0', '$null$58.3', '$58load_global.2', '$i68.4', '$sx70.5', '$tx72.6', '$sy74.7', '$ty76.8', '$xmin78.9', '$xmax80.10']
2026-01-25 16:08:42,800 - numba.core.byteflow - DEBUG - dispatch pc=84, inst=LOAD_FAST(arg=7, lineno=6)
2026-01-25 16:08:42,800 - numba.core.byteflow - DEBUG - stack ['$phi56.0', '$null$58.3', '$58load_global.2', '$i68.4', '$sx70.5', '$tx72.6', '$sy74.7', '$ty76.8', '$xmin78.9', '$xmax80.10', '$ymin82.11']
2026-01-25 16:08:42,800 - numba.core.byteflow - DEBUG - dispatch pc=86, inst=LOAD_FAST(arg=8, lineno=7)
2026-01-25 16:08:42,800 - numba.core.byteflow - DEBUG - stack ['$phi56.0', '$null$58.3', '$58load_global.2', '$i68.4', '$sx70.5', '$tx72.6', '$sy74.7', '$ty76.8', '$xmin78.9', '$xmax80.10', '$ymin82.11', '$ymax84.12']
2026-01-25 16:08:42,800 - numba.core.byteflow - DEBUG - dispatch pc=88, inst=LOAD_FAST(arg=9, lineno=7)
2026-01-25 16:08:42,800 - numba.core.byteflow - DEBUG - stack ['$phi56.0', '$null$58.3', '$58load_global.2', '$i68.4', '$sx70.5', '$tx72.6', '$sy74.7', '$ty76.8', '$xmin78.9', '$xmax80.10', '$ymin82.11', '$ymax84.12', '$xs86.13']
2026-01-25 16:08:42,800 - numba.core.byteflow - DEBUG - dispatch pc=90, inst=LOAD_FAST(arg=10, lineno=7)
2026-01-25 16:08:42,800 - numba.core.byteflow - DEBUG - stack ['$phi56.0', '$null$58.3', '$58load_global.2', '$i68.4', '$sx70.5', '$tx72.6', '$sy74.7', '$ty76.8', '$xmin78.9', '$xmax80.10', '$ymin82.11', '$ymax84.12', '$xs86.13', '$ys88.14']
2026-01-25 16:08:42,800 - numba.core.byteflow - DEBUG - dispatch pc=92, inst=LOAD_FAST(arg=11, lineno=7)
2026-01-25 16:08:42,800 - numba.core.byteflow - DEBUG - stack ['$phi56.0', '$null$58.3', '$58load_global.2', '$i68.4', '$sx70.5', '$tx72.6', '$sy74.7', '$ty76.8', '$xmin78.9', '$xmax80.10', '$ymin82.11', '$ymax84.12', '$xs86.13', '$ys88.14', '$xxmax90.15']
2026-01-25 16:08:42,800 - numba.core.byteflow - DEBUG - dispatch pc=94, inst=LOAD_FAST(arg=12, lineno=6)
2026-01-25 16:08:42,800 - numba.core.byteflow - DEBUG - stack ['$phi56.0', '$null$58.3', '$58load_global.2', '$i68.4', '$sx70.5', '$tx72.6', '$sy74.7', '$ty76.8', '$xmin78.9', '$xmax80.10', '$ymin82.11', '$ymax84.12', '$xs86.13', '$ys88.14', '$xxmax90.15', '$yymax92.16']
2026-01-25 16:08:42,800 - numba.core.byteflow - DEBUG - dispatch pc=96, inst=LOAD_FAST(arg=13, lineno=6)
2026-01-25 16:08:42,800 - numba.core.byteflow - DEBUG - stack ['$phi56.0', '$null$58.3', '$58load_global.2', '$i68.4', '$sx70.5', '$tx72.6', '$sy74.7', '$ty76.8', '$xmin78.9', '$xmax80.10', '$ymin82.11', '$ymax84.12', '$xs86.13', '$ys88.14', '$xxmax90.15', '$yymax92.16', '$_094.17']
2026-01-25 16:08:42,800 - numba.core.byteflow - DEBUG - dispatch pc=98, inst=LOAD_FAST(arg=14, lineno=6)
2026-01-25 16:08:42,800 - numba.core.byteflow - DEBUG - stack ['$phi56.0', '$null$58.3', '$58load_global.2', '$i68.4', '$sx70.5', '$tx72.6', '$sy74.7', '$ty76.8', '$xmin78.9', '$xmax80.10', '$ymin82.11', '$ymax84.12', '$xs86.13', '$ys88.14', '$xxmax90.15', '$yymax92.16', '$_094.17', '$_196.18']
2026-01-25 16:08:42,800 - numba.core.byteflow - DEBUG - dispatch pc=100, inst=CALL(arg=16, lineno=6)
2026-01-25 16:08:42,800 - numba.core.byteflow - DEBUG - stack ['$phi56.0', '$null$58.3', '$58load_global.2', '$i68.4', '$sx70.5', '$tx72.6', '$sy74.7', '$ty76.8', '$xmin78.9', '$xmax80.10', '$ymin82.11', '$ymax84.12', '$xs86.13', '$ys88.14', '$xxmax90.15', '$yymax92.16', '$_094.17', '$_196.18', '$_298.19']
2026-01-25 16:08:42,800 - numba.core.byteflow - DEBUG - dispatch pc=108, inst=POP_TOP(arg=None, lineno=6)
2026-01-25 16:08:42,800 - numba.core.byteflow - DEBUG - stack ['$phi56.0', '$100call.20']
2026-01-25 16:08:42,800 - numba.core.byteflow - DEBUG - dispatch pc=110, inst=JUMP_BACKWARD(arg=30, lineno=6)
2026-01-25 16:08:42,800 - numba.core.byteflow - DEBUG - stack ['$phi56.0']
2026-01-25 16:08:42,800 - numba.core.byteflow - DEBUG - end state. edges=[Edge(pc=52, stack=('$phi56.0',), blockstack=(), npush=0)]
2026-01-25 16:08:42,800 - numba.core.byteflow - DEBUG - pending: deque([State(pc_initial=52 nstack_initial=1)])
2026-01-25 16:08:42,800 - numba.core.byteflow - DEBUG - -------------------------Prune PHIs-------------------------
2026-01-25 16:08:42,800 - numba.core.byteflow - DEBUG - Used_phis: defaultdict(<class 'set'>,
            {State(pc_initial=0 nstack_initial=0): set(),
             State(pc_initial=52 nstack_initial=1): {'$phi52.0'},
             State(pc_initial=56 nstack_initial=2): {'$phi56.1'},
             State(pc_initial=112 nstack_initial=2): set()})
2026-01-25 16:08:42,800 - numba.core.byteflow - DEBUG - defmap: {'$phi112.1': State(pc_initial=52 nstack_initial=1),
 '$phi52.0': State(pc_initial=0 nstack_initial=0),
 '$phi56.1': State(pc_initial=52 nstack_initial=1)}
2026-01-25 16:08:42,800 - numba.core.byteflow - DEBUG - phismap: defaultdict(<class 'set'>,
            {'$phi112.0': {('$phi52.0', State(pc_initial=52 nstack_initial=1))},
             '$phi112.1': {('$52for_iter.2',
                            State(pc_initial=52 nstack_initial=1))},
             '$phi52.0': {('$50get_iter.7',
                           State(pc_initial=0 nstack_initial=0)),
                          ('$phi56.0', State(pc_initial=56 nstack_initial=2))},
             '$phi56.0': {('$phi52.0', State(pc_initial=52 nstack_initial=1))},
             '$phi56.1': {('$52for_iter.2',
                           State(pc_initial=52 nstack_initial=1))}})
2026-01-25 16:08:42,800 - numba.core.byteflow - DEBUG - changing phismap: defaultdict(<class 'set'>,
            {'$phi112.0': {('$50get_iter.7',
                            State(pc_initial=0 nstack_initial=0)),
                           ('$phi56.0', State(pc_initial=56 nstack_initial=2))},
             '$phi112.1': {('$52for_iter.2',
                            State(pc_initial=52 nstack_initial=1))},
             '$phi52.0': {('$50get_iter.7',
                           State(pc_initial=0 nstack_initial=0)),
                          ('$phi52.0', State(pc_initial=52 nstack_initial=1))},
             '$phi56.0': {('$50get_iter.7',
                           State(pc_initial=0 nstack_initial=0))},
             '$phi56.1': {('$52for_iter.2',
                           State(pc_initial=52 nstack_initial=1))}})
2026-01-25 16:08:42,800 - numba.core.byteflow - DEBUG - changing phismap: defaultdict(<class 'set'>,
            {'$phi112.0': {('$50get_iter.7',
                            State(pc_initial=0 nstack_initial=0))},
             '$phi112.1': {('$52for_iter.2',
                            State(pc_initial=52 nstack_initial=1))},
             '$phi52.0': {('$50get_iter.7',
                           State(pc_initial=0 nstack_initial=0))},
             '$phi56.0': {('$50get_iter.7',
                           State(pc_initial=0 nstack_initial=0))},
             '$phi56.1': {('$52for_iter.2',
                           State(pc_initial=52 nstack_initial=1))}})
2026-01-25 16:08:42,801 - numba.core.byteflow - DEBUG - changing phismap: defaultdict(<class 'set'>,
            {'$phi112.0': {('$50get_iter.7',
                            State(pc_initial=0 nstack_initial=0))},
             '$phi112.1': {('$52for_iter.2',
                            State(pc_initial=52 nstack_initial=1))},
             '$phi52.0': {('$50get_iter.7',
                           State(pc_initial=0 nstack_initial=0))},
             '$phi56.0': {('$50get_iter.7',
                           State(pc_initial=0 nstack_initial=0))},
             '$phi56.1': {('$52for_iter.2',
                           State(pc_initial=52 nstack_initial=1))}})
2026-01-25 16:08:42,801 - numba.core.byteflow - DEBUG - keep phismap: {'$phi52.0': {('$50get_iter.7', State(pc_initial=0 nstack_initial=0))},
 '$phi56.1': {('$52for_iter.2', State(pc_initial=52 nstack_initial=1))}}
2026-01-25 16:08:42,801 - numba.core.byteflow - DEBUG - new_out: defaultdict(<class 'dict'>,
            {State(pc_initial=0 nstack_initial=0): {'$phi52.0': '$50get_iter.7'},
             State(pc_initial=52 nstack_initial=1): {'$phi56.1': '$52for_iter.2'}})
2026-01-25 16:08:42,801 - numba.core.byteflow - DEBUG - ----------------------DONE Prune PHIs-----------------------
2026-01-25 16:08:42,801 - numba.core.byteflow - DEBUG - block_infos State(pc_initial=0 nstack_initial=0):
AdaptBlockInfo(insts=((0, {}), (2, {}), (4, {'idx': 0, 'res': '$4load_global.0'}), (14, {'res': '$xs14.2'}), (16, {'item': '$xs14.2', 'res': '$16load_attr.3'}), (36, {'res': '$const36.4.1'}), (38, {'index': '$const36.4.1', 'target': '$16load_attr.3', 'res': '$38binary_subscr.5'}), (42, {'func': '$4load_global.0', 'args': ['$38binary_subscr.5'], 'kw_names': None, 'res': '$42call.6'}), (50, {'value': '$42call.6', 'res': '$50get_iter.7'})), outgoing_phis={'$phi52.0': '$50get_iter.7'}, blockstack=(), active_try_block=None, outgoing_edgepushed={52: ('$50get_iter.7',)})
2026-01-25 16:08:42,801 - numba.core.byteflow - DEBUG - block_infos State(pc_initial=52 nstack_initial=1):
AdaptBlockInfo(insts=((52, {'iterator': '$phi52.0', 'pair': '$52for_iter.1', 'indval': '$52for_iter.2', 'pred': '$52for_iter.3'}),), outgoing_phis={'$phi56.1': '$52for_iter.2'}, blockstack=(), active_try_block=None, outgoing_edgepushed={112: ('$phi52.0', '$52for_iter.2'), 56: ('$phi52.0', '$52for_iter.2')})
2026-01-25 16:08:42,801 - numba.core.byteflow - DEBUG - block_infos State(pc_initial=56 nstack_initial=2):
AdaptBlockInfo(insts=((56, {'value': '$phi56.1'}), (58, {'idx': 2, 'res': '$58load_global.2'}), (68, {'res': '$i68.4'}), (70, {'res': '$sx70.5'}), (72, {'res': '$tx72.6'}), (74, {'res': '$sy74.7'}), (76, {'res': '$ty76.8'}), (78, {'res': '$xmin78.9'}), (80, {'res': '$xmax80.10'}), (82, {'res': '$ymin82.11'}), (84, {'res': '$ymax84.12'}), (86, {'res': '$xs86.13'}), (88, {'res': '$ys88.14'}), (90, {'res': '$xxmax90.15'}), (92, {'res': '$yymax92.16'}), (94, {'res': '$_094.17'}), (96, {'res': '$_196.18'}), (98, {'res': '$_298.19'}), (100, {'func': '$58load_global.2', 'args': ['$i68.4', '$sx70.5', '$tx72.6', '$sy74.7', '$ty76.8', '$xmin78.9', '$xmax80.10', '$ymin82.11', '$ymax84.12', '$xs86.13', '$ys88.14', '$xxmax90.15', '$yymax92.16', '$_094.17', '$_196.18', '$_298.19'], 'kw_names': None, 'res': '$100call.20'}), (110, {})), outgoing_phis={}, blockstack=(), active_try_block=None, outgoing_edgepushed={52: ('$phi56.0',)})
2026-01-25 16:08:42,801 - numba.core.byteflow - DEBUG - block_infos State(pc_initial=112 nstack_initial=2):
AdaptBlockInfo(insts=((114, {'retval': '$const114.2', 'castval': '$114return_const.3'}),), outgoing_phis={}, blockstack=(), active_try_block=None, outgoing_edgepushed={})
2026-01-25 16:08:42,801 - numba.core.interpreter - DEBUG - label 0:
    sx = arg(0, name=sx)                     ['sx']
    tx = arg(1, name=tx)                     ['tx']
    sy = arg(2, name=sy)                     ['sy']
    ty = arg(3, name=ty)                     ['ty']
    xmin = arg(4, name=xmin)                 ['xmin']
    xmax = arg(5, name=xmax)                 ['xmax']
    ymin = arg(6, name=ymin)                 ['ymin']
    ymax = arg(7, name=ymax)                 ['ymax']
    xs = arg(8, name=xs)                     ['xs']
    ys = arg(9, name=ys)                     ['ys']
    xxmax = arg(10, name=xxmax)              ['xxmax']
    yymax = arg(11, name=yymax)              ['yymax']
    _0 = arg(12, name=_0)                    ['_0']
    _1 = arg(13, name=_1)                    ['_1']
    _2 = arg(14, name=_2)                    ['_2']
    $4load_global.0 = global(range: <class 'range'>) ['$4load_global.0']
    $16load_attr.3 = getattr(value=xs, attr=shape) ['$16load_attr.3', 'xs']
    $const36.4.1 = const(int, 0)             ['$const36.4.1']
    $38binary_subscr.5 = getitem(value=$16load_attr.3, index=$const36.4.1, fn=<built-in function getitem>) ['$16load_attr.3', '$38binary_subscr.5', '$const36.4.1']
    $42call.6 = call $4load_global.0($38binary_subscr.5, func=$4load_global.0, args=[Var($38binary_subscr.5, <extend_cpu>:5)], kws=(), vararg=None, varkwarg=None, target=None) ['$38binary_subscr.5', '$42call.6', '$4load_global.0']
    $50get_iter.7 = getiter(value=$42call.6) ['$42call.6', '$50get_iter.7']
    $phi52.0 = $50get_iter.7                 ['$50get_iter.7', '$phi52.0']
    jump 52                                  []
label 52:
    $52for_iter.1 = iternext(value=$phi52.0) ['$52for_iter.1', '$phi52.0']
    $52for_iter.2 = pair_first(value=$52for_iter.1) ['$52for_iter.1', '$52for_iter.2']
    $52for_iter.3 = pair_second(value=$52for_iter.1) ['$52for_iter.1', '$52for_iter.3']
    $phi56.1 = $52for_iter.2                 ['$52for_iter.2', '$phi56.1']
    branch $52for_iter.3, 56, 112            ['$52for_iter.3']
label 56:
    i = $phi56.1                             ['$phi56.1', 'i']
    $58load_global.2 = global(_perform_extend_points: CPUDispatcher(<function _perform_extend_points at 0x30707f7e0>)) ['$58load_global.2']
    $100call.20 = call $58load_global.2(i, sx, tx, sy, ty, xmin, xmax, ymin, ymax, xs, ys, xxmax, yymax, _0, _1, _2, func=$58load_global.2, args=[Var(i, <extend_cpu>:5), Var(sx, <extend_cpu>:3), Var(tx, <extend_cpu>:3), Var(sy, <extend_cpu>:3), Var(ty, <extend_cpu>:3), Var(xmin, <extend_cpu>:3), Var(xmax, <extend_cpu>:3), Var(ymin, <extend_cpu>:3), Var(ymax, <extend_cpu>:3), Var(xs, <extend_cpu>:3), Var(ys, <extend_cpu>:3), Var(xxmax, <extend_cpu>:3), Var(yymax, <extend_cpu>:3), Var(_0, <extend_cpu>:3), Var(_1, <extend_cpu>:3), Var(_2, <extend_cpu>:3)], kws=(), vararg=None, varkwarg=None, target=None) ['$100call.20', '$58load_global.2', '_0', '_1', '_2', 'i', 'sx', 'sy', 'tx', 'ty', 'xmax', 'xmin', 'xs', 'xxmax', 'ymax', 'ymin', 'ys', 'yymax']
    jump 52                                  []
label 112:
    $const114.2 = const(NoneType, None)      ['$const114.2']
    $114return_const.3 = cast(value=$const114.2) ['$114return_const.3', '$const114.2']
    return $114return_const.3                ['$114return_const.3']

2026-01-25 16:08:42,803 - numba.core.ssa - DEBUG - ==== SSA block analysis pass on 0
2026-01-25 16:08:42,803 - numba.core.ssa - DEBUG - Running <numba.core.ssa._GatherDefsHandler object at 0x17b65c530>
2026-01-25 16:08:42,803 - numba.core.ssa - DEBUG - on stmt: sx = arg(0, name=sx)
2026-01-25 16:08:42,803 - numba.core.ssa - DEBUG - on stmt: tx = arg(1, name=tx)
2026-01-25 16:08:42,803 - numba.core.ssa - DEBUG - on stmt: sy = arg(2, name=sy)
2026-01-25 16:08:42,803 - numba.core.ssa - DEBUG - on stmt: ty = arg(3, name=ty)
2026-01-25 16:08:42,803 - numba.core.ssa - DEBUG - on stmt: xmin = arg(4, name=xmin)
2026-01-25 16:08:42,803 - numba.core.ssa - DEBUG - on stmt: xmax = arg(5, name=xmax)
2026-01-25 16:08:42,803 - numba.core.ssa - DEBUG - on stmt: ymin = arg(6, name=ymin)
2026-01-25 16:08:42,803 - numba.core.ssa - DEBUG - on stmt: ymax = arg(7, name=ymax)
2026-01-25 16:08:42,803 - numba.core.ssa - DEBUG - on stmt: xs = arg(8, name=xs)
2026-01-25 16:08:42,803 - numba.core.ssa - DEBUG - on stmt: ys = arg(9, name=ys)
2026-01-25 16:08:42,803 - numba.core.ssa - DEBUG - on stmt: xxmax = arg(10, name=xxmax)
2026-01-25 16:08:42,803 - numba.core.ssa - DEBUG - on stmt: yymax = arg(11, name=yymax)
2026-01-25 16:08:42,803 - numba.core.ssa - DEBUG - on stmt: _0 = arg(12, name=_0)
2026-01-25 16:08:42,804 - numba.core.ssa - DEBUG - on stmt: _1 = arg(13, name=_1)
2026-01-25 16:08:42,804 - numba.core.ssa - DEBUG - on stmt: _2 = arg(14, name=_2)
2026-01-25 16:08:42,804 - numba.core.ssa - DEBUG - on stmt: $4load_global.0 = global(range: <class 'range'>)
2026-01-25 16:08:42,804 - numba.core.ssa - DEBUG - on stmt: $16load_attr.3 = getattr(value=xs, attr=shape)
2026-01-25 16:08:42,804 - numba.core.ssa - DEBUG - on stmt: $const36.4.1 = const(int, 0)
2026-01-25 16:08:42,804 - numba.core.ssa - DEBUG - on stmt: $38binary_subscr.5 = static_getitem(value=$16load_attr.3, index=0, index_var=$const36.4.1, fn=<built-in function getitem>)
2026-01-25 16:08:42,804 - numba.core.ssa - DEBUG - on stmt: $42call.6 = call $4load_global.0($38binary_subscr.5, func=$4load_global.0, args=[Var($38binary_subscr.5, <extend_cpu>:5)], kws=(), vararg=None, varkwarg=None, target=None)
2026-01-25 16:08:42,804 - numba.core.ssa - DEBUG - on stmt: $50get_iter.7 = getiter(value=$42call.6)
2026-01-25 16:08:42,804 - numba.core.ssa - DEBUG - on stmt: $phi52.0 = $50get_iter.7
2026-01-25 16:08:42,804 - numba.core.ssa - DEBUG - on stmt: jump 52
2026-01-25 16:08:42,804 - numba.core.ssa - DEBUG - ==== SSA block analysis pass on 52
2026-01-25 16:08:42,804 - numba.core.ssa - DEBUG - Running <numba.core.ssa._GatherDefsHandler object at 0x17b65c530>
2026-01-25 16:08:42,804 - numba.core.ssa - DEBUG - on stmt: $52for_iter.1 = iternext(value=$phi52.0)
2026-01-25 16:08:42,804 - numba.core.ssa - DEBUG - on stmt: $52for_iter.2 = pair_first(value=$52for_iter.1)
2026-01-25 16:08:42,804 - numba.core.ssa - DEBUG - on stmt: $52for_iter.3 = pair_second(value=$52for_iter.1)
2026-01-25 16:08:42,804 - numba.core.ssa - DEBUG - on stmt: $phi56.1 = $52for_iter.2
2026-01-25 16:08:42,804 - numba.core.ssa - DEBUG - on stmt: branch $52for_iter.3, 56, 112
2026-01-25 16:08:42,804 - numba.core.ssa - DEBUG - ==== SSA block analysis pass on 56
2026-01-25 16:08:42,804 - numba.core.ssa - DEBUG - Running <numba.core.ssa._GatherDefsHandler object at 0x17b65c530>
2026-01-25 16:08:42,804 - numba.core.ssa - DEBUG - on stmt: i = $phi56.1
2026-01-25 16:08:42,804 - numba.core.ssa - DEBUG - on stmt: $58load_global.2 = global(_perform_extend_points: CPUDispatcher(<function _perform_extend_points at 0x30707f7e0>))
2026-01-25 16:08:42,804 - numba.core.ssa - DEBUG - on stmt: $100call.20 = call $58load_global.2(i, sx, tx, sy, ty, xmin, xmax, ymin, ymax, xs, ys, xxmax, yymax, _0, _1, _2, func=$58load_global.2, args=[Var(i, <extend_cpu>:5), Var(sx, <extend_cpu>:3), Var(tx, <extend_cpu>:3), Var(sy, <extend_cpu>:3), Var(ty, <extend_cpu>:3), Var(xmin, <extend_cpu>:3), Var(xmax, <extend_cpu>:3), Var(ymin, <extend_cpu>:3), Var(ymax, <extend_cpu>:3), Var(xs, <extend_cpu>:3), Var(ys, <extend_cpu>:3), Var(xxmax, <extend_cpu>:3), Var(yymax, <extend_cpu>:3), Var(_0, <extend_cpu>:3), Var(_1, <extend_cpu>:3), Var(_2, <extend_cpu>:3)], kws=(), vararg=None, varkwarg=None, target=None)
2026-01-25 16:08:42,804 - numba.core.ssa - DEBUG - on stmt: jump 52
2026-01-25 16:08:42,804 - numba.core.ssa - DEBUG - ==== SSA block analysis pass on 112
2026-01-25 16:08:42,804 - numba.core.ssa - DEBUG - Running <numba.core.ssa._GatherDefsHandler object at 0x17b65c530>
2026-01-25 16:08:42,804 - numba.core.ssa - DEBUG - on stmt: $const114.2 = const(NoneType, None)
2026-01-25 16:08:42,804 - numba.core.ssa - DEBUG - on stmt: $114return_const.3 = cast(value=$const114.2)
2026-01-25 16:08:42,804 - numba.core.ssa - DEBUG - on stmt: return $114return_const.3
2026-01-25 16:08:42,804 - numba.core.ssa - DEBUG - defs defaultdict(<class 'list'>,
            {'$100call.20': [(<numba.core.ir.Assign object at 0x17b675130>,
                              56)],
             '$114return_const.3': [(<numba.core.ir.Assign object at 0x17b6763f0>,
                                     112)],
             '$16load_attr.3': [(<numba.core.ir.Assign object at 0x17b676ba0>,
                                 0)],
             '$38binary_subscr.5': [(<numba.core.ir.Assign object at 0x17b675070>,
                                     0)],
             '$42call.6': [(<numba.core.ir.Assign object at 0x17b65c6b0>, 0)],
             '$4load_global.0': [(<numba.core.ir.Assign object at 0x17b676e70>,
                                  0)],
             '$50get_iter.7': [(<numba.core.ir.Assign object at 0x17b65ef00>,
                                0)],
             '$52for_iter.1': [(<numba.core.ir.Assign object at 0x17b65c200>,
                                52)],
             '$52for_iter.2': [(<numba.core.ir.Assign object at 0x17b65ca10>,
                                52)],
             '$52for_iter.3': [(<numba.core.ir.Assign object at 0x17b65d940>,
                                52)],
             '$58load_global.2': [(<numba.core.ir.Assign object at 0x17b65cc80>,
                                   56)],
             '$const114.2': [(<numba.core.ir.Assign object at 0x17b676570>,
                              112)],
             '$const36.4.1': [(<numba.core.ir.Assign object at 0x17b676cc0>,
                               0)],
             '$phi52.0': [(<numba.core.ir.Assign object at 0x17b65ef60>, 0)],
             '$phi56.1': [(<numba.core.ir.Assign object at 0x17b65d5b0>, 52)],
             '_0': [(<numba.core.ir.Assign object at 0x17b6774d0>, 0)],
             '_1': [(<numba.core.ir.Assign object at 0x17b6775c0>, 0)],
             '_2': [(<numba.core.ir.Assign object at 0x17b6777a0>, 0)],
             'i': [(<numba.core.ir.Assign object at 0x17b65d460>, 56)],
             'sx': [(<numba.core.ir.Assign object at 0x17b676e40>, 0)],
             'sy': [(<numba.core.ir.Assign object at 0x17b676750>, 0)],
             'tx': [(<numba.core.ir.Assign object at 0x17b676de0>, 0)],
             'ty': [(<numba.core.ir.Assign object at 0x17b677e90>, 0)],
             'xmax': [(<numba.core.ir.Assign object at 0x17b677d70>, 0)],
             'xmin': [(<numba.core.ir.Assign object at 0x17b677470>, 0)],
             'xs': [(<numba.core.ir.Assign object at 0x17b677110>, 0)],
             'xxmax': [(<numba.core.ir.Assign object at 0x17b677140>, 0)],
             'ymax': [(<numba.core.ir.Assign object at 0x17b6778f0>, 0)],
             'ymin': [(<numba.core.ir.Assign object at 0x17b677cb0>, 0)],
             'ys': [(<numba.core.ir.Assign object at 0x17b677200>, 0)],
             'yymax': [(<numba.core.ir.Assign object at 0x17b677bc0>, 0)]})
2026-01-25 16:08:42,805 - numba.core.ssa - DEBUG - SSA violators <numba.core.utils.OrderedSet object at 0x17b65c530>
2026-01-25 16:08:42,807 - numba.core.byteflow - DEBUG - bytecode dump:
>          0	NOP(arg=None, lineno=3)
           2	RESUME(arg=0, lineno=3)
           4	LOAD_FAST(arg=9, lineno=6)
           6	LOAD_FAST(arg=0, lineno=6)
           8	BINARY_SUBSCR(arg=None, lineno=6)
          12	STORE_FAST(arg=16, lineno=6)
          14	LOAD_FAST(arg=10, lineno=7)
          16	LOAD_FAST(arg=0, lineno=7)
          18	BINARY_SUBSCR(arg=None, lineno=7)
          22	STORE_FAST(arg=17, lineno=7)
          24	LOAD_FAST(arg=5, lineno=11)
          26	LOAD_FAST(arg=16, lineno=11)
          28	SWAP(arg=2, lineno=11)
          30	COPY(arg=2, lineno=11)
          32	COMPARE_OP(arg=26, lineno=11)
          36	POP_JUMP_IF_FALSE(arg=5, lineno=11)
          38	LOAD_FAST(arg=6, lineno=11)
          40	COMPARE_OP(arg=26, lineno=11)
          44	POP_JUMP_IF_FALSE(arg=111, lineno=11)
          46	JUMP_FORWARD(arg=2, lineno=11)
>         48	POP_TOP(arg=None, lineno=11)
          50	RETURN_CONST(arg=0, lineno=11)
>         52	LOAD_FAST(arg=7, lineno=11)
          54	LOAD_FAST(arg=17, lineno=11)
          56	SWAP(arg=2, lineno=11)
          58	COPY(arg=2, lineno=11)
          60	COMPARE_OP(arg=26, lineno=11)
          64	POP_JUMP_IF_FALSE(arg=5, lineno=11)
          66	LOAD_FAST(arg=8, lineno=11)
          68	COMPARE_OP(arg=26, lineno=11)
          72	POP_JUMP_IF_FALSE(arg=96, lineno=11)
          74	JUMP_FORWARD(arg=2, lineno=11)
>         76	POP_TOP(arg=None, lineno=11)
          78	RETURN_CONST(arg=0, lineno=11)
>         80	LOAD_GLOBAL(arg=1, lineno=12)
          90	LOAD_GLOBAL(arg=3, lineno=12)
         100	LOAD_FAST(arg=16, lineno=12)
         102	CALL(arg=1, lineno=12)
         110	LOAD_FAST(arg=1, lineno=12)
         112	BINARY_OP(arg=5, lineno=12)
         116	LOAD_FAST(arg=2, lineno=12)
         118	BINARY_OP(arg=0, lineno=12)
         122	CALL(arg=1, lineno=12)
         130	STORE_FAST(arg=18, lineno=12)
         132	LOAD_GLOBAL(arg=1, lineno=13)
         142	LOAD_GLOBAL(arg=5, lineno=13)
         152	LOAD_FAST(arg=17, lineno=13)
         154	CALL(arg=1, lineno=13)
         162	LOAD_FAST(arg=3, lineno=13)
         164	BINARY_OP(arg=5, lineno=13)
         168	LOAD_FAST(arg=4, lineno=13)
         170	BINARY_OP(arg=0, lineno=13)
         174	CALL(arg=1, lineno=13)
         182	STORE_FAST(arg=19, lineno=13)
         184	LOAD_FAST(arg=18, lineno=15)
         186	LOAD_FAST(arg=11, lineno=15)
         188	COMPARE_OP(arg=92, lineno=15)
         192	POP_JUMP_IF_FALSE(arg=5, lineno=15)
         194	LOAD_FAST(arg=11, lineno=15)
         196	LOAD_CONST(arg=1, lineno=15)
         198	BINARY_OP(arg=10, lineno=15)
         202	JUMP_FORWARD(arg=1, lineno=15)
>        204	LOAD_FAST(arg=18, lineno=15)
>        206	LOAD_FAST(arg=19, lineno=16)
         208	LOAD_FAST(arg=12, lineno=16)
         210	COMPARE_OP(arg=92, lineno=16)
         214	POP_JUMP_IF_FALSE(arg=5, lineno=16)
         216	LOAD_FAST(arg=12, lineno=16)
         218	LOAD_CONST(arg=1, lineno=16)
         220	BINARY_OP(arg=10, lineno=16)
         224	JUMP_FORWARD(arg=1, lineno=16)
>        226	LOAD_FAST(arg=19, lineno=16)
>        228	STORE_FAST(arg=21, lineno=15)
         230	STORE_FAST(arg=20, lineno=15)
         232	LOAD_GLOBAL(arg=7, lineno=17)
         242	LOAD_FAST(arg=0, lineno=17)
         244	LOAD_FAST(arg=20, lineno=17)
         246	LOAD_FAST(arg=21, lineno=17)
         248	LOAD_FAST(arg=13, lineno=17)
         250	LOAD_FAST(arg=14, lineno=17)
         252	LOAD_FAST(arg=15, lineno=17)
         254	CALL(arg=6, lineno=17)
         262	POP_TOP(arg=None, lineno=17)
         264	RETURN_CONST(arg=0, lineno=17)
>        266	RETURN_CONST(arg=0, lineno=11)
>        268	RETURN_CONST(arg=0, lineno=11)
2026-01-25 16:08:42,807 - numba.core.byteflow - DEBUG - pending: deque([State(pc_initial=0 nstack_initial=0)])
2026-01-25 16:08:42,807 - numba.core.byteflow - DEBUG - stack: []
2026-01-25 16:08:42,807 - numba.core.byteflow - DEBUG - state.pc_initial: State(pc_initial=0 nstack_initial=0)
2026-01-25 16:08:42,807 - numba.core.byteflow - DEBUG - dispatch pc=0, inst=NOP(arg=None, lineno=3)
2026-01-25 16:08:42,807 - numba.core.byteflow - DEBUG - stack []
2026-01-25 16:08:42,807 - numba.core.byteflow - DEBUG - dispatch pc=2, inst=RESUME(arg=0, lineno=3)
2026-01-25 16:08:42,807 - numba.core.byteflow - DEBUG - stack []
2026-01-25 16:08:42,807 - numba.core.byteflow - DEBUG - dispatch pc=4, inst=LOAD_FAST(arg=9, lineno=6)
2026-01-25 16:08:42,807 - numba.core.byteflow - DEBUG - stack []
2026-01-25 16:08:42,807 - numba.core.byteflow - DEBUG - dispatch pc=6, inst=LOAD_FAST(arg=0, lineno=6)
2026-01-25 16:08:42,807 - numba.core.byteflow - DEBUG - stack ['$xs4.0']
2026-01-25 16:08:42,807 - numba.core.byteflow - DEBUG - dispatch pc=8, inst=BINARY_SUBSCR(arg=None, lineno=6)
2026-01-25 16:08:42,807 - numba.core.byteflow - DEBUG - stack ['$xs4.0', '$i6.1']
2026-01-25 16:08:42,807 - numba.core.byteflow - DEBUG - dispatch pc=12, inst=STORE_FAST(arg=16, lineno=6)
2026-01-25 16:08:42,807 - numba.core.byteflow - DEBUG - stack ['$8binary_subscr.2']
2026-01-25 16:08:42,807 - numba.core.byteflow - DEBUG - dispatch pc=14, inst=LOAD_FAST(arg=10, lineno=7)
2026-01-25 16:08:42,807 - numba.core.byteflow - DEBUG - stack []
2026-01-25 16:08:42,807 - numba.core.byteflow - DEBUG - dispatch pc=16, inst=LOAD_FAST(arg=0, lineno=7)
2026-01-25 16:08:42,807 - numba.core.byteflow - DEBUG - stack ['$ys14.3']
2026-01-25 16:08:42,807 - numba.core.byteflow - DEBUG - dispatch pc=18, inst=BINARY_SUBSCR(arg=None, lineno=7)
2026-01-25 16:08:42,807 - numba.core.byteflow - DEBUG - stack ['$ys14.3', '$i16.4']
2026-01-25 16:08:42,807 - numba.core.byteflow - DEBUG - dispatch pc=22, inst=STORE_FAST(arg=17, lineno=7)
2026-01-25 16:08:42,807 - numba.core.byteflow - DEBUG - stack ['$18binary_subscr.5']
2026-01-25 16:08:42,807 - numba.core.byteflow - DEBUG - dispatch pc=24, inst=LOAD_FAST(arg=5, lineno=11)
2026-01-25 16:08:42,807 - numba.core.byteflow - DEBUG - stack []
2026-01-25 16:08:42,807 - numba.core.byteflow - DEBUG - dispatch pc=26, inst=LOAD_FAST(arg=16, lineno=11)
2026-01-25 16:08:42,807 - numba.core.byteflow - DEBUG - stack ['$xmin24.6']
2026-01-25 16:08:42,807 - numba.core.byteflow - DEBUG - dispatch pc=28, inst=SWAP(arg=2, lineno=11)
2026-01-25 16:08:42,807 - numba.core.byteflow - DEBUG - stack ['$xmin24.6', '$x26.7']
2026-01-25 16:08:42,808 - numba.core.byteflow - DEBUG - dispatch pc=30, inst=COPY(arg=2, lineno=11)
2026-01-25 16:08:42,808 - numba.core.byteflow - DEBUG - stack ['$x26.7', '$xmin24.6']
2026-01-25 16:08:42,808 - numba.core.byteflow - DEBUG - dispatch pc=32, inst=COMPARE_OP(arg=26, lineno=11)
2026-01-25 16:08:42,808 - numba.core.byteflow - DEBUG - stack ['$x26.7', '$xmin24.6', '$x26.7']
2026-01-25 16:08:42,808 - numba.core.byteflow - DEBUG - dispatch pc=36, inst=POP_JUMP_IF_FALSE(arg=5, lineno=11)
2026-01-25 16:08:42,808 - numba.core.byteflow - DEBUG - stack ['$x26.7', '$32compare_op.8']
2026-01-25 16:08:42,808 - numba.core.byteflow - DEBUG - end state. edges=[Edge(pc=38, stack=('$x26.7',), blockstack=(), npush=0), Edge(pc=48, stack=('$x26.7',), blockstack=(), npush=0)]
2026-01-25 16:08:42,808 - numba.core.byteflow - DEBUG - pending: deque([State(pc_initial=38 nstack_initial=1), State(pc_initial=48 nstack_initial=1)])
2026-01-25 16:08:42,808 - numba.core.byteflow - DEBUG - stack: ['$phi38.0']
2026-01-25 16:08:42,808 - numba.core.byteflow - DEBUG - state.pc_initial: State(pc_initial=38 nstack_initial=1)
2026-01-25 16:08:42,808 - numba.core.byteflow - DEBUG - dispatch pc=38, inst=LOAD_FAST(arg=6, lineno=11)
2026-01-25 16:08:42,808 - numba.core.byteflow - DEBUG - stack ['$phi38.0']
2026-01-25 16:08:42,808 - numba.core.byteflow - DEBUG - dispatch pc=40, inst=COMPARE_OP(arg=26, lineno=11)
2026-01-25 16:08:42,808 - numba.core.byteflow - DEBUG - stack ['$phi38.0', '$xmax38.1']
2026-01-25 16:08:42,808 - numba.core.byteflow - DEBUG - dispatch pc=44, inst=POP_JUMP_IF_FALSE(arg=111, lineno=11)
2026-01-25 16:08:42,808 - numba.core.byteflow - DEBUG - stack ['$40compare_op.2']
2026-01-25 16:08:42,808 - numba.core.byteflow - DEBUG - end state. edges=[Edge(pc=46, stack=(), blockstack=(), npush=0), Edge(pc=268, stack=(), blockstack=(), npush=0)]
2026-01-25 16:08:42,808 - numba.core.byteflow - DEBUG - pending: deque([State(pc_initial=48 nstack_initial=1), State(pc_initial=46 nstack_initial=0), State(pc_initial=268 nstack_initial=0)])
2026-01-25 16:08:42,808 - numba.core.byteflow - DEBUG - stack: ['$phi48.0']
2026-01-25 16:08:42,808 - numba.core.byteflow - DEBUG - state.pc_initial: State(pc_initial=48 nstack_initial=1)
2026-01-25 16:08:42,808 - numba.core.byteflow - DEBUG - dispatch pc=48, inst=POP_TOP(arg=None, lineno=11)
2026-01-25 16:08:42,808 - numba.core.byteflow - DEBUG - stack ['$phi48.0']
2026-01-25 16:08:42,808 - numba.core.byteflow - DEBUG - dispatch pc=50, inst=RETURN_CONST(arg=0, lineno=11)
2026-01-25 16:08:42,808 - numba.core.byteflow - DEBUG - stack []
2026-01-25 16:08:42,808 - numba.core.byteflow - DEBUG - end state. edges=[]
2026-01-25 16:08:42,808 - numba.core.byteflow - DEBUG - pending: deque([State(pc_initial=46 nstack_initial=0), State(pc_initial=268 nstack_initial=0)])
2026-01-25 16:08:42,808 - numba.core.byteflow - DEBUG - stack: []
2026-01-25 16:08:42,808 - numba.core.byteflow - DEBUG - state.pc_initial: State(pc_initial=46 nstack_initial=0)
2026-01-25 16:08:42,808 - numba.core.byteflow - DEBUG - dispatch pc=46, inst=JUMP_FORWARD(arg=2, lineno=11)
2026-01-25 16:08:42,808 - numba.core.byteflow - DEBUG - stack []
2026-01-25 16:08:42,808 - numba.core.byteflow - DEBUG - end state. edges=[Edge(pc=52, stack=(), blockstack=(), npush=0)]
2026-01-25 16:08:42,808 - numba.core.byteflow - DEBUG - pending: deque([State(pc_initial=268 nstack_initial=0), State(pc_initial=52 nstack_initial=0)])
2026-01-25 16:08:42,808 - numba.core.byteflow - DEBUG - stack: []
2026-01-25 16:08:42,808 - numba.core.byteflow - DEBUG - state.pc_initial: State(pc_initial=268 nstack_initial=0)
2026-01-25 16:08:42,808 - numba.core.byteflow - DEBUG - dispatch pc=268, inst=RETURN_CONST(arg=0, lineno=11)
2026-01-25 16:08:42,808 - numba.core.byteflow - DEBUG - stack []
2026-01-25 16:08:42,808 - numba.core.byteflow - DEBUG - end state. edges=[]
2026-01-25 16:08:42,808 - numba.core.byteflow - DEBUG - pending: deque([State(pc_initial=52 nstack_initial=0)])
2026-01-25 16:08:42,808 - numba.core.byteflow - DEBUG - stack: []
2026-01-25 16:08:42,808 - numba.core.byteflow - DEBUG - state.pc_initial: State(pc_initial=52 nstack_initial=0)
2026-01-25 16:08:42,808 - numba.core.byteflow - DEBUG - dispatch pc=52, inst=LOAD_FAST(arg=7, lineno=11)
2026-01-25 16:08:42,808 - numba.core.byteflow - DEBUG - stack []
2026-01-25 16:08:42,808 - numba.core.byteflow - DEBUG - dispatch pc=54, inst=LOAD_FAST(arg=17, lineno=11)
2026-01-25 16:08:42,808 - numba.core.byteflow - DEBUG - stack ['$ymin52.0']
2026-01-25 16:08:42,808 - numba.core.byteflow - DEBUG - dispatch pc=56, inst=SWAP(arg=2, lineno=11)
2026-01-25 16:08:42,808 - numba.core.byteflow - DEBUG - stack ['$ymin52.0', '$y54.1']
2026-01-25 16:08:42,808 - numba.core.byteflow - DEBUG - dispatch pc=58, inst=COPY(arg=2, lineno=11)
2026-01-25 16:08:42,808 - numba.core.byteflow - DEBUG - stack ['$y54.1', '$ymin52.0']
2026-01-25 16:08:42,808 - numba.core.byteflow - DEBUG - dispatch pc=60, inst=COMPARE_OP(arg=26, lineno=11)
2026-01-25 16:08:42,808 - numba.core.byteflow - DEBUG - stack ['$y54.1', '$ymin52.0', '$y54.1']
2026-01-25 16:08:42,808 - numba.core.byteflow - DEBUG - dispatch pc=64, inst=POP_JUMP_IF_FALSE(arg=5, lineno=11)
2026-01-25 16:08:42,808 - numba.core.byteflow - DEBUG - stack ['$y54.1', '$60compare_op.2']
2026-01-25 16:08:42,809 - numba.core.byteflow - DEBUG - end state. edges=[Edge(pc=66, stack=('$y54.1',), blockstack=(), npush=0), Edge(pc=76, stack=('$y54.1',), blockstack=(), npush=0)]
2026-01-25 16:08:42,809 - numba.core.byteflow - DEBUG - pending: deque([State(pc_initial=66 nstack_initial=1), State(pc_initial=76 nstack_initial=1)])
2026-01-25 16:08:42,809 - numba.core.byteflow - DEBUG - stack: ['$phi66.0']
2026-01-25 16:08:42,809 - numba.core.byteflow - DEBUG - state.pc_initial: State(pc_initial=66 nstack_initial=1)
2026-01-25 16:08:42,809 - numba.core.byteflow - DEBUG - dispatch pc=66, inst=LOAD_FAST(arg=8, lineno=11)
2026-01-25 16:08:42,809 - numba.core.byteflow - DEBUG - stack ['$phi66.0']
2026-01-25 16:08:42,809 - numba.core.byteflow - DEBUG - dispatch pc=68, inst=COMPARE_OP(arg=26, lineno=11)
2026-01-25 16:08:42,809 - numba.core.byteflow - DEBUG - stack ['$phi66.0', '$ymax66.1']
2026-01-25 16:08:42,809 - numba.core.byteflow - DEBUG - dispatch pc=72, inst=POP_JUMP_IF_FALSE(arg=96, lineno=11)
2026-01-25 16:08:42,809 - numba.core.byteflow - DEBUG - stack ['$68compare_op.2']
2026-01-25 16:08:42,809 - numba.core.byteflow - DEBUG - end state. edges=[Edge(pc=74, stack=(), blockstack=(), npush=0), Edge(pc=266, stack=(), blockstack=(), npush=0)]
2026-01-25 16:08:42,809 - numba.core.byteflow - DEBUG - pending: deque([State(pc_initial=76 nstack_initial=1), State(pc_initial=74 nstack_initial=0), State(pc_initial=266 nstack_initial=0)])
2026-01-25 16:08:42,809 - numba.core.byteflow - DEBUG - stack: ['$phi76.0']
2026-01-25 16:08:42,809 - numba.core.byteflow - DEBUG - state.pc_initial: State(pc_initial=76 nstack_initial=1)
2026-01-25 16:08:42,809 - numba.core.byteflow - DEBUG - dispatch pc=76, inst=POP_TOP(arg=None, lineno=11)
2026-01-25 16:08:42,809 - numba.core.byteflow - DEBUG - stack ['$phi76.0']
2026-01-25 16:08:42,809 - numba.core.byteflow - DEBUG - dispatch pc=78, inst=RETURN_CONST(arg=0, lineno=11)
2026-01-25 16:08:42,809 - numba.core.byteflow - DEBUG - stack []
2026-01-25 16:08:42,809 - numba.core.byteflow - DEBUG - end state. edges=[]
2026-01-25 16:08:42,809 - numba.core.byteflow - DEBUG - pending: deque([State(pc_initial=74 nstack_initial=0), State(pc_initial=266 nstack_initial=0)])
2026-01-25 16:08:42,809 - numba.core.byteflow - DEBUG - stack: []
2026-01-25 16:08:42,809 - numba.core.byteflow - DEBUG - state.pc_initial: State(pc_initial=74 nstack_initial=0)
2026-01-25 16:08:42,809 - numba.core.byteflow - DEBUG - dispatch pc=74, inst=JUMP_FORWARD(arg=2, lineno=11)
2026-01-25 16:08:42,809 - numba.core.byteflow - DEBUG - stack []
2026-01-25 16:08:42,809 - numba.core.byteflow - DEBUG - end state. edges=[Edge(pc=80, stack=(), blockstack=(), npush=0)]
2026-01-25 16:08:42,809 - numba.core.byteflow - DEBUG - pending: deque([State(pc_initial=266 nstack_initial=0), State(pc_initial=80 nstack_initial=0)])
2026-01-25 16:08:42,809 - numba.core.byteflow - DEBUG - stack: []
2026-01-25 16:08:42,809 - numba.core.byteflow - DEBUG - state.pc_initial: State(pc_initial=266 nstack_initial=0)
2026-01-25 16:08:42,809 - numba.core.byteflow - DEBUG - dispatch pc=266, inst=RETURN_CONST(arg=0, lineno=11)
2026-01-25 16:08:42,809 - numba.core.byteflow - DEBUG - stack []
2026-01-25 16:08:42,809 - numba.core.byteflow - DEBUG - end state. edges=[]
2026-01-25 16:08:42,809 - numba.core.byteflow - DEBUG - pending: deque([State(pc_initial=80 nstack_initial=0)])
2026-01-25 16:08:42,809 - numba.core.byteflow - DEBUG - stack: []
2026-01-25 16:08:42,809 - numba.core.byteflow - DEBUG - state.pc_initial: State(pc_initial=80 nstack_initial=0)
2026-01-25 16:08:42,809 - numba.core.byteflow - DEBUG - dispatch pc=80, inst=LOAD_GLOBAL(arg=1, lineno=12)
2026-01-25 16:08:42,810 - numba.core.byteflow - DEBUG - stack []
2026-01-25 16:08:42,810 - numba.core.byteflow - DEBUG - dispatch pc=90, inst=LOAD_GLOBAL(arg=3, lineno=12)
2026-01-25 16:08:42,810 - numba.core.byteflow - DEBUG - stack ['$null$80.1', '$80load_global.0']
2026-01-25 16:08:42,810 - numba.core.byteflow - DEBUG - dispatch pc=100, inst=LOAD_FAST(arg=16, lineno=12)
2026-01-25 16:08:42,810 - numba.core.byteflow - DEBUG - stack ['$null$80.1', '$80load_global.0', '$null$90.3', '$90load_global.2']
2026-01-25 16:08:42,810 - numba.core.byteflow - DEBUG - dispatch pc=102, inst=CALL(arg=1, lineno=12)
2026-01-25 16:08:42,810 - numba.core.byteflow - DEBUG - stack ['$null$80.1', '$80load_global.0', '$null$90.3', '$90load_global.2', '$x100.4']
2026-01-25 16:08:42,810 - numba.core.byteflow - DEBUG - dispatch pc=110, inst=LOAD_FAST(arg=1, lineno=12)
2026-01-25 16:08:42,810 - numba.core.byteflow - DEBUG - stack ['$null$80.1', '$80load_global.0', '$102call.5']
2026-01-25 16:08:42,810 - numba.core.byteflow - DEBUG - dispatch pc=112, inst=BINARY_OP(arg=5, lineno=12)
2026-01-25 16:08:42,810 - numba.core.byteflow - DEBUG - stack ['$null$80.1', '$80load_global.0', '$102call.5', '$sx110.6']
2026-01-25 16:08:42,810 - numba.core.byteflow - DEBUG - dispatch pc=116, inst=LOAD_FAST(arg=2, lineno=12)
2026-01-25 16:08:42,810 - numba.core.byteflow - DEBUG - stack ['$null$80.1', '$80load_global.0', '$binop_mul112.7']
2026-01-25 16:08:42,810 - numba.core.byteflow - DEBUG - dispatch pc=118, inst=BINARY_OP(arg=0, lineno=12)
2026-01-25 16:08:42,810 - numba.core.byteflow - DEBUG - stack ['$null$80.1', '$80load_global.0', '$binop_mul112.7', '$tx116.8']
2026-01-25 16:08:42,810 - numba.core.byteflow - DEBUG - dispatch pc=122, inst=CALL(arg=1, lineno=12)
2026-01-25 16:08:42,810 - numba.core.byteflow - DEBUG - stack ['$null$80.1', '$80load_global.0', '$binop_add118.9']
2026-01-25 16:08:42,810 - numba.core.byteflow - DEBUG - dispatch pc=130, inst=STORE_FAST(arg=18, lineno=12)
2026-01-25 16:08:42,810 - numba.core.byteflow - DEBUG - stack ['$122call.10']
2026-01-25 16:08:42,810 - numba.core.byteflow - DEBUG - dispatch pc=132, inst=LOAD_GLOBAL(arg=1, lineno=13)
2026-01-25 16:08:42,810 - numba.core.byteflow - DEBUG - stack []
2026-01-25 16:08:42,810 - numba.core.byteflow - DEBUG - dispatch pc=142, inst=LOAD_GLOBAL(arg=5, lineno=13)
2026-01-25 16:08:42,810 - numba.core.byteflow - DEBUG - stack ['$null$132.12', '$132load_global.11']
2026-01-25 16:08:42,810 - numba.core.byteflow - DEBUG - dispatch pc=152, inst=LOAD_FAST(arg=17, lineno=13)
2026-01-25 16:08:42,810 - numba.core.byteflow - DEBUG - stack ['$null$132.12', '$132load_global.11', '$null$142.14', '$142load_global.13']
2026-01-25 16:08:42,810 - numba.core.byteflow - DEBUG - dispatch pc=154, inst=CALL(arg=1, lineno=13)
2026-01-25 16:08:42,810 - numba.core.byteflow - DEBUG - stack ['$null$132.12', '$132load_global.11', '$null$142.14', '$142load_global.13', '$y152.15']
2026-01-25 16:08:42,810 - numba.core.byteflow - DEBUG - dispatch pc=162, inst=LOAD_FAST(arg=3, lineno=13)
2026-01-25 16:08:42,810 - numba.core.byteflow - DEBUG - stack ['$null$132.12', '$132load_global.11', '$154call.16']
2026-01-25 16:08:42,810 - numba.core.byteflow - DEBUG - dispatch pc=164, inst=BINARY_OP(arg=5, lineno=13)
2026-01-25 16:08:42,810 - numba.core.byteflow - DEBUG - stack ['$null$132.12', '$132load_global.11', '$154call.16', '$sy162.17']
2026-01-25 16:08:42,810 - numba.core.byteflow - DEBUG - dispatch pc=168, inst=LOAD_FAST(arg=4, lineno=13)
2026-01-25 16:08:42,810 - numba.core.byteflow - DEBUG - stack ['$null$132.12', '$132load_global.11', '$binop_mul164.18']
2026-01-25 16:08:42,810 - numba.core.byteflow - DEBUG - dispatch pc=170, inst=BINARY_OP(arg=0, lineno=13)
2026-01-25 16:08:42,810 - numba.core.byteflow - DEBUG - stack ['$null$132.12', '$132load_global.11', '$binop_mul164.18', '$ty168.19']
2026-01-25 16:08:42,810 - numba.core.byteflow - DEBUG - dispatch pc=174, inst=CALL(arg=1, lineno=13)
2026-01-25 16:08:42,810 - numba.core.byteflow - DEBUG - stack ['$null$132.12', '$132load_global.11', '$binop_add170.20']
2026-01-25 16:08:42,810 - numba.core.byteflow - DEBUG - dispatch pc=182, inst=STORE_FAST(arg=19, lineno=13)
2026-01-25 16:08:42,810 - numba.core.byteflow - DEBUG - stack ['$174call.21']
2026-01-25 16:08:42,810 - numba.core.byteflow - DEBUG - dispatch pc=184, inst=LOAD_FAST(arg=18, lineno=15)
2026-01-25 16:08:42,810 - numba.core.byteflow - DEBUG - stack []
2026-01-25 16:08:42,810 - numba.core.byteflow - DEBUG - dispatch pc=186, inst=LOAD_FAST(arg=11, lineno=15)
2026-01-25 16:08:42,810 - numba.core.byteflow - DEBUG - stack ['$xx184.22']
2026-01-25 16:08:42,810 - numba.core.byteflow - DEBUG - dispatch pc=188, inst=COMPARE_OP(arg=92, lineno=15)
2026-01-25 16:08:42,810 - numba.core.byteflow - DEBUG - stack ['$xx184.22', '$xxmax186.23']
2026-01-25 16:08:42,810 - numba.core.byteflow - DEBUG - dispatch pc=192, inst=POP_JUMP_IF_FALSE(arg=5, lineno=15)
2026-01-25 16:08:42,810 - numba.core.byteflow - DEBUG - stack ['$188compare_op.24']
2026-01-25 16:08:42,811 - numba.core.byteflow - DEBUG - end state. edges=[Edge(pc=194, stack=(), blockstack=(), npush=0), Edge(pc=204, stack=(), blockstack=(), npush=0)]
2026-01-25 16:08:42,811 - numba.core.byteflow - DEBUG - pending: deque([State(pc_initial=194 nstack_initial=0), State(pc_initial=204 nstack_initial=0)])
2026-01-25 16:08:42,811 - numba.core.byteflow - DEBUG - stack: []
2026-01-25 16:08:42,811 - numba.core.byteflow - DEBUG - state.pc_initial: State(pc_initial=194 nstack_initial=0)
2026-01-25 16:08:42,811 - numba.core.byteflow - DEBUG - dispatch pc=194, inst=LOAD_FAST(arg=11, lineno=15)
2026-01-25 16:08:42,811 - numba.core.byteflow - DEBUG - stack []
2026-01-25 16:08:42,811 - numba.core.byteflow - DEBUG - dispatch pc=196, inst=LOAD_CONST(arg=1, lineno=15)
2026-01-25 16:08:42,811 - numba.core.byteflow - DEBUG - stack ['$xxmax194.0']
2026-01-25 16:08:42,811 - numba.core.byteflow - DEBUG - dispatch pc=198, inst=BINARY_OP(arg=10, lineno=15)
2026-01-25 16:08:42,811 - numba.core.byteflow - DEBUG - stack ['$xxmax194.0', '$const196.1.1']
2026-01-25 16:08:42,811 - numba.core.byteflow - DEBUG - dispatch pc=202, inst=JUMP_FORWARD(arg=1, lineno=15)
2026-01-25 16:08:42,811 - numba.core.byteflow - DEBUG - stack ['$binop_sub198.2']
2026-01-25 16:08:42,811 - numba.core.byteflow - DEBUG - end state. edges=[Edge(pc=206, stack=('$binop_sub198.2',), blockstack=(), npush=0)]
2026-01-25 16:08:42,811 - numba.core.byteflow - DEBUG - pending: deque([State(pc_initial=204 nstack_initial=0), State(pc_initial=206 nstack_initial=1)])
2026-01-25 16:08:42,811 - numba.core.byteflow - DEBUG - stack: []
2026-01-25 16:08:42,811 - numba.core.byteflow - DEBUG - state.pc_initial: State(pc_initial=204 nstack_initial=0)
2026-01-25 16:08:42,811 - numba.core.byteflow - DEBUG - dispatch pc=204, inst=LOAD_FAST(arg=18, lineno=15)
2026-01-25 16:08:42,811 - numba.core.byteflow - DEBUG - stack []
2026-01-25 16:08:42,811 - numba.core.byteflow - DEBUG - end state. edges=[Edge(pc=206, stack=('$xx204.0',), blockstack=(), npush=0)]
2026-01-25 16:08:42,811 - numba.core.byteflow - DEBUG - pending: deque([State(pc_initial=206 nstack_initial=1), State(pc_initial=206 nstack_initial=1)])
2026-01-25 16:08:42,811 - numba.core.byteflow - DEBUG - stack: ['$phi206.0']
2026-01-25 16:08:42,811 - numba.core.byteflow - DEBUG - state.pc_initial: State(pc_initial=206 nstack_initial=1)
2026-01-25 16:08:42,811 - numba.core.byteflow - DEBUG - dispatch pc=206, inst=LOAD_FAST(arg=19, lineno=16)
2026-01-25 16:08:42,811 - numba.core.byteflow - DEBUG - stack ['$phi206.0']
2026-01-25 16:08:42,811 - numba.core.byteflow - DEBUG - dispatch pc=208, inst=LOAD_FAST(arg=12, lineno=16)
2026-01-25 16:08:42,811 - numba.core.byteflow - DEBUG - stack ['$phi206.0', '$yy206.1']
2026-01-25 16:08:42,811 - numba.core.byteflow - DEBUG - dispatch pc=210, inst=COMPARE_OP(arg=92, lineno=16)
2026-01-25 16:08:42,811 - numba.core.byteflow - DEBUG - stack ['$phi206.0', '$yy206.1', '$yymax208.2']
2026-01-25 16:08:42,811 - numba.core.byteflow - DEBUG - dispatch pc=214, inst=POP_JUMP_IF_FALSE(arg=5, lineno=16)
2026-01-25 16:08:42,811 - numba.core.byteflow - DEBUG - stack ['$phi206.0', '$210compare_op.3']
2026-01-25 16:08:42,811 - numba.core.byteflow - DEBUG - end state. edges=[Edge(pc=216, stack=('$phi206.0',), blockstack=(), npush=0), Edge(pc=226, stack=('$phi206.0',), blockstack=(), npush=0)]
2026-01-25 16:08:42,811 - numba.core.byteflow - DEBUG - pending: deque([State(pc_initial=206 nstack_initial=1), State(pc_initial=216 nstack_initial=1), State(pc_initial=226 nstack_initial=1)])
2026-01-25 16:08:42,811 - numba.core.byteflow - DEBUG - pending: deque([State(pc_initial=216 nstack_initial=1), State(pc_initial=226 nstack_initial=1)])
2026-01-25 16:08:42,811 - numba.core.byteflow - DEBUG - stack: ['$phi216.0']
2026-01-25 16:08:42,811 - numba.core.byteflow - DEBUG - state.pc_initial: State(pc_initial=216 nstack_initial=1)
2026-01-25 16:08:42,811 - numba.core.byteflow - DEBUG - dispatch pc=216, inst=LOAD_FAST(arg=12, lineno=16)
2026-01-25 16:08:42,811 - numba.core.byteflow - DEBUG - stack ['$phi216.0']
2026-01-25 16:08:42,811 - numba.core.byteflow - DEBUG - dispatch pc=218, inst=LOAD_CONST(arg=1, lineno=16)
2026-01-25 16:08:42,811 - numba.core.byteflow - DEBUG - stack ['$phi216.0', '$yymax216.1']
2026-01-25 16:08:42,811 - numba.core.byteflow - DEBUG - dispatch pc=220, inst=BINARY_OP(arg=10, lineno=16)
2026-01-25 16:08:42,811 - numba.core.byteflow - DEBUG - stack ['$phi216.0', '$yymax216.1', '$const218.2.1']
2026-01-25 16:08:42,811 - numba.core.byteflow - DEBUG - dispatch pc=224, inst=JUMP_FORWARD(arg=1, lineno=16)
2026-01-25 16:08:42,811 - numba.core.byteflow - DEBUG - stack ['$phi216.0', '$binop_sub220.3']
2026-01-25 16:08:42,811 - numba.core.byteflow - DEBUG - end state. edges=[Edge(pc=228, stack=('$phi216.0', '$binop_sub220.3'), blockstack=(), npush=0)]
2026-01-25 16:08:42,811 - numba.core.byteflow - DEBUG - pending: deque([State(pc_initial=226 nstack_initial=1), State(pc_initial=228 nstack_initial=2)])
2026-01-25 16:08:42,811 - numba.core.byteflow - DEBUG - stack: ['$phi226.0']
2026-01-25 16:08:42,811 - numba.core.byteflow - DEBUG - state.pc_initial: State(pc_initial=226 nstack_initial=1)
2026-01-25 16:08:42,811 - numba.core.byteflow - DEBUG - dispatch pc=226, inst=LOAD_FAST(arg=19, lineno=16)
2026-01-25 16:08:42,811 - numba.core.byteflow - DEBUG - stack ['$phi226.0']
2026-01-25 16:08:42,811 - numba.core.byteflow - DEBUG - end state. edges=[Edge(pc=228, stack=('$phi226.0', '$yy226.1'), blockstack=(), npush=0)]
2026-01-25 16:08:42,811 - numba.core.byteflow - DEBUG - pending: deque([State(pc_initial=228 nstack_initial=2), State(pc_initial=228 nstack_initial=2)])
2026-01-25 16:08:42,811 - numba.core.byteflow - DEBUG - stack: ['$phi228.0', '$phi228.1']
2026-01-25 16:08:42,811 - numba.core.byteflow - DEBUG - state.pc_initial: State(pc_initial=228 nstack_initial=2)
2026-01-25 16:08:42,811 - numba.core.byteflow - DEBUG - dispatch pc=228, inst=STORE_FAST(arg=21, lineno=15)
2026-01-25 16:08:42,811 - numba.core.byteflow - DEBUG - stack ['$phi228.0', '$phi228.1']
2026-01-25 16:08:42,812 - numba.core.byteflow - DEBUG - dispatch pc=230, inst=STORE_FAST(arg=20, lineno=15)
2026-01-25 16:08:42,812 - numba.core.byteflow - DEBUG - stack ['$phi228.0']
2026-01-25 16:08:42,812 - numba.core.byteflow - DEBUG - dispatch pc=232, inst=LOAD_GLOBAL(arg=7, lineno=17)
2026-01-25 16:08:42,812 - numba.core.byteflow - DEBUG - stack []
2026-01-25 16:08:42,812 - numba.core.byteflow - DEBUG - dispatch pc=242, inst=LOAD_FAST(arg=0, lineno=17)
2026-01-25 16:08:42,812 - numba.core.byteflow - DEBUG - stack ['$null$232.3', '$232load_global.2']
2026-01-25 16:08:42,812 - numba.core.byteflow - DEBUG - dispatch pc=244, inst=LOAD_FAST(arg=20, lineno=17)
2026-01-25 16:08:42,812 - numba.core.byteflow - DEBUG - stack ['$null$232.3', '$232load_global.2', '$i242.4']
2026-01-25 16:08:42,812 - numba.core.byteflow - DEBUG - dispatch pc=246, inst=LOAD_FAST(arg=21, lineno=17)
2026-01-25 16:08:42,812 - numba.core.byteflow - DEBUG - stack ['$null$232.3', '$232load_global.2', '$i242.4', '$xi244.5']
2026-01-25 16:08:42,812 - numba.core.byteflow - DEBUG - dispatch pc=248, inst=LOAD_FAST(arg=13, lineno=17)
2026-01-25 16:08:42,812 - numba.core.byteflow - DEBUG - stack ['$null$232.3', '$232load_global.2', '$i242.4', '$xi244.5', '$yi246.6']
2026-01-25 16:08:42,812 - numba.core.byteflow - DEBUG - dispatch pc=250, inst=LOAD_FAST(arg=14, lineno=17)
2026-01-25 16:08:42,812 - numba.core.byteflow - DEBUG - stack ['$null$232.3', '$232load_global.2', '$i242.4', '$xi244.5', '$yi246.6', '$_0248.7']
2026-01-25 16:08:42,812 - numba.core.byteflow - DEBUG - dispatch pc=252, inst=LOAD_FAST(arg=15, lineno=17)
2026-01-25 16:08:42,812 - numba.core.byteflow - DEBUG - stack ['$null$232.3', '$232load_global.2', '$i242.4', '$xi244.5', '$yi246.6', '$_0248.7', '$_1250.8']
2026-01-25 16:08:42,812 - numba.core.byteflow - DEBUG - dispatch pc=254, inst=CALL(arg=6, lineno=17)
2026-01-25 16:08:42,812 - numba.core.byteflow - DEBUG - stack ['$null$232.3', '$232load_global.2', '$i242.4', '$xi244.5', '$yi246.6', '$_0248.7', '$_1250.8', '$_2252.9']
2026-01-25 16:08:42,812 - numba.core.byteflow - DEBUG - dispatch pc=262, inst=POP_TOP(arg=None, lineno=17)
2026-01-25 16:08:42,812 - numba.core.byteflow - DEBUG - stack ['$254call.10']
2026-01-25 16:08:42,812 - numba.core.byteflow - DEBUG - dispatch pc=264, inst=RETURN_CONST(arg=0, lineno=17)
2026-01-25 16:08:42,812 - numba.core.byteflow - DEBUG - stack []
2026-01-25 16:08:42,812 - numba.core.byteflow - DEBUG - end state. edges=[]
2026-01-25 16:08:42,812 - numba.core.byteflow - DEBUG - pending: deque([State(pc_initial=228 nstack_initial=2)])
2026-01-25 16:08:42,812 - numba.core.byteflow - DEBUG - -------------------------Prune PHIs-------------------------
2026-01-25 16:08:42,812 - numba.core.byteflow - DEBUG - Used_phis: defaultdict(<class 'set'>,
            {State(pc_initial=0 nstack_initial=0): set(),
             State(pc_initial=38 nstack_initial=1): {'$phi38.0'},
             State(pc_initial=46 nstack_initial=0): set(),
             State(pc_initial=48 nstack_initial=1): set(),
             State(pc_initial=52 nstack_initial=0): set(),
             State(pc_initial=66 nstack_initial=1): {'$phi66.0'},
             State(pc_initial=74 nstack_initial=0): set(),
             State(pc_initial=76 nstack_initial=1): set(),
             State(pc_initial=80 nstack_initial=0): set(),
             State(pc_initial=194 nstack_initial=0): set(),
             State(pc_initial=204 nstack_initial=0): set(),
             State(pc_initial=206 nstack_initial=1): set(),
             State(pc_initial=216 nstack_initial=1): set(),
             State(pc_initial=226 nstack_initial=1): set(),
             State(pc_initial=228 nstack_initial=2): {'$phi228.0', '$phi228.1'},
             State(pc_initial=266 nstack_initial=0): set(),
             State(pc_initial=268 nstack_initial=0): set()})
2026-01-25 16:08:42,812 - numba.core.byteflow - DEBUG - defmap: {'$phi206.0': State(pc_initial=194 nstack_initial=0),
 '$phi228.1': State(pc_initial=216 nstack_initial=1),
 '$phi38.0': State(pc_initial=0 nstack_initial=0),
 '$phi48.0': State(pc_initial=0 nstack_initial=0),
 '$phi66.0': State(pc_initial=52 nstack_initial=0),
 '$phi76.0': State(pc_initial=52 nstack_initial=0)}
2026-01-25 16:08:42,812 - numba.core.byteflow - DEBUG - phismap: defaultdict(<class 'set'>,
            {'$phi206.0': {('$binop_sub198.2',
                            State(pc_initial=194 nstack_initial=0)),
                           ('$xx204.0',
                            State(pc_initial=204 nstack_initial=0))},
             '$phi216.0': {('$phi206.0',
                            State(pc_initial=206 nstack_initial=1))},
             '$phi226.0': {('$phi206.0',
                            State(pc_initial=206 nstack_initial=1))},
             '$phi228.0': {('$phi216.0',
                            State(pc_initial=216 nstack_initial=1)),
                           ('$phi226.0',
                            State(pc_initial=226 nstack_initial=1))},
             '$phi228.1': {('$binop_sub220.3',
                            State(pc_initial=216 nstack_initial=1)),
                           ('$yy226.1',
                            State(pc_initial=226 nstack_initial=1))},
             '$phi38.0': {('$x26.7', State(pc_initial=0 nstack_initial=0))},
             '$phi48.0': {('$x26.7', State(pc_initial=0 nstack_initial=0))},
             '$phi66.0': {('$y54.1', State(pc_initial=52 nstack_initial=0))},
             '$phi76.0': {('$y54.1', State(pc_initial=52 nstack_initial=0))}})
2026-01-25 16:08:42,813 - numba.core.byteflow - DEBUG - changing phismap: defaultdict(<class 'set'>,
            {'$phi206.0': {('$binop_sub198.2',
                            State(pc_initial=194 nstack_initial=0)),
                           ('$xx204.0',
                            State(pc_initial=204 nstack_initial=0))},
             '$phi216.0': {('$binop_sub198.2',
                            State(pc_initial=194 nstack_initial=0)),
                           ('$xx204.0',
                            State(pc_initial=204 nstack_initial=0))},
             '$phi226.0': {('$binop_sub198.2',
                            State(pc_initial=194 nstack_initial=0)),
                           ('$xx204.0',
                            State(pc_initial=204 nstack_initial=0))},
             '$phi228.0': {('$binop_sub198.2',
                            State(pc_initial=194 nstack_initial=0)),
                           ('$xx204.0',
                            State(pc_initial=204 nstack_initial=0))},
             '$phi228.1': {('$binop_sub220.3',
                            State(pc_initial=216 nstack_initial=1)),
                           ('$yy226.1',
                            State(pc_initial=226 nstack_initial=1))},
             '$phi38.0': {('$x26.7', State(pc_initial=0 nstack_initial=0))},
             '$phi48.0': {('$x26.7', State(pc_initial=0 nstack_initial=0))},
             '$phi66.0': {('$y54.1', State(pc_initial=52 nstack_initial=0))},
             '$phi76.0': {('$y54.1', State(pc_initial=52 nstack_initial=0))}})
2026-01-25 16:08:42,813 - numba.core.byteflow - DEBUG - changing phismap: defaultdict(<class 'set'>,
            {'$phi206.0': {('$binop_sub198.2',
                            State(pc_initial=194 nstack_initial=0)),
                           ('$xx204.0',
                            State(pc_initial=204 nstack_initial=0))},
             '$phi216.0': {('$binop_sub198.2',
                            State(pc_initial=194 nstack_initial=0)),
                           ('$xx204.0',
                            State(pc_initial=204 nstack_initial=0))},
             '$phi226.0': {('$binop_sub198.2',
                            State(pc_initial=194 nstack_initial=0)),
                           ('$xx204.0',
                            State(pc_initial=204 nstack_initial=0))},
             '$phi228.0': {('$binop_sub198.2',
                            State(pc_initial=194 nstack_initial=0)),
                           ('$xx204.0',
                            State(pc_initial=204 nstack_initial=0))},
             '$phi228.1': {('$binop_sub220.3',
                            State(pc_initial=216 nstack_initial=1)),
                           ('$yy226.1',
                            State(pc_initial=226 nstack_initial=1))},
             '$phi38.0': {('$x26.7', State(pc_initial=0 nstack_initial=0))},
             '$phi48.0': {('$x26.7', State(pc_initial=0 nstack_initial=0))},
             '$phi66.0': {('$y54.1', State(pc_initial=52 nstack_initial=0))},
             '$phi76.0': {('$y54.1', State(pc_initial=52 nstack_initial=0))}})
2026-01-25 16:08:42,813 - numba.core.byteflow - DEBUG - keep phismap: {'$phi228.0': {('$binop_sub198.2', State(pc_initial=194 nstack_initial=0)),
               ('$xx204.0', State(pc_initial=204 nstack_initial=0))},
 '$phi228.1': {('$binop_sub220.3', State(pc_initial=216 nstack_initial=1)),
               ('$yy226.1', State(pc_initial=226 nstack_initial=1))},
 '$phi38.0': {('$x26.7', State(pc_initial=0 nstack_initial=0))},
 '$phi66.0': {('$y54.1', State(pc_initial=52 nstack_initial=0))}}
2026-01-25 16:08:42,814 - numba.core.byteflow - DEBUG - new_out: defaultdict(<class 'dict'>,
            {State(pc_initial=0 nstack_initial=0): {'$phi38.0': '$x26.7'},
             State(pc_initial=52 nstack_initial=0): {'$phi66.0': '$y54.1'},
             State(pc_initial=194 nstack_initial=0): {'$phi228.0': '$binop_sub198.2'},
             State(pc_initial=204 nstack_initial=0): {'$phi228.0': '$xx204.0'},
             State(pc_initial=216 nstack_initial=1): {'$phi228.1': '$binop_sub220.3'},
             State(pc_initial=226 nstack_initial=1): {'$phi228.1': '$yy226.1'}})
2026-01-25 16:08:42,814 - numba.core.byteflow - DEBUG - ----------------------DONE Prune PHIs-----------------------
2026-01-25 16:08:42,814 - numba.core.byteflow - DEBUG - block_infos State(pc_initial=0 nstack_initial=0):
AdaptBlockInfo(insts=((0, {}), (2, {}), (4, {'res': '$xs4.0'}), (6, {'res': '$i6.1'}), (8, {'index': '$i6.1', 'target': '$xs4.0', 'res': '$8binary_subscr.2'}), (12, {'value': '$8binary_subscr.2'}), (14, {'res': '$ys14.3'}), (16, {'res': '$i16.4'}), (18, {'index': '$i16.4', 'target': '$ys14.3', 'res': '$18binary_subscr.5'}), (22, {'value': '$18binary_subscr.5'}), (24, {'res': '$xmin24.6'}), (26, {'res': '$x26.7'}), (32, {'lhs': '$xmin24.6', 'rhs': '$x26.7', 'res': '$32compare_op.8'}), (36, {'pred': '$32compare_op.8'})), outgoing_phis={'$phi38.0': '$x26.7'}, blockstack=(), active_try_block=None, outgoing_edgepushed={38: ('$x26.7',), 48: ('$x26.7',)})
2026-01-25 16:08:42,814 - numba.core.byteflow - DEBUG - block_infos State(pc_initial=38 nstack_initial=1):
AdaptBlockInfo(insts=((38, {'res': '$xmax38.1'}), (40, {'lhs': '$phi38.0', 'rhs': '$xmax38.1', 'res': '$40compare_op.2'}), (44, {'pred': '$40compare_op.2'})), outgoing_phis={}, blockstack=(), active_try_block=None, outgoing_edgepushed={46: (), 268: ()})
2026-01-25 16:08:42,814 - numba.core.byteflow - DEBUG - block_infos State(pc_initial=46 nstack_initial=0):
AdaptBlockInfo(insts=((46, {}),), outgoing_phis={}, blockstack=(), active_try_block=None, outgoing_edgepushed={52: ()})
2026-01-25 16:08:42,814 - numba.core.byteflow - DEBUG - block_infos State(pc_initial=48 nstack_initial=1):
AdaptBlockInfo(insts=((50, {'retval': '$const50.1', 'castval': '$50return_const.2'}),), outgoing_phis={}, blockstack=(), active_try_block=None, outgoing_edgepushed={})
2026-01-25 16:08:42,814 - numba.core.byteflow - DEBUG - block_infos State(pc_initial=52 nstack_initial=0):
AdaptBlockInfo(insts=((52, {'res': '$ymin52.0'}), (54, {'res': '$y54.1'}), (60, {'lhs': '$ymin52.0', 'rhs': '$y54.1', 'res': '$60compare_op.2'}), (64, {'pred': '$60compare_op.2'})), outgoing_phis={'$phi66.0': '$y54.1'}, blockstack=(), active_try_block=None, outgoing_edgepushed={66: ('$y54.1',), 76: ('$y54.1',)})
2026-01-25 16:08:42,814 - numba.core.byteflow - DEBUG - block_infos State(pc_initial=66 nstack_initial=1):
AdaptBlockInfo(insts=((66, {'res': '$ymax66.1'}), (68, {'lhs': '$phi66.0', 'rhs': '$ymax66.1', 'res': '$68compare_op.2'}), (72, {'pred': '$68compare_op.2'})), outgoing_phis={}, blockstack=(), active_try_block=None, outgoing_edgepushed={74: (), 266: ()})
2026-01-25 16:08:42,814 - numba.core.byteflow - DEBUG - block_infos State(pc_initial=74 nstack_initial=0):
AdaptBlockInfo(insts=((74, {}),), outgoing_phis={}, blockstack=(), active_try_block=None, outgoing_edgepushed={80: ()})
2026-01-25 16:08:42,814 - numba.core.byteflow - DEBUG - block_infos State(pc_initial=76 nstack_initial=1):
AdaptBlockInfo(insts=((78, {'retval': '$const78.1', 'castval': '$78return_const.2'}),), outgoing_phis={}, blockstack=(), active_try_block=None, outgoing_edgepushed={})
2026-01-25 16:08:42,814 - numba.core.byteflow - DEBUG - block_infos State(pc_initial=80 nstack_initial=0):
AdaptBlockInfo(insts=((80, {'idx': 0, 'res': '$80load_global.0'}), (90, {'idx': 1, 'res': '$90load_global.2'}), (100, {'res': '$x100.4'}), (102, {'func': '$90load_global.2', 'args': ['$x100.4'], 'kw_names': None, 'res': '$102call.5'}), (110, {'res': '$sx110.6'}), (112, {'op': '*', 'lhs': '$102call.5', 'rhs': '$sx110.6', 'res': '$binop_mul112.7'}), (116, {'res': '$tx116.8'}), (118, {'op': '+', 'lhs': '$binop_mul112.7', 'rhs': '$tx116.8', 'res': '$binop_add118.9'}), (122, {'func': '$80load_global.0', 'args': ['$binop_add118.9'], 'kw_names': None, 'res': '$122call.10'}), (130, {'value': '$122call.10'}), (132, {'idx': 0, 'res': '$132load_global.11'}), (142, {'idx': 2, 'res': '$142load_global.13'}), (152, {'res': '$y152.15'}), (154, {'func': '$142load_global.13', 'args': ['$y152.15'], 'kw_names': None, 'res': '$154call.16'}), (162, {'res': '$sy162.17'}), (164, {'op': '*', 'lhs': '$154call.16', 'rhs': '$sy162.17', 'res': '$binop_mul164.18'}), (168, {'res': '$ty168.19'}), (170, {'op': '+', 'lhs': '$binop_mul164.18', 'rhs': '$ty168.19', 'res': '$binop_add170.20'}), (174, {'func': '$132load_global.11', 'args': ['$binop_add170.20'], 'kw_names': None, 'res': '$174call.21'}), (182, {'value': '$174call.21'}), (184, {'res': '$xx184.22'}), (186, {'res': '$xxmax186.23'}), (188, {'lhs': '$xx184.22', 'rhs': '$xxmax186.23', 'res': '$188compare_op.24'}), (192, {'pred': '$188compare_op.24'})), outgoing_phis={}, blockstack=(), active_try_block=None, outgoing_edgepushed={194: (), 204: ()})
2026-01-25 16:08:42,814 - numba.core.byteflow - DEBUG - block_infos State(pc_initial=194 nstack_initial=0):
AdaptBlockInfo(insts=((194, {'res': '$xxmax194.0'}), (196, {'res': '$const196.1.1'}), (198, {'op': '-', 'lhs': '$xxmax194.0', 'rhs': '$const196.1.1', 'res': '$binop_sub198.2'}), (202, {})), outgoing_phis={'$phi228.0': '$binop_sub198.2'}, blockstack=(), active_try_block=None, outgoing_edgepushed={206: ('$binop_sub198.2',)})
2026-01-25 16:08:42,814 - numba.core.byteflow - DEBUG - block_infos State(pc_initial=204 nstack_initial=0):
AdaptBlockInfo(insts=((204, {'res': '$xx204.0'}),), outgoing_phis={'$phi228.0': '$xx204.0'}, blockstack=(), active_try_block=None, outgoing_edgepushed={206: ('$xx204.0',)})
2026-01-25 16:08:42,814 - numba.core.byteflow - DEBUG - block_infos State(pc_initial=206 nstack_initial=1):
AdaptBlockInfo(insts=((206, {'res': '$yy206.1'}), (208, {'res': '$yymax208.2'}), (210, {'lhs': '$yy206.1', 'rhs': '$yymax208.2', 'res': '$210compare_op.3'}), (214, {'pred': '$210compare_op.3'})), outgoing_phis={}, blockstack=(), active_try_block=None, outgoing_edgepushed={216: ('$phi206.0',), 226: ('$phi206.0',)})
2026-01-25 16:08:42,814 - numba.core.byteflow - DEBUG - block_infos State(pc_initial=216 nstack_initial=1):
AdaptBlockInfo(insts=((216, {'res': '$yymax216.1'}), (218, {'res': '$const218.2.1'}), (220, {'op': '-', 'lhs': '$yymax216.1', 'rhs': '$const218.2.1', 'res': '$binop_sub220.3'}), (224, {})), outgoing_phis={'$phi228.1': '$binop_sub220.3'}, blockstack=(), active_try_block=None, outgoing_edgepushed={228: ('$phi216.0', '$binop_sub220.3')})
2026-01-25 16:08:42,814 - numba.core.byteflow - DEBUG - block_infos State(pc_initial=226 nstack_initial=1):
AdaptBlockInfo(insts=((226, {'res': '$yy226.1'}),), outgoing_phis={'$phi228.1': '$yy226.1'}, blockstack=(), active_try_block=None, outgoing_edgepushed={228: ('$phi226.0', '$yy226.1')})
2026-01-25 16:08:42,814 - numba.core.byteflow - DEBUG - block_infos State(pc_initial=228 nstack_initial=2):
AdaptBlockInfo(insts=((228, {'value': '$phi228.1'}), (230, {'value': '$phi228.0'}), (232, {'idx': 3, 'res': '$232load_global.2'}), (242, {'res': '$i242.4'}), (244, {'res': '$xi244.5'}), (246, {'res': '$yi246.6'}), (248, {'res': '$_0248.7'}), (250, {'res': '$_1250.8'}), (252, {'res': '$_2252.9'}), (254, {'func': '$232load_global.2', 'args': ['$i242.4', '$xi244.5', '$yi246.6', '$_0248.7', '$_1250.8', '$_2252.9'], 'kw_names': None, 'res': '$254call.10'}), (264, {'retval': '$const264.11', 'castval': '$264return_const.12'})), outgoing_phis={}, blockstack=(), active_try_block=None, outgoing_edgepushed={})
2026-01-25 16:08:42,815 - numba.core.byteflow - DEBUG - block_infos State(pc_initial=266 nstack_initial=0):
AdaptBlockInfo(insts=((266, {'retval': '$const266.0', 'castval': '$266return_const.1'}),), outgoing_phis={}, blockstack=(), active_try_block=None, outgoing_edgepushed={})
2026-01-25 16:08:42,815 - numba.core.byteflow - DEBUG - block_infos State(pc_initial=268 nstack_initial=0):
AdaptBlockInfo(insts=((268, {'retval': '$const268.0', 'castval': '$268return_const.1'}),), outgoing_phis={}, blockstack=(), active_try_block=None, outgoing_edgepushed={})
2026-01-25 16:08:42,815 - numba.core.interpreter - DEBUG - label 0:
    i = arg(0, name=i)                       ['i']
    sx = arg(1, name=sx)                     ['sx']
    tx = arg(2, name=tx)                     ['tx']
    sy = arg(3, name=sy)                     ['sy']
    ty = arg(4, name=ty)                     ['ty']
    xmin = arg(5, name=xmin)                 ['xmin']
    xmax = arg(6, name=xmax)                 ['xmax']
    ymin = arg(7, name=ymin)                 ['ymin']
    ymax = arg(8, name=ymax)                 ['ymax']
    xs = arg(9, name=xs)                     ['xs']
    ys = arg(10, name=ys)                    ['ys']
    xxmax = arg(11, name=xxmax)              ['xxmax']
    yymax = arg(12, name=yymax)              ['yymax']
    _0 = arg(13, name=_0)                    ['_0']
    _1 = arg(14, name=_1)                    ['_1']
    _2 = arg(15, name=_2)                    ['_2']
    x = getitem(value=xs, index=i, fn=<built-in function getitem>) ['i', 'x', 'xs']
    y = getitem(value=ys, index=i, fn=<built-in function getitem>) ['i', 'y', 'ys']
    $32compare_op.8 = xmin <= x              ['$32compare_op.8', 'x', 'xmin']
    $bool36 = global(bool: <class 'bool'>)   ['$bool36']
    $36pred = call $bool36($32compare_op.8, func=$bool36, args=(Var($32compare_op.8, <_perform_extend_points>:11),), kws=(), vararg=None, varkwarg=None, target=None) ['$32compare_op.8', '$36pred', '$bool36']
    $phi38.0 = x                             ['$phi38.0', 'x']
    branch $36pred, 38, 48                   ['$36pred']
label 38:
    $40compare_op.2 = $phi38.0 <= xmax       ['$40compare_op.2', '$phi38.0', 'xmax']
    $bool44 = global(bool: <class 'bool'>)   ['$bool44']
    $44pred = call $bool44($40compare_op.2, func=$bool44, args=(Var($40compare_op.2, <_perform_extend_points>:11),), kws=(), vararg=None, varkwarg=None, target=None) ['$40compare_op.2', '$44pred', '$bool44']
    branch $44pred, 46, 268                  ['$44pred']
label 46:
    jump 52                                  []
label 48:
    $const50.1 = const(NoneType, None)       ['$const50.1']
    $50return_const.2 = cast(value=$const50.1) ['$50return_const.2', '$const50.1']
    return $50return_const.2                 ['$50return_const.2']
label 52:
    $60compare_op.2 = ymin <= y              ['$60compare_op.2', 'y', 'ymin']
    $bool64 = global(bool: <class 'bool'>)   ['$bool64']
    $64pred = call $bool64($60compare_op.2, func=$bool64, args=(Var($60compare_op.2, <_perform_extend_points>:11),), kws=(), vararg=None, varkwarg=None, target=None) ['$60compare_op.2', '$64pred', '$bool64']
    $phi66.0 = y                             ['$phi66.0', 'y']
    branch $64pred, 66, 76                   ['$64pred']
label 66:
    $68compare_op.2 = $phi66.0 <= ymax       ['$68compare_op.2', '$phi66.0', 'ymax']
    $bool72 = global(bool: <class 'bool'>)   ['$bool72']
    $72pred = call $bool72($68compare_op.2, func=$bool72, args=(Var($68compare_op.2, <_perform_extend_points>:11),), kws=(), vararg=None, varkwarg=None, target=None) ['$68compare_op.2', '$72pred', '$bool72']
    branch $72pred, 74, 266                  ['$72pred']
label 74:
    jump 80                                  []
label 76:
    $const78.1 = const(NoneType, None)       ['$const78.1']
    $78return_const.2 = cast(value=$const78.1) ['$78return_const.2', '$const78.1']
    return $78return_const.2                 ['$78return_const.2']
label 80:
    $80load_global.0 = global(int: <class 'int'>) ['$80load_global.0']
    $90load_global.2 = global(x_mapper: CPUDispatcher(<function LinearAxis.mapper at 0x309960360>)) ['$90load_global.2']
    $102call.5 = call $90load_global.2(x, func=$90load_global.2, args=[Var(x, <_perform_extend_points>:6)], kws=(), vararg=None, varkwarg=None, target=None) ['$102call.5', '$90load_global.2', 'x']
    $binop_mul112.7 = $102call.5 * sx        ['$102call.5', '$binop_mul112.7', 'sx']
    $binop_add118.9 = $binop_mul112.7 + tx   ['$binop_add118.9', '$binop_mul112.7', 'tx']
    xx = call $80load_global.0($binop_add118.9, func=$80load_global.0, args=[Var($binop_add118.9, <_perform_extend_points>:12)], kws=(), vararg=None, varkwarg=None, target=None) ['$80load_global.0', '$binop_add118.9', 'xx']
    $132load_global.11 = global(int: <class 'int'>) ['$132load_global.11']
    $142load_global.13 = global(y_mapper: CPUDispatcher(<function LinearAxis.mapper at 0x309960360>)) ['$142load_global.13']
    $154call.16 = call $142load_global.13(y, func=$142load_global.13, args=[Var(y, <_perform_extend_points>:7)], kws=(), vararg=None, varkwarg=None, target=None) ['$142load_global.13', '$154call.16', 'y']
    $binop_mul164.18 = $154call.16 * sy      ['$154call.16', '$binop_mul164.18', 'sy']
    $binop_add170.20 = $binop_mul164.18 + ty ['$binop_add170.20', '$binop_mul164.18', 'ty']
    yy = call $132load_global.11($binop_add170.20, func=$132load_global.11, args=[Var($binop_add170.20, <_perform_extend_points>:13)], kws=(), vararg=None, varkwarg=None, target=None) ['$132load_global.11', '$binop_add170.20', 'yy']
    $188compare_op.24 = xx >= xxmax          ['$188compare_op.24', 'xx', 'xxmax']
    $bool192 = global(bool: <class 'bool'>)  ['$bool192']
    $192pred = call $bool192($188compare_op.24, func=$bool192, args=(Var($188compare_op.24, <_perform_extend_points>:15),), kws=(), vararg=None, varkwarg=None, target=None) ['$188compare_op.24', '$192pred', '$bool192']
    branch $192pred, 194, 204                ['$192pred']
label 194:
    $const196.1.1 = const(int, 1)            ['$const196.1.1']
    $binop_sub198.2 = xxmax - $const196.1.1  ['$binop_sub198.2', '$const196.1.1', 'xxmax']
    $phi228.0 = $binop_sub198.2              ['$binop_sub198.2', '$phi228.0']
    jump 206                                 []
label 204:
    $phi228.0 = xx                           ['$phi228.0', 'xx']
    jump 206                                 []
label 206:
    $210compare_op.3 = yy >= yymax           ['$210compare_op.3', 'yy', 'yymax']
    $bool214 = global(bool: <class 'bool'>)  ['$bool214']
    $214pred = call $bool214($210compare_op.3, func=$bool214, args=(Var($210compare_op.3, <_perform_extend_points>:16),), kws=(), vararg=None, varkwarg=None, target=None) ['$210compare_op.3', '$214pred', '$bool214']
    branch $214pred, 216, 226                ['$214pred']
label 216:
    $const218.2.1 = const(int, 1)            ['$const218.2.1']
    $binop_sub220.3 = yymax - $const218.2.1  ['$binop_sub220.3', '$const218.2.1', 'yymax']
    $phi228.1 = $binop_sub220.3              ['$binop_sub220.3', '$phi228.1']
    jump 228                                 []
label 226:
    $phi228.1 = yy                           ['$phi228.1', 'yy']
    jump 228                                 []
label 228:
    yi = $phi228.1                           ['$phi228.1', 'yi']
    xi = $phi228.0                           ['$phi228.0', 'xi']
    $232load_global.2 = global(append: CPUDispatcher(<function append at 0x30707f240>)) ['$232load_global.2']
    $254call.10 = call $232load_global.2(i, xi, yi, _0, _1, _2, func=$232load_global.2, args=[Var(i, <_perform_extend_points>:3), Var(xi, <_perform_extend_points>:15), Var(yi, <_perform_extend_points>:15), Var(_0, <_perform_extend_points>:3), Var(_1, <_perform_extend_points>:3), Var(_2, <_perform_extend_points>:3)], kws=(), vararg=None, varkwarg=None, target=None) ['$232load_global.2', '$254call.10', '_0', '_1', '_2', 'i', 'xi', 'yi']
    $const264.11 = const(NoneType, None)     ['$const264.11']
    $264return_const.12 = cast(value=$const264.11) ['$264return_const.12', '$const264.11']
    return $264return_const.12               ['$264return_const.12']
label 266:
    $const266.0 = const(NoneType, None)      ['$const266.0']
    $266return_const.1 = cast(value=$const266.0) ['$266return_const.1', '$const266.0']
    return $266return_const.1                ['$266return_const.1']
label 268:
    $const268.0 = const(NoneType, None)      ['$const268.0']
    $268return_const.1 = cast(value=$const268.0) ['$268return_const.1', '$const268.0']
    return $268return_const.1                ['$268return_const.1']

2026-01-25 16:08:42,820 - numba.core.ssa - DEBUG - ==== SSA block analysis pass on 0
2026-01-25 16:08:42,820 - numba.core.ssa - DEBUG - Running <numba.core.ssa._GatherDefsHandler object at 0x135284920>
2026-01-25 16:08:42,820 - numba.core.ssa - DEBUG - on stmt: i = arg(0, name=i)
2026-01-25 16:08:42,820 - numba.core.ssa - DEBUG - on stmt: sx = arg(1, name=sx)
2026-01-25 16:08:42,820 - numba.core.ssa - DEBUG - on stmt: tx = arg(2, name=tx)
2026-01-25 16:08:42,820 - numba.core.ssa - DEBUG - on stmt: sy = arg(3, name=sy)
2026-01-25 16:08:42,820 - numba.core.ssa - DEBUG - on stmt: ty = arg(4, name=ty)
2026-01-25 16:08:42,820 - numba.core.ssa - DEBUG - on stmt: xmin = arg(5, name=xmin)
2026-01-25 16:08:42,820 - numba.core.ssa - DEBUG - on stmt: xmax = arg(6, name=xmax)
2026-01-25 16:08:42,820 - numba.core.ssa - DEBUG - on stmt: ymin = arg(7, name=ymin)
2026-01-25 16:08:42,820 - numba.core.ssa - DEBUG - on stmt: ymax = arg(8, name=ymax)
2026-01-25 16:08:42,820 - numba.core.ssa - DEBUG - on stmt: xs = arg(9, name=xs)
2026-01-25 16:08:42,820 - numba.core.ssa - DEBUG - on stmt: ys = arg(10, name=ys)
2026-01-25 16:08:42,820 - numba.core.ssa - DEBUG - on stmt: xxmax = arg(11, name=xxmax)
2026-01-25 16:08:42,820 - numba.core.ssa - DEBUG - on stmt: yymax = arg(12, name=yymax)
2026-01-25 16:08:42,820 - numba.core.ssa - DEBUG - on stmt: _0 = arg(13, name=_0)
2026-01-25 16:08:42,820 - numba.core.ssa - DEBUG - on stmt: _1 = arg(14, name=_1)
2026-01-25 16:08:42,820 - numba.core.ssa - DEBUG - on stmt: _2 = arg(15, name=_2)
2026-01-25 16:08:42,820 - numba.core.ssa - DEBUG - on stmt: x = getitem(value=xs, index=i, fn=<built-in function getitem>)
2026-01-25 16:08:42,820 - numba.core.ssa - DEBUG - on stmt: y = getitem(value=ys, index=i, fn=<built-in function getitem>)
2026-01-25 16:08:42,820 - numba.core.ssa - DEBUG - on stmt: $32compare_op.8 = xmin <= x
2026-01-25 16:08:42,820 - numba.core.ssa - DEBUG - on stmt: $bool36 = global(bool: <class 'bool'>)
2026-01-25 16:08:42,820 - numba.core.ssa - DEBUG - on stmt: $36pred = call $bool36($32compare_op.8, func=$bool36, args=(Var($32compare_op.8, <_perform_extend_points>:11),), kws=(), vararg=None, varkwarg=None, target=None)
2026-01-25 16:08:42,820 - numba.core.ssa - DEBUG - on stmt: $phi38.0 = x
2026-01-25 16:08:42,820 - numba.core.ssa - DEBUG - on stmt: branch $36pred, 38, 48
2026-01-25 16:08:42,820 - numba.core.ssa - DEBUG - ==== SSA block analysis pass on 38
2026-01-25 16:08:42,820 - numba.core.ssa - DEBUG - Running <numba.core.ssa._GatherDefsHandler object at 0x135284920>
2026-01-25 16:08:42,820 - numba.core.ssa - DEBUG - on stmt: $40compare_op.2 = $phi38.0 <= xmax
2026-01-25 16:08:42,820 - numba.core.ssa - DEBUG - on stmt: $bool44 = global(bool: <class 'bool'>)
2026-01-25 16:08:42,820 - numba.core.ssa - DEBUG - on stmt: $44pred = call $bool44($40compare_op.2, func=$bool44, args=(Var($40compare_op.2, <_perform_extend_points>:11),), kws=(), vararg=None, varkwarg=None, target=None)
2026-01-25 16:08:42,821 - numba.core.ssa - DEBUG - on stmt: branch $44pred, 46, 268
2026-01-25 16:08:42,821 - numba.core.ssa - DEBUG - ==== SSA block analysis pass on 46
2026-01-25 16:08:42,821 - numba.core.ssa - DEBUG - Running <numba.core.ssa._GatherDefsHandler object at 0x135284920>
2026-01-25 16:08:42,821 - numba.core.ssa - DEBUG - on stmt: jump 52
2026-01-25 16:08:42,821 - numba.core.ssa - DEBUG - ==== SSA block analysis pass on 48
2026-01-25 16:08:42,821 - numba.core.ssa - DEBUG - Running <numba.core.ssa._GatherDefsHandler object at 0x135284920>
2026-01-25 16:08:42,821 - numba.core.ssa - DEBUG - on stmt: $const50.1 = const(NoneType, None)
2026-01-25 16:08:42,821 - numba.core.ssa - DEBUG - on stmt: $50return_const.2 = cast(value=$const50.1)
2026-01-25 16:08:42,821 - numba.core.ssa - DEBUG - on stmt: return $50return_const.2
2026-01-25 16:08:42,821 - numba.core.ssa - DEBUG - ==== SSA block analysis pass on 52
2026-01-25 16:08:42,821 - numba.core.ssa - DEBUG - Running <numba.core.ssa._GatherDefsHandler object at 0x135284920>
2026-01-25 16:08:42,821 - numba.core.ssa - DEBUG - on stmt: $60compare_op.2 = ymin <= y
2026-01-25 16:08:42,821 - numba.core.ssa - DEBUG - on stmt: $bool64 = global(bool: <class 'bool'>)
2026-01-25 16:08:42,821 - numba.core.ssa - DEBUG - on stmt: $64pred = call $bool64($60compare_op.2, func=$bool64, args=(Var($60compare_op.2, <_perform_extend_points>:11),), kws=(), vararg=None, varkwarg=None, target=None)
2026-01-25 16:08:42,821 - numba.core.ssa - DEBUG - on stmt: $phi66.0 = y
2026-01-25 16:08:42,821 - numba.core.ssa - DEBUG - on stmt: branch $64pred, 66, 76
2026-01-25 16:08:42,821 - numba.core.ssa - DEBUG - ==== SSA block analysis pass on 66
2026-01-25 16:08:42,821 - numba.core.ssa - DEBUG - Running <numba.core.ssa._GatherDefsHandler object at 0x135284920>
2026-01-25 16:08:42,821 - numba.core.ssa - DEBUG - on stmt: $68compare_op.2 = $phi66.0 <= ymax
2026-01-25 16:08:42,821 - numba.core.ssa - DEBUG - on stmt: $bool72 = global(bool: <class 'bool'>)
2026-01-25 16:08:42,821 - numba.core.ssa - DEBUG - on stmt: $72pred = call $bool72($68compare_op.2, func=$bool72, args=(Var($68compare_op.2, <_perform_extend_points>:11),), kws=(), vararg=None, varkwarg=None, target=None)
2026-01-25 16:08:42,821 - numba.core.ssa - DEBUG - on stmt: branch $72pred, 74, 266
2026-01-25 16:08:42,821 - numba.core.ssa - DEBUG - ==== SSA block analysis pass on 74
2026-01-25 16:08:42,821 - numba.core.ssa - DEBUG - Running <numba.core.ssa._GatherDefsHandler object at 0x135284920>
2026-01-25 16:08:42,821 - numba.core.ssa - DEBUG - on stmt: jump 80
2026-01-25 16:08:42,821 - numba.core.ssa - DEBUG - ==== SSA block analysis pass on 76
2026-01-25 16:08:42,821 - numba.core.ssa - DEBUG - Running <numba.core.ssa._GatherDefsHandler object at 0x135284920>
2026-01-25 16:08:42,821 - numba.core.ssa - DEBUG - on stmt: $const78.1 = const(NoneType, None)
2026-01-25 16:08:42,821 - numba.core.ssa - DEBUG - on stmt: $78return_const.2 = cast(value=$const78.1)
2026-01-25 16:08:42,821 - numba.core.ssa - DEBUG - on stmt: return $78return_const.2
2026-01-25 16:08:42,821 - numba.core.ssa - DEBUG - ==== SSA block analysis pass on 80
2026-01-25 16:08:42,821 - numba.core.ssa - DEBUG - Running <numba.core.ssa._GatherDefsHandler object at 0x135284920>
2026-01-25 16:08:42,821 - numba.core.ssa - DEBUG - on stmt: $80load_global.0 = global(int: <class 'int'>)
2026-01-25 16:08:42,821 - numba.core.ssa - DEBUG - on stmt: $90load_global.2 = global(x_mapper: CPUDispatcher(<function LinearAxis.mapper at 0x309960360>))
2026-01-25 16:08:42,821 - numba.core.ssa - DEBUG - on stmt: $102call.5 = call $90load_global.2(x, func=$90load_global.2, args=[Var(x, <_perform_extend_points>:6)], kws=(), vararg=None, varkwarg=None, target=None)
2026-01-25 16:08:42,821 - numba.core.ssa - DEBUG - on stmt: $binop_mul112.7 = $102call.5 * sx
2026-01-25 16:08:42,821 - numba.core.ssa - DEBUG - on stmt: $binop_add118.9 = $binop_mul112.7 + tx
2026-01-25 16:08:42,821 - numba.core.ssa - DEBUG - on stmt: xx = call $80load_global.0($binop_add118.9, func=$80load_global.0, args=[Var($binop_add118.9, <_perform_extend_points>:12)], kws=(), vararg=None, varkwarg=None, target=None)
2026-01-25 16:08:42,821 - numba.core.ssa - DEBUG - on stmt: $132load_global.11 = global(int: <class 'int'>)
2026-01-25 16:08:42,821 - numba.core.ssa - DEBUG - on stmt: $142load_global.13 = global(y_mapper: CPUDispatcher(<function LinearAxis.mapper at 0x309960360>))
2026-01-25 16:08:42,821 - numba.core.ssa - DEBUG - on stmt: $154call.16 = call $142load_global.13(y, func=$142load_global.13, args=[Var(y, <_perform_extend_points>:7)], kws=(), vararg=None, varkwarg=None, target=None)
2026-01-25 16:08:42,821 - numba.core.ssa - DEBUG - on stmt: $binop_mul164.18 = $154call.16 * sy
2026-01-25 16:08:42,821 - numba.core.ssa - DEBUG - on stmt: $binop_add170.20 = $binop_mul164.18 + ty
2026-01-25 16:08:42,821 - numba.core.ssa - DEBUG - on stmt: yy = call $132load_global.11($binop_add170.20, func=$132load_global.11, args=[Var($binop_add170.20, <_perform_extend_points>:13)], kws=(), vararg=None, varkwarg=None, target=None)
2026-01-25 16:08:42,821 - numba.core.ssa - DEBUG - on stmt: $188compare_op.24 = xx >= xxmax
2026-01-25 16:08:42,821 - numba.core.ssa - DEBUG - on stmt: $bool192 = global(bool: <class 'bool'>)
2026-01-25 16:08:42,821 - numba.core.ssa - DEBUG - on stmt: $192pred = call $bool192($188compare_op.24, func=$bool192, args=(Var($188compare_op.24, <_perform_extend_points>:15),), kws=(), vararg=None, varkwarg=None, target=None)
2026-01-25 16:08:42,821 - numba.core.ssa - DEBUG - on stmt: branch $192pred, 194, 204
2026-01-25 16:08:42,821 - numba.core.ssa - DEBUG - ==== SSA block analysis pass on 194
2026-01-25 16:08:42,821 - numba.core.ssa - DEBUG - Running <numba.core.ssa._GatherDefsHandler object at 0x135284920>
2026-01-25 16:08:42,821 - numba.core.ssa - DEBUG - on stmt: $const196.1.1 = const(int, 1)
2026-01-25 16:08:42,821 - numba.core.ssa - DEBUG - on stmt: $binop_sub198.2 = xxmax - $const196.1.1
2026-01-25 16:08:42,821 - numba.core.ssa - DEBUG - on stmt: $phi228.0 = $binop_sub198.2
2026-01-25 16:08:42,821 - numba.core.ssa - DEBUG - on stmt: jump 206
2026-01-25 16:08:42,821 - numba.core.ssa - DEBUG - ==== SSA block analysis pass on 204
2026-01-25 16:08:42,821 - numba.core.ssa - DEBUG - Running <numba.core.ssa._GatherDefsHandler object at 0x135284920>
2026-01-25 16:08:42,821 - numba.core.ssa - DEBUG - on stmt: $phi228.0 = xx
2026-01-25 16:08:42,821 - numba.core.ssa - DEBUG - on stmt: jump 206
2026-01-25 16:08:42,821 - numba.core.ssa - DEBUG - ==== SSA block analysis pass on 206
2026-01-25 16:08:42,821 - numba.core.ssa - DEBUG - Running <numba.core.ssa._GatherDefsHandler object at 0x135284920>
2026-01-25 16:08:42,821 - numba.core.ssa - DEBUG - on stmt: $210compare_op.3 = yy >= yymax
2026-01-25 16:08:42,821 - numba.core.ssa - DEBUG - on stmt: $bool214 = global(bool: <class 'bool'>)
2026-01-25 16:08:42,822 - numba.core.ssa - DEBUG - on stmt: $214pred = call $bool214($210compare_op.3, func=$bool214, args=(Var($210compare_op.3, <_perform_extend_points>:16),), kws=(), vararg=None, varkwarg=None, target=None)
2026-01-25 16:08:42,822 - numba.core.ssa - DEBUG - on stmt: branch $214pred, 216, 226
2026-01-25 16:08:42,822 - numba.core.ssa - DEBUG - ==== SSA block analysis pass on 216
2026-01-25 16:08:42,822 - numba.core.ssa - DEBUG - Running <numba.core.ssa._GatherDefsHandler object at 0x135284920>
2026-01-25 16:08:42,822 - numba.core.ssa - DEBUG - on stmt: $const218.2.1 = const(int, 1)
2026-01-25 16:08:42,822 - numba.core.ssa - DEBUG - on stmt: $binop_sub220.3 = yymax - $const218.2.1
2026-01-25 16:08:42,822 - numba.core.ssa - DEBUG - on stmt: $phi228.1 = $binop_sub220.3
2026-01-25 16:08:42,822 - numba.core.ssa - DEBUG - on stmt: jump 228
2026-01-25 16:08:42,822 - numba.core.ssa - DEBUG - ==== SSA block analysis pass on 226
2026-01-25 16:08:42,822 - numba.core.ssa - DEBUG - Running <numba.core.ssa._GatherDefsHandler object at 0x135284920>
2026-01-25 16:08:42,822 - numba.core.ssa - DEBUG - on stmt: $phi228.1 = yy
2026-01-25 16:08:42,822 - numba.core.ssa - DEBUG - on stmt: jump 228
2026-01-25 16:08:42,822 - numba.core.ssa - DEBUG - ==== SSA block analysis pass on 228
2026-01-25 16:08:42,822 - numba.core.ssa - DEBUG - Running <numba.core.ssa._GatherDefsHandler object at 0x135284920>
2026-01-25 16:08:42,822 - numba.core.ssa - DEBUG - on stmt: yi = $phi228.1
2026-01-25 16:08:42,822 - numba.core.ssa - DEBUG - on stmt: xi = $phi228.0
2026-01-25 16:08:42,822 - numba.core.ssa - DEBUG - on stmt: $232load_global.2 = global(append: CPUDispatcher(<function append at 0x30707f240>))
2026-01-25 16:08:42,822 - numba.core.ssa - DEBUG - on stmt: $254call.10 = call $232load_global.2(i, xi, yi, _0, _1, _2, func=$232load_global.2, args=[Var(i, <_perform_extend_points>:3), Var(xi, <_perform_extend_points>:15), Var(yi, <_perform_extend_points>:15), Var(_0, <_perform_extend_points>:3), Var(_1, <_perform_extend_points>:3), Var(_2, <_perform_extend_points>:3)], kws=(), vararg=None, varkwarg=None, target=None)
2026-01-25 16:08:42,822 - numba.core.ssa - DEBUG - on stmt: $const264.11 = const(NoneType, None)
2026-01-25 16:08:42,822 - numba.core.ssa - DEBUG - on stmt: $264return_const.12 = cast(value=$const264.11)
2026-01-25 16:08:42,822 - numba.core.ssa - DEBUG - on stmt: return $264return_const.12
2026-01-25 16:08:42,822 - numba.core.ssa - DEBUG - ==== SSA block analysis pass on 266
2026-01-25 16:08:42,822 - numba.core.ssa - DEBUG - Running <numba.core.ssa._GatherDefsHandler object at 0x135284920>
2026-01-25 16:08:42,822 - numba.core.ssa - DEBUG - on stmt: $const266.0 = const(NoneType, None)
2026-01-25 16:08:42,822 - numba.core.ssa - DEBUG - on stmt: $266return_const.1 = cast(value=$const266.0)
2026-01-25 16:08:42,822 - numba.core.ssa - DEBUG - on stmt: return $266return_const.1
2026-01-25 16:08:42,822 - numba.core.ssa - DEBUG - ==== SSA block analysis pass on 268
2026-01-25 16:08:42,822 - numba.core.ssa - DEBUG - Running <numba.core.ssa._GatherDefsHandler object at 0x135284920>
2026-01-25 16:08:42,822 - numba.core.ssa - DEBUG - on stmt: $const268.0 = const(NoneType, None)
2026-01-25 16:08:42,822 - numba.core.ssa - DEBUG - on stmt: $268return_const.1 = cast(value=$const268.0)
2026-01-25 16:08:42,822 - numba.core.ssa - DEBUG - on stmt: return $268return_const.1
2026-01-25 16:08:42,822 - numba.core.ssa - DEBUG - defs defaultdict(<class 'list'>,
            {'$102call.5': [(<numba.core.ir.Assign object at 0x1352866c0>, 80)],
             '$132load_global.11': [(<numba.core.ir.Assign object at 0x135287890>,
                                     80)],
             '$142load_global.13': [(<numba.core.ir.Assign object at 0x135287830>,
                                     80)],
             '$154call.16': [(<numba.core.ir.Assign object at 0x135287650>,
                              80)],
             '$188compare_op.24': [(<numba.core.ir.Assign object at 0x135287260>,
                                    80)],
             '$192pred': [(<numba.core.ir.Assign object at 0x135286ab0>, 80)],
             '$210compare_op.3': [(<numba.core.ir.Assign object at 0x135286db0>,
                                   206)],
             '$214pred': [(<numba.core.ir.Assign object at 0x1352860f0>, 206)],
             '$232load_global.2': [(<numba.core.ir.Assign object at 0x17b6776e0>,
                                    228)],
             '$254call.10': [(<numba.core.ir.Assign object at 0x1352852b0>,
                              228)],
             '$264return_const.12': [(<numba.core.ir.Assign object at 0x135284c50>,
                                      228)],
             '$266return_const.1': [(<numba.core.ir.Assign object at 0x135287d40>,
                                     266)],
             '$268return_const.1': [(<numba.core.ir.Assign object at 0x135284b00>,
                                     268)],
             '$32compare_op.8': [(<numba.core.ir.Assign object at 0x1352809e0>,
                                  0)],
             '$36pred': [(<numba.core.ir.Assign object at 0x1352806e0>, 0)],
             '$40compare_op.2': [(<numba.core.ir.Assign object at 0x135280620>,
                                  38)],
             '$44pred': [(<numba.core.ir.Assign object at 0x135283a70>, 38)],
             '$50return_const.2': [(<numba.core.ir.Assign object at 0x135280200>,
                                    48)],
             '$60compare_op.2': [(<numba.core.ir.Assign object at 0x135281280>,
                                  52)],
             '$64pred': [(<numba.core.ir.Assign object at 0x135281190>, 52)],
             '$68compare_op.2': [(<numba.core.ir.Assign object at 0x1352824e0>,
                                  66)],
             '$72pred': [(<numba.core.ir.Assign object at 0x135282e40>, 66)],
             '$78return_const.2': [(<numba.core.ir.Assign object at 0x1352831d0>,
                                    76)],
             '$80load_global.0': [(<numba.core.ir.Assign object at 0x135282090>,
                                   80)],
             '$90load_global.2': [(<numba.core.ir.Assign object at 0x1352820c0>,
                                   80)],
             '$binop_add118.9': [(<numba.core.ir.Assign object at 0x135287fb0>,
                                  80)],
             '$binop_add170.20': [(<numba.core.ir.Assign object at 0x135287ad0>,
                                   80)],
             '$binop_mul112.7': [(<numba.core.ir.Assign object at 0x1352870b0>,
                                  80)],
             '$binop_mul164.18': [(<numba.core.ir.Assign object at 0x135287410>,
                                   80)],
             '$binop_sub198.2': [(<numba.core.ir.Assign object at 0x1352868d0>,
                                  194)],
             '$binop_sub220.3': [(<numba.core.ir.Assign object at 0x135286210>,
                                  216)],
             '$bool192': [(<numba.core.ir.Assign object at 0x1352856d0>, 80)],
             '$bool214': [(<numba.core.ir.Assign object at 0x135286a20>, 206)],
             '$bool36': [(<numba.core.ir.Assign object at 0x135280890>, 0)],
             '$bool44': [(<numba.core.ir.Assign object at 0x1352804a0>, 38)],
             '$bool64': [(<numba.core.ir.Assign object at 0x1352813a0>, 52)],
             '$bool72': [(<numba.core.ir.Assign object at 0x135282a20>, 66)],
             '$const196.1.1': [(<numba.core.ir.Assign object at 0x1352872c0>,
                                194)],
             '$const218.2.1': [(<numba.core.ir.Assign object at 0x135285550>,
                                216)],
             '$const264.11': [(<numba.core.ir.Assign object at 0x135284e60>,
                               228)],
             '$const266.0': [(<numba.core.ir.Assign object at 0x135285bb0>,
                              266)],
             '$const268.0': [(<numba.core.ir.Assign object at 0x135284620>,
                              268)],
             '$const50.1': [(<numba.core.ir.Assign object at 0x135280350>, 48)],
             '$const78.1': [(<numba.core.ir.Assign object at 0x135282fc0>, 76)],
             '$phi228.0': [(<numba.core.ir.Assign object at 0x135287bc0>, 194),
                           (<numba.core.ir.Assign object at 0x135286840>, 204)],
             '$phi228.1': [(<numba.core.ir.Assign object at 0x135286300>, 216),
                           (<numba.core.ir.Assign object at 0x1352b8260>, 226)],
             '$phi38.0': [(<numba.core.ir.Assign object at 0x1352810d0>, 0)],
             '$phi66.0': [(<numba.core.ir.Assign object at 0x135283470>, 52)],
             '_0': [(<numba.core.ir.Assign object at 0x135281c40>, 0)],
             '_1': [(<numba.core.ir.Assign object at 0x135281be0>, 0)],
             '_2': [(<numba.core.ir.Assign object at 0x135281670>, 0)],
             'i': [(<numba.core.ir.Assign object at 0x135282bd0>, 0)],
             'sx': [(<numba.core.ir.Assign object at 0x1352827b0>, 0)],
             'sy': [(<numba.core.ir.Assign object at 0x135282840>, 0)],
             'tx': [(<numba.core.ir.Assign object at 0x1352825d0>, 0)],
             'ty': [(<numba.core.ir.Assign object at 0x1352829f0>, 0)],
             'x': [(<numba.core.ir.Assign object at 0x135281790>, 0)],
             'xi': [(<numba.core.ir.Assign object at 0x17b674860>, 228)],
             'xmax': [(<numba.core.ir.Assign object at 0x135282420>, 0)],
             'xmin': [(<numba.core.ir.Assign object at 0x135282600>, 0)],
             'xs': [(<numba.core.ir.Assign object at 0x135281d60>, 0)],
             'xx': [(<numba.core.ir.Assign object at 0x135287d70>, 80)],
             'xxmax': [(<numba.core.ir.Assign object at 0x135283c20>, 0)],
             'y': [(<numba.core.ir.Assign object at 0x135280e00>, 0)],
             'yi': [(<numba.core.ir.Assign object at 0x1352b97f0>, 228)],
             'ymax': [(<numba.core.ir.Assign object at 0x135281f10>, 0)],
             'ymin': [(<numba.core.ir.Assign object at 0x135282360>, 0)],
             'ys': [(<numba.core.ir.Assign object at 0x1352819d0>, 0)],
             'yy': [(<numba.core.ir.Assign object at 0x135287020>, 80)],
             'yymax': [(<numba.core.ir.Assign object at 0x135281a30>, 0)]})
2026-01-25 16:08:42,823 - numba.core.ssa - DEBUG - SSA violators <numba.core.utils.OrderedSet object at 0x135284920>
2026-01-25 16:08:42,823 - numba.core.ssa - DEBUG - Fix SSA violator on var $phi228.0
2026-01-25 16:08:42,823 - numba.core.ssa - DEBUG - ==== SSA block rewrite pass on 0
2026-01-25 16:08:42,823 - numba.core.ssa - DEBUG - Running <numba.core.ssa._FreshVarHandler object at 0x135284170>
2026-01-25 16:08:42,823 - numba.core.ssa - DEBUG - on stmt: i = arg(0, name=i)
2026-01-25 16:08:42,823 - numba.core.ssa - DEBUG - on stmt: sx = arg(1, name=sx)
2026-01-25 16:08:42,823 - numba.core.ssa - DEBUG - on stmt: tx = arg(2, name=tx)
2026-01-25 16:08:42,823 - numba.core.ssa - DEBUG - on stmt: sy = arg(3, name=sy)
2026-01-25 16:08:42,823 - numba.core.ssa - DEBUG - on stmt: ty = arg(4, name=ty)
2026-01-25 16:08:42,823 - numba.core.ssa - DEBUG - on stmt: xmin = arg(5, name=xmin)
2026-01-25 16:08:42,823 - numba.core.ssa - DEBUG - on stmt: xmax = arg(6, name=xmax)
2026-01-25 16:08:42,823 - numba.core.ssa - DEBUG - on stmt: ymin = arg(7, name=ymin)
2026-01-25 16:08:42,823 - numba.core.ssa - DEBUG - on stmt: ymax = arg(8, name=ymax)
2026-01-25 16:08:42,823 - numba.core.ssa - DEBUG - on stmt: xs = arg(9, name=xs)
2026-01-25 16:08:42,823 - numba.core.ssa - DEBUG - on stmt: ys = arg(10, name=ys)
2026-01-25 16:08:42,823 - numba.core.ssa - DEBUG - on stmt: xxmax = arg(11, name=xxmax)
2026-01-25 16:08:42,823 - numba.core.ssa - DEBUG - on stmt: yymax = arg(12, name=yymax)
2026-01-25 16:08:42,823 - numba.core.ssa - DEBUG - on stmt: _0 = arg(13, name=_0)
2026-01-25 16:08:42,823 - numba.core.ssa - DEBUG - on stmt: _1 = arg(14, name=_1)
2026-01-25 16:08:42,823 - numba.core.ssa - DEBUG - on stmt: _2 = arg(15, name=_2)
2026-01-25 16:08:42,823 - numba.core.ssa - DEBUG - on stmt: x = getitem(value=xs, index=i, fn=<built-in function getitem>)
2026-01-25 16:08:42,823 - numba.core.ssa - DEBUG - on stmt: y = getitem(value=ys, index=i, fn=<built-in function getitem>)
2026-01-25 16:08:42,824 - numba.core.ssa - DEBUG - on stmt: $32compare_op.8 = xmin <= x
2026-01-25 16:08:42,824 - numba.core.ssa - DEBUG - on stmt: $bool36 = global(bool: <class 'bool'>)
2026-01-25 16:08:42,824 - numba.core.ssa - DEBUG - on stmt: $36pred = call $bool36($32compare_op.8, func=$bool36, args=(Var($32compare_op.8, <_perform_extend_points>:11),), kws=(), vararg=None, varkwarg=None, target=None)
2026-01-25 16:08:42,824 - numba.core.ssa - DEBUG - on stmt: $phi38.0 = x
2026-01-25 16:08:42,824 - numba.core.ssa - DEBUG - on stmt: branch $36pred, 38, 48
2026-01-25 16:08:42,824 - numba.core.ssa - DEBUG - ==== SSA block rewrite pass on 38
2026-01-25 16:08:42,824 - numba.core.ssa - DEBUG - Running <numba.core.ssa._FreshVarHandler object at 0x135284170>
2026-01-25 16:08:42,824 - numba.core.ssa - DEBUG - on stmt: $40compare_op.2 = $phi38.0 <= xmax
2026-01-25 16:08:42,824 - numba.core.ssa - DEBUG - on stmt: $bool44 = global(bool: <class 'bool'>)
2026-01-25 16:08:42,824 - numba.core.ssa - DEBUG - on stmt: $44pred = call $bool44($40compare_op.2, func=$bool44, args=(Var($40compare_op.2, <_perform_extend_points>:11),), kws=(), vararg=None, varkwarg=None, target=None)
2026-01-25 16:08:42,824 - numba.core.ssa - DEBUG - on stmt: branch $44pred, 46, 268
2026-01-25 16:08:42,824 - numba.core.ssa - DEBUG - ==== SSA block rewrite pass on 46
2026-01-25 16:08:42,824 - numba.core.ssa - DEBUG - Running <numba.core.ssa._FreshVarHandler object at 0x135284170>
2026-01-25 16:08:42,824 - numba.core.ssa - DEBUG - on stmt: jump 52
2026-01-25 16:08:42,824 - numba.core.ssa - DEBUG - ==== SSA block rewrite pass on 48
2026-01-25 16:08:42,824 - numba.core.ssa - DEBUG - Running <numba.core.ssa._FreshVarHandler object at 0x135284170>
2026-01-25 16:08:42,824 - numba.core.ssa - DEBUG - on stmt: $const50.1 = const(NoneType, None)
2026-01-25 16:08:42,824 - numba.core.ssa - DEBUG - on stmt: $50return_const.2 = cast(value=$const50.1)
2026-01-25 16:08:42,824 - numba.core.ssa - DEBUG - on stmt: return $50return_const.2
2026-01-25 16:08:42,824 - numba.core.ssa - DEBUG - ==== SSA block rewrite pass on 52
2026-01-25 16:08:42,824 - numba.core.ssa - DEBUG - Running <numba.core.ssa._FreshVarHandler object at 0x135284170>
2026-01-25 16:08:42,824 - numba.core.ssa - DEBUG - on stmt: $60compare_op.2 = ymin <= y
2026-01-25 16:08:42,824 - numba.core.ssa - DEBUG - on stmt: $bool64 = global(bool: <class 'bool'>)
2026-01-25 16:08:42,824 - numba.core.ssa - DEBUG - on stmt: $64pred = call $bool64($60compare_op.2, func=$bool64, args=(Var($60compare_op.2, <_perform_extend_points>:11),), kws=(), vararg=None, varkwarg=None, target=None)
2026-01-25 16:08:42,824 - numba.core.ssa - DEBUG - on stmt: $phi66.0 = y
2026-01-25 16:08:42,824 - numba.core.ssa - DEBUG - on stmt: branch $64pred, 66, 76
2026-01-25 16:08:42,824 - numba.core.ssa - DEBUG - ==== SSA block rewrite pass on 66
2026-01-25 16:08:42,824 - numba.core.ssa - DEBUG - Running <numba.core.ssa._FreshVarHandler object at 0x135284170>
2026-01-25 16:08:42,824 - numba.core.ssa - DEBUG - on stmt: $68compare_op.2 = $phi66.0 <= ymax
2026-01-25 16:08:42,824 - numba.core.ssa - DEBUG - on stmt: $bool72 = global(bool: <class 'bool'>)
2026-01-25 16:08:42,824 - numba.core.ssa - DEBUG - on stmt: $72pred = call $bool72($68compare_op.2, func=$bool72, args=(Var($68compare_op.2, <_perform_extend_points>:11),), kws=(), vararg=None, varkwarg=None, target=None)
2026-01-25 16:08:42,824 - numba.core.ssa - DEBUG - on stmt: branch $72pred, 74, 266
2026-01-25 16:08:42,824 - numba.core.ssa - DEBUG - ==== SSA block rewrite pass on 74
2026-01-25 16:08:42,824 - numba.core.ssa - DEBUG - Running <numba.core.ssa._FreshVarHandler object at 0x135284170>
2026-01-25 16:08:42,824 - numba.core.ssa - DEBUG - on stmt: jump 80
2026-01-25 16:08:42,824 - numba.core.ssa - DEBUG - ==== SSA block rewrite pass on 76
2026-01-25 16:08:42,824 - numba.core.ssa - DEBUG - Running <numba.core.ssa._FreshVarHandler object at 0x135284170>
2026-01-25 16:08:42,824 - numba.core.ssa - DEBUG - on stmt: $const78.1 = const(NoneType, None)
2026-01-25 16:08:42,824 - numba.core.ssa - DEBUG - on stmt: $78return_const.2 = cast(value=$const78.1)
2026-01-25 16:08:42,824 - numba.core.ssa - DEBUG - on stmt: return $78return_const.2
2026-01-25 16:08:42,824 - numba.core.ssa - DEBUG - ==== SSA block rewrite pass on 80
2026-01-25 16:08:42,824 - numba.core.ssa - DEBUG - Running <numba.core.ssa._FreshVarHandler object at 0x135284170>
2026-01-25 16:08:42,824 - numba.core.ssa - DEBUG - on stmt: $80load_global.0 = global(int: <class 'int'>)
2026-01-25 16:08:42,824 - numba.core.ssa - DEBUG - on stmt: $90load_global.2 = global(x_mapper: CPUDispatcher(<function LinearAxis.mapper at 0x309960360>))
2026-01-25 16:08:42,824 - numba.core.ssa - DEBUG - on stmt: $102call.5 = call $90load_global.2(x, func=$90load_global.2, args=[Var(x, <_perform_extend_points>:6)], kws=(), vararg=None, varkwarg=None, target=None)
2026-01-25 16:08:42,824 - numba.core.ssa - DEBUG - on stmt: $binop_mul112.7 = $102call.5 * sx
2026-01-25 16:08:42,824 - numba.core.ssa - DEBUG - on stmt: $binop_add118.9 = $binop_mul112.7 + tx
2026-01-25 16:08:42,824 - numba.core.ssa - DEBUG - on stmt: xx = call $80load_global.0($binop_add118.9, func=$80load_global.0, args=[Var($binop_add118.9, <_perform_extend_points>:12)], kws=(), vararg=None, varkwarg=None, target=None)
2026-01-25 16:08:42,824 - numba.core.ssa - DEBUG - on stmt: $132load_global.11 = global(int: <class 'int'>)
2026-01-25 16:08:42,824 - numba.core.ssa - DEBUG - on stmt: $142load_global.13 = global(y_mapper: CPUDispatcher(<function LinearAxis.mapper at 0x309960360>))
2026-01-25 16:08:42,825 - numba.core.ssa - DEBUG - on stmt: $154call.16 = call $142load_global.13(y, func=$142load_global.13, args=[Var(y, <_perform_extend_points>:7)], kws=(), vararg=None, varkwarg=None, target=None)
2026-01-25 16:08:42,825 - numba.core.ssa - DEBUG - on stmt: $binop_mul164.18 = $154call.16 * sy
2026-01-25 16:08:42,825 - numba.core.ssa - DEBUG - on stmt: $binop_add170.20 = $binop_mul164.18 + ty
2026-01-25 16:08:42,825 - numba.core.ssa - DEBUG - on stmt: yy = call $132load_global.11($binop_add170.20, func=$132load_global.11, args=[Var($binop_add170.20, <_perform_extend_points>:13)], kws=(), vararg=None, varkwarg=None, target=None)
2026-01-25 16:08:42,825 - numba.core.ssa - DEBUG - on stmt: $188compare_op.24 = xx >= xxmax
2026-01-25 16:08:42,825 - numba.core.ssa - DEBUG - on stmt: $bool192 = global(bool: <class 'bool'>)
2026-01-25 16:08:42,825 - numba.core.ssa - DEBUG - on stmt: $192pred = call $bool192($188compare_op.24, func=$bool192, args=(Var($188compare_op.24, <_perform_extend_points>:15),), kws=(), vararg=None, varkwarg=None, target=None)
2026-01-25 16:08:42,825 - numba.core.ssa - DEBUG - on stmt: branch $192pred, 194, 204
2026-01-25 16:08:42,825 - numba.core.ssa - DEBUG - ==== SSA block rewrite pass on 194
2026-01-25 16:08:42,825 - numba.core.ssa - DEBUG - Running <numba.core.ssa._FreshVarHandler object at 0x135284170>
2026-01-25 16:08:42,825 - numba.core.ssa - DEBUG - on stmt: $const196.1.1 = const(int, 1)
2026-01-25 16:08:42,825 - numba.core.ssa - DEBUG - on stmt: $binop_sub198.2 = xxmax - $const196.1.1
2026-01-25 16:08:42,825 - numba.core.ssa - DEBUG - on stmt: $phi228.0 = $binop_sub198.2
2026-01-25 16:08:42,825 - numba.core.ssa - DEBUG - first assign: $phi228.0
2026-01-25 16:08:42,825 - numba.core.ssa - DEBUG - replaced with: $phi228.0 = $binop_sub198.2
2026-01-25 16:08:42,825 - numba.core.ssa - DEBUG - on stmt: jump 206
2026-01-25 16:08:42,825 - numba.core.ssa - DEBUG - ==== SSA block rewrite pass on 204
2026-01-25 16:08:42,825 - numba.core.ssa - DEBUG - Running <numba.core.ssa._FreshVarHandler object at 0x135284170>
2026-01-25 16:08:42,825 - numba.core.ssa - DEBUG - on stmt: $phi228.0 = xx
2026-01-25 16:08:42,825 - numba.core.ssa - DEBUG - replaced with: $phi228.0.1 = xx
2026-01-25 16:08:42,825 - numba.core.ssa - DEBUG - on stmt: jump 206
2026-01-25 16:08:42,825 - numba.core.ssa - DEBUG - ==== SSA block rewrite pass on 206
2026-01-25 16:08:42,825 - numba.core.ssa - DEBUG - Running <numba.core.ssa._FreshVarHandler object at 0x135284170>
2026-01-25 16:08:42,825 - numba.core.ssa - DEBUG - on stmt: $210compare_op.3 = yy >= yymax
2026-01-25 16:08:42,825 - numba.core.ssa - DEBUG - on stmt: $bool214 = global(bool: <class 'bool'>)
2026-01-25 16:08:42,825 - numba.core.ssa - DEBUG - on stmt: $214pred = call $bool214($210compare_op.3, func=$bool214, args=(Var($210compare_op.3, <_perform_extend_points>:16),), kws=(), vararg=None, varkwarg=None, target=None)
2026-01-25 16:08:42,825 - numba.core.ssa - DEBUG - on stmt: branch $214pred, 216, 226
2026-01-25 16:08:42,825 - numba.core.ssa - DEBUG - ==== SSA block rewrite pass on 216
2026-01-25 16:08:42,825 - numba.core.ssa - DEBUG - Running <numba.core.ssa._FreshVarHandler object at 0x135284170>
2026-01-25 16:08:42,825 - numba.core.ssa - DEBUG - on stmt: $const218.2.1 = const(int, 1)
2026-01-25 16:08:42,825 - numba.core.ssa - DEBUG - on stmt: $binop_sub220.3 = yymax - $const218.2.1
2026-01-25 16:08:42,825 - numba.core.ssa - DEBUG - on stmt: $phi228.1 = $binop_sub220.3
2026-01-25 16:08:42,825 - numba.core.ssa - DEBUG - on stmt: jump 228
2026-01-25 16:08:42,825 - numba.core.ssa - DEBUG - ==== SSA block rewrite pass on 226
2026-01-25 16:08:42,825 - numba.core.ssa - DEBUG - Running <numba.core.ssa._FreshVarHandler object at 0x135284170>
2026-01-25 16:08:42,825 - numba.core.ssa - DEBUG - on stmt: $phi228.1 = yy
2026-01-25 16:08:42,825 - numba.core.ssa - DEBUG - on stmt: jump 228
2026-01-25 16:08:42,825 - numba.core.ssa - DEBUG - ==== SSA block rewrite pass on 228
2026-01-25 16:08:42,825 - numba.core.ssa - DEBUG - Running <numba.core.ssa._FreshVarHandler object at 0x135284170>
2026-01-25 16:08:42,825 - numba.core.ssa - DEBUG - on stmt: yi = $phi228.1
2026-01-25 16:08:42,825 - numba.core.ssa - DEBUG - on stmt: xi = $phi228.0
2026-01-25 16:08:42,825 - numba.core.ssa - DEBUG - on stmt: $232load_global.2 = global(append: CPUDispatcher(<function append at 0x30707f240>))
2026-01-25 16:08:42,825 - numba.core.ssa - DEBUG - on stmt: $254call.10 = call $232load_global.2(i, xi, yi, _0, _1, _2, func=$232load_global.2, args=[Var(i, <_perform_extend_points>:3), Var(xi, <_perform_extend_points>:15), Var(yi, <_perform_extend_points>:15), Var(_0, <_perform_extend_points>:3), Var(_1, <_perform_extend_points>:3), Var(_2, <_perform_extend_points>:3)], kws=(), vararg=None, varkwarg=None, target=None)
2026-01-25 16:08:42,825 - numba.core.ssa - DEBUG - on stmt: $const264.11 = const(NoneType, None)
2026-01-25 16:08:42,825 - numba.core.ssa - DEBUG - on stmt: $264return_const.12 = cast(value=$const264.11)
2026-01-25 16:08:42,826 - numba.core.ssa - DEBUG - on stmt: return $264return_const.12
2026-01-25 16:08:42,826 - numba.core.ssa - DEBUG - ==== SSA block rewrite pass on 266
2026-01-25 16:08:42,826 - numba.core.ssa - DEBUG - Running <numba.core.ssa._FreshVarHandler object at 0x135284170>
2026-01-25 16:08:42,826 - numba.core.ssa - DEBUG - on stmt: $const266.0 = const(NoneType, None)
2026-01-25 16:08:42,826 - numba.core.ssa - DEBUG - on stmt: $266return_const.1 = cast(value=$const266.0)
2026-01-25 16:08:42,826 - numba.core.ssa - DEBUG - on stmt: return $266return_const.1
2026-01-25 16:08:42,826 - numba.core.ssa - DEBUG - ==== SSA block rewrite pass on 268
2026-01-25 16:08:42,826 - numba.core.ssa - DEBUG - Running <numba.core.ssa._FreshVarHandler object at 0x135284170>
2026-01-25 16:08:42,826 - numba.core.ssa - DEBUG - on stmt: $const268.0 = const(NoneType, None)
2026-01-25 16:08:42,826 - numba.core.ssa - DEBUG - on stmt: $268return_const.1 = cast(value=$const268.0)
2026-01-25 16:08:42,826 - numba.core.ssa - DEBUG - on stmt: return $268return_const.1
2026-01-25 16:08:42,826 - numba.core.ssa - DEBUG - Replaced assignments: defaultdict(<class 'list'>,
            {194: [<numba.core.ir.Assign object at 0x135284530>],
             204: [<numba.core.ir.Assign object at 0x135284410>]})
2026-01-25 16:08:42,826 - numba.core.ssa - DEBUG - ==== SSA block rewrite pass on 0
2026-01-25 16:08:42,826 - numba.core.ssa - DEBUG - Running <numba.core.ssa._FixSSAVars object at 0x135284170>
2026-01-25 16:08:42,826 - numba.core.ssa - DEBUG - on stmt: i = arg(0, name=i)
2026-01-25 16:08:42,826 - numba.core.ssa - DEBUG - on stmt: sx = arg(1, name=sx)
2026-01-25 16:08:42,826 - numba.core.ssa - DEBUG - on stmt: tx = arg(2, name=tx)
2026-01-25 16:08:42,826 - numba.core.ssa - DEBUG - on stmt: sy = arg(3, name=sy)
2026-01-25 16:08:42,826 - numba.core.ssa - DEBUG - on stmt: ty = arg(4, name=ty)
2026-01-25 16:08:42,826 - numba.core.ssa - DEBUG - on stmt: xmin = arg(5, name=xmin)
2026-01-25 16:08:42,826 - numba.core.ssa - DEBUG - on stmt: xmax = arg(6, name=xmax)
2026-01-25 16:08:42,826 - numba.core.ssa - DEBUG - on stmt: ymin = arg(7, name=ymin)
2026-01-25 16:08:42,826 - numba.core.ssa - DEBUG - on stmt: ymax = arg(8, name=ymax)
2026-01-25 16:08:42,826 - numba.core.ssa - DEBUG - on stmt: xs = arg(9, name=xs)
2026-01-25 16:08:42,826 - numba.core.ssa - DEBUG - on stmt: ys = arg(10, name=ys)
2026-01-25 16:08:42,826 - numba.core.ssa - DEBUG - on stmt: xxmax = arg(11, name=xxmax)
2026-01-25 16:08:42,826 - numba.core.ssa - DEBUG - on stmt: yymax = arg(12, name=yymax)
2026-01-25 16:08:42,826 - numba.core.ssa - DEBUG - on stmt: _0 = arg(13, name=_0)
2026-01-25 16:08:42,826 - numba.core.ssa - DEBUG - on stmt: _1 = arg(14, name=_1)
2026-01-25 16:08:42,826 - numba.core.ssa - DEBUG - on stmt: _2 = arg(15, name=_2)
2026-01-25 16:08:42,826 - numba.core.ssa - DEBUG - on stmt: x = getitem(value=xs, index=i, fn=<built-in function getitem>)
2026-01-25 16:08:42,826 - numba.core.ssa - DEBUG - on stmt: y = getitem(value=ys, index=i, fn=<built-in function getitem>)
2026-01-25 16:08:42,826 - numba.core.ssa - DEBUG - on stmt: $32compare_op.8 = xmin <= x
2026-01-25 16:08:42,826 - numba.core.ssa - DEBUG - on stmt: $bool36 = global(bool: <class 'bool'>)
2026-01-25 16:08:42,826 - numba.core.ssa - DEBUG - on stmt: $36pred = call $bool36($32compare_op.8, func=$bool36, args=(Var($32compare_op.8, <_perform_extend_points>:11),), kws=(), vararg=None, varkwarg=None, target=None)
2026-01-25 16:08:42,826 - numba.core.ssa - DEBUG - on stmt: $phi38.0 = x
2026-01-25 16:08:42,826 - numba.core.ssa - DEBUG - on stmt: branch $36pred, 38, 48
2026-01-25 16:08:42,826 - numba.core.ssa - DEBUG - ==== SSA block rewrite pass on 38
2026-01-25 16:08:42,826 - numba.core.ssa - DEBUG - Running <numba.core.ssa._FixSSAVars object at 0x135284170>
2026-01-25 16:08:42,826 - numba.core.ssa - DEBUG - on stmt: $40compare_op.2 = $phi38.0 <= xmax
2026-01-25 16:08:42,826 - numba.core.ssa - DEBUG - on stmt: $bool44 = global(bool: <class 'bool'>)
2026-01-25 16:08:42,826 - numba.core.ssa - DEBUG - on stmt: $44pred = call $bool44($40compare_op.2, func=$bool44, args=(Var($40compare_op.2, <_perform_extend_points>:11),), kws=(), vararg=None, varkwarg=None, target=None)
2026-01-25 16:08:42,826 - numba.core.ssa - DEBUG - on stmt: branch $44pred, 46, 268
2026-01-25 16:08:42,826 - numba.core.ssa - DEBUG - ==== SSA block rewrite pass on 46
2026-01-25 16:08:42,826 - numba.core.ssa - DEBUG - Running <numba.core.ssa._FixSSAVars object at 0x135284170>
2026-01-25 16:08:42,826 - numba.core.ssa - DEBUG - on stmt: jump 52
2026-01-25 16:08:42,827 - numba.core.ssa - DEBUG - ==== SSA block rewrite pass on 48
2026-01-25 16:08:42,827 - numba.core.ssa - DEBUG - Running <numba.core.ssa._FixSSAVars object at 0x135284170>
2026-01-25 16:08:42,827 - numba.core.ssa - DEBUG - on stmt: $const50.1 = const(NoneType, None)
2026-01-25 16:08:42,827 - numba.core.ssa - DEBUG - on stmt: $50return_const.2 = cast(value=$const50.1)
2026-01-25 16:08:42,827 - numba.core.ssa - DEBUG - on stmt: return $50return_const.2
2026-01-25 16:08:42,827 - numba.core.ssa - DEBUG - ==== SSA block rewrite pass on 52
2026-01-25 16:08:42,827 - numba.core.ssa - DEBUG - Running <numba.core.ssa._FixSSAVars object at 0x135284170>
2026-01-25 16:08:42,827 - numba.core.ssa - DEBUG - on stmt: $60compare_op.2 = ymin <= y
2026-01-25 16:08:42,827 - numba.core.ssa - DEBUG - on stmt: $bool64 = global(bool: <class 'bool'>)
2026-01-25 16:08:42,827 - numba.core.ssa - DEBUG - on stmt: $64pred = call $bool64($60compare_op.2, func=$bool64, args=(Var($60compare_op.2, <_perform_extend_points>:11),), kws=(), vararg=None, varkwarg=None, target=None)
2026-01-25 16:08:42,827 - numba.core.ssa - DEBUG - on stmt: $phi66.0 = y
2026-01-25 16:08:42,827 - numba.core.ssa - DEBUG - on stmt: branch $64pred, 66, 76
2026-01-25 16:08:42,827 - numba.core.ssa - DEBUG - ==== SSA block rewrite pass on 66
2026-01-25 16:08:42,827 - numba.core.ssa - DEBUG - Running <numba.core.ssa._FixSSAVars object at 0x135284170>
2026-01-25 16:08:42,827 - numba.core.ssa - DEBUG - on stmt: $68compare_op.2 = $phi66.0 <= ymax
2026-01-25 16:08:42,827 - numba.core.ssa - DEBUG - on stmt: $bool72 = global(bool: <class 'bool'>)
2026-01-25 16:08:42,827 - numba.core.ssa - DEBUG - on stmt: $72pred = call $bool72($68compare_op.2, func=$bool72, args=(Var($68compare_op.2, <_perform_extend_points>:11),), kws=(), vararg=None, varkwarg=None, target=None)
2026-01-25 16:08:42,827 - numba.core.ssa - DEBUG - on stmt: branch $72pred, 74, 266
2026-01-25 16:08:42,827 - numba.core.ssa - DEBUG - ==== SSA block rewrite pass on 74
2026-01-25 16:08:42,827 - numba.core.ssa - DEBUG - Running <numba.core.ssa._FixSSAVars object at 0x135284170>
2026-01-25 16:08:42,827 - numba.core.ssa - DEBUG - on stmt: jump 80
2026-01-25 16:08:42,827 - numba.core.ssa - DEBUG - ==== SSA block rewrite pass on 76
2026-01-25 16:08:42,827 - numba.core.ssa - DEBUG - Running <numba.core.ssa._FixSSAVars object at 0x135284170>
2026-01-25 16:08:42,827 - numba.core.ssa - DEBUG - on stmt: $const78.1 = const(NoneType, None)
2026-01-25 16:08:42,827 - numba.core.ssa - DEBUG - on stmt: $78return_const.2 = cast(value=$const78.1)
2026-01-25 16:08:42,827 - numba.core.ssa - DEBUG - on stmt: return $78return_const.2
2026-01-25 16:08:42,827 - numba.core.ssa - DEBUG - ==== SSA block rewrite pass on 80
2026-01-25 16:08:42,827 - numba.core.ssa - DEBUG - Running <numba.core.ssa._FixSSAVars object at 0x135284170>
2026-01-25 16:08:42,827 - numba.core.ssa - DEBUG - on stmt: $80load_global.0 = global(int: <class 'int'>)
2026-01-25 16:08:42,827 - numba.core.ssa - DEBUG - on stmt: $90load_global.2 = global(x_mapper: CPUDispatcher(<function LinearAxis.mapper at 0x309960360>))
2026-01-25 16:08:42,827 - numba.core.ssa - DEBUG - on stmt: $102call.5 = call $90load_global.2(x, func=$90load_global.2, args=[Var(x, <_perform_extend_points>:6)], kws=(), vararg=None, varkwarg=None, target=None)
2026-01-25 16:08:42,827 - numba.core.ssa - DEBUG - on stmt: $binop_mul112.7 = $102call.5 * sx
2026-01-25 16:08:42,827 - numba.core.ssa - DEBUG - on stmt: $binop_add118.9 = $binop_mul112.7 + tx
2026-01-25 16:08:42,827 - numba.core.ssa - DEBUG - on stmt: xx = call $80load_global.0($binop_add118.9, func=$80load_global.0, args=[Var($binop_add118.9, <_perform_extend_points>:12)], kws=(), vararg=None, varkwarg=None, target=None)
2026-01-25 16:08:42,827 - numba.core.ssa - DEBUG - on stmt: $132load_global.11 = global(int: <class 'int'>)
2026-01-25 16:08:42,827 - numba.core.ssa - DEBUG - on stmt: $142load_global.13 = global(y_mapper: CPUDispatcher(<function LinearAxis.mapper at 0x309960360>))
2026-01-25 16:08:42,827 - numba.core.ssa - DEBUG - on stmt: $154call.16 = call $142load_global.13(y, func=$142load_global.13, args=[Var(y, <_perform_extend_points>:7)], kws=(), vararg=None, varkwarg=None, target=None)
2026-01-25 16:08:42,827 - numba.core.ssa - DEBUG - on stmt: $binop_mul164.18 = $154call.16 * sy
2026-01-25 16:08:42,827 - numba.core.ssa - DEBUG - on stmt: $binop_add170.20 = $binop_mul164.18 + ty
2026-01-25 16:08:42,827 - numba.core.ssa - DEBUG - on stmt: yy = call $132load_global.11($binop_add170.20, func=$132load_global.11, args=[Var($binop_add170.20, <_perform_extend_points>:13)], kws=(), vararg=None, varkwarg=None, target=None)
2026-01-25 16:08:42,827 - numba.core.ssa - DEBUG - on stmt: $188compare_op.24 = xx >= xxmax
2026-01-25 16:08:42,827 - numba.core.ssa - DEBUG - on stmt: $bool192 = global(bool: <class 'bool'>)
2026-01-25 16:08:42,827 - numba.core.ssa - DEBUG - on stmt: $192pred = call $bool192($188compare_op.24, func=$bool192, args=(Var($188compare_op.24, <_perform_extend_points>:15),), kws=(), vararg=None, varkwarg=None, target=None)
2026-01-25 16:08:42,827 - numba.core.ssa - DEBUG - on stmt: branch $192pred, 194, 204
2026-01-25 16:08:42,827 - numba.core.ssa - DEBUG - ==== SSA block rewrite pass on 194
2026-01-25 16:08:42,827 - numba.core.ssa - DEBUG - Running <numba.core.ssa._FixSSAVars object at 0x135284170>
2026-01-25 16:08:42,827 - numba.core.ssa - DEBUG - on stmt: $const196.1.1 = const(int, 1)
2026-01-25 16:08:42,827 - numba.core.ssa - DEBUG - on stmt: $binop_sub198.2 = xxmax - $const196.1.1
2026-01-25 16:08:42,827 - numba.core.ssa - DEBUG - on stmt: $phi228.0 = $binop_sub198.2
2026-01-25 16:08:42,827 - numba.core.ssa - DEBUG - on stmt: jump 206
2026-01-25 16:08:42,827 - numba.core.ssa - DEBUG - ==== SSA block rewrite pass on 204
2026-01-25 16:08:42,828 - numba.core.ssa - DEBUG - Running <numba.core.ssa._FixSSAVars object at 0x135284170>
2026-01-25 16:08:42,828 - numba.core.ssa - DEBUG - on stmt: $phi228.0.1 = xx
2026-01-25 16:08:42,828 - numba.core.ssa - DEBUG - on stmt: jump 206
2026-01-25 16:08:42,828 - numba.core.ssa - DEBUG - ==== SSA block rewrite pass on 206
2026-01-25 16:08:42,828 - numba.core.ssa - DEBUG - Running <numba.core.ssa._FixSSAVars object at 0x135284170>
2026-01-25 16:08:42,828 - numba.core.ssa - DEBUG - on stmt: $210compare_op.3 = yy >= yymax
2026-01-25 16:08:42,828 - numba.core.ssa - DEBUG - on stmt: $bool214 = global(bool: <class 'bool'>)
2026-01-25 16:08:42,828 - numba.core.ssa - DEBUG - on stmt: $214pred = call $bool214($210compare_op.3, func=$bool214, args=(Var($210compare_op.3, <_perform_extend_points>:16),), kws=(), vararg=None, varkwarg=None, target=None)
2026-01-25 16:08:42,828 - numba.core.ssa - DEBUG - on stmt: branch $214pred, 216, 226
2026-01-25 16:08:42,828 - numba.core.ssa - DEBUG - ==== SSA block rewrite pass on 216
2026-01-25 16:08:42,828 - numba.core.ssa - DEBUG - Running <numba.core.ssa._FixSSAVars object at 0x135284170>
2026-01-25 16:08:42,828 - numba.core.ssa - DEBUG - on stmt: $const218.2.1 = const(int, 1)
2026-01-25 16:08:42,828 - numba.core.ssa - DEBUG - on stmt: $binop_sub220.3 = yymax - $const218.2.1
2026-01-25 16:08:42,828 - numba.core.ssa - DEBUG - on stmt: $phi228.1 = $binop_sub220.3
2026-01-25 16:08:42,828 - numba.core.ssa - DEBUG - on stmt: jump 228
2026-01-25 16:08:42,828 - numba.core.ssa - DEBUG - ==== SSA block rewrite pass on 226
2026-01-25 16:08:42,828 - numba.core.ssa - DEBUG - Running <numba.core.ssa._FixSSAVars object at 0x135284170>
2026-01-25 16:08:42,828 - numba.core.ssa - DEBUG - on stmt: $phi228.1 = yy
2026-01-25 16:08:42,828 - numba.core.ssa - DEBUG - on stmt: jump 228
2026-01-25 16:08:42,828 - numba.core.ssa - DEBUG - ==== SSA block rewrite pass on 228
2026-01-25 16:08:42,828 - numba.core.ssa - DEBUG - Running <numba.core.ssa._FixSSAVars object at 0x135284170>
2026-01-25 16:08:42,828 - numba.core.ssa - DEBUG - on stmt: yi = $phi228.1
2026-01-25 16:08:42,828 - numba.core.ssa - DEBUG - on stmt: xi = $phi228.0
2026-01-25 16:08:42,828 - numba.core.ssa - DEBUG - find_def var='$phi228.0' stmt=xi = $phi228.0
2026-01-25 16:08:42,828 - numba.core.ssa - DEBUG - find_def_from_top label 228
2026-01-25 16:08:42,828 - numba.core.ssa - DEBUG - idom 206 from label 228
2026-01-25 16:08:42,828 - numba.core.ssa - DEBUG - find_def_from_bottom label 206
2026-01-25 16:08:42,828 - numba.core.ssa - DEBUG - find_def_from_top label 206
2026-01-25 16:08:42,828 - numba.core.ssa - DEBUG - insert phi node $phi228.0.2 = phi(incoming_values=[], incoming_blocks=[]) at 206
2026-01-25 16:08:42,828 - numba.core.ssa - DEBUG - find_def_from_bottom label 194
2026-01-25 16:08:42,828 - numba.core.ssa - DEBUG - incoming_def $phi228.0 = $binop_sub198.2
2026-01-25 16:08:42,828 - numba.core.ssa - DEBUG - find_def_from_bottom label 204
2026-01-25 16:08:42,828 - numba.core.ssa - DEBUG - incoming_def $phi228.0.1 = xx
2026-01-25 16:08:42,828 - numba.core.ssa - DEBUG - replaced with: xi = $phi228.0.2
2026-01-25 16:08:42,828 - numba.core.ssa - DEBUG - on stmt: $232load_global.2 = global(append: CPUDispatcher(<function append at 0x30707f240>))
2026-01-25 16:08:42,828 - numba.core.ssa - DEBUG - on stmt: $254call.10 = call $232load_global.2(i, xi, yi, _0, _1, _2, func=$232load_global.2, args=[Var(i, <_perform_extend_points>:3), Var(xi, <_perform_extend_points>:15), Var(yi, <_perform_extend_points>:15), Var(_0, <_perform_extend_points>:3), Var(_1, <_perform_extend_points>:3), Var(_2, <_perform_extend_points>:3)], kws=(), vararg=None, varkwarg=None, target=None)
2026-01-25 16:08:42,828 - numba.core.ssa - DEBUG - on stmt: $const264.11 = const(NoneType, None)
2026-01-25 16:08:42,828 - numba.core.ssa - DEBUG - on stmt: $264return_const.12 = cast(value=$const264.11)
2026-01-25 16:08:42,828 - numba.core.ssa - DEBUG - on stmt: return $264return_const.12
2026-01-25 16:08:42,828 - numba.core.ssa - DEBUG - ==== SSA block rewrite pass on 266
2026-01-25 16:08:42,828 - numba.core.ssa - DEBUG - Running <numba.core.ssa._FixSSAVars object at 0x135284170>
2026-01-25 16:08:42,828 - numba.core.ssa - DEBUG - on stmt: $const266.0 = const(NoneType, None)
2026-01-25 16:08:42,828 - numba.core.ssa - DEBUG - on stmt: $266return_const.1 = cast(value=$const266.0)
2026-01-25 16:08:42,828 - numba.core.ssa - DEBUG - on stmt: return $266return_const.1
2026-01-25 16:08:42,828 - numba.core.ssa - DEBUG - ==== SSA block rewrite pass on 268
2026-01-25 16:08:42,828 - numba.core.ssa - DEBUG - Running <numba.core.ssa._FixSSAVars object at 0x135284170>
2026-01-25 16:08:42,828 - numba.core.ssa - DEBUG - on stmt: $const268.0 = const(NoneType, None)
2026-01-25 16:08:42,828 - numba.core.ssa - DEBUG - on stmt: $268return_const.1 = cast(value=$const268.0)
2026-01-25 16:08:42,828 - numba.core.ssa - DEBUG - on stmt: return $268return_const.1
2026-01-25 16:08:42,828 - numba.core.ssa - DEBUG - Fix SSA violator on var $phi228.1
2026-01-25 16:08:42,828 - numba.core.ssa - DEBUG - ==== SSA block rewrite pass on 0
2026-01-25 16:08:42,829 - numba.core.ssa - DEBUG - Running <numba.core.ssa._FreshVarHandler object at 0x1352bbe30>
2026-01-25 16:08:42,829 - numba.core.ssa - DEBUG - on stmt: i = arg(0, name=i)
2026-01-25 16:08:42,829 - numba.core.ssa - DEBUG - on stmt: sx = arg(1, name=sx)
2026-01-25 16:08:42,829 - numba.core.ssa - DEBUG - on stmt: tx = arg(2, name=tx)
2026-01-25 16:08:42,829 - numba.core.ssa - DEBUG - on stmt: sy = arg(3, name=sy)
2026-01-25 16:08:42,829 - numba.core.ssa - DEBUG - on stmt: ty = arg(4, name=ty)
2026-01-25 16:08:42,829 - numba.core.ssa - DEBUG - on stmt: xmin = arg(5, name=xmin)
2026-01-25 16:08:42,829 - numba.core.ssa - DEBUG - on stmt: xmax = arg(6, name=xmax)
2026-01-25 16:08:42,829 - numba.core.ssa - DEBUG - on stmt: ymin = arg(7, name=ymin)
2026-01-25 16:08:42,829 - numba.core.ssa - DEBUG - on stmt: ymax = arg(8, name=ymax)
2026-01-25 16:08:42,829 - numba.core.ssa - DEBUG - on stmt: xs = arg(9, name=xs)
2026-01-25 16:08:42,829 - numba.core.ssa - DEBUG - on stmt: ys = arg(10, name=ys)
2026-01-25 16:08:42,829 - numba.core.ssa - DEBUG - on stmt: xxmax = arg(11, name=xxmax)
2026-01-25 16:08:42,829 - numba.core.ssa - DEBUG - on stmt: yymax = arg(12, name=yymax)
2026-01-25 16:08:42,829 - numba.core.ssa - DEBUG - on stmt: _0 = arg(13, name=_0)
2026-01-25 16:08:42,829 - numba.core.ssa - DEBUG - on stmt: _1 = arg(14, name=_1)
2026-01-25 16:08:42,829 - numba.core.ssa - DEBUG - on stmt: _2 = arg(15, name=_2)
2026-01-25 16:08:42,829 - numba.core.ssa - DEBUG - on stmt: x = getitem(value=xs, index=i, fn=<built-in function getitem>)
2026-01-25 16:08:42,829 - numba.core.ssa - DEBUG - on stmt: y = getitem(value=ys, index=i, fn=<built-in function getitem>)
2026-01-25 16:08:42,829 - numba.core.ssa - DEBUG - on stmt: $32compare_op.8 = xmin <= x
2026-01-25 16:08:42,829 - numba.core.ssa - DEBUG - on stmt: $bool36 = global(bool: <class 'bool'>)
2026-01-25 16:08:42,829 - numba.core.ssa - DEBUG - on stmt: $36pred = call $bool36($32compare_op.8, func=$bool36, args=(Var($32compare_op.8, <_perform_extend_points>:11),), kws=(), vararg=None, varkwarg=None, target=None)
2026-01-25 16:08:42,829 - numba.core.ssa - DEBUG - on stmt: $phi38.0 = x
2026-01-25 16:08:42,829 - numba.core.ssa - DEBUG - on stmt: branch $36pred, 38, 48
2026-01-25 16:08:42,829 - numba.core.ssa - DEBUG - ==== SSA block rewrite pass on 38
2026-01-25 16:08:42,829 - numba.core.ssa - DEBUG - Running <numba.core.ssa._FreshVarHandler object at 0x1352bbe30>
2026-01-25 16:08:42,829 - numba.core.ssa - DEBUG - on stmt: $40compare_op.2 = $phi38.0 <= xmax
2026-01-25 16:08:42,829 - numba.core.ssa - DEBUG - on stmt: $bool44 = global(bool: <class 'bool'>)
2026-01-25 16:08:42,829 - numba.core.ssa - DEBUG - on stmt: $44pred = call $bool44($40compare_op.2, func=$bool44, args=(Var($40compare_op.2, <_perform_extend_points>:11),), kws=(), vararg=None, varkwarg=None, target=None)
2026-01-25 16:08:42,829 - numba.core.ssa - DEBUG - on stmt: branch $44pred, 46, 268
2026-01-25 16:08:42,829 - numba.core.ssa - DEBUG - ==== SSA block rewrite pass on 46
2026-01-25 16:08:42,829 - numba.core.ssa - DEBUG - Running <numba.core.ssa._FreshVarHandler object at 0x1352bbe30>
2026-01-25 16:08:42,829 - numba.core.ssa - DEBUG - on stmt: jump 52
2026-01-25 16:08:42,829 - numba.core.ssa - DEBUG - ==== SSA block rewrite pass on 48
2026-01-25 16:08:42,829 - numba.core.ssa - DEBUG - Running <numba.core.ssa._FreshVarHandler object at 0x1352bbe30>
2026-01-25 16:08:42,829 - numba.core.ssa - DEBUG - on stmt: $const50.1 = const(NoneType, None)
2026-01-25 16:08:42,829 - numba.core.ssa - DEBUG - on stmt: $50return_const.2 = cast(value=$const50.1)
2026-01-25 16:08:42,829 - numba.core.ssa - DEBUG - on stmt: return $50return_const.2
2026-01-25 16:08:42,829 - numba.core.ssa - DEBUG - ==== SSA block rewrite pass on 52
2026-01-25 16:08:42,829 - numba.core.ssa - DEBUG - Running <numba.core.ssa._FreshVarHandler object at 0x1352bbe30>
2026-01-25 16:08:42,829 - numba.core.ssa - DEBUG - on stmt: $60compare_op.2 = ymin <= y
2026-01-25 16:08:42,829 - numba.core.ssa - DEBUG - on stmt: $bool64 = global(bool: <class 'bool'>)
2026-01-25 16:08:42,829 - numba.core.ssa - DEBUG - on stmt: $64pred = call $bool64($60compare_op.2, func=$bool64, args=(Var($60compare_op.2, <_perform_extend_points>:11),), kws=(), vararg=None, varkwarg=None, target=None)
2026-01-25 16:08:42,829 - numba.core.ssa - DEBUG - on stmt: $phi66.0 = y
2026-01-25 16:08:42,829 - numba.core.ssa - DEBUG - on stmt: branch $64pred, 66, 76
2026-01-25 16:08:42,829 - numba.core.ssa - DEBUG - ==== SSA block rewrite pass on 66
2026-01-25 16:08:42,829 - numba.core.ssa - DEBUG - Running <numba.core.ssa._FreshVarHandler object at 0x1352bbe30>
2026-01-25 16:08:42,829 - numba.core.ssa - DEBUG - on stmt: $68compare_op.2 = $phi66.0 <= ymax
2026-01-25 16:08:42,829 - numba.core.ssa - DEBUG - on stmt: $bool72 = global(bool: <class 'bool'>)
2026-01-25 16:08:42,829 - numba.core.ssa - DEBUG - on stmt: $72pred = call $bool72($68compare_op.2, func=$bool72, args=(Var($68compare_op.2, <_perform_extend_points>:11),), kws=(), vararg=None, varkwarg=None, target=None)
2026-01-25 16:08:42,829 - numba.core.ssa - DEBUG - on stmt: branch $72pred, 74, 266
2026-01-25 16:08:42,829 - numba.core.ssa - DEBUG - ==== SSA block rewrite pass on 74
2026-01-25 16:08:42,829 - numba.core.ssa - DEBUG - Running <numba.core.ssa._FreshVarHandler object at 0x1352bbe30>
2026-01-25 16:08:42,829 - numba.core.ssa - DEBUG - on stmt: jump 80
2026-01-25 16:08:42,829 - numba.core.ssa - DEBUG - ==== SSA block rewrite pass on 76
2026-01-25 16:08:42,829 - numba.core.ssa - DEBUG - Running <numba.core.ssa._FreshVarHandler object at 0x1352bbe30>
2026-01-25 16:08:42,829 - numba.core.ssa - DEBUG - on stmt: $const78.1 = const(NoneType, None)
2026-01-25 16:08:42,829 - numba.core.ssa - DEBUG - on stmt: $78return_const.2 = cast(value=$const78.1)
2026-01-25 16:08:42,829 - numba.core.ssa - DEBUG - on stmt: return $78return_const.2
2026-01-25 16:08:42,829 - numba.core.ssa - DEBUG - ==== SSA block rewrite pass on 80
2026-01-25 16:08:42,829 - numba.core.ssa - DEBUG - Running <numba.core.ssa._FreshVarHandler object at 0x1352bbe30>
2026-01-25 16:08:42,830 - numba.core.ssa - DEBUG - on stmt: $80load_global.0 = global(int: <class 'int'>)
2026-01-25 16:08:42,830 - numba.core.ssa - DEBUG - on stmt: $90load_global.2 = global(x_mapper: CPUDispatcher(<function LinearAxis.mapper at 0x309960360>))
2026-01-25 16:08:42,830 - numba.core.ssa - DEBUG - on stmt: $102call.5 = call $90load_global.2(x, func=$90load_global.2, args=[Var(x, <_perform_extend_points>:6)], kws=(), vararg=None, varkwarg=None, target=None)
2026-01-25 16:08:42,830 - numba.core.ssa - DEBUG - on stmt: $binop_mul112.7 = $102call.5 * sx
2026-01-25 16:08:42,830 - numba.core.ssa - DEBUG - on stmt: $binop_add118.9 = $binop_mul112.7 + tx
2026-01-25 16:08:42,830 - numba.core.ssa - DEBUG - on stmt: xx = call $80load_global.0($binop_add118.9, func=$80load_global.0, args=[Var($binop_add118.9, <_perform_extend_points>:12)], kws=(), vararg=None, varkwarg=None, target=None)
2026-01-25 16:08:42,830 - numba.core.ssa - DEBUG - on stmt: $132load_global.11 = global(int: <class 'int'>)
2026-01-25 16:08:42,830 - numba.core.ssa - DEBUG - on stmt: $142load_global.13 = global(y_mapper: CPUDispatcher(<function LinearAxis.mapper at 0x309960360>))
2026-01-25 16:08:42,830 - numba.core.ssa - DEBUG - on stmt: $154call.16 = call $142load_global.13(y, func=$142load_global.13, args=[Var(y, <_perform_extend_points>:7)], kws=(), vararg=None, varkwarg=None, target=None)
2026-01-25 16:08:42,830 - numba.core.ssa - DEBUG - on stmt: $binop_mul164.18 = $154call.16 * sy
2026-01-25 16:08:42,830 - numba.core.ssa - DEBUG - on stmt: $binop_add170.20 = $binop_mul164.18 + ty
2026-01-25 16:08:42,830 - numba.core.ssa - DEBUG - on stmt: yy = call $132load_global.11($binop_add170.20, func=$132load_global.11, args=[Var($binop_add170.20, <_perform_extend_points>:13)], kws=(), vararg=None, varkwarg=None, target=None)
2026-01-25 16:08:42,830 - numba.core.ssa - DEBUG - on stmt: $188compare_op.24 = xx >= xxmax
2026-01-25 16:08:42,830 - numba.core.ssa - DEBUG - on stmt: $bool192 = global(bool: <class 'bool'>)
2026-01-25 16:08:42,830 - numba.core.ssa - DEBUG - on stmt: $192pred = call $bool192($188compare_op.24, func=$bool192, args=(Var($188compare_op.24, <_perform_extend_points>:15),), kws=(), vararg=None, varkwarg=None, target=None)
2026-01-25 16:08:42,830 - numba.core.ssa - DEBUG - on stmt: branch $192pred, 194, 204
2026-01-25 16:08:42,830 - numba.core.ssa - DEBUG - ==== SSA block rewrite pass on 194
2026-01-25 16:08:42,830 - numba.core.ssa - DEBUG - Running <numba.core.ssa._FreshVarHandler object at 0x1352bbe30>
2026-01-25 16:08:42,830 - numba.core.ssa - DEBUG - on stmt: $const196.1.1 = const(int, 1)
2026-01-25 16:08:42,830 - numba.core.ssa - DEBUG - on stmt: $binop_sub198.2 = xxmax - $const196.1.1
2026-01-25 16:08:42,830 - numba.core.ssa - DEBUG - on stmt: $phi228.0 = $binop_sub198.2
2026-01-25 16:08:42,830 - numba.core.ssa - DEBUG - on stmt: jump 206
2026-01-25 16:08:42,830 - numba.core.ssa - DEBUG - ==== SSA block rewrite pass on 204
2026-01-25 16:08:42,830 - numba.core.ssa - DEBUG - Running <numba.core.ssa._FreshVarHandler object at 0x1352bbe30>
2026-01-25 16:08:42,830 - numba.core.ssa - DEBUG - on stmt: $phi228.0.1 = xx
2026-01-25 16:08:42,830 - numba.core.ssa - DEBUG - on stmt: jump 206
2026-01-25 16:08:42,830 - numba.core.ssa - DEBUG - ==== SSA block rewrite pass on 206
2026-01-25 16:08:42,830 - numba.core.ssa - DEBUG - Running <numba.core.ssa._FreshVarHandler object at 0x1352bbe30>
2026-01-25 16:08:42,830 - numba.core.ssa - DEBUG - on stmt: $phi228.0.2 = phi(incoming_values=[Var($phi228.0, <_perform_extend_points>:15), Var($phi228.0.1, <_perform_extend_points>:15)], incoming_blocks=[194, 204])
2026-01-25 16:08:42,830 - numba.core.ssa - DEBUG - on stmt: $210compare_op.3 = yy >= yymax
2026-01-25 16:08:42,830 - numba.core.ssa - DEBUG - on stmt: $bool214 = global(bool: <class 'bool'>)
2026-01-25 16:08:42,830 - numba.core.ssa - DEBUG - on stmt: $214pred = call $bool214($210compare_op.3, func=$bool214, args=(Var($210compare_op.3, <_perform_extend_points>:16),), kws=(), vararg=None, varkwarg=None, target=None)
2026-01-25 16:08:42,830 - numba.core.ssa - DEBUG - on stmt: branch $214pred, 216, 226
2026-01-25 16:08:42,830 - numba.core.ssa - DEBUG - ==== SSA block rewrite pass on 216
2026-01-25 16:08:42,830 - numba.core.ssa - DEBUG - Running <numba.core.ssa._FreshVarHandler object at 0x1352bbe30>
2026-01-25 16:08:42,830 - numba.core.ssa - DEBUG - on stmt: $const218.2.1 = const(int, 1)
2026-01-25 16:08:42,830 - numba.core.ssa - DEBUG - on stmt: $binop_sub220.3 = yymax - $const218.2.1
2026-01-25 16:08:42,830 - numba.core.ssa - DEBUG - on stmt: $phi228.1 = $binop_sub220.3
2026-01-25 16:08:42,830 - numba.core.ssa - DEBUG - first assign: $phi228.1
2026-01-25 16:08:42,830 - numba.core.ssa - DEBUG - replaced with: $phi228.1 = $binop_sub220.3
2026-01-25 16:08:42,830 - numba.core.ssa - DEBUG - on stmt: jump 228
2026-01-25 16:08:42,830 - numba.core.ssa - DEBUG - ==== SSA block rewrite pass on 226
2026-01-25 16:08:42,830 - numba.core.ssa - DEBUG - Running <numba.core.ssa._FreshVarHandler object at 0x1352bbe30>
2026-01-25 16:08:42,830 - numba.core.ssa - DEBUG - on stmt: $phi228.1 = yy
2026-01-25 16:08:42,830 - numba.core.ssa - DEBUG - replaced with: $phi228.1.1 = yy
2026-01-25 16:08:42,830 - numba.core.ssa - DEBUG - on stmt: jump 228
2026-01-25 16:08:42,830 - numba.core.ssa - DEBUG - ==== SSA block rewrite pass on 228
2026-01-25 16:08:42,830 - numba.core.ssa - DEBUG - Running <numba.core.ssa._FreshVarHandler object at 0x1352bbe30>
2026-01-25 16:08:42,830 - numba.core.ssa - DEBUG - on stmt: yi = $phi228.1
2026-01-25 16:08:42,830 - numba.core.ssa - DEBUG - on stmt: xi = $phi228.0.2
2026-01-25 16:08:42,830 - numba.core.ssa - DEBUG - on stmt: $232load_global.2 = global(append: CPUDispatcher(<function append at 0x30707f240>))
2026-01-25 16:08:42,831 - numba.core.ssa - DEBUG - on stmt: $254call.10 = call $232load_global.2(i, xi, yi, _0, _1, _2, func=$232load_global.2, args=[Var(i, <_perform_extend_points>:3), Var(xi, <_perform_extend_points>:15), Var(yi, <_perform_extend_points>:15), Var(_0, <_perform_extend_points>:3), Var(_1, <_perform_extend_points>:3), Var(_2, <_perform_extend_points>:3)], kws=(), vararg=None, varkwarg=None, target=None)
2026-01-25 16:08:42,831 - numba.core.ssa - DEBUG - on stmt: $const264.11 = const(NoneType, None)
2026-01-25 16:08:42,831 - numba.core.ssa - DEBUG - on stmt: $264return_const.12 = cast(value=$const264.11)
2026-01-25 16:08:42,831 - numba.core.ssa - DEBUG - on stmt: return $264return_const.12
2026-01-25 16:08:42,831 - numba.core.ssa - DEBUG - ==== SSA block rewrite pass on 266
2026-01-25 16:08:42,831 - numba.core.ssa - DEBUG - Running <numba.core.ssa._FreshVarHandler object at 0x1352bbe30>
2026-01-25 16:08:42,831 - numba.core.ssa - DEBUG - on stmt: $const266.0 = const(NoneType, None)
2026-01-25 16:08:42,831 - numba.core.ssa - DEBUG - on stmt: $266return_const.1 = cast(value=$const266.0)
2026-01-25 16:08:42,831 - numba.core.ssa - DEBUG - on stmt: return $266return_const.1
2026-01-25 16:08:42,831 - numba.core.ssa - DEBUG - ==== SSA block rewrite pass on 268
2026-01-25 16:08:42,831 - numba.core.ssa - DEBUG - Running <numba.core.ssa._FreshVarHandler object at 0x1352bbe30>
2026-01-25 16:08:42,831 - numba.core.ssa - DEBUG - on stmt: $const268.0 = const(NoneType, None)
2026-01-25 16:08:42,831 - numba.core.ssa - DEBUG - on stmt: $268return_const.1 = cast(value=$const268.0)
2026-01-25 16:08:42,831 - numba.core.ssa - DEBUG - on stmt: return $268return_const.1
2026-01-25 16:08:42,831 - numba.core.ssa - DEBUG - Replaced assignments: defaultdict(<class 'list'>,
            {216: [<numba.core.ir.Assign object at 0x135284980>],
             226: [<numba.core.ir.Assign object at 0x13528acc0>]})
2026-01-25 16:08:42,831 - numba.core.ssa - DEBUG - ==== SSA block rewrite pass on 0
2026-01-25 16:08:42,831 - numba.core.ssa - DEBUG - Running <numba.core.ssa._FixSSAVars object at 0x135284170>
2026-01-25 16:08:42,831 - numba.core.ssa - DEBUG - on stmt: i = arg(0, name=i)
2026-01-25 16:08:42,831 - numba.core.ssa - DEBUG - on stmt: sx = arg(1, name=sx)
2026-01-25 16:08:42,831 - numba.core.ssa - DEBUG - on stmt: tx = arg(2, name=tx)
2026-01-25 16:08:42,831 - numba.core.ssa - DEBUG - on stmt: sy = arg(3, name=sy)
2026-01-25 16:08:42,831 - numba.core.ssa - DEBUG - on stmt: ty = arg(4, name=ty)
2026-01-25 16:08:42,831 - numba.core.ssa - DEBUG - on stmt: xmin = arg(5, name=xmin)
2026-01-25 16:08:42,831 - numba.core.ssa - DEBUG - on stmt: xmax = arg(6, name=xmax)
2026-01-25 16:08:42,831 - numba.core.ssa - DEBUG - on stmt: ymin = arg(7, name=ymin)
2026-01-25 16:08:42,831 - numba.core.ssa - DEBUG - on stmt: ymax = arg(8, name=ymax)
2026-01-25 16:08:42,831 - numba.core.ssa - DEBUG - on stmt: xs = arg(9, name=xs)
2026-01-25 16:08:42,831 - numba.core.ssa - DEBUG - on stmt: ys = arg(10, name=ys)
2026-01-25 16:08:42,831 - numba.core.ssa - DEBUG - on stmt: xxmax = arg(11, name=xxmax)
2026-01-25 16:08:42,831 - numba.core.ssa - DEBUG - on stmt: yymax = arg(12, name=yymax)
2026-01-25 16:08:42,831 - numba.core.ssa - DEBUG - on stmt: _0 = arg(13, name=_0)
2026-01-25 16:08:42,831 - numba.core.ssa - DEBUG - on stmt: _1 = arg(14, name=_1)
2026-01-25 16:08:42,831 - numba.core.ssa - DEBUG - on stmt: _2 = arg(15, name=_2)
2026-01-25 16:08:42,831 - numba.core.ssa - DEBUG - on stmt: x = getitem(value=xs, index=i, fn=<built-in function getitem>)
2026-01-25 16:08:42,831 - numba.core.ssa - DEBUG - on stmt: y = getitem(value=ys, index=i, fn=<built-in function getitem>)
2026-01-25 16:08:42,831 - numba.core.ssa - DEBUG - on stmt: $32compare_op.8 = xmin <= x
2026-01-25 16:08:42,831 - numba.core.ssa - DEBUG - on stmt: $bool36 = global(bool: <class 'bool'>)
2026-01-25 16:08:42,831 - numba.core.ssa - DEBUG - on stmt: $36pred = call $bool36($32compare_op.8, func=$bool36, args=(Var($32compare_op.8, <_perform_extend_points>:11),), kws=(), vararg=None, varkwarg=None, target=None)
2026-01-25 16:08:42,831 - numba.core.ssa - DEBUG - on stmt: $phi38.0 = x
2026-01-25 16:08:42,831 - numba.core.ssa - DEBUG - on stmt: branch $36pred, 38, 48
2026-01-25 16:08:42,831 - numba.core.ssa - DEBUG - ==== SSA block rewrite pass on 38
2026-01-25 16:08:42,831 - numba.core.ssa - DEBUG - Running <numba.core.ssa._FixSSAVars object at 0x135284170>
2026-01-25 16:08:42,831 - numba.core.ssa - DEBUG - on stmt: $40compare_op.2 = $phi38.0 <= xmax
2026-01-25 16:08:42,831 - numba.core.ssa - DEBUG - on stmt: $bool44 = global(bool: <class 'bool'>)
2026-01-25 16:08:42,831 - numba.core.ssa - DEBUG - on stmt: $44pred = call $bool44($40compare_op.2, func=$bool44, args=(Var($40compare_op.2, <_perform_extend_points>:11),), kws=(), vararg=None, varkwarg=None, target=None)
2026-01-25 16:08:42,832 - numba.core.ssa - DEBUG - on stmt: branch $44pred, 46, 268
2026-01-25 16:08:42,832 - numba.core.ssa - DEBUG - ==== SSA block rewrite pass on 46
2026-01-25 16:08:42,832 - numba.core.ssa - DEBUG - Running <numba.core.ssa._FixSSAVars object at 0x135284170>
2026-01-25 16:08:42,832 - numba.core.ssa - DEBUG - on stmt: jump 52
2026-01-25 16:08:42,832 - numba.core.ssa - DEBUG - ==== SSA block rewrite pass on 48
2026-01-25 16:08:42,832 - numba.core.ssa - DEBUG - Running <numba.core.ssa._FixSSAVars object at 0x135284170>
2026-01-25 16:08:42,832 - numba.core.ssa - DEBUG - on stmt: $const50.1 = const(NoneType, None)
2026-01-25 16:08:42,832 - numba.core.ssa - DEBUG - on stmt: $50return_const.2 = cast(value=$const50.1)
2026-01-25 16:08:42,832 - numba.core.ssa - DEBUG - on stmt: return $50return_const.2
2026-01-25 16:08:42,832 - numba.core.ssa - DEBUG - ==== SSA block rewrite pass on 52
2026-01-25 16:08:42,832 - numba.core.ssa - DEBUG - Running <numba.core.ssa._FixSSAVars object at 0x135284170>
2026-01-25 16:08:42,832 - numba.core.ssa - DEBUG - on stmt: $60compare_op.2 = ymin <= y
2026-01-25 16:08:42,832 - numba.core.ssa - DEBUG - on stmt: $bool64 = global(bool: <class 'bool'>)
2026-01-25 16:08:42,832 - numba.core.ssa - DEBUG - on stmt: $64pred = call $bool64($60compare_op.2, func=$bool64, args=(Var($60compare_op.2, <_perform_extend_points>:11),), kws=(), vararg=None, varkwarg=None, target=None)
2026-01-25 16:08:42,832 - numba.core.ssa - DEBUG - on stmt: $phi66.0 = y
2026-01-25 16:08:42,832 - numba.core.ssa - DEBUG - on stmt: branch $64pred, 66, 76
2026-01-25 16:08:42,832 - numba.core.ssa - DEBUG - ==== SSA block rewrite pass on 66
2026-01-25 16:08:42,832 - numba.core.ssa - DEBUG - Running <numba.core.ssa._FixSSAVars object at 0x135284170>
2026-01-25 16:08:42,832 - numba.core.ssa - DEBUG - on stmt: $68compare_op.2 = $phi66.0 <= ymax
2026-01-25 16:08:42,832 - numba.core.ssa - DEBUG - on stmt: $bool72 = global(bool: <class 'bool'>)
2026-01-25 16:08:42,832 - numba.core.ssa - DEBUG - on stmt: $72pred = call $bool72($68compare_op.2, func=$bool72, args=(Var($68compare_op.2, <_perform_extend_points>:11),), kws=(), vararg=None, varkwarg=None, target=None)
2026-01-25 16:08:42,832 - numba.core.ssa - DEBUG - on stmt: branch $72pred, 74, 266
2026-01-25 16:08:42,832 - numba.core.ssa - DEBUG - ==== SSA block rewrite pass on 74
2026-01-25 16:08:42,832 - numba.core.ssa - DEBUG - Running <numba.core.ssa._FixSSAVars object at 0x135284170>
2026-01-25 16:08:42,832 - numba.core.ssa - DEBUG - on stmt: jump 80
2026-01-25 16:08:42,832 - numba.core.ssa - DEBUG - ==== SSA block rewrite pass on 76
2026-01-25 16:08:42,832 - numba.core.ssa - DEBUG - Running <numba.core.ssa._FixSSAVars object at 0x135284170>
2026-01-25 16:08:42,832 - numba.core.ssa - DEBUG - on stmt: $const78.1 = const(NoneType, None)
2026-01-25 16:08:42,832 - numba.core.ssa - DEBUG - on stmt: $78return_const.2 = cast(value=$const78.1)
2026-01-25 16:08:42,832 - numba.core.ssa - DEBUG - on stmt: return $78return_const.2
2026-01-25 16:08:42,832 - numba.core.ssa - DEBUG - ==== SSA block rewrite pass on 80
2026-01-25 16:08:42,832 - numba.core.ssa - DEBUG - Running <numba.core.ssa._FixSSAVars object at 0x135284170>
2026-01-25 16:08:42,832 - numba.core.ssa - DEBUG - on stmt: $80load_global.0 = global(int: <class 'int'>)
2026-01-25 16:08:42,832 - numba.core.ssa - DEBUG - on stmt: $90load_global.2 = global(x_mapper: CPUDispatcher(<function LinearAxis.mapper at 0x309960360>))
2026-01-25 16:08:42,832 - numba.core.ssa - DEBUG - on stmt: $102call.5 = call $90load_global.2(x, func=$90load_global.2, args=[Var(x, <_perform_extend_points>:6)], kws=(), vararg=None, varkwarg=None, target=None)
2026-01-25 16:08:42,832 - numba.core.ssa - DEBUG - on stmt: $binop_mul112.7 = $102call.5 * sx
2026-01-25 16:08:42,832 - numba.core.ssa - DEBUG - on stmt: $binop_add118.9 = $binop_mul112.7 + tx
2026-01-25 16:08:42,832 - numba.core.ssa - DEBUG - on stmt: xx = call $80load_global.0($binop_add118.9, func=$80load_global.0, args=[Var($binop_add118.9, <_perform_extend_points>:12)], kws=(), vararg=None, varkwarg=None, target=None)
2026-01-25 16:08:42,832 - numba.core.ssa - DEBUG - on stmt: $132load_global.11 = global(int: <class 'int'>)
2026-01-25 16:08:42,832 - numba.core.ssa - DEBUG - on stmt: $142load_global.13 = global(y_mapper: CPUDispatcher(<function LinearAxis.mapper at 0x309960360>))
2026-01-25 16:08:42,832 - numba.core.ssa - DEBUG - on stmt: $154call.16 = call $142load_global.13(y, func=$142load_global.13, args=[Var(y, <_perform_extend_points>:7)], kws=(), vararg=None, varkwarg=None, target=None)
2026-01-25 16:08:42,832 - numba.core.ssa - DEBUG - on stmt: $binop_mul164.18 = $154call.16 * sy
2026-01-25 16:08:42,832 - numba.core.ssa - DEBUG - on stmt: $binop_add170.20 = $binop_mul164.18 + ty
2026-01-25 16:08:42,832 - numba.core.ssa - DEBUG - on stmt: yy = call $132load_global.11($binop_add170.20, func=$132load_global.11, args=[Var($binop_add170.20, <_perform_extend_points>:13)], kws=(), vararg=None, varkwarg=None, target=None)
2026-01-25 16:08:42,832 - numba.core.ssa - DEBUG - on stmt: $188compare_op.24 = xx >= xxmax
2026-01-25 16:08:42,832 - numba.core.ssa - DEBUG - on stmt: $bool192 = global(bool: <class 'bool'>)
2026-01-25 16:08:42,832 - numba.core.ssa - DEBUG - on stmt: $192pred = call $bool192($188compare_op.24, func=$bool192, args=(Var($188compare_op.24, <_perform_extend_points>:15),), kws=(), vararg=None, varkwarg=None, target=None)
2026-01-25 16:08:42,832 - numba.core.ssa - DEBUG - on stmt: branch $192pred, 194, 204
2026-01-25 16:08:42,832 - numba.core.ssa - DEBUG - ==== SSA block rewrite pass on 194
2026-01-25 16:08:42,832 - numba.core.ssa - DEBUG - Running <numba.core.ssa._FixSSAVars object at 0x135284170>
2026-01-25 16:08:42,832 - numba.core.ssa - DEBUG - on stmt: $const196.1.1 = const(int, 1)
2026-01-25 16:08:42,832 - numba.core.ssa - DEBUG - on stmt: $binop_sub198.2 = xxmax - $const196.1.1
2026-01-25 16:08:42,832 - numba.core.ssa - DEBUG - on stmt: $phi228.0 = $binop_sub198.2
2026-01-25 16:08:42,832 - numba.core.ssa - DEBUG - on stmt: jump 206
2026-01-25 16:08:42,832 - numba.core.ssa - DEBUG - ==== SSA block rewrite pass on 204
2026-01-25 16:08:42,832 - numba.core.ssa - DEBUG - Running <numba.core.ssa._FixSSAVars object at 0x135284170>
2026-01-25 16:08:42,832 - numba.core.ssa - DEBUG - on stmt: $phi228.0.1 = xx
2026-01-25 16:08:42,832 - numba.core.ssa - DEBUG - on stmt: jump 206
2026-01-25 16:08:42,832 - numba.core.ssa - DEBUG - ==== SSA block rewrite pass on 206
2026-01-25 16:08:42,832 - numba.core.ssa - DEBUG - Running <numba.core.ssa._FixSSAVars object at 0x135284170>
2026-01-25 16:08:42,832 - numba.core.ssa - DEBUG - on stmt: $phi228.0.2 = phi(incoming_values=[Var($phi228.0, <_perform_extend_points>:15), Var($phi228.0.1, <_perform_extend_points>:15)], incoming_blocks=[194, 204])
2026-01-25 16:08:42,832 - numba.core.ssa - DEBUG - on stmt: $210compare_op.3 = yy >= yymax
2026-01-25 16:08:42,832 - numba.core.ssa - DEBUG - on stmt: $bool214 = global(bool: <class 'bool'>)
2026-01-25 16:08:42,833 - numba.core.ssa - DEBUG - on stmt: $214pred = call $bool214($210compare_op.3, func=$bool214, args=(Var($210compare_op.3, <_perform_extend_points>:16),), kws=(), vararg=None, varkwarg=None, target=None)
2026-01-25 16:08:42,833 - numba.core.ssa - DEBUG - on stmt: branch $214pred, 216, 226
2026-01-25 16:08:42,833 - numba.core.ssa - DEBUG - ==== SSA block rewrite pass on 216
2026-01-25 16:08:42,833 - numba.core.ssa - DEBUG - Running <numba.core.ssa._FixSSAVars object at 0x135284170>
2026-01-25 16:08:42,833 - numba.core.ssa - DEBUG - on stmt: $const218.2.1 = const(int, 1)
2026-01-25 16:08:42,833 - numba.core.ssa - DEBUG - on stmt: $binop_sub220.3 = yymax - $const218.2.1
2026-01-25 16:08:42,833 - numba.core.ssa - DEBUG - on stmt: $phi228.1 = $binop_sub220.3
2026-01-25 16:08:42,833 - numba.core.ssa - DEBUG - on stmt: jump 228
2026-01-25 16:08:42,833 - numba.core.ssa - DEBUG - ==== SSA block rewrite pass on 226
2026-01-25 16:08:42,833 - numba.core.ssa - DEBUG - Running <numba.core.ssa._FixSSAVars object at 0x135284170>
2026-01-25 16:08:42,833 - numba.core.ssa - DEBUG - on stmt: $phi228.1.1 = yy
2026-01-25 16:08:42,833 - numba.core.ssa - DEBUG - on stmt: jump 228
2026-01-25 16:08:42,833 - numba.core.ssa - DEBUG - ==== SSA block rewrite pass on 228
2026-01-25 16:08:42,833 - numba.core.ssa - DEBUG - Running <numba.core.ssa._FixSSAVars object at 0x135284170>
2026-01-25 16:08:42,833 - numba.core.ssa - DEBUG - on stmt: yi = $phi228.1
2026-01-25 16:08:42,833 - numba.core.ssa - DEBUG - find_def var='$phi228.1' stmt=yi = $phi228.1
2026-01-25 16:08:42,833 - numba.core.ssa - DEBUG - find_def_from_top label 228
2026-01-25 16:08:42,833 - numba.core.ssa - DEBUG - insert phi node $phi228.1.2 = phi(incoming_values=[], incoming_blocks=[]) at 228
2026-01-25 16:08:42,833 - numba.core.ssa - DEBUG - find_def_from_bottom label 216
2026-01-25 16:08:42,833 - numba.core.ssa - DEBUG - incoming_def $phi228.1 = $binop_sub220.3
2026-01-25 16:08:42,833 - numba.core.ssa - DEBUG - find_def_from_bottom label 226
2026-01-25 16:08:42,833 - numba.core.ssa - DEBUG - incoming_def $phi228.1.1 = yy
2026-01-25 16:08:42,833 - numba.core.ssa - DEBUG - replaced with: yi = $phi228.1.2
2026-01-25 16:08:42,833 - numba.core.ssa - DEBUG - on stmt: xi = $phi228.0.2
2026-01-25 16:08:42,833 - numba.core.ssa - DEBUG - on stmt: $232load_global.2 = global(append: CPUDispatcher(<function append at 0x30707f240>))
2026-01-25 16:08:42,833 - numba.core.ssa - DEBUG - on stmt: $254call.10 = call $232load_global.2(i, xi, yi, _0, _1, _2, func=$232load_global.2, args=[Var(i, <_perform_extend_points>:3), Var(xi, <_perform_extend_points>:15), Var(yi, <_perform_extend_points>:15), Var(_0, <_perform_extend_points>:3), Var(_1, <_perform_extend_points>:3), Var(_2, <_perform_extend_points>:3)], kws=(), vararg=None, varkwarg=None, target=None)
2026-01-25 16:08:42,833 - numba.core.ssa - DEBUG - on stmt: $const264.11 = const(NoneType, None)
2026-01-25 16:08:42,833 - numba.core.ssa - DEBUG - on stmt: $264return_const.12 = cast(value=$const264.11)
2026-01-25 16:08:42,833 - numba.core.ssa - DEBUG - on stmt: return $264return_const.12
2026-01-25 16:08:42,833 - numba.core.ssa - DEBUG - ==== SSA block rewrite pass on 266
2026-01-25 16:08:42,833 - numba.core.ssa - DEBUG - Running <numba.core.ssa._FixSSAVars object at 0x135284170>
2026-01-25 16:08:42,833 - numba.core.ssa - DEBUG - on stmt: $const266.0 = const(NoneType, None)
2026-01-25 16:08:42,833 - numba.core.ssa - DEBUG - on stmt: $266return_const.1 = cast(value=$const266.0)
2026-01-25 16:08:42,833 - numba.core.ssa - DEBUG - on stmt: return $266return_const.1
2026-01-25 16:08:42,833 - numba.core.ssa - DEBUG - ==== SSA block rewrite pass on 268
2026-01-25 16:08:42,833 - numba.core.ssa - DEBUG - Running <numba.core.ssa._FixSSAVars object at 0x135284170>
2026-01-25 16:08:42,833 - numba.core.ssa - DEBUG - on stmt: $const268.0 = const(NoneType, None)
2026-01-25 16:08:42,833 - numba.core.ssa - DEBUG - on stmt: $268return_const.1 = cast(value=$const268.0)
2026-01-25 16:08:42,833 - numba.core.ssa - DEBUG - on stmt: return $268return_const.1
2026-01-25 16:08:42,837 - numba.core.byteflow - DEBUG - bytecode dump:
>          0	NOP(arg=None, lineno=1)
           2	RESUME(arg=0, lineno=1)
           4	LOAD_GLOBAL(arg=1, lineno=2)
          14	LOAD_FAST(arg=1, lineno=2)
          16	LOAD_FAST(arg=2, lineno=2)
          18	LOAD_FAST(arg=3, lineno=2)
          20	LOAD_FAST(arg=5, lineno=2)
          22	LOAD_FAST(arg=0, lineno=2)
          24	BINARY_SUBSCR(arg=None, lineno=2)
          28	CALL(arg=4, lineno=2)
          36	POP_TOP(arg=None, lineno=2)
          38	LOAD_GLOBAL(arg=3, lineno=3)
          48	LOAD_FAST(arg=1, lineno=3)
          50	LOAD_FAST(arg=2, lineno=3)
          52	LOAD_FAST(arg=4, lineno=3)
          54	LOAD_FAST(arg=5, lineno=3)
          56	LOAD_FAST(arg=0, lineno=3)
          58	BINARY_SUBSCR(arg=None, lineno=3)
          62	CALL(arg=4, lineno=3)
          70	POP_TOP(arg=None, lineno=3)
          72	RETURN_CONST(arg=0, lineno=3)
2026-01-25 16:08:42,837 - numba.core.byteflow - DEBUG - pending: deque([State(pc_initial=0 nstack_initial=0)])
2026-01-25 16:08:42,837 - numba.core.byteflow - DEBUG - stack: []
2026-01-25 16:08:42,837 - numba.core.byteflow - DEBUG - state.pc_initial: State(pc_initial=0 nstack_initial=0)
2026-01-25 16:08:42,837 - numba.core.byteflow - DEBUG - dispatch pc=0, inst=NOP(arg=None, lineno=1)
2026-01-25 16:08:42,838 - numba.core.byteflow - DEBUG - stack []
2026-01-25 16:08:42,838 - numba.core.byteflow - DEBUG - dispatch pc=2, inst=RESUME(arg=0, lineno=1)
2026-01-25 16:08:42,838 - numba.core.byteflow - DEBUG - stack []
2026-01-25 16:08:42,838 - numba.core.byteflow - DEBUG - dispatch pc=4, inst=LOAD_GLOBAL(arg=1, lineno=2)
2026-01-25 16:08:42,838 - numba.core.byteflow - DEBUG - stack []
2026-01-25 16:08:42,838 - numba.core.byteflow - DEBUG - dispatch pc=14, inst=LOAD_FAST(arg=1, lineno=2)
2026-01-25 16:08:42,838 - numba.core.byteflow - DEBUG - stack ['$null$4.1', '$4load_global.0']
2026-01-25 16:08:42,838 - numba.core.byteflow - DEBUG - dispatch pc=16, inst=LOAD_FAST(arg=2, lineno=2)
2026-01-25 16:08:42,838 - numba.core.byteflow - DEBUG - stack ['$null$4.1', '$4load_global.0', '$x14.2']
2026-01-25 16:08:42,838 - numba.core.byteflow - DEBUG - dispatch pc=18, inst=LOAD_FAST(arg=3, lineno=2)
2026-01-25 16:08:42,838 - numba.core.byteflow - DEBUG - stack ['$null$4.1', '$4load_global.0', '$x14.2', '$y16.3']
2026-01-25 16:08:42,838 - numba.core.byteflow - DEBUG - dispatch pc=20, inst=LOAD_FAST(arg=5, lineno=2)
2026-01-25 16:08:42,838 - numba.core.byteflow - DEBUG - stack ['$null$4.1', '$4load_global.0', '$x14.2', '$y16.3', '$_018.4']
2026-01-25 16:08:42,838 - numba.core.byteflow - DEBUG - dispatch pc=22, inst=LOAD_FAST(arg=0, lineno=2)
2026-01-25 16:08:42,838 - numba.core.byteflow - DEBUG - stack ['$null$4.1', '$4load_global.0', '$x14.2', '$y16.3', '$_018.4', '$_220.5']
2026-01-25 16:08:42,838 - numba.core.byteflow - DEBUG - dispatch pc=24, inst=BINARY_SUBSCR(arg=None, lineno=2)
2026-01-25 16:08:42,838 - numba.core.byteflow - DEBUG - stack ['$null$4.1', '$4load_global.0', '$x14.2', '$y16.3', '$_018.4', '$_220.5', '$i022.6']
2026-01-25 16:08:42,838 - numba.core.byteflow - DEBUG - dispatch pc=28, inst=CALL(arg=4, lineno=2)
2026-01-25 16:08:42,838 - numba.core.byteflow - DEBUG - stack ['$null$4.1', '$4load_global.0', '$x14.2', '$y16.3', '$_018.4', '$24binary_subscr.7']
2026-01-25 16:08:42,838 - numba.core.byteflow - DEBUG - dispatch pc=36, inst=POP_TOP(arg=None, lineno=2)
2026-01-25 16:08:42,838 - numba.core.byteflow - DEBUG - stack ['$28call.8']
2026-01-25 16:08:42,838 - numba.core.byteflow - DEBUG - dispatch pc=38, inst=LOAD_GLOBAL(arg=3, lineno=3)
2026-01-25 16:08:42,838 - numba.core.byteflow - DEBUG - stack []
2026-01-25 16:08:42,838 - numba.core.byteflow - DEBUG - dispatch pc=48, inst=LOAD_FAST(arg=1, lineno=3)
2026-01-25 16:08:42,838 - numba.core.byteflow - DEBUG - stack ['$null$38.10', '$38load_global.9']
2026-01-25 16:08:42,838 - numba.core.byteflow - DEBUG - dispatch pc=50, inst=LOAD_FAST(arg=2, lineno=3)
2026-01-25 16:08:42,839 - numba.core.byteflow - DEBUG - stack ['$null$38.10', '$38load_global.9', '$x48.11']
2026-01-25 16:08:42,839 - numba.core.byteflow - DEBUG - dispatch pc=52, inst=LOAD_FAST(arg=4, lineno=3)
2026-01-25 16:08:42,839 - numba.core.byteflow - DEBUG - stack ['$null$38.10', '$38load_global.9', '$x48.11', '$y50.12']
2026-01-25 16:08:42,839 - numba.core.byteflow - DEBUG - dispatch pc=54, inst=LOAD_FAST(arg=5, lineno=3)
2026-01-25 16:08:42,839 - numba.core.byteflow - DEBUG - stack ['$null$38.10', '$38load_global.9', '$x48.11', '$y50.12', '$_152.13']
2026-01-25 16:08:42,839 - numba.core.byteflow - DEBUG - dispatch pc=56, inst=LOAD_FAST(arg=0, lineno=3)
2026-01-25 16:08:42,839 - numba.core.byteflow - DEBUG - stack ['$null$38.10', '$38load_global.9', '$x48.11', '$y50.12', '$_152.13', '$_254.14']
2026-01-25 16:08:42,839 - numba.core.byteflow - DEBUG - dispatch pc=58, inst=BINARY_SUBSCR(arg=None, lineno=3)
2026-01-25 16:08:42,839 - numba.core.byteflow - DEBUG - stack ['$null$38.10', '$38load_global.9', '$x48.11', '$y50.12', '$_152.13', '$_254.14', '$i056.15']
2026-01-25 16:08:42,839 - numba.core.byteflow - DEBUG - dispatch pc=62, inst=CALL(arg=4, lineno=3)
2026-01-25 16:08:42,839 - numba.core.byteflow - DEBUG - stack ['$null$38.10', '$38load_global.9', '$x48.11', '$y50.12', '$_152.13', '$58binary_subscr.16']
2026-01-25 16:08:42,839 - numba.core.byteflow - DEBUG - dispatch pc=70, inst=POP_TOP(arg=None, lineno=3)
2026-01-25 16:08:42,839 - numba.core.byteflow - DEBUG - stack ['$62call.17']
2026-01-25 16:08:42,839 - numba.core.byteflow - DEBUG - dispatch pc=72, inst=RETURN_CONST(arg=0, lineno=3)
2026-01-25 16:08:42,839 - numba.core.byteflow - DEBUG - stack []
2026-01-25 16:08:42,839 - numba.core.byteflow - DEBUG - end state. edges=[]
2026-01-25 16:08:42,839 - numba.core.byteflow - DEBUG - -------------------------Prune PHIs-------------------------
2026-01-25 16:08:42,839 - numba.core.byteflow - DEBUG - Used_phis: defaultdict(<class 'set'>, {State(pc_initial=0 nstack_initial=0): set()})
2026-01-25 16:08:42,839 - numba.core.byteflow - DEBUG - defmap: {}
2026-01-25 16:08:42,839 - numba.core.byteflow - DEBUG - phismap: defaultdict(<class 'set'>, {})
2026-01-25 16:08:42,839 - numba.core.byteflow - DEBUG - changing phismap: defaultdict(<class 'set'>, {})
2026-01-25 16:08:42,839 - numba.core.byteflow - DEBUG - keep phismap: {}
2026-01-25 16:08:42,839 - numba.core.byteflow - DEBUG - new_out: defaultdict(<class 'dict'>, {})
2026-01-25 16:08:42,839 - numba.core.byteflow - DEBUG - ----------------------DONE Prune PHIs-----------------------
2026-01-25 16:08:42,839 - numba.core.byteflow - DEBUG - block_infos State(pc_initial=0 nstack_initial=0):
AdaptBlockInfo(insts=((0, {}), (2, {}), (4, {'idx': 0, 'res': '$4load_global.0'}), (14, {'res': '$x14.2'}), (16, {'res': '$y16.3'}), (18, {'res': '$_018.4'}), (20, {'res': '$_220.5'}), (22, {'res': '$i022.6'}), (24, {'index': '$i022.6', 'target': '$_220.5', 'res': '$24binary_subscr.7'}), (28, {'func': '$4load_global.0', 'args': ['$x14.2', '$y16.3', '$_018.4', '$24binary_subscr.7'], 'kw_names': None, 'res': '$28call.8'}), (38, {'idx': 1, 'res': '$38load_global.9'}), (48, {'res': '$x48.11'}), (50, {'res': '$y50.12'}), (52, {'res': '$_152.13'}), (54, {'res': '$_254.14'}), (56, {'res': '$i056.15'}), (58, {'index': '$i056.15', 'target': '$_254.14', 'res': '$58binary_subscr.16'}), (62, {'func': '$38load_global.9', 'args': ['$x48.11', '$y50.12', '$_152.13', '$58binary_subscr.16'], 'kw_names': None, 'res': '$62call.17'}), (72, {'retval': '$const72.18', 'castval': '$72return_const.19'})), outgoing_phis={}, blockstack=(), active_try_block=None, outgoing_edgepushed={})
2026-01-25 16:08:42,840 - numba.core.interpreter - DEBUG - label 0:
    i0 = arg(0, name=i0)                     ['i0']
    x = arg(1, name=x)                       ['x']
    y = arg(2, name=y)                       ['y']
    _0 = arg(3, name=_0)                     ['_0']
    _1 = arg(4, name=_1)                     ['_1']
    _2 = arg(5, name=_2)                     ['_2']
    $4load_global.0 = global(_3: CPUDispatcher(<function _sum_zero._append at 0x309977ec0>)) ['$4load_global.0']
    $24binary_subscr.7 = getitem(value=_2, index=i0, fn=<built-in function getitem>) ['$24binary_subscr.7', '_2', 'i0']
    $28call.8 = call $4load_global.0(x, y, _0, $24binary_subscr.7, func=$4load_global.0, args=[Var(x, <string>:1), Var(y, <string>:1), Var(_0, <string>:1), Var($24binary_subscr.7, <string>:2)], kws=(), vararg=None, varkwarg=None, target=None) ['$24binary_subscr.7', '$28call.8', '$4load_global.0', '_0', 'x', 'y']
    $38load_global.9 = global(_4: CPUDispatcher(<function count._append at 0x30996b060>)) ['$38load_global.9']
    $58binary_subscr.16 = getitem(value=_2, index=i0, fn=<built-in function getitem>) ['$58binary_subscr.16', '_2', 'i0']
    $62call.17 = call $38load_global.9(x, y, _1, $58binary_subscr.16, func=$38load_global.9, args=[Var(x, <string>:1), Var(y, <string>:1), Var(_1, <string>:1), Var($58binary_subscr.16, <string>:3)], kws=(), vararg=None, varkwarg=None, target=None) ['$38load_global.9', '$58binary_subscr.16', '$62call.17', '_1', 'x', 'y']
    $const72.18 = const(NoneType, None)      ['$const72.18']
    $72return_const.19 = cast(value=$const72.18) ['$72return_const.19', '$const72.18']
    return $72return_const.19                ['$72return_const.19']

2026-01-25 16:08:42,841 - numba.core.ssa - DEBUG - ==== SSA block analysis pass on 0
2026-01-25 16:08:42,841 - numba.core.ssa - DEBUG - Running <numba.core.ssa._GatherDefsHandler object at 0x13528be00>
2026-01-25 16:08:42,841 - numba.core.ssa - DEBUG - on stmt: i0 = arg(0, name=i0)
2026-01-25 16:08:42,842 - numba.core.ssa - DEBUG - on stmt: x = arg(1, name=x)
2026-01-25 16:08:42,842 - numba.core.ssa - DEBUG - on stmt: y = arg(2, name=y)
2026-01-25 16:08:42,842 - numba.core.ssa - DEBUG - on stmt: _0 = arg(3, name=_0)
2026-01-25 16:08:42,842 - numba.core.ssa - DEBUG - on stmt: _1 = arg(4, name=_1)
2026-01-25 16:08:42,842 - numba.core.ssa - DEBUG - on stmt: _2 = arg(5, name=_2)
2026-01-25 16:08:42,842 - numba.core.ssa - DEBUG - on stmt: $4load_global.0 = global(_3: CPUDispatcher(<function _sum_zero._append at 0x309977ec0>))
2026-01-25 16:08:42,842 - numba.core.ssa - DEBUG - on stmt: $24binary_subscr.7 = getitem(value=_2, index=i0, fn=<built-in function getitem>)
2026-01-25 16:08:42,842 - numba.core.ssa - DEBUG - on stmt: $28call.8 = call $4load_global.0(x, y, _0, $24binary_subscr.7, func=$4load_global.0, args=[Var(x, <string>:1), Var(y, <string>:1), Var(_0, <string>:1), Var($24binary_subscr.7, <string>:2)], kws=(), vararg=None, varkwarg=None, target=None)
2026-01-25 16:08:42,842 - numba.core.ssa - DEBUG - on stmt: $38load_global.9 = global(_4: CPUDispatcher(<function count._append at 0x30996b060>))
2026-01-25 16:08:42,842 - numba.core.ssa - DEBUG - on stmt: $58binary_subscr.16 = getitem(value=_2, index=i0, fn=<built-in function getitem>)
2026-01-25 16:08:42,842 - numba.core.ssa - DEBUG - on stmt: $62call.17 = call $38load_global.9(x, y, _1, $58binary_subscr.16, func=$38load_global.9, args=[Var(x, <string>:1), Var(y, <string>:1), Var(_1, <string>:1), Var($58binary_subscr.16, <string>:3)], kws=(), vararg=None, varkwarg=None, target=None)
2026-01-25 16:08:42,842 - numba.core.ssa - DEBUG - on stmt: $const72.18 = const(NoneType, None)
2026-01-25 16:08:42,842 - numba.core.ssa - DEBUG - on stmt: $72return_const.19 = cast(value=$const72.18)
2026-01-25 16:08:42,842 - numba.core.ssa - DEBUG - on stmt: return $72return_const.19
2026-01-25 16:08:42,842 - numba.core.ssa - DEBUG - defs defaultdict(<class 'list'>,
            {'$24binary_subscr.7': [(<numba.core.ir.Assign object at 0x135203080>,
                                     0)],
             '$28call.8': [(<numba.core.ir.Assign object at 0x135203bf0>, 0)],
             '$38load_global.9': [(<numba.core.ir.Assign object at 0x1352033b0>,
                                   0)],
             '$4load_global.0': [(<numba.core.ir.Assign object at 0x135203410>,
                                  0)],
             '$58binary_subscr.16': [(<numba.core.ir.Assign object at 0x135202a50>,
                                      0)],
             '$62call.17': [(<numba.core.ir.Assign object at 0x135202600>, 0)],
             '$72return_const.19': [(<numba.core.ir.Assign object at 0x135202720>,
                                     0)],
             '$const72.18': [(<numba.core.ir.Assign object at 0x1352027b0>, 0)],
             '_0': [(<numba.core.ir.Assign object at 0x135200530>, 0)],
             '_1': [(<numba.core.ir.Assign object at 0x135203d10>, 0)],
             '_2': [(<numba.core.ir.Assign object at 0x135203f80>, 0)],
             'i0': [(<numba.core.ir.Assign object at 0x1352001d0>, 0)],
             'x': [(<numba.core.ir.Assign object at 0x135201250>, 0)],
             'y': [(<numba.core.ir.Assign object at 0x135202e40>, 0)]})
2026-01-25 16:08:42,842 - numba.core.ssa - DEBUG - SSA violators <numba.core.utils.OrderedSet object at 0x13528be00>
2026-01-25 16:08:42,843 - numba.core.byteflow - DEBUG - bytecode dump:
>          0	NOP(arg=None, lineno=956)
           2	RESUME(arg=0, lineno=956)
           4	LOAD_GLOBAL(arg=1, lineno=959)
          14	LOAD_FAST(arg=3, lineno=959)
          16	CALL(arg=1, lineno=959)
          24	POP_JUMP_IF_TRUE(arg=16, lineno=959)
          26	LOAD_FAST(arg=2, lineno=961)
          28	LOAD_FAST(arg=1, lineno=961)
          30	LOAD_FAST(arg=0, lineno=961)
          32	BUILD_TUPLE(arg=2, lineno=961)
          34	COPY(arg=2, lineno=961)
          36	COPY(arg=2, lineno=961)
          38	BINARY_SUBSCR(arg=None, lineno=961)
          42	LOAD_FAST(arg=3, lineno=961)
          44	BINARY_OP(arg=13, lineno=961)
          48	SWAP(arg=3, lineno=961)
          50	SWAP(arg=2, lineno=961)
          52	STORE_SUBSCR(arg=None, lineno=961)
          56	RETURN_CONST(arg=1, lineno=962)
>         58	RETURN_CONST(arg=2, lineno=963)
2026-01-25 16:08:42,844 - numba.core.byteflow - DEBUG - pending: deque([State(pc_initial=0 nstack_initial=0)])
2026-01-25 16:08:42,844 - numba.core.byteflow - DEBUG - stack: []
2026-01-25 16:08:42,844 - numba.core.byteflow - DEBUG - state.pc_initial: State(pc_initial=0 nstack_initial=0)
2026-01-25 16:08:42,844 - numba.core.byteflow - DEBUG - dispatch pc=0, inst=NOP(arg=None, lineno=956)
2026-01-25 16:08:42,844 - numba.core.byteflow - DEBUG - stack []
2026-01-25 16:08:42,844 - numba.core.byteflow - DEBUG - dispatch pc=2, inst=RESUME(arg=0, lineno=956)
2026-01-25 16:08:42,844 - numba.core.byteflow - DEBUG - stack []
2026-01-25 16:08:42,844 - numba.core.byteflow - DEBUG - dispatch pc=4, inst=LOAD_GLOBAL(arg=1, lineno=959)
2026-01-25 16:08:42,844 - numba.core.byteflow - DEBUG - stack []
2026-01-25 16:08:42,844 - numba.core.byteflow - DEBUG - dispatch pc=14, inst=LOAD_FAST(arg=3, lineno=959)
2026-01-25 16:08:42,844 - numba.core.byteflow - DEBUG - stack ['$null$4.1', '$4load_global.0']
2026-01-25 16:08:42,844 - numba.core.byteflow - DEBUG - dispatch pc=16, inst=CALL(arg=1, lineno=959)
2026-01-25 16:08:42,844 - numba.core.byteflow - DEBUG - stack ['$null$4.1', '$4load_global.0', '$field14.2']
2026-01-25 16:08:42,844 - numba.core.byteflow - DEBUG - dispatch pc=24, inst=POP_JUMP_IF_TRUE(arg=16, lineno=959)
2026-01-25 16:08:42,844 - numba.core.byteflow - DEBUG - stack ['$16call.3']
2026-01-25 16:08:42,844 - numba.core.byteflow - DEBUG - end state. edges=[Edge(pc=26, stack=(), blockstack=(), npush=0), Edge(pc=58, stack=(), blockstack=(), npush=0)]
2026-01-25 16:08:42,844 - numba.core.byteflow - DEBUG - pending: deque([State(pc_initial=26 nstack_initial=0), State(pc_initial=58 nstack_initial=0)])
2026-01-25 16:08:42,844 - numba.core.byteflow - DEBUG - stack: []
2026-01-25 16:08:42,844 - numba.core.byteflow - DEBUG - state.pc_initial: State(pc_initial=26 nstack_initial=0)
2026-01-25 16:08:42,844 - numba.core.byteflow - DEBUG - dispatch pc=26, inst=LOAD_FAST(arg=2, lineno=961)
2026-01-25 16:08:42,844 - numba.core.byteflow - DEBUG - stack []
2026-01-25 16:08:42,844 - numba.core.byteflow - DEBUG - dispatch pc=28, inst=LOAD_FAST(arg=1, lineno=961)
2026-01-25 16:08:42,844 - numba.core.byteflow - DEBUG - stack ['$agg26.0']
2026-01-25 16:08:42,844 - numba.core.byteflow - DEBUG - dispatch pc=30, inst=LOAD_FAST(arg=0, lineno=961)
2026-01-25 16:08:42,844 - numba.core.byteflow - DEBUG - stack ['$agg26.0', '$y28.1']
2026-01-25 16:08:42,844 - numba.core.byteflow - DEBUG - dispatch pc=32, inst=BUILD_TUPLE(arg=2, lineno=961)
2026-01-25 16:08:42,844 - numba.core.byteflow - DEBUG - stack ['$agg26.0', '$y28.1', '$x30.2']
2026-01-25 16:08:42,844 - numba.core.byteflow - DEBUG - dispatch pc=34, inst=COPY(arg=2, lineno=961)
2026-01-25 16:08:42,844 - numba.core.byteflow - DEBUG - stack ['$agg26.0', '$32build_tuple.3']
2026-01-25 16:08:42,844 - numba.core.byteflow - DEBUG - dispatch pc=36, inst=COPY(arg=2, lineno=961)
2026-01-25 16:08:42,844 - numba.core.byteflow - DEBUG - stack ['$agg26.0', '$32build_tuple.3', '$agg26.0']
2026-01-25 16:08:42,844 - numba.core.byteflow - DEBUG - dispatch pc=38, inst=BINARY_SUBSCR(arg=None, lineno=961)
2026-01-25 16:08:42,844 - numba.core.byteflow - DEBUG - stack ['$agg26.0', '$32build_tuple.3', '$agg26.0', '$32build_tuple.3']
2026-01-25 16:08:42,844 - numba.core.byteflow - DEBUG - dispatch pc=42, inst=LOAD_FAST(arg=3, lineno=961)
2026-01-25 16:08:42,844 - numba.core.byteflow - DEBUG - stack ['$agg26.0', '$32build_tuple.3', '$38binary_subscr.4']
2026-01-25 16:08:42,844 - numba.core.byteflow - DEBUG - dispatch pc=44, inst=BINARY_OP(arg=13, lineno=961)
2026-01-25 16:08:42,844 - numba.core.byteflow - DEBUG - stack ['$agg26.0', '$32build_tuple.3', '$38binary_subscr.4', '$field42.5']
2026-01-25 16:08:42,844 - numba.core.byteflow - DEBUG - dispatch pc=48, inst=SWAP(arg=3, lineno=961)
2026-01-25 16:08:42,844 - numba.core.byteflow - DEBUG - stack ['$agg26.0', '$32build_tuple.3', '$binop_iadd44.6']
2026-01-25 16:08:42,844 - numba.core.byteflow - DEBUG - dispatch pc=50, inst=SWAP(arg=2, lineno=961)
2026-01-25 16:08:42,844 - numba.core.byteflow - DEBUG - stack ['$binop_iadd44.6', '$32build_tuple.3', '$agg26.0']
2026-01-25 16:08:42,844 - numba.core.byteflow - DEBUG - dispatch pc=52, inst=STORE_SUBSCR(arg=None, lineno=961)
2026-01-25 16:08:42,844 - numba.core.byteflow - DEBUG - stack ['$binop_iadd44.6', '$agg26.0', '$32build_tuple.3']
2026-01-25 16:08:42,844 - numba.core.byteflow - DEBUG - dispatch pc=56, inst=RETURN_CONST(arg=1, lineno=962)
2026-01-25 16:08:42,844 - numba.core.byteflow - DEBUG - stack []
2026-01-25 16:08:42,844 - numba.core.byteflow - DEBUG - end state. edges=[]
2026-01-25 16:08:42,844 - numba.core.byteflow - DEBUG - pending: deque([State(pc_initial=58 nstack_initial=0)])
2026-01-25 16:08:42,844 - numba.core.byteflow - DEBUG - stack: []
2026-01-25 16:08:42,844 - numba.core.byteflow - DEBUG - state.pc_initial: State(pc_initial=58 nstack_initial=0)
2026-01-25 16:08:42,844 - numba.core.byteflow - DEBUG - dispatch pc=58, inst=RETURN_CONST(arg=2, lineno=963)
2026-01-25 16:08:42,844 - numba.core.byteflow - DEBUG - stack []
2026-01-25 16:08:42,845 - numba.core.byteflow - DEBUG - end state. edges=[]
2026-01-25 16:08:42,845 - numba.core.byteflow - DEBUG - -------------------------Prune PHIs-------------------------
2026-01-25 16:08:42,845 - numba.core.byteflow - DEBUG - Used_phis: defaultdict(<class 'set'>,
            {State(pc_initial=0 nstack_initial=0): set(),
             State(pc_initial=26 nstack_initial=0): set(),
             State(pc_initial=58 nstack_initial=0): set()})
2026-01-25 16:08:42,845 - numba.core.byteflow - DEBUG - defmap: {}
2026-01-25 16:08:42,845 - numba.core.byteflow - DEBUG - phismap: defaultdict(<class 'set'>, {})
2026-01-25 16:08:42,845 - numba.core.byteflow - DEBUG - changing phismap: defaultdict(<class 'set'>, {})
2026-01-25 16:08:42,845 - numba.core.byteflow - DEBUG - keep phismap: {}
2026-01-25 16:08:42,845 - numba.core.byteflow - DEBUG - new_out: defaultdict(<class 'dict'>, {})
2026-01-25 16:08:42,845 - numba.core.byteflow - DEBUG - ----------------------DONE Prune PHIs-----------------------
2026-01-25 16:08:42,845 - numba.core.byteflow - DEBUG - block_infos State(pc_initial=0 nstack_initial=0):
AdaptBlockInfo(insts=((0, {}), (2, {}), (4, {'idx': 0, 'res': '$4load_global.0'}), (14, {'res': '$field14.2'}), (16, {'func': '$4load_global.0', 'args': ['$field14.2'], 'kw_names': None, 'res': '$16call.3'}), (24, {'pred': '$16call.3'})), outgoing_phis={}, blockstack=(), active_try_block=None, outgoing_edgepushed={26: (), 58: ()})
2026-01-25 16:08:42,845 - numba.core.byteflow - DEBUG - block_infos State(pc_initial=26 nstack_initial=0):
AdaptBlockInfo(insts=((26, {'res': '$agg26.0'}), (28, {'res': '$y28.1'}), (30, {'res': '$x30.2'}), (32, {'items': ['$y28.1', '$x30.2'], 'res': '$32build_tuple.3'}), (38, {'index': '$32build_tuple.3', 'target': '$agg26.0', 'res': '$38binary_subscr.4'}), (42, {'res': '$field42.5'}), (44, {'op': '+=', 'lhs': '$38binary_subscr.4', 'rhs': '$field42.5', 'res': '$binop_iadd44.6'}), (52, {'target': '$agg26.0', 'index': '$32build_tuple.3', 'value': '$binop_iadd44.6'}), (56, {'retval': '$const56.7', 'castval': '$56return_const.8'})), outgoing_phis={}, blockstack=(), active_try_block=None, outgoing_edgepushed={})
2026-01-25 16:08:42,845 - numba.core.byteflow - DEBUG - block_infos State(pc_initial=58 nstack_initial=0):
AdaptBlockInfo(insts=((58, {'retval': '$const58.0', 'castval': '$58return_const.1'}),), outgoing_phis={}, blockstack=(), active_try_block=None, outgoing_edgepushed={})
2026-01-25 16:08:42,845 - numba.core.interpreter - DEBUG - label 0:
    x = arg(0, name=x)                       ['x']
    y = arg(1, name=y)                       ['y']
    agg = arg(2, name=agg)                   ['agg']
    field = arg(3, name=field)               ['field']
    $4load_global.0 = global(isnull: CPUDispatcher(<function isnull at 0x16e6772e0>)) ['$4load_global.0']
    $16call.3 = call $4load_global.0(field, func=$4load_global.0, args=[Var(field, reductions.py:956)], kws=(), vararg=None, varkwarg=None, target=None) ['$16call.3', '$4load_global.0', 'field']
    $bool24 = global(bool: <class 'bool'>)   ['$bool24']
    $24pred = call $bool24($16call.3, func=$bool24, args=(Var($16call.3, reductions.py:959),), kws=(), vararg=None, varkwarg=None, target=None) ['$16call.3', '$24pred', '$bool24']
    branch $24pred, 58, 26                   ['$24pred']
label 26:
    $32build_tuple.3 = build_tuple(items=[Var(y, reductions.py:956), Var(x, reductions.py:956)]) ['$32build_tuple.3', 'x', 'y']
    $38binary_subscr.4 = getitem(value=agg, index=$32build_tuple.3, fn=<built-in function getitem>) ['$32build_tuple.3', '$38binary_subscr.4', 'agg']
    $binop_iadd44.6 = inplace_binop(fn=<built-in function iadd>, immutable_fn=<built-in function add>, lhs=$38binary_subscr.4, rhs=field, static_lhs=Undefined, static_rhs=Undefined) ['$38binary_subscr.4', '$binop_iadd44.6', 'field']
    agg[$32build_tuple.3] = $binop_iadd44.6  ['$32build_tuple.3', '$binop_iadd44.6', 'agg']
    $const56.7 = const(int, 0)               ['$const56.7']
    $56return_const.8 = cast(value=$const56.7) ['$56return_const.8', '$const56.7']
    return $56return_const.8                 ['$56return_const.8']
label 58:
    $const58.0 = const(int, -1)              ['$const58.0']
    $58return_const.1 = cast(value=$const58.0) ['$58return_const.1', '$const58.0']
    return $58return_const.1                 ['$58return_const.1']

2026-01-25 16:08:42,847 - numba.core.ssa - DEBUG - ==== SSA block analysis pass on 0
2026-01-25 16:08:42,847 - numba.core.ssa - DEBUG - Running <numba.core.ssa._GatherDefsHandler object at 0x135201190>
2026-01-25 16:08:42,847 - numba.core.ssa - DEBUG - on stmt: x = arg(0, name=x)
2026-01-25 16:08:42,847 - numba.core.ssa - DEBUG - on stmt: y = arg(1, name=y)
2026-01-25 16:08:42,847 - numba.core.ssa - DEBUG - on stmt: agg = arg(2, name=agg)
2026-01-25 16:08:42,847 - numba.core.ssa - DEBUG - on stmt: field = arg(3, name=field)
2026-01-25 16:08:42,847 - numba.core.ssa - DEBUG - on stmt: $4load_global.0 = global(isnull: CPUDispatcher(<function isnull at 0x16e6772e0>))
2026-01-25 16:08:42,847 - numba.core.ssa - DEBUG - on stmt: $16call.3 = call $4load_global.0(field, func=$4load_global.0, args=[Var(field, reductions.py:956)], kws=(), vararg=None, varkwarg=None, target=None)
2026-01-25 16:08:42,847 - numba.core.ssa - DEBUG - on stmt: $bool24 = global(bool: <class 'bool'>)
2026-01-25 16:08:42,847 - numba.core.ssa - DEBUG - on stmt: $24pred = call $bool24($16call.3, func=$bool24, args=(Var($16call.3, reductions.py:959),), kws=(), vararg=None, varkwarg=None, target=None)
2026-01-25 16:08:42,847 - numba.core.ssa - DEBUG - on stmt: branch $24pred, 58, 26
2026-01-25 16:08:42,847 - numba.core.ssa - DEBUG - ==== SSA block analysis pass on 26
2026-01-25 16:08:42,847 - numba.core.ssa - DEBUG - Running <numba.core.ssa._GatherDefsHandler object at 0x135201190>
2026-01-25 16:08:42,847 - numba.core.ssa - DEBUG - on stmt: $32build_tuple.3 = build_tuple(items=[Var(y, reductions.py:956), Var(x, reductions.py:956)])
2026-01-25 16:08:42,847 - numba.core.ssa - DEBUG - on stmt: $38binary_subscr.4 = getitem(value=agg, index=$32build_tuple.3, fn=<built-in function getitem>)
2026-01-25 16:08:42,847 - numba.core.ssa - DEBUG - on stmt: $binop_iadd44.6 = inplace_binop(fn=<built-in function iadd>, immutable_fn=<built-in function add>, lhs=$38binary_subscr.4, rhs=field, static_lhs=Undefined, static_rhs=Undefined)
2026-01-25 16:08:42,847 - numba.core.ssa - DEBUG - on stmt: agg[$32build_tuple.3] = $binop_iadd44.6
2026-01-25 16:08:42,847 - numba.core.ssa - DEBUG - on stmt: $const56.7 = const(int, 0)
2026-01-25 16:08:42,847 - numba.core.ssa - DEBUG - on stmt: $56return_const.8 = cast(value=$const56.7)
2026-01-25 16:08:42,847 - numba.core.ssa - DEBUG - on stmt: return $56return_const.8
2026-01-25 16:08:42,847 - numba.core.ssa - DEBUG - ==== SSA block analysis pass on 58
2026-01-25 16:08:42,847 - numba.core.ssa - DEBUG - Running <numba.core.ssa._GatherDefsHandler object at 0x135201190>
2026-01-25 16:08:42,847 - numba.core.ssa - DEBUG - on stmt: $const58.0 = const(int, -1)
2026-01-25 16:08:42,847 - numba.core.ssa - DEBUG - on stmt: $58return_const.1 = cast(value=$const58.0)
2026-01-25 16:08:42,847 - numba.core.ssa - DEBUG - on stmt: return $58return_const.1
2026-01-25 16:08:42,847 - numba.core.ssa - DEBUG - defs defaultdict(<class 'list'>,
            {'$16call.3': [(<numba.core.ir.Assign object at 0x1352000e0>, 0)],
             '$24pred': [(<numba.core.ir.Assign object at 0x135200d10>, 0)],
             '$32build_tuple.3': [(<numba.core.ir.Assign object at 0x13522bbf0>,
                                   26)],
             '$38binary_subscr.4': [(<numba.core.ir.Assign object at 0x13522be90>,
                                     26)],
             '$4load_global.0': [(<numba.core.ir.Assign object at 0x135200410>,
                                  0)],
             '$56return_const.8': [(<numba.core.ir.Assign object at 0x13522b560>,
                                    26)],
             '$58return_const.1': [(<numba.core.ir.Assign object at 0x13522b650>,
                                    58)],
             '$binop_iadd44.6': [(<numba.core.ir.Assign object at 0x13522bb00>,
                                  26)],
             '$bool24': [(<numba.core.ir.Assign object at 0x135202090>, 0)],
             '$const56.7': [(<numba.core.ir.Assign object at 0x13522b5c0>, 26)],
             '$const58.0': [(<numba.core.ir.Assign object at 0x13522bce0>, 58)],
             'agg': [(<numba.core.ir.Assign object at 0x1352034d0>, 0)],
             'field': [(<numba.core.ir.Assign object at 0x135203800>, 0)],
             'x': [(<numba.core.ir.Assign object at 0x135200b60>, 0)],
             'y': [(<numba.core.ir.Assign object at 0x135200710>, 0)]})
2026-01-25 16:08:42,848 - numba.core.ssa - DEBUG - SSA violators <numba.core.utils.OrderedSet object at 0x1352b8200>
2026-01-25 16:08:42,848 - numba.core.byteflow - DEBUG - bytecode dump:
>          0	NOP(arg=None, lineno=601)
           2	RESUME(arg=0, lineno=601)
           4	LOAD_FAST(arg=0, lineno=606)
           6	LOAD_CONST(arg=1, lineno=606)
           8	COMPARE_OP(arg=26, lineno=606)
          12	COPY(arg=1, lineno=606)
          14	POP_JUMP_IF_TRUE(arg=5, lineno=606)
          16	POP_TOP(arg=None, lineno=606)
          18	LOAD_FAST(arg=0, lineno=606)
          20	LOAD_CONST(arg=1, lineno=606)
          22	COMPARE_OP(arg=68, lineno=606)
>         26	UNARY_NOT(arg=None, lineno=606)
          28	RETURN_VALUE(arg=None, lineno=606)
2026-01-25 16:08:42,848 - numba.core.byteflow - DEBUG - pending: deque([State(pc_initial=0 nstack_initial=0)])
2026-01-25 16:08:42,849 - numba.core.byteflow - DEBUG - stack: []
2026-01-25 16:08:42,849 - numba.core.byteflow - DEBUG - state.pc_initial: State(pc_initial=0 nstack_initial=0)
2026-01-25 16:08:42,849 - numba.core.byteflow - DEBUG - dispatch pc=0, inst=NOP(arg=None, lineno=601)
2026-01-25 16:08:42,849 - numba.core.byteflow - DEBUG - stack []
2026-01-25 16:08:42,849 - numba.core.byteflow - DEBUG - dispatch pc=2, inst=RESUME(arg=0, lineno=601)
2026-01-25 16:08:42,849 - numba.core.byteflow - DEBUG - stack []
2026-01-25 16:08:42,849 - numba.core.byteflow - DEBUG - dispatch pc=4, inst=LOAD_FAST(arg=0, lineno=606)
2026-01-25 16:08:42,849 - numba.core.byteflow - DEBUG - stack []
2026-01-25 16:08:42,849 - numba.core.byteflow - DEBUG - dispatch pc=6, inst=LOAD_CONST(arg=1, lineno=606)
2026-01-25 16:08:42,849 - numba.core.byteflow - DEBUG - stack ['$val4.0']
2026-01-25 16:08:42,849 - numba.core.byteflow - DEBUG - dispatch pc=8, inst=COMPARE_OP(arg=26, lineno=606)
2026-01-25 16:08:42,849 - numba.core.byteflow - DEBUG - stack ['$val4.0', '$const6.1.1']
2026-01-25 16:08:42,849 - numba.core.byteflow - DEBUG - dispatch pc=12, inst=COPY(arg=1, lineno=606)
2026-01-25 16:08:42,849 - numba.core.byteflow - DEBUG - stack ['$8compare_op.2']
2026-01-25 16:08:42,849 - numba.core.byteflow - DEBUG - dispatch pc=14, inst=POP_JUMP_IF_TRUE(arg=5, lineno=606)
2026-01-25 16:08:42,849 - numba.core.byteflow - DEBUG - stack ['$8compare_op.2', '$8compare_op.2']
2026-01-25 16:08:42,849 - numba.core.byteflow - DEBUG - end state. edges=[Edge(pc=16, stack=('$8compare_op.2',), blockstack=(), npush=0), Edge(pc=26, stack=('$8compare_op.2',), blockstack=(), npush=0)]
2026-01-25 16:08:42,849 - numba.core.byteflow - DEBUG - pending: deque([State(pc_initial=16 nstack_initial=1), State(pc_initial=26 nstack_initial=1)])
2026-01-25 16:08:42,849 - numba.core.byteflow - DEBUG - stack: ['$phi16.0']
2026-01-25 16:08:42,849 - numba.core.byteflow - DEBUG - state.pc_initial: State(pc_initial=16 nstack_initial=1)
2026-01-25 16:08:42,849 - numba.core.byteflow - DEBUG - dispatch pc=16, inst=POP_TOP(arg=None, lineno=606)
2026-01-25 16:08:42,849 - numba.core.byteflow - DEBUG - stack ['$phi16.0']
2026-01-25 16:08:42,849 - numba.core.byteflow - DEBUG - dispatch pc=18, inst=LOAD_FAST(arg=0, lineno=606)
2026-01-25 16:08:42,849 - numba.core.byteflow - DEBUG - stack []
2026-01-25 16:08:42,849 - numba.core.byteflow - DEBUG - dispatch pc=20, inst=LOAD_CONST(arg=1, lineno=606)
2026-01-25 16:08:42,849 - numba.core.byteflow - DEBUG - stack ['$val18.1']
2026-01-25 16:08:42,849 - numba.core.byteflow - DEBUG - dispatch pc=22, inst=COMPARE_OP(arg=68, lineno=606)
2026-01-25 16:08:42,849 - numba.core.byteflow - DEBUG - stack ['$val18.1', '$const20.2.1']
2026-01-25 16:08:42,849 - numba.core.byteflow - DEBUG - end state. edges=[Edge(pc=26, stack=('$22compare_op.3',), blockstack=(), npush=0)]
2026-01-25 16:08:42,849 - numba.core.byteflow - DEBUG - pending: deque([State(pc_initial=26 nstack_initial=1), State(pc_initial=26 nstack_initial=1)])
2026-01-25 16:08:42,849 - numba.core.byteflow - DEBUG - stack: ['$phi26.0']
2026-01-25 16:08:42,849 - numba.core.byteflow - DEBUG - state.pc_initial: State(pc_initial=26 nstack_initial=1)
2026-01-25 16:08:42,849 - numba.core.byteflow - DEBUG - dispatch pc=26, inst=UNARY_NOT(arg=None, lineno=606)
2026-01-25 16:08:42,849 - numba.core.byteflow - DEBUG - stack ['$phi26.0']
2026-01-25 16:08:42,849 - numba.core.byteflow - DEBUG - dispatch pc=28, inst=RETURN_VALUE(arg=None, lineno=606)
2026-01-25 16:08:42,849 - numba.core.byteflow - DEBUG - stack ['$26unary_not.1']
2026-01-25 16:08:42,849 - numba.core.byteflow - DEBUG - end state. edges=[]
2026-01-25 16:08:42,849 - numba.core.byteflow - DEBUG - pending: deque([State(pc_initial=26 nstack_initial=1)])
2026-01-25 16:08:42,849 - numba.core.byteflow - DEBUG - -------------------------Prune PHIs-------------------------
2026-01-25 16:08:42,849 - numba.core.byteflow - DEBUG - Used_phis: defaultdict(<class 'set'>,
            {State(pc_initial=0 nstack_initial=0): set(),
             State(pc_initial=16 nstack_initial=1): set(),
             State(pc_initial=26 nstack_initial=1): {'$phi26.0'}})
2026-01-25 16:08:42,850 - numba.core.byteflow - DEBUG - defmap: {'$phi16.0': State(pc_initial=0 nstack_initial=0),
 '$phi26.0': State(pc_initial=0 nstack_initial=0)}
2026-01-25 16:08:42,850 - numba.core.byteflow - DEBUG - phismap: defaultdict(<class 'set'>,
            {'$phi16.0': {('$8compare_op.2',
                           State(pc_initial=0 nstack_initial=0))},
             '$phi26.0': {('$22compare_op.3',
                           State(pc_initial=16 nstack_initial=1)),
                          ('$8compare_op.2',
                           State(pc_initial=0 nstack_initial=0))}})
2026-01-25 16:08:42,850 - numba.core.byteflow - DEBUG - changing phismap: defaultdict(<class 'set'>,
            {'$phi16.0': {('$8compare_op.2',
                           State(pc_initial=0 nstack_initial=0))},
             '$phi26.0': {('$22compare_op.3',
                           State(pc_initial=16 nstack_initial=1)),
                          ('$8compare_op.2',
                           State(pc_initial=0 nstack_initial=0))}})
2026-01-25 16:08:42,850 - numba.core.byteflow - DEBUG - keep phismap: {'$phi26.0': {('$22compare_op.3', State(pc_initial=16 nstack_initial=1)),
              ('$8compare_op.2', State(pc_initial=0 nstack_initial=0))}}
2026-01-25 16:08:42,850 - numba.core.byteflow - DEBUG - new_out: defaultdict(<class 'dict'>,
            {State(pc_initial=0 nstack_initial=0): {'$phi26.0': '$8compare_op.2'},
             State(pc_initial=16 nstack_initial=1): {'$phi26.0': '$22compare_op.3'}})
2026-01-25 16:08:42,850 - numba.core.byteflow - DEBUG - ----------------------DONE Prune PHIs-----------------------
2026-01-25 16:08:42,850 - numba.core.byteflow - DEBUG - block_infos State(pc_initial=0 nstack_initial=0):
AdaptBlockInfo(insts=((0, {}), (2, {}), (4, {'res': '$val4.0'}), (6, {'res': '$const6.1.1'}), (8, {'lhs': '$val4.0', 'rhs': '$const6.1.1', 'res': '$8compare_op.2'}), (14, {'pred': '$8compare_op.2'})), outgoing_phis={'$phi26.0': '$8compare_op.2'}, blockstack=(), active_try_block=None, outgoing_edgepushed={16: ('$8compare_op.2',), 26: ('$8compare_op.2',)})
2026-01-25 16:08:42,850 - numba.core.byteflow - DEBUG - block_infos State(pc_initial=16 nstack_initial=1):
AdaptBlockInfo(insts=((18, {'res': '$val18.1'}), (20, {'res': '$const20.2.1'}), (22, {'lhs': '$val18.1', 'rhs': '$const20.2.1', 'res': '$22compare_op.3'})), outgoing_phis={'$phi26.0': '$22compare_op.3'}, blockstack=(), active_try_block=None, outgoing_edgepushed={26: ('$22compare_op.3',)})
2026-01-25 16:08:42,850 - numba.core.byteflow - DEBUG - block_infos State(pc_initial=26 nstack_initial=1):
AdaptBlockInfo(insts=((26, {'value': '$phi26.0', 'res': '$26unary_not.1'}), (28, {'retval': '$26unary_not.1', 'castval': '$28return_value.2'})), outgoing_phis={}, blockstack=(), active_try_block=None, outgoing_edgepushed={})
2026-01-25 16:08:42,850 - numba.core.interpreter - DEBUG - label 0:
    val = arg(0, name=val)                   ['val']
    $const6.1.1 = const(int, 0)              ['$const6.1.1']
    $8compare_op.2 = val <= $const6.1.1      ['$8compare_op.2', '$const6.1.1', 'val']
    $bool14 = global(bool: <class 'bool'>)   ['$bool14']
    $14pred = call $bool14($8compare_op.2, func=$bool14, args=(Var($8compare_op.2, utils.py:606),), kws=(), vararg=None, varkwarg=None, target=None) ['$14pred', '$8compare_op.2', '$bool14']
    $phi26.0 = $8compare_op.2                ['$8compare_op.2', '$phi26.0']
    branch $14pred, 26, 16                   ['$14pred']
label 16:
    $const20.2.1 = const(int, 0)             ['$const20.2.1']
    $22compare_op.3 = val > $const20.2.1     ['$22compare_op.3', '$const20.2.1', 'val']
    $phi26.0 = $22compare_op.3               ['$22compare_op.3', '$phi26.0']
    jump 26                                  []
label 26:
    $26unary_not.1 = unary(fn=<built-in function not_>, value=$phi26.0) ['$26unary_not.1', '$phi26.0']
    $28return_value.2 = cast(value=$26unary_not.1) ['$26unary_not.1', '$28return_value.2']
    return $28return_value.2                 ['$28return_value.2']

2026-01-25 16:08:42,851 - numba.core.ssa - DEBUG - ==== SSA block analysis pass on 0
2026-01-25 16:08:42,851 - numba.core.ssa - DEBUG - Running <numba.core.ssa._GatherDefsHandler object at 0x1352286e0>
2026-01-25 16:08:42,851 - numba.core.ssa - DEBUG - on stmt: val = arg(0, name=val)
2026-01-25 16:08:42,851 - numba.core.ssa - DEBUG - on stmt: $const6.1.1 = const(int, 0)
2026-01-25 16:08:42,851 - numba.core.ssa - DEBUG - on stmt: $8compare_op.2 = val <= $const6.1.1
2026-01-25 16:08:42,851 - numba.core.ssa - DEBUG - on stmt: $bool14 = global(bool: <class 'bool'>)
2026-01-25 16:08:42,851 - numba.core.ssa - DEBUG - on stmt: $14pred = call $bool14($8compare_op.2, func=$bool14, args=(Var($8compare_op.2, utils.py:606),), kws=(), vararg=None, varkwarg=None, target=None)
2026-01-25 16:08:42,851 - numba.core.ssa - DEBUG - on stmt: $phi26.0 = $8compare_op.2
2026-01-25 16:08:42,851 - numba.core.ssa - DEBUG - on stmt: branch $14pred, 26, 16
2026-01-25 16:08:42,851 - numba.core.ssa - DEBUG - ==== SSA block analysis pass on 16
2026-01-25 16:08:42,851 - numba.core.ssa - DEBUG - Running <numba.core.ssa._GatherDefsHandler object at 0x1352286e0>
2026-01-25 16:08:42,851 - numba.core.ssa - DEBUG - on stmt: $const20.2.1 = const(int, 0)
2026-01-25 16:08:42,851 - numba.core.ssa - DEBUG - on stmt: $22compare_op.3 = val > $const20.2.1
2026-01-25 16:08:42,851 - numba.core.ssa - DEBUG - on stmt: $phi26.0 = $22compare_op.3
2026-01-25 16:08:42,851 - numba.core.ssa - DEBUG - on stmt: jump 26
2026-01-25 16:08:42,851 - numba.core.ssa - DEBUG - ==== SSA block analysis pass on 26
2026-01-25 16:08:42,851 - numba.core.ssa - DEBUG - Running <numba.core.ssa._GatherDefsHandler object at 0x1352286e0>
2026-01-25 16:08:42,851 - numba.core.ssa - DEBUG - on stmt: $26unary_not.1 = unary(fn=<built-in function not_>, value=$phi26.0)
2026-01-25 16:08:42,851 - numba.core.ssa - DEBUG - on stmt: $28return_value.2 = cast(value=$26unary_not.1)
2026-01-25 16:08:42,851 - numba.core.ssa - DEBUG - on stmt: return $28return_value.2
2026-01-25 16:08:42,851 - numba.core.ssa - DEBUG - defs defaultdict(<class 'list'>,
            {'$14pred': [(<numba.core.ir.Assign object at 0x1352293a0>, 0)],
             '$22compare_op.3': [(<numba.core.ir.Assign object at 0x135229700>,
                                  16)],
             '$26unary_not.1': [(<numba.core.ir.Assign object at 0x135229460>,
                                 26)],
             '$28return_value.2': [(<numba.core.ir.Assign object at 0x1352295b0>,
                                    26)],
             '$8compare_op.2': [(<numba.core.ir.Assign object at 0x135229bb0>,
                                 0)],
             '$bool14': [(<numba.core.ir.Assign object at 0x135229af0>, 0)],
             '$const20.2.1': [(<numba.core.ir.Assign object at 0x1352299d0>,
                               16)],
             '$const6.1.1': [(<numba.core.ir.Assign object at 0x135229cd0>, 0)],
             '$phi26.0': [(<numba.core.ir.Assign object at 0x135229dc0>, 0),
                          (<numba.core.ir.Assign object at 0x135229940>, 16)],
             'val': [(<numba.core.ir.Assign object at 0x13522a270>, 0)]})
2026-01-25 16:08:42,852 - numba.core.ssa - DEBUG - SSA violators <numba.core.utils.OrderedSet object at 0x1352286e0>
2026-01-25 16:08:42,852 - numba.core.ssa - DEBUG - Fix SSA violator on var $phi26.0
2026-01-25 16:08:42,852 - numba.core.ssa - DEBUG - ==== SSA block rewrite pass on 0
2026-01-25 16:08:42,852 - numba.core.ssa - DEBUG - Running <numba.core.ssa._FreshVarHandler object at 0x135228590>
2026-01-25 16:08:42,852 - numba.core.ssa - DEBUG - on stmt: val = arg(0, name=val)
2026-01-25 16:08:42,852 - numba.core.ssa - DEBUG - on stmt: $const6.1.1 = const(int, 0)
2026-01-25 16:08:42,852 - numba.core.ssa - DEBUG - on stmt: $8compare_op.2 = val <= $const6.1.1
2026-01-25 16:08:42,852 - numba.core.ssa - DEBUG - on stmt: $bool14 = global(bool: <class 'bool'>)
2026-01-25 16:08:42,852 - numba.core.ssa - DEBUG - on stmt: $14pred = call $bool14($8compare_op.2, func=$bool14, args=(Var($8compare_op.2, utils.py:606),), kws=(), vararg=None, varkwarg=None, target=None)
2026-01-25 16:08:42,852 - numba.core.ssa - DEBUG - on stmt: $phi26.0 = $8compare_op.2
2026-01-25 16:08:42,852 - numba.core.ssa - DEBUG - first assign: $phi26.0
2026-01-25 16:08:42,852 - numba.core.ssa - DEBUG - replaced with: $phi26.0 = $8compare_op.2
2026-01-25 16:08:42,852 - numba.core.ssa - DEBUG - on stmt: branch $14pred, 26, 16
2026-01-25 16:08:42,852 - numba.core.ssa - DEBUG - ==== SSA block rewrite pass on 16
2026-01-25 16:08:42,852 - numba.core.ssa - DEBUG - Running <numba.core.ssa._FreshVarHandler object at 0x135228590>
2026-01-25 16:08:42,852 - numba.core.ssa - DEBUG - on stmt: $const20.2.1 = const(int, 0)
2026-01-25 16:08:42,852 - numba.core.ssa - DEBUG - on stmt: $22compare_op.3 = val > $const20.2.1
2026-01-25 16:08:42,852 - numba.core.ssa - DEBUG - on stmt: $phi26.0 = $22compare_op.3
2026-01-25 16:08:42,852 - numba.core.ssa - DEBUG - replaced with: $phi26.0.1 = $22compare_op.3
2026-01-25 16:08:42,852 - numba.core.ssa - DEBUG - on stmt: jump 26
2026-01-25 16:08:42,852 - numba.core.ssa - DEBUG - ==== SSA block rewrite pass on 26
2026-01-25 16:08:42,852 - numba.core.ssa - DEBUG - Running <numba.core.ssa._FreshVarHandler object at 0x135228590>
2026-01-25 16:08:42,852 - numba.core.ssa - DEBUG - on stmt: $26unary_not.1 = unary(fn=<built-in function not_>, value=$phi26.0)
2026-01-25 16:08:42,852 - numba.core.ssa - DEBUG - on stmt: $28return_value.2 = cast(value=$26unary_not.1)
2026-01-25 16:08:42,852 - numba.core.ssa - DEBUG - on stmt: return $28return_value.2
2026-01-25 16:08:42,852 - numba.core.ssa - DEBUG - Replaced assignments: defaultdict(<class 'list'>,
            {0: [<numba.core.ir.Assign object at 0x1352287d0>],
             16: [<numba.core.ir.Assign object at 0x135224050>]})
2026-01-25 16:08:42,852 - numba.core.ssa - DEBUG - ==== SSA block rewrite pass on 0
2026-01-25 16:08:42,852 - numba.core.ssa - DEBUG - Running <numba.core.ssa._FixSSAVars object at 0x135228590>
2026-01-25 16:08:42,852 - numba.core.ssa - DEBUG - on stmt: val = arg(0, name=val)
2026-01-25 16:08:42,852 - numba.core.ssa - DEBUG - on stmt: $const6.1.1 = const(int, 0)
2026-01-25 16:08:42,852 - numba.core.ssa - DEBUG - on stmt: $8compare_op.2 = val <= $const6.1.1
2026-01-25 16:08:42,852 - numba.core.ssa - DEBUG - on stmt: $bool14 = global(bool: <class 'bool'>)
2026-01-25 16:08:42,852 - numba.core.ssa - DEBUG - on stmt: $14pred = call $bool14($8compare_op.2, func=$bool14, args=(Var($8compare_op.2, utils.py:606),), kws=(), vararg=None, varkwarg=None, target=None)
2026-01-25 16:08:42,852 - numba.core.ssa - DEBUG - on stmt: $phi26.0 = $8compare_op.2
2026-01-25 16:08:42,852 - numba.core.ssa - DEBUG - on stmt: branch $14pred, 26, 16
2026-01-25 16:08:42,852 - numba.core.ssa - DEBUG - ==== SSA block rewrite pass on 16
2026-01-25 16:08:42,852 - numba.core.ssa - DEBUG - Running <numba.core.ssa._FixSSAVars object at 0x135228590>
2026-01-25 16:08:42,852 - numba.core.ssa - DEBUG - on stmt: $const20.2.1 = const(int, 0)
2026-01-25 16:08:42,852 - numba.core.ssa - DEBUG - on stmt: $22compare_op.3 = val > $const20.2.1
2026-01-25 16:08:42,852 - numba.core.ssa - DEBUG - on stmt: $phi26.0.1 = $22compare_op.3
2026-01-25 16:08:42,852 - numba.core.ssa - DEBUG - on stmt: jump 26
2026-01-25 16:08:42,853 - numba.core.ssa - DEBUG - ==== SSA block rewrite pass on 26
2026-01-25 16:08:42,853 - numba.core.ssa - DEBUG - Running <numba.core.ssa._FixSSAVars object at 0x135228590>
2026-01-25 16:08:42,853 - numba.core.ssa - DEBUG - on stmt: $26unary_not.1 = unary(fn=<built-in function not_>, value=$phi26.0)
2026-01-25 16:08:42,853 - numba.core.ssa - DEBUG - find_def var='$phi26.0' stmt=$26unary_not.1 = unary(fn=<built-in function not_>, value=$phi26.0)
2026-01-25 16:08:42,853 - numba.core.ssa - DEBUG - find_def_from_top label 26
2026-01-25 16:08:42,853 - numba.core.ssa - DEBUG - insert phi node $phi26.0.2 = phi(incoming_values=[], incoming_blocks=[]) at 26
2026-01-25 16:08:42,853 - numba.core.ssa - DEBUG - find_def_from_bottom label 0
2026-01-25 16:08:42,853 - numba.core.ssa - DEBUG - incoming_def $phi26.0 = $8compare_op.2
2026-01-25 16:08:42,853 - numba.core.ssa - DEBUG - find_def_from_bottom label 16
2026-01-25 16:08:42,853 - numba.core.ssa - DEBUG - incoming_def $phi26.0.1 = $22compare_op.3
2026-01-25 16:08:42,853 - numba.core.ssa - DEBUG - replaced with: $26unary_not.1 = unary(fn=<built-in function not_>, value=$phi26.0.2)
2026-01-25 16:08:42,853 - numba.core.ssa - DEBUG - on stmt: $28return_value.2 = cast(value=$26unary_not.1)
2026-01-25 16:08:42,853 - numba.core.ssa - DEBUG - on stmt: return $28return_value.2
2026-01-25 16:08:42,948 - numba.core.byteflow - DEBUG - bytecode dump:
>          0	NOP(arg=None, lineno=552)
           2	RESUME(arg=0, lineno=552)
           4	LOAD_GLOBAL(arg=1, lineno=555)
          14	LOAD_FAST(arg=3, lineno=555)
          16	CALL(arg=1, lineno=555)
          24	POP_JUMP_IF_TRUE(arg=16, lineno=555)
          26	LOAD_FAST(arg=2, lineno=556)
          28	LOAD_FAST(arg=1, lineno=556)
          30	LOAD_FAST(arg=0, lineno=556)
          32	BUILD_TUPLE(arg=2, lineno=556)
          34	COPY(arg=2, lineno=556)
          36	COPY(arg=2, lineno=556)
          38	BINARY_SUBSCR(arg=None, lineno=556)
          42	LOAD_CONST(arg=1, lineno=556)
          44	BINARY_OP(arg=13, lineno=556)
          48	SWAP(arg=3, lineno=556)
          50	SWAP(arg=2, lineno=556)
          52	STORE_SUBSCR(arg=None, lineno=556)
          56	RETURN_CONST(arg=2, lineno=557)
>         58	RETURN_CONST(arg=3, lineno=558)
2026-01-25 16:08:42,948 - numba.core.byteflow - DEBUG - pending: deque([State(pc_initial=0 nstack_initial=0)])
2026-01-25 16:08:42,948 - numba.core.byteflow - DEBUG - stack: []
2026-01-25 16:08:42,948 - numba.core.byteflow - DEBUG - state.pc_initial: State(pc_initial=0 nstack_initial=0)
2026-01-25 16:08:42,948 - numba.core.byteflow - DEBUG - dispatch pc=0, inst=NOP(arg=None, lineno=552)
2026-01-25 16:08:42,948 - numba.core.byteflow - DEBUG - stack []
2026-01-25 16:08:42,948 - numba.core.byteflow - DEBUG - dispatch pc=2, inst=RESUME(arg=0, lineno=552)
2026-01-25 16:08:42,948 - numba.core.byteflow - DEBUG - stack []
2026-01-25 16:08:42,948 - numba.core.byteflow - DEBUG - dispatch pc=4, inst=LOAD_GLOBAL(arg=1, lineno=555)
2026-01-25 16:08:42,948 - numba.core.byteflow - DEBUG - stack []
2026-01-25 16:08:42,949 - numba.core.byteflow - DEBUG - dispatch pc=14, inst=LOAD_FAST(arg=3, lineno=555)
2026-01-25 16:08:42,949 - numba.core.byteflow - DEBUG - stack ['$null$4.1', '$4load_global.0']
2026-01-25 16:08:42,949 - numba.core.byteflow - DEBUG - dispatch pc=16, inst=CALL(arg=1, lineno=555)
2026-01-25 16:08:42,949 - numba.core.byteflow - DEBUG - stack ['$null$4.1', '$4load_global.0', '$field14.2']
2026-01-25 16:08:42,949 - numba.core.byteflow - DEBUG - dispatch pc=24, inst=POP_JUMP_IF_TRUE(arg=16, lineno=555)
2026-01-25 16:08:42,949 - numba.core.byteflow - DEBUG - stack ['$16call.3']
2026-01-25 16:08:42,949 - numba.core.byteflow - DEBUG - end state. edges=[Edge(pc=26, stack=(), blockstack=(), npush=0), Edge(pc=58, stack=(), blockstack=(), npush=0)]
2026-01-25 16:08:42,949 - numba.core.byteflow - DEBUG - pending: deque([State(pc_initial=26 nstack_initial=0), State(pc_initial=58 nstack_initial=0)])
2026-01-25 16:08:42,949 - numba.core.byteflow - DEBUG - stack: []
2026-01-25 16:08:42,949 - numba.core.byteflow - DEBUG - state.pc_initial: State(pc_initial=26 nstack_initial=0)
2026-01-25 16:08:42,949 - numba.core.byteflow - DEBUG - dispatch pc=26, inst=LOAD_FAST(arg=2, lineno=556)
2026-01-25 16:08:42,949 - numba.core.byteflow - DEBUG - stack []
2026-01-25 16:08:42,949 - numba.core.byteflow - DEBUG - dispatch pc=28, inst=LOAD_FAST(arg=1, lineno=556)
2026-01-25 16:08:42,949 - numba.core.byteflow - DEBUG - stack ['$agg26.0']
2026-01-25 16:08:42,949 - numba.core.byteflow - DEBUG - dispatch pc=30, inst=LOAD_FAST(arg=0, lineno=556)
2026-01-25 16:08:42,949 - numba.core.byteflow - DEBUG - stack ['$agg26.0', '$y28.1']
2026-01-25 16:08:42,949 - numba.core.byteflow - DEBUG - dispatch pc=32, inst=BUILD_TUPLE(arg=2, lineno=556)
2026-01-25 16:08:42,949 - numba.core.byteflow - DEBUG - stack ['$agg26.0', '$y28.1', '$x30.2']
2026-01-25 16:08:42,949 - numba.core.byteflow - DEBUG - dispatch pc=34, inst=COPY(arg=2, lineno=556)
2026-01-25 16:08:42,949 - numba.core.byteflow - DEBUG - stack ['$agg26.0', '$32build_tuple.3']
2026-01-25 16:08:42,949 - numba.core.byteflow - DEBUG - dispatch pc=36, inst=COPY(arg=2, lineno=556)
2026-01-25 16:08:42,949 - numba.core.byteflow - DEBUG - stack ['$agg26.0', '$32build_tuple.3', '$agg26.0']
2026-01-25 16:08:42,949 - numba.core.byteflow - DEBUG - dispatch pc=38, inst=BINARY_SUBSCR(arg=None, lineno=556)
2026-01-25 16:08:42,949 - numba.core.byteflow - DEBUG - stack ['$agg26.0', '$32build_tuple.3', '$agg26.0', '$32build_tuple.3']
2026-01-25 16:08:42,949 - numba.core.byteflow - DEBUG - dispatch pc=42, inst=LOAD_CONST(arg=1, lineno=556)
2026-01-25 16:08:42,949 - numba.core.byteflow - DEBUG - stack ['$agg26.0', '$32build_tuple.3', '$38binary_subscr.4']
2026-01-25 16:08:42,949 - numba.core.byteflow - DEBUG - dispatch pc=44, inst=BINARY_OP(arg=13, lineno=556)
2026-01-25 16:08:42,949 - numba.core.byteflow - DEBUG - stack ['$agg26.0', '$32build_tuple.3', '$38binary_subscr.4', '$const42.5.1']
2026-01-25 16:08:42,949 - numba.core.byteflow - DEBUG - dispatch pc=48, inst=SWAP(arg=3, lineno=556)
2026-01-25 16:08:42,949 - numba.core.byteflow - DEBUG - stack ['$agg26.0', '$32build_tuple.3', '$binop_iadd44.6']
2026-01-25 16:08:42,949 - numba.core.byteflow - DEBUG - dispatch pc=50, inst=SWAP(arg=2, lineno=556)
2026-01-25 16:08:42,949 - numba.core.byteflow - DEBUG - stack ['$binop_iadd44.6', '$32build_tuple.3', '$agg26.0']
2026-01-25 16:08:42,949 - numba.core.byteflow - DEBUG - dispatch pc=52, inst=STORE_SUBSCR(arg=None, lineno=556)
2026-01-25 16:08:42,949 - numba.core.byteflow - DEBUG - stack ['$binop_iadd44.6', '$agg26.0', '$32build_tuple.3']
2026-01-25 16:08:42,949 - numba.core.byteflow - DEBUG - dispatch pc=56, inst=RETURN_CONST(arg=2, lineno=557)
2026-01-25 16:08:42,949 - numba.core.byteflow - DEBUG - stack []
2026-01-25 16:08:42,949 - numba.core.byteflow - DEBUG - end state. edges=[]
2026-01-25 16:08:42,949 - numba.core.byteflow - DEBUG - pending: deque([State(pc_initial=58 nstack_initial=0)])
2026-01-25 16:08:42,949 - numba.core.byteflow - DEBUG - stack: []
2026-01-25 16:08:42,949 - numba.core.byteflow - DEBUG - state.pc_initial: State(pc_initial=58 nstack_initial=0)
2026-01-25 16:08:42,949 - numba.core.byteflow - DEBUG - dispatch pc=58, inst=RETURN_CONST(arg=3, lineno=558)
2026-01-25 16:08:42,949 - numba.core.byteflow - DEBUG - stack []
2026-01-25 16:08:42,949 - numba.core.byteflow - DEBUG - end state. edges=[]
2026-01-25 16:08:42,949 - numba.core.byteflow - DEBUG - -------------------------Prune PHIs-------------------------
2026-01-25 16:08:42,949 - numba.core.byteflow - DEBUG - Used_phis: defaultdict(<class 'set'>,
            {State(pc_initial=0 nstack_initial=0): set(),
             State(pc_initial=26 nstack_initial=0): set(),
             State(pc_initial=58 nstack_initial=0): set()})
2026-01-25 16:08:42,949 - numba.core.byteflow - DEBUG - defmap: {}
2026-01-25 16:08:42,949 - numba.core.byteflow - DEBUG - phismap: defaultdict(<class 'set'>, {})
2026-01-25 16:08:42,949 - numba.core.byteflow - DEBUG - changing phismap: defaultdict(<class 'set'>, {})
2026-01-25 16:08:42,949 - numba.core.byteflow - DEBUG - keep phismap: {}
2026-01-25 16:08:42,949 - numba.core.byteflow - DEBUG - new_out: defaultdict(<class 'dict'>, {})
2026-01-25 16:08:42,949 - numba.core.byteflow - DEBUG - ----------------------DONE Prune PHIs-----------------------
2026-01-25 16:08:42,949 - numba.core.byteflow - DEBUG - block_infos State(pc_initial=0 nstack_initial=0):
AdaptBlockInfo(insts=((0, {}), (2, {}), (4, {'idx': 0, 'res': '$4load_global.0'}), (14, {'res': '$field14.2'}), (16, {'func': '$4load_global.0', 'args': ['$field14.2'], 'kw_names': None, 'res': '$16call.3'}), (24, {'pred': '$16call.3'})), outgoing_phis={}, blockstack=(), active_try_block=None, outgoing_edgepushed={26: (), 58: ()})
2026-01-25 16:08:42,949 - numba.core.byteflow - DEBUG - block_infos State(pc_initial=26 nstack_initial=0):
AdaptBlockInfo(insts=((26, {'res': '$agg26.0'}), (28, {'res': '$y28.1'}), (30, {'res': '$x30.2'}), (32, {'items': ['$y28.1', '$x30.2'], 'res': '$32build_tuple.3'}), (38, {'index': '$32build_tuple.3', 'target': '$agg26.0', 'res': '$38binary_subscr.4'}), (42, {'res': '$const42.5.1'}), (44, {'op': '+=', 'lhs': '$38binary_subscr.4', 'rhs': '$const42.5.1', 'res': '$binop_iadd44.6'}), (52, {'target': '$agg26.0', 'index': '$32build_tuple.3', 'value': '$binop_iadd44.6'}), (56, {'retval': '$const56.7', 'castval': '$56return_const.8'})), outgoing_phis={}, blockstack=(), active_try_block=None, outgoing_edgepushed={})
2026-01-25 16:08:42,950 - numba.core.byteflow - DEBUG - block_infos State(pc_initial=58 nstack_initial=0):
AdaptBlockInfo(insts=((58, {'retval': '$const58.0', 'castval': '$58return_const.1'}),), outgoing_phis={}, blockstack=(), active_try_block=None, outgoing_edgepushed={})
2026-01-25 16:08:42,950 - numba.core.interpreter - DEBUG - label 0:
    x = arg(0, name=x)                       ['x']
    y = arg(1, name=y)                       ['y']
    agg = arg(2, name=agg)                   ['agg']
    field = arg(3, name=field)               ['field']
    $4load_global.0 = global(isnull: CPUDispatcher(<function isnull at 0x16e6772e0>)) ['$4load_global.0']
    $16call.3 = call $4load_global.0(field, func=$4load_global.0, args=[Var(field, reductions.py:552)], kws=(), vararg=None, varkwarg=None, target=None) ['$16call.3', '$4load_global.0', 'field']
    $bool24 = global(bool: <class 'bool'>)   ['$bool24']
    $24pred = call $bool24($16call.3, func=$bool24, args=(Var($16call.3, reductions.py:555),), kws=(), vararg=None, varkwarg=None, target=None) ['$16call.3', '$24pred', '$bool24']
    branch $24pred, 58, 26                   ['$24pred']
label 26:
    $32build_tuple.3 = build_tuple(items=[Var(y, reductions.py:552), Var(x, reductions.py:552)]) ['$32build_tuple.3', 'x', 'y']
    $38binary_subscr.4 = getitem(value=agg, index=$32build_tuple.3, fn=<built-in function getitem>) ['$32build_tuple.3', '$38binary_subscr.4', 'agg']
    $const42.5.1 = const(int, 1)             ['$const42.5.1']
    $binop_iadd44.6 = inplace_binop(fn=<built-in function iadd>, immutable_fn=<built-in function add>, lhs=$38binary_subscr.4, rhs=$const42.5.1, static_lhs=Undefined, static_rhs=Undefined) ['$38binary_subscr.4', '$binop_iadd44.6', '$const42.5.1']
    agg[$32build_tuple.3] = $binop_iadd44.6  ['$32build_tuple.3', '$binop_iadd44.6', 'agg']
    $const56.7 = const(int, 0)               ['$const56.7']
    $56return_const.8 = cast(value=$const56.7) ['$56return_const.8', '$const56.7']
    return $56return_const.8                 ['$56return_const.8']
label 58:
    $const58.0 = const(int, -1)              ['$const58.0']
    $58return_const.1 = cast(value=$const58.0) ['$58return_const.1', '$const58.0']
    return $58return_const.1                 ['$58return_const.1']

2026-01-25 16:08:42,951 - numba.core.ssa - DEBUG - ==== SSA block analysis pass on 0
2026-01-25 16:08:42,951 - numba.core.ssa - DEBUG - Running <numba.core.ssa._GatherDefsHandler object at 0x135226240>
2026-01-25 16:08:42,951 - numba.core.ssa - DEBUG - on stmt: x = arg(0, name=x)
2026-01-25 16:08:42,951 - numba.core.ssa - DEBUG - on stmt: y = arg(1, name=y)
2026-01-25 16:08:42,951 - numba.core.ssa - DEBUG - on stmt: agg = arg(2, name=agg)
2026-01-25 16:08:42,951 - numba.core.ssa - DEBUG - on stmt: field = arg(3, name=field)
2026-01-25 16:08:42,951 - numba.core.ssa - DEBUG - on stmt: $4load_global.0 = global(isnull: CPUDispatcher(<function isnull at 0x16e6772e0>))
2026-01-25 16:08:42,951 - numba.core.ssa - DEBUG - on stmt: $16call.3 = call $4load_global.0(field, func=$4load_global.0, args=[Var(field, reductions.py:552)], kws=(), vararg=None, varkwarg=None, target=None)
2026-01-25 16:08:42,951 - numba.core.ssa - DEBUG - on stmt: $bool24 = global(bool: <class 'bool'>)
2026-01-25 16:08:42,951 - numba.core.ssa - DEBUG - on stmt: $24pred = call $bool24($16call.3, func=$bool24, args=(Var($16call.3, reductions.py:555),), kws=(), vararg=None, varkwarg=None, target=None)
2026-01-25 16:08:42,951 - numba.core.ssa - DEBUG - on stmt: branch $24pred, 58, 26
2026-01-25 16:08:42,951 - numba.core.ssa - DEBUG - ==== SSA block analysis pass on 26
2026-01-25 16:08:42,951 - numba.core.ssa - DEBUG - Running <numba.core.ssa._GatherDefsHandler object at 0x135226240>
2026-01-25 16:08:42,951 - numba.core.ssa - DEBUG - on stmt: $32build_tuple.3 = build_tuple(items=[Var(y, reductions.py:552), Var(x, reductions.py:552)])
2026-01-25 16:08:42,952 - numba.core.ssa - DEBUG - on stmt: $38binary_subscr.4 = getitem(value=agg, index=$32build_tuple.3, fn=<built-in function getitem>)
2026-01-25 16:08:42,952 - numba.core.ssa - DEBUG - on stmt: $const42.5.1 = const(int, 1)
2026-01-25 16:08:42,952 - numba.core.ssa - DEBUG - on stmt: $binop_iadd44.6 = inplace_binop(fn=<built-in function iadd>, immutable_fn=<built-in function add>, lhs=$38binary_subscr.4, rhs=$const42.5.1, static_lhs=Undefined, static_rhs=Undefined)
2026-01-25 16:08:42,952 - numba.core.ssa - DEBUG - on stmt: agg[$32build_tuple.3] = $binop_iadd44.6
2026-01-25 16:08:42,952 - numba.core.ssa - DEBUG - on stmt: $const56.7 = const(int, 0)
2026-01-25 16:08:42,952 - numba.core.ssa - DEBUG - on stmt: $56return_const.8 = cast(value=$const56.7)
2026-01-25 16:08:42,952 - numba.core.ssa - DEBUG - on stmt: return $56return_const.8
2026-01-25 16:08:42,952 - numba.core.ssa - DEBUG - ==== SSA block analysis pass on 58
2026-01-25 16:08:42,952 - numba.core.ssa - DEBUG - Running <numba.core.ssa._GatherDefsHandler object at 0x135226240>
2026-01-25 16:08:42,952 - numba.core.ssa - DEBUG - on stmt: $const58.0 = const(int, -1)
2026-01-25 16:08:42,952 - numba.core.ssa - DEBUG - on stmt: $58return_const.1 = cast(value=$const58.0)
2026-01-25 16:08:42,952 - numba.core.ssa - DEBUG - on stmt: return $58return_const.1
2026-01-25 16:08:42,952 - numba.core.ssa - DEBUG - defs defaultdict(<class 'list'>,
            {'$16call.3': [(<numba.core.ir.Assign object at 0x135225d60>, 0)],
             '$24pred': [(<numba.core.ir.Assign object at 0x135227230>, 0)],
             '$32build_tuple.3': [(<numba.core.ir.Assign object at 0x135225b80>,
                                   26)],
             '$38binary_subscr.4': [(<numba.core.ir.Assign object at 0x135225880>,
                                     26)],
             '$4load_global.0': [(<numba.core.ir.Assign object at 0x135225cd0>,
                                  0)],
             '$56return_const.8': [(<numba.core.ir.Assign object at 0x135226f30>,
                                    26)],
             '$58return_const.1': [(<numba.core.ir.Assign object at 0x135226f90>,
                                    58)],
             '$binop_iadd44.6': [(<numba.core.ir.Assign object at 0x135227980>,
                                  26)],
             '$bool24': [(<numba.core.ir.Assign object at 0x1352254f0>, 0)],
             '$const42.5.1': [(<numba.core.ir.Assign object at 0x135224b30>,
                               26)],
             '$const56.7': [(<numba.core.ir.Assign object at 0x135227560>, 26)],
             '$const58.0': [(<numba.core.ir.Assign object at 0x135226bd0>, 58)],
             'agg': [(<numba.core.ir.Assign object at 0x1352277d0>, 0)],
             'field': [(<numba.core.ir.Assign object at 0x135226b40>, 0)],
             'x': [(<numba.core.ir.Assign object at 0x135224710>, 0)],
             'y': [(<numba.core.ir.Assign object at 0x135224500>, 0)]})
2026-01-25 16:08:42,952 - numba.core.ssa - DEBUG - SSA violators <numba.core.utils.OrderedSet object at 0x17b62b6b0>
2026-01-25 16:08:43,140 - src.core.visualization.datashader_visualization - ERROR - Failed to create Datashader visualizations: No plotting extension is currently loaded. Ensure you load an plotting extension with hv.extension or import it explicitly from holoviews.plotting before applying any options.
2026-01-25 16:08:43,142 - src.core.data_processor - INFO - ✅ Datashader visualizations created successfully
2026-01-25 16:08:43,146 - src.core.visualization.deepscatter_visualization - INFO - Creating Deepscatter visualizations...
2026-01-25 16:08:43,146 - geo_infer_place.core.unified_backend - INFO - Calculating enhanced agricultural redevelopment potential scores with SPACE integration...
2026-01-25 16:08:43,257 - geo_infer_place.core.unified_backend - INFO - ✅ Calculated enhanced redevelopment scores for 7749 hexagons with SPACE integration.
2026-01-25 16:08:43,257 - src.core.visualization.deepscatter_visualization - INFO - Preparing H3 data for Deepscatter visualization...
2026-01-25 16:08:43,267 - src.core.visualization.deepscatter_visualization - INFO - Prepared 7749 data points for Deepscatter
2026-01-25 16:08:43,267 - src.core.visualization.deepscatter_visualization - INFO - Creating Deepscatter HTML visualization...
2026-01-25 16:08:43,281 - src.core.visualization.deepscatter_visualization - INFO - Deepscatter HTML visualization saved to: output/cascadia_deepscatter_visualization.html
2026-01-25 16:08:43,281 - src.core.visualization.deepscatter_visualization - INFO - Creating lightweight CSV export...
2026-01-25 16:08:43,308 - src.core.visualization.deepscatter_visualization - INFO - Lightweight CSV export saved to: output/cascadia_lightweight_data.csv
2026-01-25 16:08:43,308 - src.core.visualization.deepscatter_visualization - INFO - Deepscatter visualizations created successfully
2026-01-25 16:08:43,308 - src.core.data_processor - INFO - ✅ Deepscatter visualizations created successfully
2026-01-25 16:08:43,310 - src.core.visualization.static_visualization - INFO - Creating static visualization plots...
2026-01-25 16:08:43,310 - geo_infer_place.core.unified_backend - INFO - Calculating enhanced agricultural redevelopment potential scores with SPACE integration...
2026-01-25 16:08:43,422 - geo_infer_place.core.unified_backend - INFO - ✅ Calculated enhanced redevelopment scores for 7749 hexagons with SPACE integration.
2026-01-25 16:08:43,422 - src.core.visualization.static_visualization - INFO - Creating summary statistics...
2026-01-25 16:08:43,435 - src.core.visualization.static_visualization - INFO - Summary statistics created for 7749 hexagons
2026-01-25 16:08:43,435 - src.core.visualization.static_visualization - INFO - Creating data export for external visualization...
2026-01-25 16:08:43,438 - src.core.visualization.static_visualization - INFO - Data export created with 1550 sampled points
2026-01-25 16:08:43,455 - src.core.visualization.static_visualization - INFO - Static visualizations created successfully
2026-01-25 16:08:43,455 - src.core.data_processor - INFO - ✅ Static plots created successfully
2026-01-25 16:08:43,455 - src.core.data_processor - INFO - 📊 Data export completed in 7.9 seconds
2026-01-25 16:08:43,455 - src.core.reporting_engine - INFO - Generating enhanced analysis report to output/cascadia_analysis_report_20260125_160843.md...
2026-01-25 16:08:43,456 - src.core.reporting_engine - INFO - ✅ Analysis report generated: output/cascadia_analysis_report_20260125_160843.md
2026-01-25 16:08:43,456 - __main__ - INFO - 📋 Analysis report: output/cascadia_analysis_report_20260125_160843.md
2026-01-25 16:08:43,456 - __main__ - INFO - ✅ Cascadia analysis completed successfully!
2026-01-25 16:08:43,456 - selenium.webdriver.remote.remote_connection - DEBUG - DELETE http://localhost:59589/session/cf02c19644267949405e79207f50cc41 {}
2026-01-25 16:08:43,456 - urllib3.connectionpool - DEBUG - Starting new HTTP connection (2): localhost:59589
2026-01-25 16:10:43,459 - urllib3.util.retry - DEBUG - Incremented Retry for (url='/session/cf02c19644267949405e79207f50cc41'): Retry(total=2, connect=None, read=None, redirect=None, status=None)
2026-01-25 16:10:43,460 - urllib3.connectionpool - WARNING - Retrying (Retry(total=2, connect=None, read=None, redirect=None, status=None)) after connection broken by 'ReadTimeoutError("HTTPConnectionPool(host='localhost', port=59589): Read timed out. (read timeout=120)")': /session/cf02c19644267949405e79207f50cc41
2026-01-25 16:10:43,460 - urllib3.connectionpool - DEBUG - Starting new HTTP connection (3): localhost:59589
2026-01-25 16:11:10,701 - urllib3.connectionpool - DEBUG - http://localhost:59589 "DELETE /session/cf02c19644267949405e79207f50cc41 HTTP/1.1" 200 0
2026-01-25 16:11:10,702 - selenium.webdriver.remote.remote_connection - DEBUG - Remote response: status=200 | data={"value":null} | headers=HTTPHeaderDict({'Content-Length': '14', 'Content-Type': 'application/json; charset=utf-8', 'cache-control': 'no-cache'})
2026-01-25 16:11:10,702 - selenium.webdriver.remote.remote_connection - DEBUG - Finished Request
