timestep,cell_id,temperature,humidity,vegetation_density,water_availability,soil_quality,biodiversity_index,carbon_flux
0,8828308249fffff,20.108453981754803,0.5741490553969794,0.4539972817437309,0.5295706060623163,0.5895111465228703,0.5299432313969401,-0.009613624597248812
0,8828309195fffff,19.927463010410516,0.6223827619041933,0.4618488250232169,0.4843878432250085,0.6076514051850631,0.5298473568834035,-0.12855082418415587
0,8828309407fffff,19.966711971256952,0.5791186612276031,0.5066194991871847,0.5891669792877574,0.6123199081356376,0.571825539519041,0.019952778860970556
0,8828308245fffff,19.972270211560755,0.6133298604301073,0.505035749124849,0.4449439901012543,0.5826278433766378,0.4727583148363827,-0.15777128936408508
0,8828309453fffff,20.07254662975011,0.6428012802932618,0.44241938901883976,0.48541901748088356,0.5528644330068928,0.5195722701368456,-0.0608563150677703
0,88283081cbfffff,20.053218591776368,0.5709084602379348,0.4667417113036246,0.43343051621421347,0.6042715908030843,0.5452022888658797,-0.02544171389800077
0,8828309415fffff,20.054608394258015,0.6713709107592245,0.49786058775763165,0.4778562234707312,0.668874330302286,0.5369466397962214,-0.012340239147203634
0,8828309451fffff,19.99823907096227,0.576830016032777,0.5089601282892183,0.5197151058825873,0.6376456840397655,0.5260191303463462,-0.016756349387423288
0,8828308623fffff,19.95805965672531,0.6150129782062804,0.4772150762701291,0.5373722510386982,0.5734204387129935,0.5009858273374067,-0.07151873638178943
0,88283081ddfffff,19.98088609810439,0.5844739239872395,0.5090322552771164,0.5439655908488715,0.631683500030118,0.4072586169690411,-0.030312832348256047
0,8828308625fffff,20.073976690543535,0.6315849501361053,0.4617420036103641,0.4912577653811977,0.6287115375239347,0.4573661316350581,-0.0374888151482538
0,8828308627fffff,19.9759605870978,0.6362644441089375,0.48888639785210836,0.5032259613638818,0.6214571957056125,0.49632381645852375,-0.0014150976786998961
0,882830945dfffff,19.957304921766404,0.6259685334961684,0.5168753227773748,0.5704326042167365,0.620255868029459,0.45947875607219657,-0.031190480761388303
0,88283080e5fffff,20.048782374628146,0.6491538282220846,0.523842598123017,0.5179722070770956,0.5553969912976242,0.5393955661828815,-0.023598500662296386
0,88283080e1fffff,20.032301229216262,0.5383839986614247,0.5473516167016935,0.5155656186047293,0.529453349254637,0.5604459668951128,0.027401672841459307
0,88283080e9fffff,20.015803911644667,0.6042316850809759,0.4740401288706233,0.5352522763379122,0.7297441042009122,0.5382945914774725,-0.03761998032659161
0,88283091d7fffff,20.021637777310914,0.5720155650107476,0.5125430141803313,0.5289255160131457,0.5818050816410849,0.4368722268299012,-0.04017584056337997
0,882830940dfffff,19.966382084415503,0.6135018818227846,0.5202610679572336,0.514107305547649,0.5707338822751684,0.5318902405449828,-0.08731084357497056
0,8828308621fffff,19.971160731976173,0.6262505017192482,0.4874106272328274,0.5061579539829693,0.5777784288833088,0.4372077939416278,-0.017133568800669168
0,88283081d1fffff,20.00552742893816,0.5970342893451254,0.4849779192800951,0.5272553021274239,0.6259148262939905,0.5377119223518175,0.020242596152051193
0,8828309455fffff,19.98426437031108,0.6333615467726718,0.50047148143852,0.5007533074227916,0.6985620019200891,0.4767960327584619,0.017294919344598928
0,8828308241fffff,20.042161355228053,0.592540363306651,0.45599462974172894,0.5526261507482754,0.6479560678008607,0.4803749383043841,-0.058399209160823806
0,8828309457fffff,19.93430613088432,0.5423123744152076,0.48035621449261884,0.48343819362586277,0.6328606156527258,0.49911926390854866,-0.05283105609557797
0,88283081dbfffff,19.987640118381535,0.5318567979815673,0.49428435377372165,0.4921978655980232,0.5780296061352277,0.49181068866592037,0.00044828348746596023
0,88283090a7fffff,19.987518920307497,0.6226997494178456,0.4218089497745846,0.48307352398136805,0.5884278337225133,0.5415545805328166,-0.06894591454858567
0,8828309197fffff,19.962481115678166,0.6445191365786311,0.44331078939192925,0.4269805898589971,0.5880584623897684,0.5400169437869989,0.006338442597121501
0,882830862bfffff,20.063051960269746,0.5969000236912196,0.5734504909446649,0.4763426868558911,0.6225631934453879,0.5224886216993065,0.05001885529269693
0,8828309193fffff,20.007662502660057,0.5811689448043057,0.43474309741317874,0.5599506459427808,0.6074374488374722,0.5204149989798061,-0.13004228769368983
0,8828308031fffff,19.906196494804448,0.625898002777881,0.5061130525096151,0.4187073028049615,0.5594512537178638,0.581387479186931,-0.01067085674066945
0,8828309199fffff,19.970037975796473,0.578270873799811,0.4889421884827968,0.4646553709910163,0.7562488657088897,0.4844443519151699,0.008703681542194058
0,8828308033fffff,19.994692383149648,0.5818604430883019,0.4825025014825405,0.5541191355366648,0.6548105216564108,0.4703624873452859,0.06941851157367189
0,8828309401fffff,19.977947869985215,0.5362511416934282,0.4780576210696619,0.5265744913280099,0.5563834378351796,0.47525988468855046,-0.05756318575734887
0,88283080e7fffff,20.015741002487776,0.48621092921017384,0.37863856347936536,0.5170737949244546,0.5961114516392162,0.4787692866067543,0.028152834852566283
0,8828308449fffff,19.976010078818852,0.594934976045065,0.45424737113806396,0.5585307959436258,0.637279509497616,0.5344327138877227,-0.008040565548731391
0,882830824dfffff,20.109385075459144,0.5489620869117661,0.5226678573233766,0.552651388552366,0.6033060372759028,0.5262729818560291,0.0051649296249882855
0,88283090a1fffff,20.01389839318726,0.5644586604156693,0.47212096961926286,0.5434979991783874,0.6637635394715542,0.5574871802221109,-0.004611329255400454
0,882830844bfffff,19.924234000428797,0.599656709288304,0.5516693646329521,0.4974905997085968,0.5904085555775102,0.5469482945340508,0.009455715975263413
0,882830862dfffff,19.93797155744779,0.5449256312950187,0.4412755033179976,0.5289200743980956,0.6587116929906335,0.5045451318514237,0.008450654039767557
0,8828308035fffff,20.002982438030557,0.5804922270626675,0.5142549803205145,0.5754118548376521,0.5858693785576633,0.5404473682714382,-0.045561601173400516
0,8828309409fffff,19.97173259022138,0.5584016982198294,0.4435087219201696,0.4701850531552764,0.6523120975841323,0.4562654636448914,0.012915223482559288
0,882830863dfffff,19.93700384909804,0.5449232274441492,0.5868722302070157,0.6159424234653,0.5981231081650598,0.4654175291588283,0.011494711857957677
0,8828308711fffff,20.03607638573253,0.6100058375784203,0.5781404856991885,0.5036880162639811,0.48839627928030954,0.48865410886236355,0.12696269780934388
0,88283081d9fffff,20.07374259411588,0.5783099094991992,0.4998596214511814,0.5530987987963513,0.6480900405881282,0.5197080622591626,-0.00461778566681456
0,88283090a5fffff,19.920213607098738,0.6412469661986739,0.46174906060373344,0.5708230747346242,0.48144898891329163,0.46696685742992433,0.01376022736497512
0,882830919bfffff,20.13953757207226,0.5484333287931888,0.4922172197080144,0.37608919925448125,0.6507333082463981,0.46979997419561687,0.0651002874622441
0,8828309439fffff,20.01323695533151,0.6354926452689875,0.5595146434600357,0.5413775978281368,0.5354350285211542,0.46848404075443784,-0.023202703411479644
0,8828309191fffff,19.99428564042654,0.5027520634214512,0.4918324167499793,0.5049444128672576,0.5956126841485497,0.4490982778639522,0.013071931696180664
0,8828309411fffff,19.91666918568726,0.555437639573223,0.43438406950785236,0.5445093501413185,0.6820430440878265,0.56228559280669,-0.000863466403473617
0,8828308441fffff,19.93677510348645,0.632245419651243,0.48030744325827235,0.538121166759429,0.5302682843368477,0.45582089937561443,-0.0655462969769057
0,882830803bfffff,19.967900621504917,0.6305118207578131,0.5094918543072572,0.4671123347891599,0.5214824204695616,0.5051466120392402,-0.002697577377604163
0,8828308039fffff,19.998900996870077,0.5827779776169356,0.44309531755252773,0.4993170466683194,0.6133552743643951,0.44997867781861095,0.019018915880523055
0,882830941dfffff,19.995272301672333,0.6227405064266842,0.5330574715135409,0.6042472386799895,0.6660363892894371,0.4679724943689792,-0.030252426237244907
0,8828308635fffff,19.998277224804394,0.6470538984612334,0.46030871454707584,0.45627050243927486,0.5808711758887652,0.47536791962033276,0.09920808370275581
0,8828308753fffff,19.973064639916032,0.6647358551533966,0.47294293734066384,0.539076789421688,0.5935470148109706,0.4617952220768693,0.040346334428712625
0,882830844dfffff,19.9513783754672,0.6259095561224226,0.596453260090865,0.5093027174524616,0.5356289553141116,0.4163858795305008,-0.013709045862633175
0,8828308017fffff,20.074323761157558,0.557545368379159,0.4966348228920053,0.6062055025380115,0.5657542391905976,0.41371035532280254,-0.02241810883633061
0,882830919dfffff,19.932567238828426,0.6822451886115717,0.52158739308839,0.4586617337501976,0.5446918016764726,0.4731577612854476,0.037799782810895126
0,88283080edfffff,19.948566158271717,0.6306016101732215,0.5381009079835757,0.5767639242115421,0.532773085793803,0.5159100509181408,-0.03912121832209159
0,882830871bfffff,19.99511470445264,0.5453883308385419,0.542220161185909,0.5561464902699336,0.6195472742128962,0.5777339631221297,-0.048571350038352154
0,8828308713fffff,20.022728138986707,0.6248257721689323,0.4759220634357665,0.6168202413026592,0.5193627877743543,0.5584266994364759,-0.016133001198890284
0,882830803dfffff,20.016758672255953,0.6811109646138407,0.4553760253686707,0.5129847110701797,0.609224132855496,0.4845668136133566,0.02143327603374605
0,8828308015fffff,20.014237312993167,0.6421527266514634,0.45186338987716224,0.5283921886657396,0.5770623889549635,0.525097767763128,-0.01285406075685528
0,8828308037fffff,19.973804980110092,0.47209827174856844,0.4902405329302101,0.5611448654273044,0.5501068852539744,0.569733527832069,0.04620533432316181
0,88283091d3fffff,20.10919819239874,0.6141956071050678,0.5395880479941116,0.5405354203887303,0.5014211489086515,0.5447831975133929,0.056854117100509464
0,8828308719fffff,19.947895065320765,0.6219794870204869,0.5560244923702251,0.5660881646727888,0.5688287355050603,0.6417699086862164,0.06649287847541445
0,8828309443fffff,19.92984184836068,0.5277048350669613,0.5755841782117316,0.4755467189090831,0.6560226892874941,0.5701508346889366,-0.14217760777870375
0,882830940bfffff,19.9383564665675,0.6161316499433529,0.5051992874902267,0.5332620884478465,0.6040163639080359,0.4627214637099064,-0.03215302128761238
0,8828308629fffff,20.00632757163103,0.5635683583524254,0.49758110653146187,0.47891903911697287,0.6774590614205025,0.4151130020312914,-0.012517185818760563
0,8828308445fffff,20.020222017158694,0.5596008029232814,0.47241573926566727,0.5449841937962919,0.6496412389386867,0.5037151019442893,-0.0284807857150417
0,8828309405fffff,20.05003009845165,0.608198987563799,0.5306642369976451,0.4760007102718842,0.5771302363757105,0.6171955163761248,0.0217528454851936
0,8828309403fffff,20.09960182092234,0.6563793041615607,0.4754232668470185,0.48057092338974694,0.5758152745944313,0.5209806282301903,-0.013804815111258684
0,88283090adfffff,19.99363343630914,0.5686968754397862,0.4789204176357755,0.5647052342567322,0.5553224579796783,0.6317437035980853,-0.0475655182752876
0,8828308269fffff,20.001718994654713,0.6889228633281373,0.582229307517375,0.4700893462372489,0.5635562791440791,0.4419125834753663,-0.05857484365325545
0,88283090a3fffff,20.002102411067042,0.6143729068939449,0.5241826971377543,0.5910767375812633,0.653193008291504,0.5753233839676062,-0.02680394750426627
0,8828309419fffff,19.996721851385903,0.6462734944698793,0.5078552267532869,0.5715955348971163,0.6689930924618741,0.42408034407990775,0.02852015697339887
0,8828309447fffff,19.95515770179844,0.5590496657639523,0.4901356123630954,0.5906039269280235,0.5756351014865233,0.4278847067524509,0.012774172421165537
1,8828308249fffff,21.492417119415936,0.7260707791175045,0.6109297076097283,0.5673280046497448,0.701316140988345,0.5018762969224767,0.08079993041724856
1,8828309195fffff,21.152401937752785,0.6759124384390439,0.5433700873383114,0.6107144697741871,0.5699947440078984,0.5462882181896996,0.013209362518315844
1,8828309407fffff,21.876465628471152,0.6566338462238356,0.529981682761371,0.6561040856188808,0.6574413062443444,0.5962533746499934,0.14728718789603312
1,8828308245fffff,21.07181048139194,0.627685734374897,0.60487501924945,0.5386204710360532,0.6489979823467268,0.6116342736322662,0.040575898206313396
1,8828309453fffff,21.199894611942653,0.6702482765253178,0.5627889318474866,0.6316950090206974,0.721656057037792,0.47403179002994345,-0.05222628078247546
1,88283081cbfffff,21.613848286582517,0.688542559440342,0.6343012429891727,0.6919779554305875,0.6044903047150875,0.4256956828889422,-0.009171433911531149
1,8828309415fffff,22.254866372485072,0.7830216352017988,0.590278238948602,0.5547266905529323,0.7020020285908591,0.4501280734042083,0.01141312002970786
1,8828309451fffff,20.680982362862796,0.6943997087477487,0.5175876958520286,0.7101707813721557,0.6566316745838884,0.5399402173268238,0.017466136607992976
1,8828308623fffff,20.924647281402617,0.7648569526599236,0.508187192118431,0.7173379158125983,0.5464268610674832,0.5080154744099139,0.09413201494264034
1,88283081ddfffff,21.117110746727924,0.5749855496616936,0.499004920395281,0.6336093239387715,0.6939665661751493,0.5624183295959287,0.13805142183868746
1,8828308625fffff,20.829300845010508,0.6776808542523343,0.5588785834726266,0.672543051681282,0.6409817564292944,0.5486297111498067,0.10095279085279649
1,8828308627fffff,21.10303603115052,0.7049876375162365,0.5676621143476389,0.7254997880609302,0.6107926951089632,0.6255185394708642,0.06907062861304208
1,882830945dfffff,20.296314100364697,0.6299296355810283,0.5336875991793993,0.6941141909517907,0.6773125933277655,0.5009916490385611,0.00335557111017549
1,88283080e5fffff,21.435283418588853,0.6915118838148727,0.5184908013594971,0.746751574696556,0.6636918682393869,0.5118787118758898,-0.010881333959984533
1,88283080e1fffff,21.379729933935312,0.6981590013565979,0.5528954345906087,0.687542930988253,0.7452622607781596,0.5292013247837484,-0.03185551758634779
1,88283080e9fffff,21.14332318057999,0.6390171921474492,0.4758942798652152,0.7046946260002489,0.6334610593612302,0.6160941919162053,0.02687035848277655
1,88283091d7fffff,22.26461469464321,0.6522497021349374,0.6228531683359297,0.6692231917176954,0.6050809243865147,0.49644994298643136,0.05740105536122635
1,882830940dfffff,21.167843581457596,0.7010964780614826,0.4685057169191477,0.63702626594361,0.6544016712994887,0.5492168945614893,0.037817643863109436
1,8828308621fffff,20.519601830186467,0.6981667789456995,0.5040012115022383,0.7112259146477297,0.6863887264355842,0.5741354306345186,0.06957828717928635
1,88283081d1fffff,20.979344833645936,0.615938274386377,0.44582619625519254,0.8034940650202482,0.6601147915099582,0.5043037456388055,0.06752722087544734
1,8828309455fffff,20.69317648966736,0.6692882950486824,0.5120019025493431,0.6136389097657362,0.5837372217445912,0.4957661214379011,0.04556950997014913
1,8828308241fffff,21.488407937878687,0.5967214241859585,0.591249645311505,0.5250732329563425,0.7019483207814609,0.5389459621416336,0.00037072982486330286
1,8828309457fffff,21.147509870109605,0.699745372444341,0.5686495435152623,0.6323891915995891,0.6319722635551771,0.5277048069991276,0.03075659185829648
1,88283081dbfffff,21.330647517761026,0.7074285106510109,0.4866897559295143,0.6766266294461867,0.5389399494422165,0.5392281836483224,0.13396004321979552
1,88283090a7fffff,21.458924448699573,0.672547191064804,0.6081152059302809,0.5830306845999726,0.7155169175561011,0.5161733128570478,0.07031330545290229
1,8828309197fffff,20.75049573130782,0.7237100179349418,0.6442459723863324,0.525229554539384,0.6593509682958552,0.5316105659940078,0.0008705880731336782
1,882830862bfffff,20.42276045478929,0.6587195017303739,0.5358985274205602,0.6327030497982664,0.6166182893141787,0.6202190704765237,0.06848357195426372
1,8828309193fffff,21.065683392205145,0.7043675711161077,0.6097401533435239,0.6287220676167511,0.5885897951519602,0.568834113985092,0.006771798124860839
1,8828308031fffff,22.12208207273233,0.6045756650673846,0.5165505229008939,0.7343585857088581,0.6323420736658661,0.5153887529503073,0.049380996974343366
1,8828309199fffff,21.867012815435256,0.7672377959593745,0.49184012579335146,0.5733221871865688,0.6165998636009571,0.555176978135166,0.004120643637511648
1,8828308033fffff,21.730445407195106,0.6870502994340606,0.526726972136594,0.7395360919285292,0.6356486846505096,0.5434733103879922,0.0747318816227666
1,8828309401fffff,21.479113246652883,0.5809728931111711,0.6438788845070109,0.6336067852487882,0.6592348777105881,0.4974654696670957,0.08978390459352636
1,88283080e7fffff,21.55398827040261,0.6725891116107328,0.5654806119245284,0.721331591827477,0.5523288823987044,0.49138925853432147,-0.05262101642101635
1,8828308449fffff,21.486401641639905,0.6085279203556854,0.4663346193625591,0.8280741129843296,0.753304315998509,0.6192837102022639,0.06944469793547298
1,882830824dfffff,21.273403995032798,0.7023522901461504,0.6092475060730391,0.5649323469334964,0.5740633604782784,0.5292656827674361,0.045264100190614706
1,88283090a1fffff,21.57976903115812,0.6417348334343066,0.5825231984915318,0.6262309610051161,0.6153009542043416,0.5981611266700619,-0.02608710465009989
1,882830844bfffff,21.822205207931358,0.6266427313508577,0.5832558273901496,0.7423684476025114,0.6411719655681837,0.5951623367981947,0.15179193027844204
1,882830862dfffff,20.408059636450126,0.6054919712333471,0.4521525341580266,0.6034967489362147,0.5821550867858504,0.6265243374472136,0.10312164338320726
1,8828308035fffff,22.11985442593787,0.6072022237939811,0.4906152866555288,0.6659991930046957,0.6472780899833064,0.5464702169289926,0.1378532681335896
1,8828309409fffff,20.903960145064364,0.7057468959396785,0.454033268770394,0.5761961955565169,0.6264375907818415,0.5341561117801761,0.02659940578027899
1,882830863dfffff,20.926486040589797,0.6216954413434105,0.4320952812204266,0.6797130461343692,0.5937972299359919,0.5023531761762285,0.022125299012651416
1,8828308711fffff,21.54887108739455,0.6378618483053856,0.5521362708943086,0.6939744525604302,0.5895482541393012,0.5603020884282351,0.12892516314139926
1,88283081d9fffff,21.384880367451604,0.7219257450356775,0.5362596706048676,0.6346939229705638,0.7120574008999954,0.5792642549007058,-0.0027740035211485936
1,88283090a5fffff,21.75332610517984,0.7158558016853664,0.49389645161339807,0.7178612866674775,0.6384606281335534,0.721889416631761,0.11205455115235889
1,882830919bfffff,21.54438575954276,0.6671383045751847,0.6104243317308942,0.6815921349261822,0.6694865549248787,0.46841611667243266,0.13222765940964598
1,8828309439fffff,22.369918719004342,0.6451488730396835,0.5729160725520912,0.5488004923361974,0.6030694448786541,0.48141655984737275,0.13865771889370157
1,8828309191fffff,21.314516352387145,0.6603950075229026,0.5274445594112436,0.6428066323286028,0.6165063305720303,0.5028640864615889,0.01913010112967222
1,8828309411fffff,21.986185041257887,0.7327427563780498,0.5649101686281147,0.5794278999451442,0.5968111155714736,0.511277296222695,0.1193648320836042
1,8828308441fffff,22.046395573384167,0.6619142932161041,0.5455535538020062,0.7084035278055559,0.7095888837823978,0.4983761282129968,0.04456558469922353
1,882830803bfffff,21.812425856991194,0.6515106797851512,0.48138527119915575,0.7000893958650765,0.6249236505173734,0.5056468624690168,0.01680745942501743
1,8828308039fffff,22.338000834574782,0.6605353393582181,0.44478732761099904,0.6312026458017501,0.6491916808671103,0.5668484217947387,0.05745632332663468
1,882830941dfffff,21.713267054320372,0.670817372133492,0.5973883176670822,0.6313466368771148,0.7114732890945213,0.532154158623786,0.10805717114512947
1,8828308635fffff,21.315603177569027,0.6227117648130772,0.5542048137584306,0.5190466496705712,0.6486200349180313,0.6699383357086645,0.06696212709893487
1,8828308753fffff,20.89727474955094,0.5812113795426882,0.43488049172881044,0.6656731508803126,0.5996469229985609,0.6155697577296314,0.11371270194455516
1,882830844dfffff,21.60291237615791,0.6871833245181952,0.3981404428880729,0.7753019843941935,0.6628872204058573,0.5930485223366275,0.1242526842305125
1,8828308017fffff,21.32695982899675,0.6802131014117941,0.4832754179743294,0.68229327767139,0.6306826786046766,0.5319166852319833,0.058553992650101944
1,882830919dfffff,21.718245110207377,0.6332627392658846,0.5109845272267862,0.6446850358586463,0.6756707492506481,0.5147222131886101,0.03281169630560543
1,88283080edfffff,21.52676875967316,0.6698942346340873,0.4841063094718722,0.6030435386679115,0.6665998226072887,0.472488436448158,-0.024930520287460154
1,882830871bfffff,21.356744225511772,0.6392304924414666,0.4779423532846082,0.6842105802773697,0.6585935960122741,0.5512245056425699,0.15141724553223943
1,8828308713fffff,21.5837703303689,0.4964638877006641,0.5175740807508755,0.7355397295746308,0.6723336019016248,0.5571783624307837,0.08544839611800932
1,882830803dfffff,22.69516877760911,0.6143200891810939,0.5259410313072299,0.6343887664506601,0.6020020009793455,0.5529464911119062,0.2144174017924192
1,8828308015fffff,21.83575035380285,0.7467040637565088,0.4068729351028009,0.6531198244540813,0.6278747509174957,0.6202710897752727,0.0580599705740883
1,8828308037fffff,21.831146043734314,0.6494344398299817,0.47606604160238,0.6885258502336988,0.6968410306244958,0.5162217903894966,0.0421869637104499
1,88283091d3fffff,22.23542164514383,0.6709958099535949,0.508352022487271,0.685869132091837,0.6484265717309284,0.4844474261460825,0.009543905485874457
1,8828308719fffff,21.19785059548443,0.6818960913965063,0.5078223371275108,0.668980545422548,0.6051858686037017,0.5488822198513793,0.0660286264085965
1,8828309443fffff,20.47388975670301,0.6783978058714137,0.5115135217932719,0.696929682619871,0.5954434916661664,0.5091016585115021,-0.035439958257400844
1,882830940bfffff,21.272428525494746,0.6298677129950458,0.4909983268959541,0.6722843072836641,0.6480148162322774,0.486501850119736,0.028412452848215274
1,8828308629fffff,20.161506942475697,0.6542829233144464,0.4563207769703035,0.6783462279228509,0.5321594817635118,0.6662542757135268,0.03162211599757186
1,8828308445fffff,22.002515722397693,0.6492617687385949,0.5146265214283693,0.6625743117729254,0.6431654781939262,0.5779099115711728,0.10140515812843455
1,8828309405fffff,21.62860807709159,0.6859144361088622,0.5608335914221962,0.645284212394683,0.634032203221971,0.5054114761270245,0.08294453488836159
1,8828309403fffff,21.79719979825401,0.6894348353102545,0.622251717934483,0.6616887008798762,0.6586939539480737,0.5385524035750175,0.11732419361718728
1,88283090adfffff,21.96902298817669,0.7321008679969472,0.49464613714224415,0.7104807703159468,0.6286417236838806,0.6066636726893124,0.11883029620522784
1,8828308269fffff,20.533733325942038,0.723237234993279,0.5627145498807805,0.5674223336359053,0.6197148052033955,0.5388273820060547,0.0820549583627837
1,88283090a3fffff,21.298616188436423,0.6527598172945018,0.6662420471928078,0.5069586210489739,0.6259755139268615,0.508029959880103,0.0934572161089697
1,8828309419fffff,21.497996618740505,0.6570328319928114,0.6533446177927175,0.60113827561829,0.5551663352696201,0.48413364219616417,0.062277502891960025
1,8828309447fffff,20.779800739214714,0.6445772588537909,0.548629444759538,0.8011043953954478,0.7593078949562159,0.5579904210181755,0.0500193883736523
2,8828308249fffff,22.33697356790832,0.7535390377697712,0.7345292194532564,0.611316634755948,0.6235938903965071,0.6194164047167332,0.07792373487963261
2,8828309195fffff,21.818095147216916,0.8021627132024047,0.6517354921903269,0.5470994106575655,0.6987899371507269,0.6383637742361601,-0.036185257889681424
2,8828309407fffff,23.1087320801212,0.7283121304770469,0.6606699403063864,0.586875484019886,0.7476954872407044,0.5235997156053429,-0.06845412942164847
2,8828308245fffff,21.654937343536144,0.6538414299705853,0.6837317898932574,0.5740867377669385,0.6973298857364743,0.6451767487191304,0.026824785903406815
2,8828309453fffff,21.998265378653212,0.737558639050303,0.6098434758177202,0.5049322935939891,0.6751592686845939,0.5528953463258258,-0.03770044418408421
2,88283081cbfffff,22.62728150288871,0.5122512897485191,0.5030019436627401,0.7239477179493157,0.6770597390979516,0.5875648665050711,-0.019108667508934207
2,8828309415fffff,23.715569841769504,0.7360633459682645,0.7028851709851068,0.6057331689289417,0.5513260457410767,0.5511780371204242,-0.04080390558510608
2,8828309451fffff,21.159829655377408,0.6249896376810444,0.595411364794593,0.5614666713045366,0.7468502670477627,0.5737332859469899,0.06850550285803739
2,8828308623fffff,21.457010259125,0.7018661848061444,0.4529015845806347,0.6663525513414397,0.6645615261886787,0.6778832549956698,-0.021616972877317415
2,88283081ddfffff,21.980862577797172,0.5829214123505381,0.5110677547808735,0.6687384983739424,0.7226217010710259,0.48362572567828777,-0.08130144825315545
2,8828308625fffff,21.504258732860734,0.6237384507030349,0.5082075823364285,0.7251320889906365,0.7435033367178596,0.7463506925827039,0.07737441522432963
2,8828308627fffff,21.771663397824387,0.6441872148380462,0.47914386321781577,0.631184861147474,0.6778288955748806,0.6666206933895867,0.12104293215673627
2,882830945dfffff,20.53310233435242,0.6522139078157683,0.5274071148504392,0.7152116141842909,0.7227864937838622,0.5647721109068293,-0.08671938143046272
2,88283080e5fffff,22.40020215744285,0.678584680638629,0.5536232848271558,0.5578955342766124,0.6867119707089809,0.6180828644072619,-0.036238886651925366
2,88283080e1fffff,22.249210955037693,0.7007647407137755,0.4243974576812961,0.6549495669981599,0.7302195314457547,0.551375542479429,0.06480513595179956
2,88283080e9fffff,21.81763706686346,0.680053461112449,0.4324649261229922,0.6200380543702267,0.6662307172768451,0.5731983086193032,0.01682139822583814
2,88283091d7fffff,23.72209923728119,0.6255956615157866,0.6985542543867813,0.7202472723553972,0.6046680525530053,0.5519866916235918,-0.042706284771122587
2,882830940dfffff,21.901029261822437,0.7150478238933878,0.5738588235440736,0.6110223192084728,0.7222529213100429,0.6468035266213052,-0.0654962837593046
2,8828308621fffff,20.80705358332617,0.6294637203476197,0.4970769689333354,0.7359533513011308,0.6568477422573784,0.752750819524872,-0.03063120740946902
2,88283081d1fffff,21.529068831275172,0.6621604018142844,0.5633782683628282,0.7692683058015355,0.7072296761364182,0.45906831445827795,-0.010587561792589606
2,8828309455fffff,21.134722355734354,0.7276505500194964,0.5175944133520136,0.6223285899575918,0.684471046732371,0.6615658076474094,0.012558132805217642
2,8828308241fffff,22.41212587909825,0.77554518825468,0.7265684334204494,0.633092540784389,0.5964920145103569,0.4806393051568195,-0.024262087573169278
2,8828309457fffff,21.904094579677693,0.6450609188134921,0.5773281047582437,0.661661758468556,0.7147330425150582,0.6402162622293658,-0.010854567291247742
2,88283081dbfffff,22.096146425009014,0.7590984504317982,0.5052366168879087,0.6926053534825166,0.631656970314014,0.5496345222270436,-0.03978942566699352
2,88283090a7fffff,22.489724429433785,0.726254253039182,0.5783258316887406,0.5500370932260031,0.6279339238492151,0.6165092050329277,-0.044604512950138016
2,8828309197fffff,21.239279574039262,0.7571625178530689,0.6377190073498743,0.4949910835697685,0.6842746953932453,0.5209382900055705,-0.0071270907114806825
2,882830862bfffff,20.750772764979462,0.6519660823682557,0.5451800408708427,0.641637186150838,0.5660066404297783,0.6643983344900846,-0.006198421523638916
2,8828309193fffff,21.736925354948568,0.7091813406820402,0.6082132529672056,0.5430076606173417,0.6677009291989181,0.6623540554870537,-0.002701048345225673
2,8828308031fffff,23.388556654605235,0.7309180546949117,0.6342701917850027,0.7344556312461377,0.5805169233727927,0.6362463501825785,-0.01457213176745944
2,8828309199fffff,22.998046957020673,0.7356690385838277,0.5584752659682205,0.5440311300326783,0.6787840421750683,0.5593669900869396,0.08267701118736948
2,8828308033fffff,22.688497819407957,0.6852069185862051,0.5394936332501551,0.6854228138635536,0.6667878265684339,0.5648807834154137,-0.002128453345844776
2,8828309401fffff,22.386445077815512,0.7791615532318128,0.6136857790707656,0.6760617823707895,0.7280275017797637,0.5433873743358274,-0.028141687621320317
2,88283080e7fffff,22.428917359384478,0.8605019054239772,0.5024568679412588,0.6612607410062108,0.6137226087572112,0.5538114577775396,-0.06580886700148468
2,8828308449fffff,22.319243939050786,0.6240068389107334,0.5705130425296692,0.689094551507171,0.6365571560827153,0.6928249430548583,-0.03017109925395142
2,882830824dfffff,22.10922760698106,0.71427105639942,0.6463947516465909,0.49915913117858524,0.7551381941607946,0.5512648857318128,-0.07866234273463801
2,88283090a1fffff,22.41929459046557,0.7655527849676914,0.6292794617635815,0.5434114424471156,0.709449144800287,0.6511015876312285,-0.046678230975921234
2,882830844bfffff,23.018959263906375,0.6027024539321337,0.4958985416621931,0.7252601089048917,0.6458226768121638,0.6358778098412405,0.003758212730495806
2,882830862dfffff,20.67000083314468,0.768040374665975,0.5917967879317718,0.6339746768723299,0.65492762941608,0.7181374511043205,0.02397585779010284
2,8828308035fffff,23.492882528082706,0.6121948152933188,0.5092059971901548,0.6847391382404391,0.6937751260692883,0.5085674225472219,-0.07208830654295909
2,8828309409fffff,21.458214878517833,0.7044943099665975,0.5539750471558671,0.625980986945634,0.703861247410396,0.6596968009622202,0.06425681013828037
2,882830863dfffff,21.49755821410432,0.6963388194711505,0.45200792031738457,0.6855954713578959,0.6254276126521531,0.7461294814447862,0.018096695715928965
2,8828308711fffff,22.313038575815913,0.6445362361188407,0.5565864874308099,0.6218214777532465,0.767513965523991,0.6441228891054851,0.11433915393276475
2,88283081d9fffff,22.225020821324044,0.6734589199716374,0.4258864708647267,0.7317247725314309,0.6481796852634851,0.6484633436657219,0.09867977682942176
2,88283090a5fffff,22.89880471343891,0.7032379723150102,0.4977729839416185,0.661914688948788,0.751635921973632,0.5680954133504921,0.07833748846624763
2,882830919bfffff,22.445581872244777,0.6477418077369317,0.6188032510312732,0.6307686283112162,0.6692881286221479,0.5421361561748143,0.11771667261113157
2,8828309439fffff,23.893080713932267,0.6665605931352243,0.7276322649958761,0.4879081135387935,0.6383122628804986,0.5964260925496174,0.014432171248148846
2,8828309191fffff,22.134444340423137,0.8323199612821542,0.6747570326780888,0.5444659725093078,0.6988617623692975,0.633946484400457,0.022776559935747277
2,8828309411fffff,23.251238845586546,0.7134125684311674,0.6032042451524644,0.5745433506714072,0.6373005789224694,0.42606541699875544,-0.11295859713496642
2,8828308441fffff,23.343034104774553,0.6552510730902136,0.5623749557424204,0.7473721762568877,0.6968001903197989,0.5554602390009779,-0.024700029415923815
2,882830803bfffff,22.981567320593864,0.6761741168218597,0.5442631253250062,0.6649601378700201,0.6519078084829443,0.6908470220540261,0.023575944068964114
2,8828308039fffff,23.809716881691884,0.7459670130528437,0.4930484468125215,0.6635953758502834,0.7258445031233736,0.5870469949016558,-0.07989971839407792
2,882830941dfffff,22.828615305420065,0.7019631966062124,0.7183794255400815,0.5320076007086173,0.6538214622287686,0.6402110991924946,0.014980035083263123
2,8828308635fffff,22.165641039097427,0.6207307613486662,0.534144584702162,0.7640852746003279,0.6030051479566116,0.7298328378742329,-0.031270716697603056
2,8828308753fffff,21.420616716121916,0.7313366336219793,0.508770261140131,0.6449430897487722,0.6738840610277775,0.6275354353726791,-0.03721982346259163
2,882830844dfffff,22.683176183076473,0.6846424149342993,0.48509502189101533,0.7127460035790196,0.6143659008725828,0.5510176219557568,0.026633700664977927
2,8828308017fffff,22.19789206748301,0.7219466448106215,0.5087938759989391,0.6355638249241721,0.6198640382636053,0.5504262031621242,0.06107081525699932
2,882830919dfffff,22.754915695711222,0.7082270371655668,0.5920972456051807,0.5723299509953483,0.6008237017397309,0.5914988918775286,-0.02183558824376649
2,88283080edfffff,22.422408653139932,0.67883141745864,0.4865996731079275,0.7424847739217808,0.5798473707883947,0.6435371964157974,0.02886376668739569
2,882830871bfffff,22.01917634586965,0.6618039127026059,0.4460761167382686,0.6887867872561648,0.711657494389841,0.6407436693692442,0.03845808004392721
2,8828308713fffff,22.715476618452396,0.598884992799304,0.5235126188469409,0.6695553995170138,0.622246925077443,0.5936051987446246,0.01021361258758201
2,882830803dfffff,24.187635270176692,0.5715523704180907,0.601332015311752,0.6053102321134269,0.6050213512189994,0.4936322102190655,-0.09712984907308941
2,8828308015fffff,22.86605688430831,0.6301963020621754,0.5475927066618166,0.65653283702914,0.6564818487774478,0.6117950707446469,-0.007206348590170256
2,8828308037fffff,22.804193797423846,0.6325853381659037,0.5578995658037481,0.6278703355178805,0.7102500405910412,0.5742767935746924,-0.11673887733791347
2,88283091d3fffff,23.60470498212047,0.6827812191115586,0.624616549267781,0.6461160520151533,0.6736144709358824,0.5780243493362193,-0.022732902490504376
2,8828308719fffff,22.01930073058682,0.7002498171040246,0.5580115656174338,0.741768659252936,0.6232507489750303,0.7546171750198148,-0.051172876807929674
2,8828309443fffff,20.640394742049732,0.6511463301951186,0.47539072630950774,0.7008292751273963,0.6775159885268442,0.6494990207008428,0.00657152120703387
2,882830940bfffff,22.074359907293506,0.5863456881670823,0.6375922554605365,0.6307166715231214,0.6300667833777014,0.5990430056890564,0.056635193940980634
2,8828308629fffff,20.287151239214456,0.7972361880531431,0.5293445243113872,0.738835161558985,0.5992386014836442,0.7952150254640422,0.05232961540604993
2,8828308445fffff,23.25698180374086,0.6267003449898444,0.5698794396949024,0.7005601769841826,0.6219820617978226,0.6821354666306281,0.03708095168947524
2,8828309405fffff,22.558934046386927,0.6822433844368812,0.7026725478854485,0.6615678700679529,0.7091964053309705,0.5471020827531502,0.02782491944908687
2,8828309403fffff,23.06558120653913,0.7105886717653376,0.6252360825969014,0.6622482736438996,0.6669010737136728,0.5520589772465704,-0.012379991125544908
2,88283090adfffff,23.08948353873635,0.7026538845864218,0.4706628730763254,0.6282660331474696,0.6685966514247954,0.6904832864882708,0.04675690133190096
2,8828308269fffff,20.99957688968769,0.7069586999968692,0.6602220426426347,0.5201412346267668,0.7065580174147758,0.586406420945344,0.05135941140962423
2,88283090a3fffff,22.153855614251267,0.6764701195073335,0.5992552424667691,0.5610931733464133,0.7678391858819456,0.5628959145879708,0.0058648502925609846
2,8828309419fffff,22.47110835849212,0.7032904148564537,0.7016613525562511,0.5935937241778748,0.6981137687985692,0.5594111190445644,0.0515640910928904
2,8828309447fffff,21.246396866167412,0.6423077667138388,0.6472395040470248,0.596709437907619,0.6853331085411194,0.5873435652665917,-0.0484710211477165
3,8828308249fffff,22.4262999421293,0.7574074917150462,0.6453732165841067,0.6021432247788595,0.771999454528033,0.5801547377874394,-0.10951470030199702
3,8828309195fffff,21.8911343545722,0.730703180994372,0.6454591188591999,0.4849218511207843,0.6825940447601695,0.5971588061878619,-0.10240702155597706
3,8828309407fffff,23.106270227400472,0.741013507798609,0.6820090756217099,0.41073043751410737,0.6090185350106759,0.6392853779518739,-0.09471837867867246
3,8828308245fffff,21.558966678809966,0.7372876370677707,0.7048550261373869,0.5198466155763053,0.6887699924839825,0.6466898789466463,-0.006357405622923487
3,8828309453fffff,22.02723512144417,0.683362123130887,0.6774716461253033,0.5154485649024748,0.7608512721776819,0.690245766925251,-0.030502662735560456
3,88283081cbfffff,22.55299700836415,0.6022366143601403,0.5422509883442734,0.5720315114603912,0.6801595110305321,0.5667783242513017,-0.011211311424420098
3,8828309415fffff,23.662377869059043,0.6737052357488493,0.7767536076184929,0.40884901189535283,0.6130985300448837,0.6520166428604284,-0.003547804627262119
3,8828309451fffff,21.25283265226831,0.6478721510327241,0.64702438985247,0.5105987390446455,0.6937174128530443,0.675257521778245,0.012267026352359118
3,8828308623fffff,21.432092089091597,0.7295688268061231,0.5871844220784694,0.5687892545933269,0.7468226928968416,0.7058163337108786,-0.11393536955484401
3,88283081ddfffff,21.94516098903887,0.6646048326302649,0.5870093647183121,0.47482212189221007,0.621851349999314,0.5001704228459365,0.05858639068104339
3,8828308625fffff,21.377748363600407,0.7197476711935529,0.5423312453621427,0.5127747922205168,0.6748494231981018,0.7198108541299363,-0.11236229190953116
3,8828308627fffff,21.73001297386741,0.6446901466619751,0.5700383994422812,0.4893423164921364,0.6865198717024914,0.7700659102355918,-0.16457456038650725
3,882830945dfffff,20.56054586802953,0.7044615867124407,0.48608952973186537,0.5719056145144465,0.7397473597725256,0.5865650664571187,0.022402995401803724
3,88283080e5fffff,22.412726785170204,0.7167278644420654,0.5183627712601764,0.49204698232452115,0.6576915992099358,0.7062995915404723,0.03022279263934986
3,88283080e1fffff,22.276968919390935,0.645232866154667,0.5228932112470448,0.4804906086085569,0.7058700119234007,0.736711956721791,0.008517205735874939
3,88283080e9fffff,21.79150269355489,0.5819724791386072,0.45855674737236674,0.5425198252024855,0.7331840701890524,0.7069511548996277,-0.0782392789187916
3,88283091d7fffff,23.700522429667174,0.7140287849735318,0.6436188058290605,0.5169818576475593,0.703825289558364,0.5675702208900822,-0.04464751768781396
3,882830940dfffff,21.92513086871254,0.6457198550310833,0.5720133382066953,0.5460874857813304,0.7255602310540326,0.5621012733825546,-0.06396325378706522
3,8828308621fffff,20.80307404593394,0.6466970276904443,0.4996035890755461,0.5149013133017217,0.7284541896037677,0.7774197611052306,-0.0539205130587041
3,88283081d1fffff,21.487610844489982,0.623087970720924,0.4614556302508105,0.5335769198390903,0.7131424740986725,0.5829870209279936,-0.044999738402361586
3,8828309455fffff,21.2020766720162,0.7033933895078037,0.479732183837426,0.4960395270783664,0.6835987575299042,0.5923310237239581,0.002646569681978194
3,8828308241fffff,22.394276732998637,0.7554165476825239,0.6258117982635881,0.6228880142115591,0.7450673379497952,0.5329532438787192,0.03815255826429814
3,8828309457fffff,21.8874200584558,0.6429715348898148,0.6431422997889885,0.5177200558465971,0.6654896460247395,0.6119311681112117,0.032094338257253455
3,88283081dbfffff,22.1321569468829,0.8018258687423754,0.6289833217001102,0.5081174079735433,0.7013644434068287,0.6695140264252054,-0.11054829066140347
3,88283090a7fffff,22.52403041856171,0.7341249871531635,0.6621773172795072,0.48751440624258324,0.677989295911291,0.6167370397439865,0.019291329785114004
3,8828309197fffff,21.167547097544393,0.7278427006663777,0.6669897438049255,0.5844183403656918,0.6625169615361284,0.6465877603599544,0.0574876344217621
3,882830862bfffff,20.68144307537139,0.7213308566450979,0.5234211567720104,0.5016428454680846,0.6223976388549014,0.7738555452977351,0.08697757940548084
3,8828309193fffff,21.71117418997644,0.6885323951431702,0.6097281520576329,0.46364967125972706,0.7144571151269332,0.6571064497927085,-0.07553861884329424
3,8828308031fffff,23.43580213317444,0.7045191035282968,0.5805039238425844,0.4876103466231433,0.6552916436949057,0.5318715083810104,-0.02016325899386715
3,8828309199fffff,22.96831877391411,0.6141005788534192,0.6536068860926513,0.5721437979114973,0.6506201336419839,0.5957863147548899,-0.03388649361643872
3,8828308033fffff,22.760122576729508,0.772593045163984,0.5240758286466487,0.5088579779028817,0.7709619894650378,0.6129155395169794,-0.1008335976986984
3,8828309401fffff,22.26135529523018,0.8121034131382006,0.5632390389886937,0.6718319920276693,0.686619775932003,0.5376040670976417,-0.04023302334595363
3,88283080e7fffff,22.42154567355283,0.6522696697727259,0.48013900045807534,0.5451260363968534,0.6655753596442431,0.6904059368342635,-0.07506275281898316
3,8828308449fffff,22.293343387659355,0.5767042492373969,0.5306543860017324,0.4363428301251614,0.747920796243068,0.7062829367867863,-0.13634674436823396
3,882830824dfffff,22.141668500400126,0.7253118186955977,0.6614466842760284,0.5154912837872522,0.7161028618578399,0.4324147960333987,0.03896984358513015
3,88283090a1fffff,22.446395356450946,0.7997886350237067,0.48127439327220717,0.5889952064086843,0.6632096681734321,0.6192963692543856,-0.05030775598373856
3,882830844bfffff,23.025885607349725,0.6639393067289378,0.4976627709209629,0.4352380238056735,0.7193143566629061,0.6165199074072538,-0.14565569601912914
3,882830862dfffff,20.702215052985203,0.6438119104560907,0.4943783043082711,0.6475826962655699,0.6951787973068465,0.7959124337096086,-0.06708358814935411
3,8828308035fffff,23.581477060840562,0.6485922050607777,0.5788562794480898,0.47733200759315697,0.8343310105197002,0.6071730603317333,-0.08240337090368821
3,8828309409fffff,21.544852949796518,0.6093017614966698,0.5838131354177943,0.6101615874541595,0.738706112816253,0.674749781349151,-0.09036248271244623
3,882830863dfffff,21.536302769469653,0.6441222713902401,0.5287881388962448,0.527652696120028,0.6945585735766868,0.763030733809679,-0.015937492766794438
3,8828308711fffff,22.359083062811266,0.697317374289079,0.5218546062967921,0.6202230319993514,0.7765065714998004,0.620899338517492,-0.12208865536702207
3,88283081d9fffff,22.335262449641238,0.6383009611100496,0.4426994709440198,0.49061591382053926,0.6664640554552455,0.6709232407533725,-0.01263043706818423
3,88283090a5fffff,22.917735140767284,0.6762130563906941,0.5745821144785269,0.5330853359088396,0.6825479687103739,0.6905792583791526,-0.10803953160722515
3,882830919bfffff,22.48617718605192,0.7245790907102592,0.6643386357135151,0.5354852532458088,0.6849770450497917,0.6642284553608181,-0.0663314323257764
3,8828309439fffff,23.864647676319883,0.6455801328253812,0.7858650263006997,0.46351835995039997,0.6721933480392852,0.5035796891508817,-0.059557957072751716
3,8828309191fffff,22.103047809831704,0.6722244168029254,0.6034758676858538,0.4458339532277483,0.6800426238812991,0.6232639139663423,0.019447170860483018
3,8828309411fffff,23.11665289263709,0.6352001943827864,0.6788554990849467,0.4811883543840494,0.588431528777902,0.5849940638791797,-0.12260992105866186
3,8828308441fffff,23.269959315147382,0.6857620702402705,0.5513753179202886,0.553611959419612,0.7053404013008774,0.6326565723875308,-0.05391595656335086
3,882830803bfffff,23.051285756143095,0.6388119965103408,0.594092325533481,0.4621403941718535,0.7796431311249841,0.5228410169538213,0.05251209211018157
3,8828308039fffff,23.766871833579874,0.7317380220521963,0.5351458145345482,0.5323787763798968,0.6640710011912275,0.6043760988909397,-0.10904534464734877
3,882830941dfffff,22.810958427410636,0.6809931718563912,0.6010308410508128,0.5275351900339295,0.6203045604305755,0.5326631758628999,-0.08090919407106048
3,8828308635fffff,22.116972649782397,0.6612202357679885,0.5174987845736194,0.5016158273080155,0.6171453962778567,0.7208483016725151,-0.09247181378386608
3,8828308753fffff,21.524807537524023,0.5787452346316002,0.5521833374947454,0.5485906678819977,0.6056629621830442,0.6451694974014559,0.027649400714640546
3,882830844dfffff,22.655608916913437,0.6395051710585937,0.5751510559132882,0.5129360300933911,0.7818361234852415,0.6786461713556329,-0.06555368244905865
3,8828308017fffff,22.163673265566754,0.6673569665907367,0.4987604714608772,0.5214040827343618,0.7289988603458488,0.6388538758217122,0.013960973979534996
3,882830919dfffff,22.762735115681558,0.5921417278845197,0.6365555620689478,0.5249219037821313,0.7595526448984242,0.502708257904332,-0.002817024252121554
3,88283080edfffff,22.387153207778184,0.7316013028543189,0.5376794563724578,0.5382097463936634,0.6478086427572909,0.6045072909443476,0.03302868455121173
3,882830871bfffff,22.086619939667447,0.6275787868569178,0.5781542157504933,0.5311904549254228,0.6910837426539606,0.6524529627460732,-0.12458718108315169
3,8828308713fffff,22.673950565648422,0.6409457488854359,0.5893247534715047,0.4596500901349327,0.6860894260771131,0.6854625039952152,-0.1082500100210596
3,882830803dfffff,24.17675607198273,0.698643554500664,0.5546414465944743,0.5281141344551276,0.7018249644600618,0.5554722977574645,-0.1508893979139574
3,8828308015fffff,22.94484750810987,0.7340893884335824,0.419466829149019,0.5014916054772454,0.7300682142932885,0.6563499810161947,-0.06305221556310113
3,8828308037fffff,22.707927307523025,0.6797672984003622,0.6399046226011615,0.5925709844812093,0.7067793489465531,0.5900124033302168,-0.12329029024009713
3,88283091d3fffff,23.663742957353325,0.6779750038742453,0.6453237440602558,0.570100115803375,0.6075438549998937,0.6271951554818127,-0.08150980414786481
3,8828308719fffff,22.00655205027029,0.6094069804219144,0.5368643050100589,0.5541489220336921,0.6425426078327823,0.7058261731276907,-0.11025821647925657
3,8828309443fffff,20.65077799151296,0.7000257652001296,0.46953076035543473,0.5600394710961483,0.715508809426998,0.7383745464389888,-0.023921043339232017
3,882830940bfffff,22.066987009979666,0.6177299797190919,0.6520561984827609,0.47410358027783633,0.6737895557466114,0.5900652976896281,-0.10876720427441545
3,8828308629fffff,20.17671375189621,0.7405719400523885,0.4844108613991685,0.5239549090585317,0.6608255859653003,0.8112392854329834,-0.03195455199967939
3,8828308445fffff,23.300175506268666,0.6118944025575324,0.5773853163009399,0.4633452752294192,0.7762004568579004,0.750909791481399,-0.11161655974975548
3,8828309405fffff,22.56333191097326,0.7640724702708366,0.6660211323942169,0.5130699653668098,0.76145626727725,0.6275332501839705,0.03573280296613251
3,8828309403fffff,23.038903511589805,0.6146767359962318,0.6813542958669992,0.4768514828425702,0.6327222961836956,0.5892386505434498,-0.06253046076243157
3,88283090adfffff,23.24669406107716,0.6101779412887662,0.545826659501589,0.5104175627078887,0.7069196042556567,0.6529468534495237,-0.037834305196062415
3,8828308269fffff,20.943642499249304,0.7920428837269695,0.628011520739076,0.5199741147516951,0.7306007877997437,0.6732774758639901,0.017912980054760587
3,88283090a3fffff,22.24552550267095,0.6232073364357241,0.5893789105649233,0.5370260667136311,0.6182073175739744,0.5566490360556885,0.022140501826766537
3,8828309419fffff,22.425056092857744,0.6476856153975642,0.6372323580551486,0.5654041538852277,0.8296551589413126,0.6415849953283846,-0.052578440054903135
3,8828309447fffff,21.170981661594734,0.5657471951376631,0.5989827644344526,0.5712361049113984,0.8061574836442298,0.6564140606144068,-0.054772479378166025
4,8828308249fffff,21.53597643005253,0.5721273089494684,0.6252985917770916,0.4832570024626269,0.7334325933308806,0.6154122101557757,0.005956517793906109
4,8828309195fffff,21.1661510368988,0.6264901616060488,0.6543281861240692,0.47254536076983816,0.6243047344023468,0.7314479730586215,-0.10582347404715761
4,8828309407fffff,21.94040932927757,0.547022879586586,0.7379105108288336,0.4788323711223104,0.6919135000500223,0.6394435134742634,0.11640776722628769
4,8828308245fffff,21.01912175045039,0.6796644424585827,0.6226880332688095,0.4316854387172731,0.7278360536769825,0.6449686494843002,0.02980608516497734
4,8828309453fffff,21.206524130438474,0.6001483515252517,0.6303312499642114,0.3216168444169512,0.6979057930625191,0.6528827462707865,-0.10220144433092622
4,88283081cbfffff,21.585335565547258,0.5939940046373564,0.5925972941191059,0.2933299546239208,0.7117916905687842,0.5270628739305359,-0.1303741657781267
4,8828309415fffff,22.240853394923533,0.5812517585512365,0.7664791847538523,0.3522900358907852,0.73076654231445,0.5177422725569584,-0.04648796682220191
4,8828309451fffff,20.810341362911487,0.5672190913854807,0.5786081791078918,0.289762135193554,0.776252853476574,0.6984771765869574,-0.07686614875320796
4,8828308623fffff,20.9032851641607,0.580119868229714,0.4976084510520799,0.31032923245461647,0.6774433137628204,0.7845273811988784,-0.0720966381241329
4,88283081ddfffff,21.150052585354526,0.6760816704346966,0.5016750032399955,0.38548396286171027,0.7079171806956565,0.6528073226458134,0.02934905718050956
4,8828308625fffff,20.941098538291474,0.5799955871914773,0.5026380813226461,0.278891671458475,0.6550780624627313,0.7647684514445737,0.0424331664275084
4,8828308627fffff,21.03176997190917,0.5203626323011752,0.47023697895676797,0.40802012419980543,0.7215297840536933,0.8761809516866335,0.048068613366798386
4,882830945dfffff,20.318237377569485,0.5380981874192372,0.4483187316167424,0.3502054789902626,0.7850151285508697,0.6156592794793722,0.004682067282398038
4,88283080e5fffff,21.514157035208335,0.5093265338622853,0.5151965815916159,0.372087077323739,0.7544253047479693,0.66838235970654,0.05146908327794317
4,88283080e1fffff,21.354068582791946,0.6365681096389801,0.5021967976849311,0.3434774565574723,0.7495194353473958,0.7000444623657411,0.0234102496471458
4,88283080e9fffff,21.02476827839362,0.6066921324012579,0.4953600081289652,0.4261758610871762,0.7269092512658818,0.8040193582207622,0.041916777423795445
4,88283091d7fffff,22.299730784187695,0.5434349432654709,0.5608565453483637,0.4119896838052129,0.6897319692787963,0.5702686213233982,0.0457716601540671
4,882830940dfffff,21.2294449688967,0.562541227906404,0.5494358579701422,0.3640955167246469,0.6529630258883588,0.6100098641522205,-0.03144761065417663
4,8828308621fffff,20.50157312882609,0.6094138423216814,0.5550282396871686,0.38956874567734123,0.6896397358084969,0.8846355148350009,0.002418410989432323
4,88283081d1fffff,20.963617600763403,0.515245550968294,0.5011040662710435,0.3098512836513754,0.7105243828519304,0.6120995790995488,-0.005194949832206635
4,8828309455fffff,20.732494877885845,0.5982139155247934,0.5614649164976171,0.29223309154020827,0.7219816128512292,0.6203075525502196,-0.043154060861761726
4,8828308241fffff,21.557457540627176,0.5800662908462155,0.6962546053262803,0.4701642164901203,0.647901878376826,0.556285330611461,-0.04328257752622656
4,8828309457fffff,21.195050836413706,0.4967355243751311,0.6276424753733831,0.2767413362446511,0.6659805018826338,0.6772872996441511,0.0038148599952655344
4,88283081dbfffff,21.315165335164956,0.6289948715360444,0.542572816112793,0.3494585121147009,0.7657835874101053,0.6457129662120586,-0.02097311553056029
4,88283090a7fffff,21.485185112529134,0.5771940672350422,0.6016084837135386,0.41219469032651546,0.6831148040970226,0.6243998647040012,0.0008356342299827098
4,8828309197fffff,20.785928248266046,0.6287112848405658,0.707176737213947,0.5159974321982339,0.7696000955749316,0.6498437242336388,0.0032251672751282714
4,882830862bfffff,20.468854413350172,0.5355811325212184,0.4906880642680239,0.4077651529081614,0.6512412926256963,0.7981515948256689,0.00431051412559573
4,8828309193fffff,21.036241259643294,0.6128816999334578,0.6519089651930929,0.4501278489259174,0.6426367756284938,0.6514499370698625,0.06908008392195208
4,8828308031fffff,22.190500479413988,0.5421209190338299,0.555611763333725,0.2739666369906748,0.6063293924082791,0.5919026005353539,0.00887405452269793
4,8828309199fffff,21.936332212728512,0.7099846775758145,0.6060970643060275,0.3992488044024801,0.6406917303615084,0.664046165883334,0.016552621704358398
4,8828308033fffff,21.71775012494768,0.5860794472070875,0.5265852884683497,0.4232343276541268,0.721434441895632,0.7539596892209675,0.002624138791889867
4,8828309401fffff,21.49710702280101,0.5357135308794941,0.6339298861321001,0.44700879947142824,0.6700345902257369,0.6217654193620795,-0.07397703604453665
4,88283080e7fffff,21.527801308798008,0.6513210905269746,0.49564197217844974,0.2534298405316489,0.7376697866297317,0.6909523327243863,0.012224323243404105
4,8828308449fffff,21.46350343394881,0.6201393004936054,0.5099000142044743,0.2830530401245626,0.7768007384001623,0.6755297703636266,-0.08628643668188093
4,882830824dfffff,21.294717672920914,0.601320446316404,0.5842573276180172,0.4446461280874033,0.6676647754474285,0.6267426250947037,0.03588543271730342
4,88283090a1fffff,21.556949531390924,0.6057637190195284,0.6595867927441408,0.39587398211228764,0.6843541328681186,0.7790078195676019,-0.014065942170018372
4,882830844bfffff,21.873583321652887,0.6209419681413434,0.4342464589407886,0.3690286893866752,0.6974354079876657,0.6464003946354463,-0.028727171902929408
4,882830862dfffff,20.35324193159003,0.6300517115543778,0.45828884182895036,0.53830581385189,0.7272753137297123,0.8651691611556749,0.09837610173386598
4,8828308035fffff,22.20369961956684,0.5806074025432874,0.5374592681892482,0.35530828557601074,0.7446886575116138,0.5686148820042513,0.014514263982371076
4,8828309409fffff,20.89215174984223,0.6305844761262374,0.621815759093855,0.42802981133572715,0.7542212197135889,0.6972387222122425,-0.012376432491615718
4,882830863dfffff,20.940090507180425,0.5995570361082444,0.5836025137702984,0.32935829963474084,0.6346625986670829,0.7177065369168614,0.11404722801414534
4,8828308711fffff,21.495661758763436,0.6385940142909886,0.5922985463691749,0.3888332837746843,0.7672075367346614,0.7431417022220749,0.03883589120961678
4,88283081d9fffff,21.38606022520281,0.6407331081159308,0.6119647686641007,0.2903002952620894,0.7373911965110183,0.5965335226551528,-0.023194904995172443
4,88283090a5fffff,21.818881851423654,0.5631098105553711,0.6276412933954634,0.4069817409417058,0.744429527682492,0.5508802021839047,-0.0016813266120704494
4,882830919bfffff,21.66735490619247,0.6766069169063986,0.5767455564048474,0.4656157553117283,0.7204631264195502,0.6043027444725463,-0.07522702065873799
4,8828309439fffff,22.391235384497715,0.6103657535576692,0.6731843191900021,0.5101438542633503,0.6196401991772026,0.5006540199989143,0.010412202064211637
4,8828309191fffff,21.420140552262833,0.5715944236487924,0.6432895390082951,0.38333116413498736,0.6682534595808791,0.5727704572206602,-0.11842721732920693
4,8828309411fffff,21.952411935008122,0.6733826530284496,0.6107869186740741,0.47001767240714437,0.6147256290191662,0.6564247747281373,0.08917921206952399
4,8828308441fffff,22.072082513611278,0.5573897078862758,0.4892341275300193,0.30754305054403486,0.7735641693005169,0.7042195824415002,-0.0476943578430804
4,882830803bfffff,21.91710192412179,0.6168591559449392,0.41614836571124264,0.40406567511621644,0.6733592971105203,0.7348461251313684,-0.019402093056658985
4,8828308039fffff,22.290425796182276,0.5199297714909121,0.4559000798829221,0.38148117270815246,0.7062054507412949,0.6263360932074018,0.03152280348082916
4,882830941dfffff,21.743681899218277,0.559769074445915,0.6856912138611535,0.31012982862349064,0.6957635883804064,0.6825789702803986,-0.04845654776900679
4,8828308635fffff,21.306828459421865,0.5829573064957634,0.5312362087024259,0.27853403953276973,0.7241686249587167,0.7899510976430394,-0.06745076304266728
4,8828308753fffff,20.988947759541496,0.6874248129781779,0.640997819807846,0.40222273524734375,0.7170660199683434,0.7388851697336857,-0.06595195935289677
4,882830844dfffff,21.59592032138274,0.6172565563520303,0.5277893695935805,0.3283259011407987,0.718339382249163,0.6719783140089174,-0.08757903805208114
4,8828308017fffff,21.272877452945384,0.5796685036929071,0.5449160179720971,0.3310270714920112,0.7635201306057993,0.6593678061315797,0.023021937273941535
4,882830919dfffff,21.77614236858137,0.7016318587370559,0.6165799825429362,0.33795121808437445,0.5721274690971743,0.6045340330795783,-0.009999477476650604
4,88283080edfffff,21.579897641792243,0.511726591123853,0.5009406696890673,0.32647235312604417,0.7717862451191448,0.6679274521961472,-0.022190678473985075
4,882830871bfffff,21.292232634557163,0.5721243662003069,0.5501217715968482,0.30971794911252604,0.6525802174894957,0.7287988824171282,-0.013773979369563587
4,8828308713fffff,21.715714175187966,0.609949782960668,0.46989876840237965,0.3754084789141797,0.669908715303266,0.7448774840160324,0.04532546753928392
4,882830803dfffff,22.589217399423912,0.5089044946916911,0.6183761177440856,0.4134599313197709,0.6912532904006976,0.631069676889522,-0.0015504377797480198
4,8828308015fffff,21.836363959776715,0.5832034506007366,0.48277923521659905,0.368231430429258,0.6904836884254157,0.6462237475239937,0.011179541004495034
4,8828308037fffff,21.64161375110691,0.6243055520807879,0.5643076250516215,0.3413470168245235,0.6602084389435606,0.5827405001812501,0.05658588264470812
4,88283091d3fffff,22.259032694292742,0.5598975007236467,0.6163527674866787,0.4067142117510447,0.6814196158090917,0.7258615780738854,0.09680715701747876
4,8828308719fffff,21.23461503596542,0.6494710081010091,0.5418555816550968,0.41522384893231945,0.6175404143003322,0.7004032359674103,-0.035531493897938124
4,8828309443fffff,20.321182510824386,0.5647395907659858,0.5256640829746764,0.4113396430374486,0.7684783363502352,0.7528839838616175,0.08881198241140657
4,882830940bfffff,21.211183889994864,0.5534378099181739,0.6639488644123154,0.41812121795112694,0.7470457684724671,0.6435483564173771,-0.04287938263871415
4,8828308629fffff,20.173579107998272,0.4540611834959362,0.46951378301466873,0.35285223607070115,0.6869106614979946,0.8335238132538102,-0.0044481452298481515
4,8828308445fffff,22.118872701344802,0.5854824111287056,0.5197665110273859,0.37141147695303245,0.6780513996907469,0.7432764782722474,0.029999781803613908
4,8828309405fffff,21.519306633103476,0.5545823744706867,0.6883444990063116,0.47485457775681505,0.7311579557823847,0.6483209381785426,0.009868472241782618
4,8828309403fffff,21.89733163894583,0.6712183120502843,0.6394739220588946,0.43204029850386316,0.7045722545658024,0.5550261173987864,0.01611039395542132
4,88283090adfffff,21.88561205955105,0.5566701209299201,0.5785137449703631,0.41556243628982953,0.5866289489145322,0.6595238502759684,-0.11870797695876557
4,8828308269fffff,20.597579444264678,0.5714520769652143,0.5615271841427414,0.4652772364735195,0.6741621352116435,0.6823613899858052,0.055376999959962245
4,88283090a3fffff,21.36534727302427,0.6455514099477085,0.6374359798934113,0.3481860067396707,0.7230966662007496,0.7422972617325932,0.08263967332285936
4,8828309419fffff,21.519511017704072,0.6394641551361552,0.6744531002809254,0.3876962666396404,0.726443463800196,0.6579386329459626,-0.016781260030408807
4,8828309447fffff,20.72791352758696,0.6209661678797417,0.5969666261471309,0.3459144896992433,0.7874980996689778,0.748726011948217,0.041246574368974505
5,8828308249fffff,19.970164325940317,0.5495390227676131,0.5361439087774332,0.49527822386426656,0.7072579013077254,0.6769492171755099,0.022242869744421134
5,8828309195fffff,19.959833467046124,0.5439991044508642,0.609228887792938,0.3954791610592293,0.7147476752062094,0.7638397345976353,0.0672090665769637
5,8828309407fffff,19.972823792788606,0.4859625730912985,0.5517763689423747,0.4346297986200503,0.6382624400692963,0.6386361939951215,0.023616413310021914
5,8828308245fffff,20.003216543235283,0.5678662937329912,0.6927227805463776,0.41529760116038833,0.6862674584889176,0.648394582132163,-0.020769538456728173
5,8828309453fffff,20.065317024220743,0.4558490596570825,0.6273210873224135,0.37116096558675604,0.712400013110185,0.6880302657072995,0.0332350853366812
5,88283081cbfffff,20.0904453138543,0.600864315659208,0.5150988374390496,0.25188307069068844,0.6978613373850295,0.5853776380601386,0.03501977261546346
5,8828309415fffff,19.925408529312495,0.5154178650784206,0.6166946417418131,0.3851039459958502,0.6176953175769284,0.5785553668830855,0.04487549607353688
5,8828309451fffff,20.03075141899647,0.6032028666533523,0.48209550509854143,0.3397785610934232,0.6779787009421006,0.7410091792019133,-0.0008785404541931351
5,8828308623fffff,19.976765295240263,0.5900162921294545,0.5188239558726829,0.40428495073907716,0.7414239247737918,0.8048300356144715,0.0765184731424026
5,88283081ddfffff,20.056443798944816,0.5832035334691489,0.5684930205685201,0.3009872754191499,0.652374944428861,0.6440301660482283,0.10420589884326012
5,8828308625fffff,19.973183875516682,0.5021422792186294,0.5497155769470237,0.3169328378867128,0.5983917726148066,0.7983241167330685,0.049575666217238946
5,8828308627fffff,20.02661769229657,0.5465684526816644,0.4122991238061635,0.33161061125111496,0.6410546300271719,0.8182717705413325,0.05444075705921489
5,882830945dfffff,19.929697186262715,0.505419154765171,0.48358189292270204,0.34793341541713,0.7503115262531639,0.7086871391425177,-0.04414717549709143
5,88283080e5fffff,20.08530189942577,0.5689783710839708,0.5325924874284441,0.3731450749732384,0.6550851388224118,0.6867624625733099,-0.022581864503937805
5,88283080e1fffff,19.969670068931194,0.5136316546617173,0.49391269390619075,0.35824912281824645,0.7264734454245216,0.6474145984320502,-0.022580102571795664
5,88283080e9fffff,19.989136432418803,0.5169540326037129,0.6160323944834949,0.4222054928727839,0.7885622204029127,0.687633374841588,0.011852301859968793
5,88283091d7fffff,20.073013886362684,0.5173854010325514,0.5043906223398822,0.37858557016696254,0.7525212197052837,0.5889033990436754,0.024530223609100243
5,882830940dfffff,19.96982320376334,0.5703702439049962,0.5672845040995224,0.3004634870435012,0.6877615630545795,0.7005951830386481,0.06597351724501695
5,8828308621fffff,19.941100528817863,0.573728396036733,0.5716410093490643,0.3509939101128434,0.6964078439164737,0.8470659662700846,0.02034638215125957
5,88283081d1fffff,20.047610787650193,0.6094747235728702,0.53256515967843,0.3050234417752988,0.7149297521592188,0.6075024658896603,0.0880023130951041
5,8828309455fffff,19.93089052105373,0.5977204720901074,0.615678479409272,0.34921069023991724,0.6436340538236217,0.7311205609933876,0.04610921964137313
5,8828308241fffff,20.05109504899179,0.5843924214819386,0.7125834172304109,0.4653562627647117,0.6799999633057179,0.6140658678016064,-0.02625664656217191
5,8828309457fffff,20.059108182237868,0.6486409065123333,0.5517091475139941,0.4698937631335845,0.7417273167457578,0.6488547619991417,-0.004917907982649974
5,88283081dbfffff,19.911609497148454,0.5040955585173106,0.5539941667628839,0.30156497608227095,0.6786457582461383,0.7015921505737132,-0.020697571052636643
5,88283090a7fffff,20.0078105598172,0.459044050475653,0.5620330146501464,0.4130841632822652,0.6427250568053425,0.6930470250845063,0.02897976386906556
5,8828309197fffff,20.031979987421835,0.5253661131431194,0.6076629465503837,0.4262571054701437,0.6864708783020504,0.68607911720402,0.06537407040312429
5,882830862bfffff,20.021093702360183,0.6383596882426681,0.5133119465079826,0.329518113473885,0.5154445367383612,0.8735547287372383,0.008577535131693993
5,8828309193fffff,19.93332907484169,0.5686001171400313,0.6431047129076654,0.3507273984937325,0.6839287847533155,0.692979937875946,0.1052652236528408
5,8828308031fffff,20.046250245278674,0.4608942708015759,0.5528546380558619,0.33540248943998613,0.6774113966436602,0.5509182847326214,-0.02868718039632409
5,8828309199fffff,20.023386405843862,0.5017492540879573,0.5961400990175838,0.40476800708571486,0.6569860926094508,0.6284217142031738,0.13405814744527944
5,8828308033fffff,20.042028678579072,0.5893581220879384,0.569452469648704,0.24280773216257595,0.7145963410828908,0.6714700986197633,0.1490290856033169
5,8828309401fffff,20.051254712740683,0.5316836413627504,0.5311013838159246,0.43941390161371807,0.612321078514794,0.5596229747771281,0.08036149498819826
5,88283080e7fffff,19.997584021642368,0.577774846445731,0.5536239535499345,0.35044765265529115,0.7410018491852226,0.7796462087493599,-0.06263691013595962
5,8828308449fffff,20.034535408648896,0.6714302743158895,0.542701644985563,0.3649238203984568,0.6792396983601618,0.7380220880262919,0.011148394153430746
5,882830824dfffff,19.899442730212563,0.5104885776064962,0.6418542465702446,0.3877699554397314,0.6506983771602174,0.6305937404902809,0.08015962208124093
5,88283090a1fffff,20.061780288444837,0.49809553104336773,0.5767837849492861,0.3253056031967963,0.645130077699066,0.6516322776742184,0.0925674902433685
5,882830844bfffff,20.02995202842553,0.530668266166277,0.5435850374008254,0.2994311355686147,0.7262531896606848,0.7090520028467612,0.20640685874595188
5,882830862dfffff,20.008931158400344,0.5595044860658462,0.515631674128159,0.3658555432870498,0.6724242326283273,0.8325005485814218,0.026599819605472363
5,8828308035fffff,20.072306247665413,0.6208433335437825,0.47914068664008364,0.29083258324767236,0.7345629275045933,0.5125749176009462,0.004162232458867703
5,8828309409fffff,20.03220259167369,0.5365397720383205,0.5472011902968077,0.4095777245025665,0.740805462729355,0.7073263218431091,0.048616042053989984
5,882830863dfffff,20.03869880923515,0.6131525507942044,0.537120379554974,0.3347432304334147,0.6963035220778354,0.8163954247222608,0.07025474887685283
5,8828308711fffff,20.068094407376037,0.5404157349114461,0.5877241629326311,0.3040177199989324,0.6609397897385421,0.7031643314529574,0.03867906917738819
5,88283081d9fffff,20.00935109348569,0.5379385290966618,0.5506646420803123,0.1993275070401977,0.6479918795340168,0.6337621768422348,0.03093776524649368
5,88283090a5fffff,20.09053047252198,0.5185885025601492,0.5336354715059031,0.3157582872304999,0.6666077285874882,0.6972301373446831,0.15025245749094684
5,882830919bfffff,19.96001768363675,0.5074536136228434,0.6097023761997998,0.33309389796025074,0.7417731555195054,0.5948105658455188,0.06451980366224369
5,8828309439fffff,19.9837459594554,0.6024711230515296,0.5133791479431898,0.37272683342062773,0.6595363123558841,0.5674571103512919,0.002169318909418655
5,8828309191fffff,20.017804646080027,0.5164060285334156,0.5742750315476616,0.3761143940910293,0.7219485299974523,0.6399245452152913,-0.08296838624838265
5,8828309411fffff,19.99545937946095,0.572346168326542,0.6094694304158546,0.5158149549537536,0.5877345086717405,0.5661514210830528,0.0982410003175393
5,8828308441fffff,19.99436051268949,0.5480403050298943,0.5252790603889255,0.3808068032906383,0.6968912293892546,0.7275326729023294,0.1461443098410895
5,882830803bfffff,19.94683657612919,0.5380836659938587,0.5115430970124643,0.4218235112230717,0.6940321287175393,0.7282105487062229,0.06063754314583257
5,8828308039fffff,19.981662866749794,0.5279399804698128,0.5089976210870308,0.31663906527351293,0.7445086084624624,0.7136605490683704,0.019934979540798634
5,882830941dfffff,20.02602113777197,0.5458515690861303,0.5863798995010331,0.3600377487235127,0.6935821830802367,0.5922458037896637,0.14278633216969006
5,8828308635fffff,20.02560162341744,0.5222126354297544,0.5034605809978494,0.3417377946890927,0.6474285321384987,0.7509983848251611,0.14612679393434908
5,8828308753fffff,19.891465817209397,0.5730964675803545,0.6008288171074634,0.27803167048358124,0.7272061342473151,0.74299993444675,-0.016690880685320902
5,882830844dfffff,19.96304037590028,0.45619482916378795,0.47927353422397445,0.33361768600920483,0.6739711254173784,0.7317041182598337,0.08700959763238829
5,8828308017fffff,20.0443206241831,0.5363104894487617,0.49313549777733273,0.3589905550862508,0.7606023843768389,0.7877962290385254,-0.02372492166931868
5,882830919dfffff,19.97180312129153,0.5326791474255389,0.630649893717365,0.50325302353026,0.5928260917789359,0.7373001813694319,0.08979050811966986
5,88283080edfffff,20.012939883583783,0.5993210138632161,0.5674100351472255,0.46580187764362224,0.6964446183128027,0.7507601659323389,0.045754295941731596
5,882830871bfffff,19.999324795662705,0.5659272731903913,0.48402824570922964,0.25913919803806745,0.6978758897607089,0.7082856719007027,0.15464313855981776
5,8828308713fffff,20.04922456830327,0.6380520048065135,0.5261508665658232,0.3626592702561807,0.8010083131405215,0.8342340950768519,0.10752202997683448
5,882830803dfffff,19.967495560439488,0.5787458070845293,0.6038296075487191,0.31874664269072484,0.705991005611583,0.6074956023708603,0.04117092794089802
5,8828308015fffff,19.884289559250817,0.56507675714189,0.558674045979955,0.37023040509082833,0.6996868532654015,0.69435740982226,0.01581065500401272
5,8828308037fffff,19.957958674049888,0.5016308101977118,0.5693061682713105,0.26424143901048713,0.7529189816282581,0.6353171515245482,0.03616034504385688
5,88283091d3fffff,20.044349271992175,0.578430478568508,0.4768477946141173,0.35340788742518736,0.763615610134702,0.6636863485341917,0.04430811362573247
5,8828308719fffff,20.011051338517316,0.4589293310040785,0.5153941254871488,0.2757975960173205,0.7865096769761037,0.6502163352759407,0.1078621518518737
5,8828309443fffff,19.95372800386357,0.4523110512531414,0.5198035156146874,0.34007705535177274,0.7933095615836847,0.7165298914357388,-0.016645093715722783
5,882830940bfffff,20.01332440253049,0.5834206305564481,0.5876762191587652,0.436719725691692,0.7419267560238043,0.6845277251338995,0.12370487060991667
5,8828308629fffff,19.95574363903459,0.41938443861640506,0.5446476473916875,0.39346241989705744,0.7153398863119161,0.8322883427647045,0.1365257629839639
5,8828308445fffff,19.98951545609849,0.597263897270035,0.5544267344824012,0.38278155782899215,0.7136641321082011,0.699524536598757,0.06979032487797125
5,8828309405fffff,19.91908434489543,0.49961906510441195,0.6445845338687429,0.34302106028116797,0.7491593442173521,0.5325272584846483,0.09527686367902366
5,8828309403fffff,19.939842346589806,0.5587195269433607,0.5667348074732442,0.41821555148807427,0.6931964190767248,0.6151826628038436,0.04177698297742448
5,88283090adfffff,20.09339455833121,0.4216836114284671,0.5549421105671684,0.3514350059735937,0.6127247139109673,0.673145432820329,0.06942792301956623
5,8828308269fffff,20.05627702747257,0.44723348085432385,0.5661440011303868,0.43554822613912214,0.6854099046672566,0.6433397162802298,0.0027509361787372844
5,88283090a3fffff,20.00198407694766,0.6131408181405649,0.5497367830915472,0.34053918165474184,0.6825313569639483,0.6670356953993564,0.0362167363015761
5,8828309419fffff,19.93134641558721,0.47279514609165013,0.5558285230895403,0.3729464994093253,0.7341279901520672,0.7156319970352715,0.09503765094916464
5,8828309447fffff,20.03490957860782,0.6115418879448339,0.5688310908568086,0.2769443246409935,0.7173639278883555,0.6323940107589829,0.06251969172375443
6,8828308249fffff,18.480855254477195,0.5252215492271675,0.5411303089151844,0.4821504810625025,0.5394235770617257,0.6123956189714712,0.07804324209584418
6,8828309195fffff,18.8727970558119,0.48292969098621547,0.5129001151590414,0.44723256473958783,0.6768613434000598,0.6881332448631782,0.04324753369641456
6,8828309407fffff,18.144138103645663,0.4768608181608467,0.4365432561435634,0.5196845652361763,0.5818737320737215,0.6180497365733885,-0.00552819180609638
6,8828308245fffff,18.96631757243347,0.508736908849027,0.5159874247091502,0.5369562989531439,0.6467592984163796,0.6191091500487751,-0.03388623698569722
6,8828309453fffff,18.812652607287493,0.49677652254405485,0.4833454457849362,0.44919166226950175,0.5944328624184974,0.7112008813818601,0.0338091528800524
6,88283081cbfffff,18.336857550401348,0.5660246846548437,0.5534352112231724,0.4594900100002053,0.6677671245558554,0.6405835358175723,0.018988548459168607
6,8828309415fffff,17.678536265241686,0.5074996544374556,0.5054619797083035,0.5511367080278886,0.6749608989108299,0.6122662969631185,-0.03935398583280986
6,8828309451fffff,19.264749821216498,0.5125229472837717,0.4660289112951152,0.45404962993850034,0.6524993834376838,0.7239662867420364,-0.04592771105387313
6,8828308623fffff,19.02053521143353,0.47114516669768514,0.5133768347693278,0.42710338154650673,0.6138603343842052,0.8182433294792775,0.027941325866674686
6,88283081ddfffff,18.76993522283971,0.5678210989652221,0.5105255380915329,0.47989724552655855,0.5897184365219743,0.5812904389282089,-0.032141172106844036
6,8828308625fffff,19.116002370117627,0.5324415414438999,0.5198136037884371,0.41644001911676287,0.6165206237899556,0.8240595428397861,-0.026556729151568925
6,8828308627fffff,18.91500339936367,0.5236847114102707,0.5382459617470223,0.43731027263269984,0.6335488745989742,0.8837716098172068,-0.027166119538354308
6,882830945dfffff,19.64052965616765,0.6561190806626047,0.5458104674222739,0.4934484182733559,0.6782714402924708,0.8376217599221352,0.017680373270225008
6,88283080e5fffff,18.62680904194668,0.5610483866917251,0.3513373397808256,0.46197204248494966,0.6224809672589442,0.6602143645075682,0.05939234165544863
6,88283080e1fffff,18.62131651347519,0.5056578164669084,0.5051459889158147,0.5385710257828289,0.6604124702269899,0.6080017918261871,0.024831638612470293
6,88283080e9fffff,18.808433273601292,0.4104588151310057,0.5831573385309072,0.34648927140877195,0.711506694381214,0.7106110223669334,0.01947908897234594
6,88283091d7fffff,17.725873179985932,0.49962380385246385,0.5339750857009011,0.4367523191266456,0.6182015653862684,0.6617144264566116,-0.11681974001558823
6,882830940dfffff,18.854434328603826,0.44311650680898623,0.4954306931658171,0.44229913755987144,0.6510049359910848,0.7140694810961209,-0.06498023765435194
6,8828308621fffff,19.45233332248873,0.5473605196491534,0.4836874919023326,0.4771756444901537,0.6035997930927186,0.7876332876854716,0.01695526780294505
6,88283081d1fffff,19.0730515400242,0.5236078229417696,0.44644241591526734,0.45422516504211624,0.5854116889463726,0.6816476430077727,0.007253203304558774
6,8828309455fffff,19.301771802619438,0.46519526550919343,0.520481761137753,0.4279180100888541,0.6475639593472451,0.6676370749186373,-0.05795053519206499
6,8828308241fffff,18.56072487415443,0.5960393393911264,0.4306320672502926,0.5414915759084722,0.6229869361101871,0.5843122241251923,-0.009780895448583763
6,8828309457fffff,18.835400277594385,0.5031258721624235,0.5486555811685919,0.437814509908526,0.5726269939961777,0.6176583080152489,0.012413098135457379
6,88283081dbfffff,18.614180023917875,0.4454426047970203,0.530551815906775,0.4873269553731176,0.7350395380901676,0.5607770271857542,0.0038786985994308312
6,88283090a7fffff,18.507436221710236,0.5621629023234526,0.6615193306807075,0.4990843372228652,0.6664938358868308,0.6643081796117767,-0.01688337967258124
6,8828309197fffff,19.285600522039605,0.42428670370346827,0.5032700017046402,0.444602439252326,0.6788075463990672,0.6252774186045845,0.07260750729759313
6,882830862bfffff,19.525051464300745,0.4999665354482589,0.49148971169216815,0.3919863426311593,0.5946842927318309,0.8755866120336112,0.017919868717534548
6,8828309193fffff,18.97300149322071,0.4561352884458263,0.49550017814627195,0.48219670778815077,0.6714916413695966,0.6159194997373687,0.009214480824538197
6,8828308031fffff,17.813526286749205,0.4813418040194245,0.4371090164212731,0.3988698294486082,0.6500136052800902,0.5787911514169019,-0.003745675178625946
6,8828309199fffff,18.230837988366822,0.45854528932193467,0.4730931231218393,0.540052156319126,0.6243566365341015,0.7217978082253925,0.06498411955171701
6,8828308033fffff,18.354623730012264,0.468155050736563,0.5104959654681221,0.5203019884646995,0.6731866075671462,0.698083234952864,0.06355596447682443
6,8828309401fffff,18.47804651084021,0.5065773317084077,0.61318117127958,0.39441307714131996,0.7013218808066009,0.653963867928712,0.05060795262390513
6,88283080e7fffff,18.459409452058374,0.49737500004517465,0.4451462320847107,0.41883918333562203,0.6485651508502072,0.585807807788373,-0.07250534518855528
6,8828308449fffff,18.58622292919507,0.5642295730039973,0.5584885578267468,0.491665650589941,0.7449728906704003,0.7273279792138467,-0.07013894193003256
6,882830824dfffff,18.702615413916035,0.48357513847451356,0.4751174853424156,0.4768535659753257,0.7621951254497279,0.6509404236828356,0.045464166042919765
6,88283090a1fffff,18.456021459390325,0.5595164455285505,0.5340316555460562,0.5223458403722259,0.6275622714242646,0.6185192219765521,0.05670959600420826
6,882830844bfffff,18.138599113124148,0.6514512317522064,0.43344857095982625,0.5118597409191924,0.7221912322849152,0.7734438317930101,-0.0019358684989260711
6,882830862dfffff,19.531442544265982,0.42573260359865733,0.5271552326705549,0.5079275145944392,0.5664791158307594,0.7978875887646522,-0.042021059176549226
6,8828308035fffff,17.934540151951456,0.5859254351311133,0.5037160808416772,0.5246321037859306,0.7036068803019232,0.5433940680715893,-0.02061965274174352
6,8828309409fffff,19.044060785604934,0.5581271860629878,0.49760004229630395,0.4688565502588818,0.6445277233959145,0.7830946797229791,-0.07457487690996932
6,882830863dfffff,19.154951207918778,0.5244452795368308,0.4922642331915202,0.4629910675480343,0.57853954277884,0.8041727192243826,0.05855689110519486
6,8828308711fffff,18.665522893127903,0.42011917213651795,0.4818243136910269,0.45342809199262285,0.6759881474633519,0.6737723787739602,-0.07048048580925761
6,88283081d9fffff,18.63518009542496,0.5099652029432381,0.4575239728655445,0.36782062164185203,0.6033692929537154,0.6356877399154123,-0.04249541353795105
6,88283090a5fffff,18.168463967520946,0.4468615994084703,0.4349856353962598,0.5266211364764518,0.6660020870689644,0.6676864630568015,-0.024073023889568817
6,882830919bfffff,18.46842409047217,0.4725483759257364,0.5051986863064346,0.4812318863531355,0.6809844555193585,0.6321449799215734,-0.0020846417782433998
6,8828309439fffff,17.558990995351117,0.48753250096602735,0.5003011141705634,0.5036812166685268,0.6144411035349778,0.5448646223089749,-0.06616749865823551
6,8828309191fffff,18.58801416074516,0.6238771969298844,0.3925807107597911,0.5652721825008201,0.6888982118686238,0.5944485776798211,0.018741514761664524
6,8828309411fffff,18.06822446565722,0.5220295015354346,0.444233990230995,0.47355632324225666,0.6944447231195651,0.5921451446425462,-0.009975539333413113
6,8828308441fffff,17.89359276039645,0.5142902777621752,0.5536951012070808,0.512546151199504,0.673608636370883,0.6351974926193262,-0.021436583440403785
6,882830803bfffff,18.12936906495012,0.5138529846426466,0.5575975229789322,0.42767607544289793,0.7702115875309842,0.7150144297322119,-0.07014290624247568
6,8828308039fffff,17.69062191340538,0.5045160918191189,0.42250751140835285,0.3560906912283561,0.6084265511790716,0.5631159945439077,0.030314773999777608
6,882830941dfffff,18.25925046815209,0.4436333333191054,0.4020611203394132,0.4912551525107195,0.5925922497593381,0.5772947344989953,-0.08550584114210612
6,8828308635fffff,18.67016907160623,0.5427383336872155,0.5090209108254343,0.48101792204348987,0.6461330920881917,0.7367860738707795,0.012689980034124117
6,8828308753fffff,19.15319112010269,0.5274034489355308,0.5230106270635059,0.5058000749778543,0.668077214133622,0.7089013101779187,-0.10237816344547918
6,882830844dfffff,18.388542586476472,0.5169837663296832,0.5275318494123433,0.4386050223435318,0.5976703001643766,0.7214358510317236,-0.014995935491264812
6,8828308017fffff,18.730878718971265,0.5071813772261832,0.5202755614220865,0.49777059688303155,0.6739606548950107,0.6721856552092704,-0.02545006934743128
6,882830919dfffff,18.27031070287818,0.44190617848932756,0.48368038121392276,0.506117835129754,0.6567106870455522,0.6440979188452263,-0.022152425077535492
6,88283080edfffff,18.5047515050994,0.5711124989742506,0.46965030918555933,0.5020061177274703,0.6033693484396875,0.7577385034891616,0.03958404481757083
6,882830871bfffff,18.800297857724598,0.5530394067184252,0.49956011715478926,0.5559850402627549,0.6756008361695116,0.7305526105131545,-0.006316828255946001
6,8828308713fffff,18.370701953405877,0.5668242619177354,0.5172857472373911,0.32006609484976856,0.5879965728663706,0.7455834630098758,-0.006581522415855883
6,882830803dfffff,17.45740922767175,0.5086361837300875,0.5592371167805482,0.5063101893216366,0.6166520401172811,0.6570990084847135,0.02100178165784619
6,8828308015fffff,18.20789349536931,0.4695942123637937,0.5414658792580218,0.454896911543156,0.7499276948564666,0.675455441015306,0.00931922099123046
6,8828308037fffff,18.254356147956905,0.5555496116364779,0.5171177984571415,0.5349440462118872,0.7149937666742432,0.5754936435086073,-0.06208496018200299
6,88283091d3fffff,17.77407628093865,0.4811180015585398,0.5751417485375035,0.5350165437985258,0.659242235708624,0.6261916250911833,-0.07438995781592221
6,8828308719fffff,18.76878424852063,0.5992709608659063,0.4469115050066764,0.4620440246115014,0.6053144962195599,0.6788237263489467,0.00218667254548356
6,8828309443fffff,19.55964868039506,0.5813242284266276,0.5341144157170509,0.4298574539189327,0.6116131780693532,0.7997401268494005,0.0062763031466731576
6,882830940bfffff,18.66991196270579,0.5822418645609013,0.4351456397201882,0.4332964661900076,0.6360766183848512,0.6036731652027066,0.04556511240027101
6,8828308629fffff,19.834957133332924,0.5362704441875261,0.4806740469990626,0.534776688059176,0.6175560607106781,0.9008782855043234,0.09771175275598322
6,8828308445fffff,18.00228000408511,0.5699757229197417,0.5243804775265372,0.5007196791727196,0.6344894181127667,0.6962610541835145,-0.0025791653568459625
6,8828309405fffff,18.40093282378542,0.5071175626910823,0.44744743749421423,0.48596185357334737,0.6565656603363976,0.7001996373326476,0.012851733051077688
6,8828309403fffff,18.096698244834222,0.44296284373547007,0.46401463712652624,0.5812253752559782,0.6767467717412925,0.6016503738641393,-0.044413335253622635
6,88283090adfffff,18.125452849750488,0.5346225259557597,0.45569826238551325,0.3963481722409772,0.6210890372602476,0.6270306356543411,0.06450627269660923
6,8828308269fffff,19.42181559891359,0.42120871863386056,0.5321847192276237,0.5294953786643403,0.6272986768727,0.7701369514056892,-0.004289807716292916
6,88283090a3fffff,18.671101228779094,0.5004033560762411,0.5302593184823569,0.4448562877412718,0.6883479144473419,0.6687558225236415,-0.05323556853155518
6,8828309419fffff,18.576230604475505,0.5271518141661233,0.4803440179422566,0.5322325448947737,0.6470459088231607,0.5734229077282575,0.013786417970217613
6,8828309447fffff,19.25866995623303,0.4683629478521064,0.49696108741472905,0.4412392764834791,0.702075907440261,0.7617037990879072,0.02153134138369679
7,8828308249fffff,17.604080590108463,0.5193487823973805,0.4642898446157859,0.543055141183618,0.6690077453673762,0.631177300019958,-0.033012868634948955
7,8828309195fffff,18.185595179099632,0.5925001185364318,0.3678780192093735,0.47222603358807197,0.5891495298892772,0.6385263321157754,-0.05661118040881782
7,8828309407fffff,16.89053871401858,0.3976624396765022,0.49500188999717176,0.4882782594215955,0.5890340072807847,0.6340092908288507,-0.03453624803662865
7,8828308245fffff,18.323625439566385,0.46208601190023846,0.4584935984660868,0.6120443698639668,0.6182426337369402,0.6108711106654652,-0.07083110756229076
7,8828309453fffff,18.043043376341277,0.6488700957600271,0.45904070771474725,0.5876147088827066,0.5950041383849767,0.6610602543788497,-0.06465902329210657
7,88283081cbfffff,17.545538474540148,0.5392967247177407,0.43406503327926554,0.5578176249852447,0.652216370515186,0.48384115572030406,-0.12488270986493882
7,8828309415fffff,16.310756460670255,0.573852148892692,0.3451969908856972,0.47959872448351143,0.6170903059503101,0.5584148343169081,-0.10983231068345677
7,8828309451fffff,18.749532706311143,0.5638448974910764,0.38989437855759035,0.5423040827327382,0.7294569603783551,0.5729013948002027,-0.042553879715162835
7,8828308623fffff,18.494649681772884,0.5656639677179041,0.5482639451160254,0.7140684041274209,0.5899711016461662,0.730191519378309,-0.04572169268868512
7,88283081ddfffff,18.155737027071257,0.6628012551902202,0.43794443773671365,0.5839719027912281,0.6295198020900329,0.6355401562669516,-0.10491373118744654
7,8828308625fffff,18.680754730327568,0.565085067954505,0.5020377342349066,0.6466406320324887,0.6595275615195672,0.7125825299763647,-0.10746237825911689
7,8828308627fffff,18.35715952889046,0.563865961591315,0.515624460323825,0.5669826543434112,0.5993157536860878,0.7841637269604677,-0.08242823984848793
7,882830945dfffff,19.511703015213094,0.5255643895693061,0.5124704542974634,0.6265853866723977,0.7074018808948664,0.6495838692793167,-0.036158860644792984
7,88283080e5fffff,17.62091418068643,0.51099593360678,0.4955405195077026,0.6115591543546326,0.6234547899041136,0.6242241676532282,-0.02337842858800742
7,88283080e1fffff,17.66121046682618,0.4366220724554453,0.5294561144640935,0.5898080750790939,0.5575978467136274,0.6644956070937793,-0.017521988155194
7,88283080e9fffff,18.303984394263612,0.5685917771304181,0.4063739346363363,0.5235443992208132,0.515650502633855,0.692572133551455,-0.014438047297865238
7,88283091d7fffff,16.254593068778455,0.5583654520354143,0.371504500808695,0.6258792342943207,0.6748639232376331,0.4686270552188692,-0.14664563571485673
7,882830940dfffff,18.15308276701787,0.5582410461199602,0.4616810352691309,0.6590925641685519,0.579794285433643,0.6940415883468891,-0.021987548523464254
7,8828308621fffff,19.16782989364158,0.5956540467039344,0.44891633902140005,0.5893000331375294,0.6636650177864497,0.7425592609537826,-0.04771761220610414
7,88283081d1fffff,18.459962024256374,0.5562687121315004,0.50426256388399,0.6714579782181112,0.6382971835902276,0.6007868439177384,0.01889005625375559
7,8828309455fffff,18.839801747290736,0.5263559346050818,0.5077758645437671,0.5952013666785414,0.6782950010319239,0.6037258484011345,-0.05469322759692074
7,8828308241fffff,17.5926216297346,0.5917561146087992,0.41474504842447085,0.6233924995086924,0.6790895905050826,0.556326762512252,0.08551599215849408
7,8828309457fffff,18.1567395512349,0.5251559180671861,0.4855266972131142,0.5972476112868119,0.6352821574302634,0.6611865846627824,-0.026104319039541517
7,88283081dbfffff,17.917166395541066,0.6311164318094169,0.5515728544486792,0.6704211330073797,0.594576664891214,0.6691793465449619,0.004488191976998744
7,88283090a7fffff,17.521238198745426,0.5238442077898445,0.42439356708765835,0.561239347606207,0.6099898501823362,0.7350333016287097,-0.17953174679831185
7,8828309197fffff,18.724152091110316,0.42182915451711106,0.3782819009051622,0.5695848352370227,0.6522016133111715,0.6140223560247685,-0.09377822678372227
7,882830862bfffff,19.240660052018185,0.5514224277550053,0.5423064260320622,0.733211895044027,0.5295248314116404,0.8290562926973961,-0.11525216796510224
7,8828309193fffff,18.23272103159761,0.5556923057804706,0.3768191923388418,0.551041927952843,0.6468904707836728,0.6304154558753605,0.011330704800801589
7,8828308031fffff,16.603804795951582,0.4969762847075449,0.5377827057353232,0.5545257050810463,0.652590858243729,0.5645177073711083,-0.004097039039280222
7,8828309199fffff,17.07449178271397,0.5859281686806072,0.4014046369653595,0.5537679115206325,0.6260542359852213,0.6644669409141718,-0.17200050114934745
7,8828308033fffff,17.189519611469997,0.5150888894780719,0.5416318857990724,0.655740904064384,0.6202837113915323,0.5953679045082518,0.0258596483174191
7,8828309401fffff,17.672883230560252,0.5513821045773001,0.47789344693458014,0.5779164065142612,0.6395489791790133,0.6139109612295607,-0.05067258319164023
7,88283080e7fffff,17.469959949182783,0.5514890249919152,0.5364216084025428,0.6120748213394825,0.6717917819522287,0.614745852473153,-0.00044281343538710963
7,8828308449fffff,17.702202334289744,0.5851416081490263,0.502337910317201,0.6072170963024149,0.5443122764000331,0.6551346714161839,-0.03788864996956562
7,882830824dfffff,17.803846314622906,0.4941019137951532,0.453340459475572,0.594505570955442,0.6033080676949178,0.566768184758391,-0.06308872661455248
7,88283090a1fffff,17.502900937302364,0.5555682256357855,0.49393234533195285,0.5615933672315816,0.5364089194634111,0.6729184578355752,-0.1449714005823733
7,882830844bfffff,17.044982860257754,0.5677546218070925,0.46616071275352805,0.5684082037962235,0.6110375297490559,0.6657102352779638,-0.13427497451750492
7,882830862dfffff,19.246972036581628,0.5026335469795922,0.3983652227782414,0.530279263854469,0.5092389983517699,0.7491558650196504,-0.16037165391408664
7,8828308035fffff,16.43516125737422,0.6591669915244542,0.5351200928180984,0.6536852283962034,0.6847475080174344,0.6027810522093275,-0.10148909347184282
7,8828309409fffff,18.491003311353534,0.5831908853049244,0.4170509537168797,0.6186202955164124,0.6083451419867066,0.6828751789037929,0.11334006741376002
7,882830863dfffff,18.50108872209519,0.5141133684542976,0.417233109193086,0.5741756014591365,0.6678938907450156,0.6639093758750556,0.009245127339499712
7,8828308711fffff,17.652891109576572,0.5452263031930118,0.46139770880654857,0.7261796011062628,0.6390732350211906,0.6480261642444767,-0.05822763313673435
7,88283081d9fffff,17.78065357399577,0.6372020992207311,0.3680004168877655,0.5823016271461604,0.588684597636221,0.5917309573198936,-0.048827582476303685
7,88283090a5fffff,17.025261311891935,0.5196828126079394,0.37235131637902324,0.6294387546950581,0.7072618730499088,0.657055109108576,-0.04139710047173904
7,882830919bfffff,17.665143203374814,0.5545192346120786,0.43395400586852806,0.5624823657760657,0.6007353982884642,0.599152182837919,0.0058413544799453265
7,8828309439fffff,16.193206238147905,0.49162454263437494,0.35442887127668393,0.47359409089547033,0.5333149755280193,0.5892976866489663,-0.16622803640239267
7,8828309191fffff,17.792274248285647,0.48492921276716355,0.41076424510913856,0.6084618710528944,0.6073065635245407,0.6649619234390357,-0.06711731522968326
7,8828309411fffff,16.864098274159655,0.5952954798777768,0.3709698881989874,0.6757090881664976,0.6514295039389312,0.5409665214559392,-0.05845003243638661
7,8828308441fffff,16.644072377786305,0.6538948411594956,0.6008571944520054,0.582771247442982,0.6418556224326456,0.7138458185459509,-0.14827758586039508
7,882830803bfffff,17.03412356666299,0.5246861328831027,0.4639862012868058,0.621949247038774,0.5793863647334357,0.6550124331673275,0.0641255067779823
7,8828308039fffff,16.177652970422802,0.5973247499383623,0.5290298219007166,0.6608425886815615,0.6053279769587298,0.5539315279888737,0.0018100663542489487
7,882830941dfffff,17.274174747562558,0.49177980050566256,0.3531148286302216,0.5516992667802127,0.65561580289237,0.6249515066808736,-0.03135891162476245
7,8828308635fffff,17.826543807392014,0.5777739426381662,0.5150107077936155,0.5866444681673684,0.6791532777617847,0.7984591823251956,-0.002004491968083097
7,8828308753fffff,18.53178465367849,0.6002571918197781,0.5108287681732522,0.5435607392018584,0.6299177955579472,0.7550778234851874,-0.11218124399303067
7,882830844dfffff,17.341315324074625,0.5449953157444396,0.5086619532619533,0.585356657174168,0.6158670203214341,0.7027095482757663,-0.08923233214600573
7,8828308017fffff,17.82995046368184,0.5251663199777985,0.46498426282479355,0.6114495312065078,0.6081733364621745,0.6285520245455819,-0.12224155424658717
7,882830919dfffff,17.165401989610945,0.5843053675794709,0.4143082754988093,0.5869257862357015,0.567843251666005,0.576533232248092,-0.05937919231287074
7,88283080edfffff,17.629411889954977,0.5621912631503458,0.599123818136003,0.5974687211059375,0.5995375467000912,0.738438760837705,0.06915205190921198
7,882830871bfffff,17.87577033415888,0.5922375854008092,0.506609436293948,0.5702490157606512,0.6187166755273559,0.7370268775357038,-0.08723756022831297
7,8828308713fffff,17.330295040514894,0.6372438874075184,0.3054490876430961,0.6440322553660385,0.573811408379899,0.6952857780573547,-0.05112527895204085
7,882830803dfffff,15.862137750997274,0.509353016881955,0.5467264841053676,0.6091723607868319,0.6449240492731513,0.5982301261407199,-0.12950015946521212
7,8828308015fffff,17.086783346617068,0.5161850635562156,0.44433090779262635,0.6099239047659232,0.6360559298931107,0.6711616342427139,-0.08054232858135643
7,8828308037fffff,17.199490511615547,0.49109275042633804,0.5263814326826596,0.649426029646892,0.5763036693878874,0.5946095254344804,-0.07588469334610301
7,88283091d3fffff,16.301801372180176,0.5610935005391813,0.4396619503167514,0.6731521487448743,0.6126955415607735,0.7140984864068859,-0.0477375251199572
7,8828308719fffff,18.03049015824979,0.5022216183743479,0.4908173069717771,0.5618778882702892,0.704302957213397,0.7191097326426277,-0.01723001396893778
7,8828309443fffff,19.31293347779575,0.5604810689180972,0.4057116530845478,0.5871676677107605,0.7423524182435974,0.6841073749110159,-0.05581492869624331
7,882830940bfffff,17.916001079908618,0.6044181758152665,0.422117387989348,0.5774981028546684,0.5938474633035713,0.640330351716937,-0.01872855256249746
7,8828308629fffff,19.74076672041562,0.5467329264801785,0.4611512132986684,0.7107310730872674,0.659742084394336,0.6902988403227684,-0.057960023382166104
7,8828308445fffff,16.560059098793882,0.5890824966016324,0.5454452905325873,0.5873697958770846,0.5675228710118658,0.6759671836627088,-0.0446749633197234
7,8828309405fffff,17.45533056436778,0.5001723580891027,0.4436086326419735,0.5371485977711138,0.6387870856596929,0.6676554950030138,-0.07138973607265921
7,8828309403fffff,16.96753384184892,0.5288923690861161,0.37946515927020924,0.5508991131216397,0.6529433055134145,0.5326933216693043,-0.15264190917491188
7,88283090adfffff,16.888041722460535,0.5323425263190064,0.49796821909085176,0.5936496674343722,0.6141066880561069,0.722254436020647,-0.0817710128249221
7,8828308269fffff,19.10061924935239,0.5167147521755603,0.3535639954869738,0.5422931802881509,0.6062227689030854,0.6700566354647329,-0.048087082364655774
7,88283090a3fffff,17.74761247413425,0.5368015330793346,0.5424209111310168,0.4268646063343049,0.5182329942521356,0.5791049607572666,-0.06325906578395055
7,8828309419fffff,17.522234999919675,0.5478964317859928,0.3985803932939836,0.5813434162538813,0.5384440713972224,0.608471505799965,-0.10150326679525326
7,8828309447fffff,18.71711612580712,0.5895241849247079,0.4747668043347629,0.6118005399281765,0.5594884129396204,0.7129332292731836,-0.04665100813297871
8,8828308249fffff,17.532820621472677,0.6204841789817276,0.3814428217168493,0.5628087168965248,0.5554380507884175,0.6279795821945666,0.04294817321492226
8,8828309195fffff,18.175956148515578,0.6770137703445989,0.45097886164279977,0.5885876915566706,0.6234256259591745,0.572640730655929,0.026928290860277357
8,8828309407fffff,16.866098228034133,0.6624050535533657,0.34748322136077603,0.6220741280554398,0.598327773734352,0.4348622486954105,-0.03615968482754665
8,8828308245fffff,18.379646513072895,0.5991342986084645,0.3009163276789303,0.5484772096439637,0.5480454690298249,0.6167669266868551,-0.07044344020262838
8,8828309453fffff,18.06982349032945,0.5820045163880124,0.4321489621387282,0.5252411937189205,0.6041368216095695,0.5831943649884458,-0.03963407830340927
8,88283081cbfffff,17.396055188746207,0.5687599124986759,0.43216157678515105,0.632864573933134,0.6016579336814302,0.5199503806824188,0.08239135948188461
8,8828309415fffff,16.346877358874046,0.5396915474827624,0.25745406008208227,0.5469491819079847,0.6337396335024792,0.5555275011559291,0.025780758249191144
8,8828309451fffff,18.692382136340697,0.5965766455501013,0.4863233804599703,0.5408196649722478,0.6404740941935212,0.5981209592020659,-0.09684680059557631
8,8828308623fffff,18.565255343201475,0.5823243030576917,0.550017810880909,0.69396563853201,0.5445748803495482,0.7879683177347743,0.012754524166406551
8,88283081ddfffff,18.202568418445285,0.6057008117597849,0.41598300919844855,0.6214141415755783,0.6814921945209167,0.5479430425399292,0.005240760034088603
8,8828308625fffff,18.68738645997772,0.6939971930824855,0.47115330163637575,0.6315124120947303,0.600558564904206,0.6377439812010626,-0.05600558522751921
8,8828308627fffff,18.200141048288483,0.6103192872960941,0.45349319753604694,0.5849339126791934,0.5792556438206152,0.6825414865467745,0.026147025423729056
8,882830945dfffff,19.481230437119144,0.6024379770921343,0.44398387388226385,0.5899797958158398,0.5637390195345923,0.6407186449741368,0.06529942395515462
8,88283080e5fffff,17.669189260097188,0.6079701824031712,0.3793125638223228,0.5407810885533417,0.5971198733185138,0.5840870030467022,0.014735157454567402
8,88283080e1fffff,17.740932120341547,0.5335862733562383,0.4964930950694702,0.6016986820223631,0.594435405894849,0.6822355883998479,0.06181887193441762
8,88283080e9fffff,18.154913985149744,0.525398000203777,0.43853026045668725,0.603219580681172,0.579848651483558,0.6439553229237049,0.03503260173276505
8,88283091d7fffff,16.343223116448165,0.5537924549856337,0.39645164864321913,0.614979001063291,0.5156163135099545,0.6595439907601199,-0.04388332817048837
8,882830940dfffff,18.144449739984232,0.6318100720882391,0.3453239282425543,0.5704329899007616,0.5184212491101425,0.5727281296032424,-0.035614648953554824
8,8828308621fffff,19.135277814245036,0.5943029324115073,0.4366167818881462,0.5903052572456595,0.6931106537487335,0.6852135977265152,0.0609582862449931
8,88283081d1fffff,18.49695160149109,0.5387816008088463,0.44637157766673496,0.701176216575995,0.6330538894505238,0.61812057389755,0.017878369387808818
8,8828309455fffff,18.762829096351933,0.5700418284881669,0.3569432115093047,0.6298266094999828,0.5796277837855855,0.622611058003008,0.0946449943073699
8,8828308241fffff,17.557376262075447,0.6162049921795031,0.3320350806332585,0.6599735855516334,0.5626585597842896,0.5705142652464577,-0.009521657443516424
8,8828309457fffff,18.179945170297362,0.6750883974130055,0.37035804957653096,0.5326247196237416,0.6242460815560537,0.5221861301759301,-0.02462794621476179
8,88283081dbfffff,17.924905881035883,0.523643847150614,0.5380563442885314,0.7071503661401897,0.4843071990516919,0.5668906585055048,0.014172212866086133
8,88283090a7fffff,17.5583782492998,0.5162434477836184,0.44534845366018,0.5155669524098208,0.5836799254150958,0.5318726787997577,0.0357738837685097
8,8828309197fffff,18.712462858518343,0.6466968076641991,0.36480569956405223,0.5692935843348934,0.5074180765296326,0.5713094033818972,-0.06266114892990622
8,882830862bfffff,19.298660511074885,0.5888679534300204,0.45935592015551213,0.6779275253259895,0.5567579022634,0.6449555327257109,-0.04974350545698332
8,8828309193fffff,18.327975488338787,0.5596126886069812,0.3377613890441409,0.5267865310158588,0.5669124051176181,0.5526447856107237,0.046585445100114316
8,8828308031fffff,16.536047023669965,0.6585523266257288,0.5296666326917049,0.7680543083933754,0.5867776567105157,0.6301880685694929,-0.013048853124886387
8,8828309199fffff,16.86960744762634,0.7031376278832393,0.3323388580641533,0.5035237274269717,0.5870752707540073,0.5766906244810761,0.07988765677087561
8,8828308033fffff,17.178582556335723,0.510114497923002,0.5197117066852902,0.6357833453713769,0.5857046085513442,0.6065753423560087,-0.04021551596281075
8,8828309401fffff,17.636072005702633,0.5943746032425831,0.397145701618236,0.5418702830909339,0.5486520312525842,0.5768095655042119,0.06847097156523188
8,88283080e7fffff,17.412539080703073,0.6452057194363211,0.4573153416659428,0.6023435527809369,0.6968187326035009,0.6228009634745155,-0.028780057162053868
8,8828308449fffff,17.67405666234271,0.6638960198454009,0.5553487840767112,0.6691306206895359,0.5647017534290407,0.6087102205062987,-0.05797397737024807
8,882830824dfffff,17.895652490148596,0.5136909112343044,0.3228341296159186,0.5950284468011219,0.6460533653145925,0.5067869545768557,0.00735601082740097
8,88283090a1fffff,17.563186827715672,0.6174701658900423,0.47468381744919874,0.5665228411602443,0.5015716730269538,0.6525054405592076,-0.06021900042413001
8,882830844bfffff,16.96206583547942,0.651850022717856,0.4986951717674712,0.7088965132488002,0.5610971487810196,0.6244307703243586,-0.020552725219799287
8,882830862dfffff,19.37394226308241,0.537126509217536,0.45966867981176524,0.5696203195285477,0.6224868418221193,0.6345372275306667,0.04578489626448024
8,8828308035fffff,16.434122858495037,0.608369786321954,0.4208235532408096,0.6410312922717177,0.5234340742179024,0.5106248521583926,0.039579675992834615
8,8828309409fffff,18.495440509746302,0.5486175879846565,0.3296506864217672,0.7041341804246117,0.51727070325945,0.5704919175272753,0.06934623416955321
8,882830863dfffff,18.447311596255155,0.5508537584825505,0.4884288499076998,0.6012192141159272,0.49064571948134716,0.7097813574703475,-0.01767813265332775
8,8828308711fffff,17.664871311463052,0.6229538612655549,0.3571788600132634,0.5614275738387752,0.5765018344472381,0.6632161596015672,-0.037444689334408233
8,88283081d9fffff,17.728382249890924,0.5635705223497944,0.4823799104248349,0.6127853030676178,0.5785016327398349,0.5733206562237954,0.0731876990696227
8,88283090a5fffff,17.16489604728065,0.5868473995024004,0.3516328389794927,0.6667147789283496,0.610904786173957,0.6005296728677088,-0.04324479559302569
8,882830919bfffff,17.664676532999465,0.6585581029997727,0.32925123698678527,0.6079729244810523,0.6444799263573169,0.5094371282131084,0.026380971671700813
8,8828309439fffff,16.09799919696136,0.6358187137922094,0.23978382662759934,0.5259336586798027,0.5852293634906962,0.47393097706115483,0.061569512903295036
8,8828309191fffff,17.845167823000203,0.6507748685077144,0.4568080223643221,0.5041203212205154,0.6009569771985448,0.6328272186841545,0.054297933401032485
8,8828309411fffff,16.88207222576285,0.5980808490619818,0.3531553330402742,0.5889653751531511,0.5143732467243803,0.5533911709656701,-0.07290056846899264
8,8828308441fffff,16.6678340597542,0.7152431176070223,0.590223703148413,0.6392731767113835,0.6360249748465144,0.64661678633067,0.011829175066556273
8,882830803bfffff,17.107969961455424,0.661914653873844,0.5485150299994664,0.6652042619448852,0.555864012758165,0.5364892625652291,-0.0336170438139247
8,8828308039fffff,16.18736057815772,0.70656267140938,0.502738898747921,0.58628038114538,0.531462080507549,0.6187638599422043,-0.01691773415329634
8,882830941dfffff,17.256400495268426,0.579691809624643,0.3719697528694861,0.5623383561901347,0.5492277410271335,0.5554842751078852,0.022481463109416736
8,8828308635fffff,17.9265290709007,0.6000904326381614,0.5325167706494236,0.5946294728462366,0.5771961601364007,0.6548064021063827,0.11780615643705734
8,8828308753fffff,18.563733701281148,0.5882416794473824,0.3697689433212085,0.6154034737667222,0.5541506949060133,0.6743112320679484,-0.05334524628883118
8,882830844dfffff,17.389109717187754,0.553884608723437,0.43073526838830917,0.7392510018401299,0.4611842960553151,0.7586792503399953,-0.04368309442965644
8,8828308017fffff,17.872661885152233,0.5406806706324564,0.4070491597476873,0.6290691891356773,0.6398039165704781,0.6624417895417694,0.02076618833356403
8,882830919dfffff,17.110510159525102,0.5164439569488339,0.3207580208753002,0.5911656675534632,0.5334562233830658,0.5806492858545607,-0.024063614406011877
8,88283080edfffff,17.553769993600234,0.6638474582183416,0.4753415198869426,0.5373136283276259,0.5369143474985062,0.5837447509312546,0.13627362110080438
8,882830871bfffff,17.871670912579816,0.710418928995139,0.5072215999630547,0.6025153606859892,0.609723814908873,0.622488802205065,0.03615747673717871
8,8828308713fffff,17.247260397682794,0.5864890403551518,0.474206034668954,0.492512835149038,0.5238851416717902,0.5855046834344659,0.06355984499923403
8,882830803dfffff,15.80025062802068,0.5209848928233622,0.44049188010761176,0.6138862717304533,0.5401642798522078,0.6000068673409695,0.03640571550801444
8,8828308015fffff,17.111585889840917,0.6399253979919698,0.5285222735939498,0.5463407983383854,0.5907888392103268,0.5789739465739645,-0.014348577951219025
8,8828308037fffff,17.25516405354784,0.5657923925324986,0.521920486572869,0.6850560236569956,0.5779736008748512,0.5621734230418576,0.050085433161601606
8,88283091d3fffff,16.442255253130703,0.5806262032923797,0.45970225440674506,0.7068362867551828,0.5908385738146694,0.5643492351000476,-0.02667238654877026
8,8828308719fffff,18.026770889001618,0.5247749784994884,0.4649412944034153,0.5571966688148333,0.6081822585967351,0.7174525694659939,0.09420055551345229
8,8828309443fffff,19.378122322195587,0.6195182718871814,0.5259015023966123,0.520312217399832,0.6040510340140917,0.5822467948607919,-0.0680104598349031
8,882830940bfffff,17.883185277953256,0.5259970096623149,0.3635809697690759,0.6307190615928471,0.5389025031298018,0.7453509481297428,-0.02127493128794239
8,8828308629fffff,19.715488981268766,0.7038281049955255,0.413173743498981,0.6579392998060845,0.5910878099750015,0.7101585627011768,-0.014677063768669492
8,8828308445fffff,16.589688100018737,0.6235577714558478,0.5011895406278329,0.6368451389085631,0.5437363731706384,0.6086887947980419,0.04318005471418833
8,8828309405fffff,17.515918798633557,0.5293903340282173,0.32072464849798354,0.5735871160703392,0.5909418564621817,0.6574193553981621,-0.02099158436583066
8,8828309403fffff,16.91267270370201,0.6096074143128702,0.38777746973119137,0.5856292346309343,0.5347814771050641,0.5454446893858983,0.05739556374367558
8,88283090adfffff,16.849686391280585,0.5946369688106106,0.5086797210359333,0.6468161195022483,0.5596220806875108,0.6289855283576317,0.0778057012239885
8,8828308269fffff,19.03668366867927,0.6284181594862424,0.30315535009992645,0.4747599988555468,0.5467139973805782,0.645273425967181,0.036367060040486315
8,88283090a3fffff,17.86840148701454,0.6767662541984004,0.41420381036831844,0.6145552518783791,0.5786812032187855,0.6020338787452798,-0.02356323540607918
8,8828309419fffff,17.548731257006736,0.6664776123670267,0.2662512245850456,0.5520037485028464,0.6208872160137124,0.6102227567272213,0.09299203691487992
8,8828309447fffff,18.742385660291752,0.6248640101669864,0.3277638553198304,0.6287995446096273,0.5123047806930985,0.7547355316633922,-0.06647255104627262
9,8828308249fffff,18.620474740658306,0.6502070009201723,0.2363340070031894,0.4253853182113528,0.5231184461716574,0.39962101531010635,0.07801096129459353
9,8828309195fffff,18.84926241598754,0.6129054161428008,0.327782738882539,0.465056967284236,0.6026478541638175,0.5350466209588269,0.044437188689308335
9,8828309407fffff,18.004850013763736,0.6788603721724749,0.3814828060339149,0.4690761344119161,0.5390037131729191,0.46753663785251437,0.011139608058739092
9,8828308245fffff,18.936524178995953,0.6144534426014563,0.2678349957616113,0.43109567307677416,0.4448225680872657,0.5680373104953629,-0.018328896393690196
9,8828309453fffff,18.75100283624742,0.7018141211156764,0.3503195659352262,0.4755328331063851,0.5523056713400173,0.49208198258300795,-0.00384632368055729
9,88283081cbfffff,18.365154098129054,0.6605933812508739,0.2610940820068128,0.4643092465529474,0.5753225416879414,0.47201698552838933,0.04432902060549854
9,8828309415fffff,17.697648315276552,0.6674574640035418,0.27441775167857685,0.5019780175769084,0.624605414591168,0.6412695231997035,0.10252248272113901
9,8828309451fffff,19.153791309941166,0.6884034745549579,0.44068906357314613,0.5275286224869417,0.6009549994860872,0.548950546201373,0.04831689401483194
9,8828308623fffff,19.17890431578536,0.7366435750448973,0.5413949137463664,0.4827304596515312,0.5456474857604207,0.6057072002415799,0.03887896487381462
9,88283081ddfffff,18.87151787760906,0.6242468002698401,0.4495861330223157,0.4402956068867417,0.6236195699426159,0.6640497221034098,0.014780408693146178
9,8828308625fffff,19.19542613000378,0.7081741112737965,0.4779951438433246,0.43427718519976233,0.5389967677883911,0.6164883495399286,0.08054139865706189
9,8828308627fffff,18.92013276682982,0.6769887314941783,0.40712353851347055,0.5094200876191101,0.6159788115213847,0.5930525139885331,0.1289850941848244
9,882830945dfffff,19.688709218149572,0.6879446524130234,0.36925955283829287,0.40467530244434735,0.5097447741387721,0.5923116381560903,-0.0034262831902160725
9,88283080e5fffff,18.531136412561523,0.5784601825207263,0.4765649537736807,0.4544051295128773,0.6168503057162843,0.556964334368917,0.009775905267475977
9,88283080e1fffff,18.630304453465808,0.7091813530455148,0.46949078978389663,0.5055100036134579,0.5396941575327269,0.5857992086629007,0.09527496506199228
9,88283080e9fffff,18.853783290423312,0.7368624578524544,0.46637127841948844,0.4432601666705632,0.4996812169944023,0.6383229394288512,0.0018647961845745104
9,88283091d7fffff,17.730005485447776,0.7419101897927054,0.3367077121296421,0.522913438733106,0.49658076559327147,0.5365990418583885,0.023767677080703868
9,882830940dfffff,18.81909865773712,0.6671282740590997,0.3335109604694968,0.5138690703688581,0.5049433968587134,0.5971128400788114,0.017499188568651545
9,8828308621fffff,19.543917581500722,0.647287576890483,0.5029834668020995,0.4176239859646598,0.5728256417632469,0.5928978180964309,0.1112211700315128
9,88283081d1fffff,19.0295210233728,0.6736960640273056,0.5179491107505823,0.4421139982920887,0.5571828219523886,0.5550781858579243,0.061515816656488385
9,8828309455fffff,19.253872114080533,0.6578107901774487,0.41538613032447663,0.4652062261683393,0.41095777877640616,0.5318017584099193,0.040805597695959886
9,8828308241fffff,18.532021992025435,0.6896818513689321,0.2988136175232475,0.38665307943983823,0.6520526918046161,0.49054048994412425,0.11236863797951448
9,8828309457fffff,18.81198822982883,0.5988431407236428,0.422836684891111,0.5128509240158391,0.5027770850118685,0.6493573366116153,0.008797161171971619
9,88283081dbfffff,18.633437238919182,0.7430462339696053,0.5166776818315447,0.4457484942349709,0.5223964299451833,0.5948770534637595,0.005434293997388601
9,88283090a7fffff,18.45588430497616,0.7226441694439933,0.35927683881633177,0.542185503750127,0.5197979798347488,0.5794997681401053,-0.07115742583483825
9,8828309197fffff,19.307946993069077,0.7486449906663345,0.33034981666598984,0.4611560116609311,0.5619181896930631,0.5372445704450107,-0.006781012693643243
9,882830862bfffff,19.562628219481386,0.650745687704262,0.5734938769038986,0.5151166413381348,0.5886116218213149,0.6512141726467184,0.06096080481076628
9,8828309193fffff,18.94081904330517,0.6700101017573603,0.36860735517527876,0.4401664435493939,0.5157286014464945,0.457953196064546,-0.025534351755320372
9,8828308031fffff,17.81563839604291,0.7332110677877008,0.46491794370158773,0.4926990253319087,0.5576811824890845,0.5340091807953022,-0.0018433323093593815
9,8828309199fffff,18.126081276882946,0.5816595664072046,0.4287445687999455,0.4179303466333559,0.535338296070812,0.534474772630034,0.10162723910120991
9,8828308033fffff,18.253289541002168,0.65174021195371,0.4055777625507906,0.4864349727601643,0.607636353366751,0.5272333148458818,0.0018151118970616935
9,8828309401fffff,18.548509522554017,0.6718364712945076,0.3180833313757039,0.4843266901122501,0.5364823443990752,0.544249039127463,0.09773768249542011
9,88283080e7fffff,18.528237192021127,0.6324848875131588,0.49286168148384746,0.38574156426900297,0.610872195145999,0.5550852261738447,0.012602177842123564
9,8828308449fffff,18.58801538685168,0.6731882434139252,0.4848594586132482,0.4318337855032975,0.5349109823575144,0.5128306296382895,0.1412574444134561
9,882830824dfffff,18.63582563410962,0.6356860249849037,0.2720108431555991,0.5185345783963355,0.6249674015242785,0.5706163876218688,0.09392584990587205
9,88283090a1fffff,18.5689193286495,0.7137328637199086,0.4027031144513165,0.4739861577020419,0.5655570826279146,0.5374226075879894,0.01967094518938234
9,882830844bfffff,18.127308890999156,0.651284727371185,0.4024370700777355,0.44837813597874115,0.5038244775997727,0.47117728209674803,0.14083158863837605
9,882830862dfffff,19.54418985444345,0.7420482293280029,0.5100165901745457,0.4588613952335323,0.6358891127020813,0.620413434133855,0.06629656215301344
9,8828308035fffff,17.752656866509223,0.5931118302420956,0.40585970722678527,0.5046973670314365,0.5221274696477015,0.5296327940057679,0.03242959497497477
9,8828309409fffff,19.104866338955645,0.6361575908117388,0.3748448480786523,0.5437334578335119,0.49038896191180703,0.6022595141404973,0.037548847860009595
9,882830863dfffff,19.112278671639395,0.5680756633207115,0.5274285963487797,0.573851331352544,0.5435392643208654,0.6398228441485712,0.06897922962193874
9,8828308711fffff,18.56289586400056,0.6220883023820892,0.41976399862176367,0.39583580953451486,0.485057337570526,0.5865626321717794,0.07073171609519248
9,88283081d9fffff,18.791783750054385,0.6237055035716497,0.4312029007502323,0.5134026783267008,0.539689386676754,0.45028247328415627,0.06746651620803698
9,88283090a5fffff,18.22994746587328,0.6584176728943865,0.3806020085254416,0.46153433603541344,0.6152375569134705,0.4995017202701787,0.12704787890336566
9,882830919bfffff,18.471148380961377,0.7100786525997286,0.2968905979587039,0.5529387753917909,0.5011341616944643,0.6957790924607343,0.08225833579294767
9,8828309439fffff,17.619675722181444,0.6706520853467908,0.2496482112510005,0.42940955585230467,0.508311712351122,0.5666952946735189,0.07322910590752124
9,8828309191fffff,18.718080119937497,0.6692950785421165,0.2891099401951936,0.3512994950863455,0.5949993879231177,0.6023743052168342,0.07251935533385956
9,8828309411fffff,18.079326048365658,0.6933079266976921,0.3111028583676192,0.4790640778491889,0.4652015876703439,0.5222755695276131,0.11389143791878335
9,8828308441fffff,17.94313162201038,0.5199500647267564,0.4580723283617765,0.4671553163756506,0.5989204683137007,0.5546747093758388,0.05150533902251633
9,882830803bfffff,18.194445240304603,0.6514880147295934,0.4024170469448565,0.4944402209370685,0.5448188382079995,0.5659210236124131,0.023285890274642555
9,8828308039fffff,17.685003365488623,0.6334753488582495,0.49522838047528633,0.5207681546262382,0.4918825353227893,0.5446910109808514,0.08354712082972912
9,882830941dfffff,18.29942953250852,0.6873744860281786,0.33250940761248055,0.5095458470562878,0.5360458329915955,0.5762783865195709,0.04463233422034669
9,8828308635fffff,18.72283893001523,0.6195820992743997,0.5376877841446127,0.5230358690188175,0.5029708673319516,0.5568208249839056,0.12120002510755364
9,8828308753fffff,19.03138511231522,0.6517239572082615,0.5214240964631224,0.4858160003513156,0.435903103668022,0.5312818247751472,0.03339085567252126
9,882830844dfffff,18.460935943427163,0.6942925404558182,0.37052689800790456,0.5734871843731828,0.5218279719899082,0.49604474224766715,0.1017136164936102
9,8828308017fffff,18.678088230964356,0.6791029436143183,0.5562469474122759,0.4649888514268809,0.5563116758049582,0.5631408964141031,0.11598344007328312
9,882830919dfffff,18.29778966614077,0.6805048434417379,0.3880255732948337,0.5218933554700085,0.53363914678387,0.540843305630985,0.02304593417802362
9,88283080edfffff,18.512039144859877,0.6975949570509395,0.4268280675674512,0.44379205085422485,0.48077902166282166,0.4933488944672325,-0.08252664739473389
9,882830871bfffff,18.68949555054869,0.6201780575349205,0.47169414158396406,0.5508594155412765,0.5214464631538086,0.6899121823847928,0.08631133137543581
9,8828308713fffff,18.36692456869674,0.6973064692358224,0.4444152622164318,0.41196452375441944,0.5826119863549842,0.6146457558457953,0.16707964821235893
9,882830803dfffff,17.436978225694947,0.6237103112995437,0.44319552314669297,0.40916892600061405,0.5038978053331961,0.5030353306110483,-0.030722630244165612
9,8828308015fffff,18.231619603120617,0.6672864277164661,0.49081703762666284,0.46967087642870936,0.39373197329190524,0.6333892799695394,0.07713240769012303
9,8828308037fffff,18.347812768779598,0.7039114219759682,0.4774189806177195,0.44025362688515124,0.5400364045595077,0.5051955716421406,0.12643983999185687
9,88283091d3fffff,17.74040039292478,0.6566222839190815,0.36032853410996235,0.44897727604945076,0.6385591052931308,0.6662097378978398,0.01679282055664475
9,8828308719fffff,18.797033800899975,0.6630713820580069,0.43183394129171965,0.39239499310963744,0.4910834203113705,0.5371609202886027,0.08770691776002515
9,8828309443fffff,19.639880747912255,0.5968338418036873,0.4810702501838857,0.4943855676274245,0.5608542481291909,0.5326512968926204,-0.020254804987009416
9,882830940bfffff,18.682262008738174,0.6819829016394007,0.3300214310055023,0.48928218446214466,0.48121513988021936,0.5654968468776191,0.04795763133919053
9,8828308629fffff,19.860624861031337,0.6810169114194092,0.49966291375778654,0.5484572756149815,0.6517318585160705,0.661621183278108,0.04870498859682548
9,8828308445fffff,17.960307584167182,0.5820362536942097,0.4587832924094898,0.42461246324267793,0.4200752511348219,0.5544528216113656,0.10016948719727245
9,8828309405fffff,18.430629868743264,0.7715166666999239,0.4530369730833401,0.4635365625372483,0.5329590975977144,0.4706376990377104,-0.04244354252608549
9,8828309403fffff,18.137032781124166,0.6690708662207745,0.3118449183010955,0.4672100725142744,0.555225176646491,0.48742406789090104,0.05107804711694524
9,88283090adfffff,18.080298677003295,0.6705806030781332,0.396060292618299,0.47613648237903866,0.6416187733613475,0.5771517796512745,0.06015766341431521
9,8828308269fffff,19.45586447935471,0.5883114767044155,0.27453470340110864,0.5102751462181012,0.5130664140000791,0.6457071490287554,0.039285050754983314
9,88283090a3fffff,18.588049103059625,0.661346582635449,0.4421513674852786,0.5817605769154882,0.5341357082383263,0.5351290544112939,0.14004041453217364
9,8828309419fffff,18.52547809986287,0.7031308001267296,0.4005710221876611,0.4874077132661107,0.5427645352125522,0.5547268571596756,0.03940395232818644
9,8828309447fffff,19.240848842379105,0.640597765569173,0.48034832810758454,0.4477386201927349,0.6279676504019488,0.48634657602000525,0.1572411804728836
10,8828308249fffff,19.998290025650988,0.7177574357787199,0.30572079120678725,0.36178382277609794,0.564696485067024,0.5611853269253976,0.00044114965860868023
10,8828309195fffff,19.97144827957709,0.6912057764051498,0.40273813335099806,0.3878969977998008,0.5517803275563397,0.4973739851797178,-0.13466763521761
10,8828309407fffff,19.981590069908798,0.8040871670853311,0.3256183061108019,0.36782033205243814,0.5259205347215598,0.370191737860708,-0.030808382571958823
10,8828308245fffff,19.93759285420201,0.6936424656324591,0.3059904495065549,0.4645191664986309,0.5166790968246104,0.557352768147404,-0.011854125411399992
10,8828309453fffff,19.939902199636993,0.6377320911173653,0.42652445465347577,0.38105618154612986,0.47373143056049816,0.4763826460119248,-0.05334723449096735
10,88283081cbfffff,20.00777851034302,0.7018759813464829,0.4528441240973169,0.32724677231896143,0.43094942023131855,0.5016752976893255,-0.053358858111499305
10,8828309415fffff,19.951134569333018,0.6833903199428033,0.26425084739959237,0.3896486864350686,0.4592205039504387,0.46401738865254427,0.021921872196354403
10,8828309451fffff,19.940328547971685,0.7941564740843172,0.3945363283236566,0.3901435926119745,0.39159076189193565,0.4995473516403373,-0.026896364833469726
10,8828308623fffff,20.069503845603993,0.6651641750759695,0.4882564561481188,0.3328351029969007,0.5849507527967044,0.44260083496688774,0.028550803801762736
10,88283081ddfffff,19.969294727159866,0.6372276426943163,0.5709051233907836,0.32988161415293066,0.4573073307508728,0.5338895995630599,-0.0021207619699125544
10,8828308625fffff,20.059703069879028,0.6730050811484274,0.48705556484721213,0.3614376735077572,0.6096031587986415,0.4701510399088826,0.014010496121874131
10,8828308627fffff,19.988337374577092,0.6265517312643962,0.5098701502306426,0.42691355583051194,0.5816858813270519,0.4736201736145987,0.018711531036035407
10,882830945dfffff,20.01774356282416,0.6577271456577518,0.4241667889822774,0.34928164607760026,0.5227801861885171,0.4387428192013073,0.006610515315410026
10,88283080e5fffff,20.017237811825968,0.7466592078794725,0.5017630173890825,0.4398590519157463,0.49994898808525495,0.5555818550199576,0.06549959767420889
10,88283080e1fffff,19.906152840926445,0.7394727488207639,0.5348702953957406,0.4068377155477015,0.5123469753413247,0.46142644890758894,-0.00926538272217453
10,88283080e9fffff,19.948400021284254,0.7825767528243307,0.4895348461749335,0.4258392573763194,0.49878283408377877,0.4563112032228229,0.0031793287203150445
10,88283091d7fffff,20.00999942068135,0.6739617590392164,0.4495715037687359,0.2950922602536553,0.5242474250523832,0.47182763636929786,-0.021564175256375242
10,882830940dfffff,20.031750086887982,0.6291306095686782,0.4389167543635381,0.3375542494708711,0.5228925658443581,0.5178303387512839,-0.018691105358126427
10,8828308621fffff,19.95946140813852,0.7388371922746098,0.5161457333586775,0.32845231558271437,0.5755605051576911,0.48419645989040294,-0.0031977092246502103
10,88283081d1fffff,19.98552070133067,0.5830761433518703,0.38090563538936506,0.26846467476787544,0.5223009733240882,0.535556824358545,-0.01108646541239657
10,8828309455fffff,20.01753178624051,0.617704868804148,0.4100572430343966,0.42309533775560754,0.3989828474073502,0.4251800931756283,-0.017939967466606074
10,8828308241fffff,19.987884886482185,0.7900935983414656,0.3003120429715548,0.44286466286203163,0.5019754898746018,0.5170838169738505,0.03146240674081369
10,8828309457fffff,20.053350686071354,0.6733538225786928,0.4788051773079821,0.5076907459360467,0.4415143202931934,0.5433649391546654,0.0008699335370972408
10,88283081dbfffff,20.028931404860675,0.7045038532152715,0.5084970808895646,0.3361762524484598,0.5642846400325384,0.533617081478739,-0.012112754555338476
10,88283090a7fffff,19.979635809857523,0.6862970040023308,0.40750850751604206,0.3603375478109643,0.43056027033893707,0.5010827487400342,0.03631429329796323
10,8828309197fffff,20.10291951368441,0.6877950822835666,0.3221692067925019,0.4600165307311672,0.4674471502431091,0.5209500144860606,-0.12160740394585812
10,882830862bfffff,19.948011278274187,0.67915581038768,0.4953005411240316,0.47086720553947453,0.5888861198608504,0.49387472748612815,-0.05054054415745729
10,8828309193fffff,19.988939442202483,0.6838200345434114,0.271248293627083,0.4354115215781541,0.5030891243956597,0.49175980035383315,0.041157047289494306
10,8828308031fffff,19.910539300762554,0.7121525930333833,0.45844247748690664,0.3277735216477331,0.5375438678476874,0.559712405614742,-0.024716714158247426
10,8828309199fffff,20.033230587463443,0.6107543136816597,0.4271756162096901,0.38820309111251633,0.4830516863766666,0.4458770280754154,-0.08447833264816199
10,8828308033fffff,20.000181031799304,0.8143829677769624,0.47669383477343297,0.36037438113700804,0.5827208141099744,0.549679193739287,-0.04270237902814004
10,8828309401fffff,19.925229221632755,0.7333772641644268,0.37117615170274476,0.3214863389448841,0.5136134612766952,0.44020552300252225,-0.01756017498098088
10,88283080e7fffff,19.979047544055213,0.7368576996169124,0.5147904052583202,0.3334415332325642,0.5561653349740547,0.46985154262997236,0.008954978384786812
10,8828308449fffff,19.99187975741438,0.7021925624629299,0.538188651118768,0.32976434977697766,0.4181288990962633,0.5098151305275235,-0.007373803718450267
10,882830824dfffff,20.089103911759896,0.7548138243727115,0.38359625321189783,0.4228328114960582,0.4991334775347622,0.4620952763597039,0.02003751303389428
10,88283090a1fffff,20.004152567005633,0.7724629718717808,0.398543324067721,0.3838463487752924,0.5098969554557389,0.48286525148439424,-0.03618629220343462
10,882830844bfffff,20.041669423440407,0.5871511576861013,0.39056527327638335,0.35321052385168705,0.47105417150508455,0.5400151674528081,0.04693358352292486
10,882830862dfffff,19.996985553011886,0.7790677013948178,0.49574791565273435,0.3674781385611883,0.6300270938773489,0.6002941084254599,-0.10308205532272548
10,8828308035fffff,19.96637274703095,0.6460471363999899,0.4498326091235682,0.43558938772105676,0.4208743386082883,0.47269016786300116,0.14003471118796876
10,8828309409fffff,20.041123857257467,0.5836938655041986,0.34063041353291723,0.39520979547149354,0.4284225723145279,0.5014394838222839,-0.045373020801795734
10,882830863dfffff,19.955377235487944,0.6905516984758916,0.566510593732467,0.26254914025694776,0.5820820143960063,0.4618196230829328,-0.0445385314907281
10,8828308711fffff,19.986628528840647,0.6224855421319657,0.4021078711310131,0.3491584919282297,0.5666094995513113,0.4880308599966417,0.03356629205838793
10,88283081d9fffff,20.057864736888114,0.6734028169642112,0.4185850922835496,0.4344215539997962,0.41171140820579044,0.4650523347741435,-0.07865177308239726
10,88283090a5fffff,20.02888397186925,0.6388787067057591,0.42173674798659005,0.4271694813996687,0.46137634858775095,0.42948728337175446,0.06880751894672302
10,882830919bfffff,19.94250775811218,0.6832948028876431,0.3045186605834037,0.456994054572737,0.560925933978142,0.5071096850523077,0.06417133793451225
10,8828309439fffff,19.99158460295471,0.7495629076923579,0.31194199800666234,0.4959058562305739,0.4854555456448085,0.5931732849214357,-0.05470279514374535
10,8828309191fffff,20.042610372824385,0.7088801711078546,0.4686964640924008,0.33316504425765514,0.5538897530466235,0.5907926169950022,-0.0008758967709398598
10,8828309411fffff,19.91978681313166,0.6456688170598807,0.3630419149056445,0.40049833566913196,0.5950676717652996,0.5773698295906635,-0.01527244716153082
10,8828308441fffff,20.010363824718453,0.5990807964447816,0.4452236441303715,0.35402493513791844,0.4727072409564641,0.5180593967605176,0.0032279752834719717
10,882830803bfffff,20.02059892832635,0.6537752227591745,0.5386374164864458,0.35692881335003446,0.41188028432718937,0.36667473058701705,-0.06645044743823346
10,8828308039fffff,19.936259201829724,0.7048333703253743,0.4275826347761554,0.3516800612413742,0.4519742472910152,0.47853708680335677,0.04994800221691509
10,882830941dfffff,19.937358945930445,0.7413288970632164,0.44143220624758917,0.41702010342238294,0.5193345288205786,0.5135864595766353,-0.011257933771071565
10,8828308635fffff,20.009777601316518,0.6212445245652428,0.5312770644214612,0.3031834097389348,0.5301729256803547,0.4852070092940534,-0.06813291942566477
10,8828308753fffff,19.957591156217834,0.6084381881670788,0.4743993624925947,0.3151664121963897,0.6074335702868355,0.47054412617717556,-0.03255865713844439
10,882830844dfffff,19.977233317270773,0.6684096504356966,0.5359512762969729,0.36893167731455756,0.5952109918306402,0.49377531700137234,-0.07902975973596826
10,8828308017fffff,19.945732777444892,0.7196165312439143,0.5960470442456158,0.3613677934506111,0.49297573813514317,0.5368806259506035,-0.06491685518354742
10,882830919dfffff,19.928637602532344,0.48356736648708354,0.3706121831021755,0.42358707810501345,0.49227327630155293,0.5915623322018448,0.047220432415648675
10,88283080edfffff,19.998849873091924,0.7009248333231138,0.5808207264773333,0.3432525308195161,0.4552037454228212,0.531109360125111,-0.008192681413573358
10,882830871bfffff,20.037460242334145,0.5485601178899839,0.43895702881695275,0.41073193370230265,0.5097311637486519,0.4851882300598408,0.08119250776181036
10,8828308713fffff,19.94418793988517,0.6423163146314901,0.5095623404270102,0.3905855351148486,0.5030050555960944,0.5903893247764619,0.03085585687476121
10,882830803dfffff,19.942139861085593,0.6868224774703915,0.3564578610454363,0.35654425093374514,0.42780312058722714,0.5928516013393936,0.039051672037476504
10,8828308015fffff,20.118901617271295,0.6486163411839783,0.5199112563449435,0.3433416769597119,0.4734106311331764,0.5083881448354045,0.01864787408327598
10,8828308037fffff,19.979965255421607,0.5920646668904521,0.4494318204718535,0.36875043190074863,0.4260104510263976,0.556459911224837,0.025318949039182807
10,88283091d3fffff,20.01319011007719,0.6501412116155803,0.33461010287723614,0.3253459388183261,0.4209661626825312,0.46460119752262685,-0.037340772492135604
10,8828308719fffff,20.045967623004774,0.7009327091683166,0.4460959247283745,0.3545539758607782,0.5531955627518281,0.4859990615902655,-0.09351165489309549
10,8828309443fffff,20.040573175205374,0.6432059568428158,0.44790067689677987,0.3786208649180321,0.4588038980695811,0.5104327530813747,0.07555630474069995
10,882830940bfffff,19.990307260724958,0.7339609813161734,0.31277335376721616,0.37211527280596873,0.48673734152590487,0.49560700477908576,0.04227326407033253
10,8828308629fffff,20.026109593104003,0.7646379214605368,0.4510949917807083,0.41344321667945216,0.6019521069703003,0.4994791986070638,0.06281770673055116
10,8828308445fffff,19.970916680760308,0.595654377585537,0.4477317859415,0.257220865831151,0.506107979882095,0.5114709057775604,-0.12906172848535571
10,8828309405fffff,19.971947251842714,0.7649346485097352,0.38639282790977475,0.41182545338184723,0.5456403758664305,0.5273780006181997,-0.031981002864397375
10,8828309403fffff,19.909262961290377,0.6902467664234583,0.4984155238263203,0.42769942495940355,0.4722484224770197,0.44191511787822035,0.022243823891246666
10,88283090adfffff,20.037313561557454,0.7591092234737205,0.4592025887573583,0.3378311129533414,0.5951701754346305,0.45155167421406606,-0.0577552734207765
10,8828308269fffff,20.079662832349253,0.8457880473105097,0.2928547497290962,0.4438659000320761,0.5018913606080091,0.5113612727588169,-0.04748404340697261
10,88283090a3fffff,19.976600055005342,0.6368085657027146,0.4443449175020777,0.41951271454162203,0.5444455528226143,0.5492800842802805,-0.03689306835335619
10,8828309419fffff,20.00141518975456,0.7036404624190202,0.39757764225813275,0.39810029745540754,0.46172049094290113,0.4998009486954233,-0.054087136491887226
10,8828309447fffff,19.98329541304594,0.6946665761003811,0.44772212286698604,0.38155793828146695,0.45807993464711166,0.565396142882276,0.029398899820027732
11,8828308249fffff,21.50646553580148,0.6966707962417171,0.36035667993535503,0.32614263750361033,0.4314823400454676,0.35369904575628075,-0.05119679476813462
11,8828309195fffff,21.132894416591796,0.7171240498871843,0.4165615254785876,0.48394889169938515,0.5160456003257211,0.5904872633372008,-0.08958280505122304
11,8828309407fffff,21.970768878227542,0.6971081103024854,0.3853378310338311,0.5086334660061638,0.4750658474378458,0.48524039630628024,-0.08484633593461295
11,8828308245fffff,20.88074889213993,0.6245733305756832,0.3570222670670265,0.47607324623145714,0.5044551598749,0.33667231864396374,0.028238509397949016
11,8828309453fffff,21.25950425997806,0.7883539958459476,0.5622510217368256,0.2955583923366833,0.5102717125571306,0.5299325719674177,-0.0927465655146924
11,88283081cbfffff,21.631866704938837,0.6077254634234095,0.4633113537776355,0.38785958969247675,0.5515772536709856,0.47416310707432424,0.004381050493824021
11,8828309415fffff,22.24113351394369,0.7618403770551568,0.405757996043963,0.400522163451041,0.5509385893034286,0.45714646170496626,-0.15145404920941818
11,8828309451fffff,20.753183147530656,0.6446041237684333,0.4300547902823287,0.3678055076550513,0.37812984874770267,0.3722548763049637,-0.04638292488134522
11,8828308623fffff,20.85659108827346,0.6234719540359589,0.5139190430804558,0.32867019674860853,0.5317556729231881,0.3446535893389365,-0.11524544800595474
11,88283081ddfffff,21.155901732688637,0.6382207838905771,0.523346238430964,0.38281610764931595,0.5070651434230914,0.48687584434104947,-0.06542321310851362
11,8828308625fffff,20.781611147623956,0.663225390459934,0.4453665624156248,0.3420489863914035,0.5089673386452581,0.37002749537451923,-0.11157254813203506
11,8828308627fffff,21.16749566037344,0.6033825080275358,0.4815929268778959,0.43607468644064223,0.56755869505604,0.5005376868157048,-0.07028429828668675
11,882830945dfffff,20.36576541230895,0.598361469098337,0.4552972311883783,0.39786418163323795,0.4303328122176492,0.48797984632468516,0.09098334681904366
11,88283080e5fffff,21.45125491688125,0.6893821812757135,0.47088654495990423,0.3967386878898176,0.4846609262277497,0.43622964607464654,-0.005223703477654891
11,88283080e1fffff,21.4377830563444,0.7206313476642787,0.5613086920188661,0.34461021381346146,0.4878481558005013,0.46845799899417606,-0.03535968675133469
11,88283080e9fffff,21.036017054887775,0.6462066031238349,0.5234482537604945,0.41977262376698465,0.5029008542454037,0.4331290777349176,-0.01277489605061004
11,88283091d7fffff,22.38029674996055,0.5645621567343274,0.37442941165088645,0.31440603611004814,0.609176387057117,0.48564223719951183,0.01610925537063862
11,882830940dfffff,21.126115661216513,0.6493193917803128,0.46761513246942493,0.5055229455260041,0.4431997497848123,0.4338073135771957,0.07029881153761072
11,8828308621fffff,20.580171693370314,0.6119596307952501,0.5373576174732366,0.46644690233205705,0.49857415147671974,0.37074262617783743,-0.010928266680008555
11,88283081d1fffff,20.91957467827029,0.65337741471837,0.5781606202098577,0.3535085434700936,0.48856676155545326,0.43108981629104376,-0.06559185555157865
11,8828309455fffff,20.737680882132086,0.7039469279299911,0.4890722214442794,0.36635548782039135,0.41383051694823025,0.44553752062746244,-0.04685061687455135
11,8828308241fffff,21.440189246982627,0.6722088539353307,0.4048746193505001,0.43929003965054586,0.49908484609856696,0.47652172301727086,-0.04747548075998988
11,8828309457fffff,21.170106610540252,0.6157934600276771,0.35862568763991604,0.384220474690544,0.47115950801433265,0.4454361256836383,-0.15948448707273355
11,88283081dbfffff,21.25164130521851,0.732232310440591,0.463385346554507,0.33876736968829824,0.47191950020379825,0.5621752705906515,0.055085635323287904
11,88283090a7fffff,21.440816356230428,0.7389973262901541,0.4418393643808195,0.3316744463945587,0.4921411896377163,0.36406029934772216,-0.05582327247666912
11,8828309197fffff,20.74719411830136,0.7260888397238866,0.40619142602419883,0.44023151808403227,0.5092026795894475,0.5376086114083707,-0.08774160786975857
11,882830862bfffff,20.47184232926463,0.5858869304626304,0.49435882992171015,0.40135934610174945,0.5557359365154135,0.41910757065638743,-0.1115279358604171
11,8828309193fffff,21.08100872338976,0.6327870366209296,0.40288072449818396,0.46613959979863145,0.4450069857539063,0.45019737221721173,-0.06288184987348903
11,8828308031fffff,22.158245907454322,0.6764822337029226,0.5886110064015971,0.4497150916095086,0.41092055967346885,0.48585410510163984,-0.0662943903275123
11,8828309199fffff,21.96386344709164,0.7085754364158283,0.5262413878498078,0.4172826167102273,0.5180365908063878,0.44929426426476804,-0.025164243254686778
11,8828308033fffff,21.706499707558027,0.7299585915869399,0.5419836002997662,0.4020937864343397,0.4923866356057457,0.39436314882361584,0.03588541561346607
11,8828309401fffff,21.464834793746494,0.6093941128913953,0.40591521011536846,0.40023020095493955,0.5001504998600058,0.5431349220817164,-0.11573978509602478
11,88283080e7fffff,21.51310003324626,0.7319325095926488,0.5051834133650664,0.3289672524149665,0.5326358049064178,0.4751194311532383,0.036764336972984216
11,8828308449fffff,21.506839135930093,0.6302538428888481,0.5885380952518573,0.2991689797895908,0.5102009959065676,0.4358694452302134,-0.10965440362514689
11,882830824dfffff,21.275568178788152,0.6419123583271741,0.42779962083331347,0.4568306818412356,0.45704530467451393,0.44616373939343557,-0.08871791302490757
11,88283090a1fffff,21.551762729027732,0.6281245851184845,0.4709436265125179,0.34561324456714587,0.5423243245883801,0.49536708342645475,-0.05459064205805632
11,882830844bfffff,21.906613796831525,0.6421539573256533,0.4804145253806935,0.45686904672028794,0.4284129243493559,0.3552703331471355,-0.046386256041292206
11,882830862dfffff,20.47762520926821,0.7040513716714929,0.61088819913419,0.41603940295118397,0.4408129916584672,0.43819352067041517,-0.050577938946809745
11,8828308035fffff,22.11743604141612,0.6057084525581151,0.4726483378355466,0.40999779297839245,0.5975880654086316,0.5099379033270861,-0.03552793445090963
11,8828309409fffff,20.951256024347337,0.7706822301050565,0.45212366693108164,0.4144755395888645,0.5205585412825497,0.4566403664384979,-0.08182157549869978
11,882830863dfffff,20.884634462617022,0.6447942862926502,0.48017664361454127,0.44379036550375056,0.5782658866961393,0.3263424248800537,-0.08173077515951743
11,8828308711fffff,21.428237861279605,0.6048524128637498,0.4236162230834284,0.4092933473539594,0.5254016960169512,0.46687641898437965,-0.06791755469465216
11,88283081d9fffff,21.342234488866627,0.6375937740898386,0.463635593197542,0.3087231104708797,0.4671483581040816,0.447067561983542,0.03884977340096982
11,88283090a5fffff,21.819892619536372,0.7017528153428214,0.4347946316482907,0.3955223064089038,0.5968852075863305,0.4800108197149046,-0.058336560770143646
11,882830919bfffff,21.430271350837856,0.688898527609879,0.4015996284968345,0.4360224382779698,0.5600482434719648,0.5064000245242848,-0.05944775389001558
11,8828309439fffff,22.346502339396675,0.6366604589646045,0.38312468116439774,0.4726320680335889,0.5507415885849193,0.5138625619273625,-0.11057380389034266
11,8828309191fffff,21.36040946138349,0.6651648795500864,0.3576456754490844,0.4010272217652013,0.5305667658685524,0.5041324007765723,-0.05658613166145838
11,8828309411fffff,21.953649688185017,0.7454746610386677,0.41515151578017073,0.48974242023301084,0.48628870210662767,0.45863069139007345,-0.04465299095387534
11,8828308441fffff,22.11826820570134,0.7359600976864389,0.43855396053682366,0.4131179036767529,0.5532906735153715,0.5143604951498095,-0.12267828214115864
11,882830803bfffff,21.910752787236067,0.6600519040684253,0.49642238029190433,0.3821984512202573,0.46970698246163667,0.4376613790524657,0.014197203208188694
11,8828308039fffff,22.300083273617616,0.6298904491706746,0.4825998868312549,0.4435625983790874,0.47479444481919947,0.4938337134116405,-0.0350880923719143
11,882830941dfffff,21.73075527968795,0.6871024740610718,0.362800901580003,0.39894247728093135,0.5622196378543005,0.42097580542431445,-0.08470329418095718
11,8828308635fffff,21.332195189036952,0.6058669531629398,0.5353889779111658,0.3798408785006836,0.5345535169236215,0.46967512621169505,-0.0569019686808136
11,8828308753fffff,20.93569032774789,0.6972067201234641,0.46401068521497263,0.37256584829548395,0.5029913341792445,0.40456590137222603,-0.06940398277737367
11,882830844dfffff,21.61270579497814,0.6001414839079978,0.5010800225511375,0.3881708382100386,0.5024986535173113,0.4072227180450137,-0.008192725884741708
11,8828308017fffff,21.437156077121795,0.6629257284593095,0.5250565566830402,0.3454366511807461,0.39198392181635,0.3932056021530398,-0.01958783694786837
11,882830919dfffff,21.72797918044522,0.6433010906933029,0.4237863135052884,0.42844490700453935,0.5470158037680335,0.46944394763269215,0.04426369009910016
11,88283080edfffff,21.49842136641874,0.6619734553210077,0.4880125375807686,0.34345261079209927,0.5495904483815025,0.4250726049713007,-0.03987599976286277
11,882830871bfffff,21.282177515765436,0.6591866616907155,0.3970101123816738,0.3118800477249117,0.5773407959516099,0.4815226957931105,-0.04038173248030177
11,8828308713fffff,21.658225200939842,0.6798535578012406,0.3909618615560673,0.3244968601378997,0.43489770516059895,0.4710753565975826,-0.14988271796626798
11,882830803dfffff,22.579212015045933,0.6980191989610736,0.583118400238992,0.38645598032125805,0.4214479228455918,0.38434999049763685,-0.07721976021664871
11,8828308015fffff,21.74189961023074,0.6319230094746265,0.4443633757802384,0.32144493808883046,0.39943037035886747,0.4549397762948898,-0.08127600873054991
11,8828308037fffff,21.7193419446183,0.711826912947068,0.5216647976728752,0.36874500243261676,0.5515732710148593,0.394864490785014,-0.08435702578468135
11,88283091d3fffff,22.25214642772241,0.5900458017538828,0.4439921303840606,0.33666731952387513,0.49741155147479726,0.4038393202605942,-0.04020725790116393
11,8828308719fffff,21.243584730104455,0.6717219451843712,0.4965848465286525,0.4606209918137186,0.4466106688759012,0.3458821685162002,-0.05539955767548692
11,8828309443fffff,20.41012199039806,0.6141195509841402,0.4669711191329995,0.37049130381973355,0.49182948962117035,0.41060016316826187,-0.026953175938348378
11,882830940bfffff,21.35336748051776,0.6200097156701668,0.5014528605005025,0.396789412587315,0.4833792824948377,0.47586828981753565,-0.001972568252754686
11,8828308629fffff,20.140563710404134,0.7028339549323603,0.4369330159681065,0.30632805592896734,0.49664670336504557,0.31955790530025224,0.001121553835710845
11,8828308445fffff,22.08881338192482,0.6588846287300473,0.3993456346228279,0.44268595276362777,0.36747249921974623,0.42820790346163773,-0.07886821706978613
11,8828309405fffff,21.543291367583777,0.6687199547408166,0.39562638429872476,0.4241635120165527,0.44445777016330457,0.3652258445249876,-0.0799567255522057
11,8828309403fffff,21.88491629744998,0.672568702397494,0.45359875886190687,0.5626158659619668,0.41983836546725833,0.44420806982105254,0.016011010125353636
11,88283090adfffff,21.922694045883194,0.7021478950437275,0.5410262716700258,0.4382766201149357,0.5371665691800293,0.41320649449818136,-0.05285982798838818
11,8828308269fffff,20.538997907515263,0.7510044652418186,0.3756195589988514,0.3317881236127803,0.47476193236405456,0.5133607408226375,-0.026894370273701895
11,88283090a3fffff,21.388400198786318,0.6017332345633376,0.47607957309894366,0.3930721236931292,0.5673743934098321,0.45829721025067294,-0.10730120282587906
11,8828309419fffff,21.497787789165194,0.6469074845291132,0.4258897812292989,0.44653288161513827,0.433314799885813,0.4089051036976671,-0.03986078317982391
11,8828309447fffff,20.72856926028119,0.6206979836493126,0.491279252247553,0.4420628235922633,0.4426487059476046,0.44490386784093366,-0.05900510383037243
