timestep,cell_id,temperature,humidity,vegetation_density,water_availability,soil_quality,biodiversity_index,carbon_flux
0,8828308033fffff,19.959668339997023,0.49377168412592504,0.49379242593559675,0.45991377968766184,0.6352287155408982,0.4705513693190429,0.05651727514681326
0,882830844bfffff,19.97514281990472,0.5871045666811798,0.47184194701576665,0.5015832214001164,0.5856774794200086,0.49384692403902475,-0.019837764522213516
0,8828309191fffff,20.01875487087914,0.6149406263991579,0.49282469044876764,0.4958895425601204,0.584131304887475,0.498650693486516,-0.01711938043270801
0,8828309401fffff,20.03220028180646,0.6384430026055979,0.43458411697262755,0.5039730068373949,0.6382501067118418,0.3863356329116545,-0.026044804569257996
0,8828308623fffff,20.012821761528908,0.4969954839792545,0.4583184025905671,0.5267531027051273,0.5259554519539799,0.6364459554640634,-0.007064754555968746
0,8828308753fffff,20.032700972657356,0.598527780335172,0.48589432686388756,0.5515659092306746,0.5963315159484284,0.42562244333951066,-0.09945342159988226
0,882830940bfffff,19.93688304382742,0.6505299405443694,0.5152888660184343,0.4861475840920836,0.627203861153961,0.5153161389369296,0.057216140365860084
0,8828308719fffff,19.967598263312613,0.6335258155846912,0.5218282548461147,0.5982264446722783,0.6491198190221185,0.489854162159398,0.05027816566083069
0,882830803bfffff,20.046364965430058,0.5459333019847681,0.5430264505518418,0.42074858849551283,0.5174697773132819,0.4859697274149865,0.012947434552770946
0,88283091d3fffff,20.013363131460796,0.6185564578882409,0.5361221800868915,0.4940303576797755,0.5685443494399933,0.47113423832620355,0.04236226505139957
0,8828309195fffff,19.942693478879473,0.595189636512444,0.5200985060516125,0.5544612550326563,0.6186221950563495,0.5028664958947368,-0.013031769507365724
0,8828308635fffff,19.930492417879293,0.6256400377326286,0.49248704952041394,0.51761583253533,0.57018220035588,0.47608605958824046,0.029542057467665885
0,8828308241fffff,20.041684713899592,0.5972175451452473,0.5142536006318319,0.5098632117527032,0.5613884489867127,0.428267490028651,0.0005519922182035565
0,8828309411fffff,20.00544861635187,0.651092548375882,0.6158634548767793,0.4899090071417308,0.55002587453063,0.4860369159432582,0.0009411926381728231
0,8828308711fffff,19.971755269983387,0.5627877494007457,0.5277464412908718,0.503363849541558,0.5922799428399533,0.45868147428809003,0.04216128396751894
0,882830919bfffff,19.961587711520362,0.6236098481313838,0.43238993192130115,0.5480145783600394,0.6118964290215644,0.5484979411360278,0.010163237789393011
0,88283090a5fffff,20.048524413787973,0.6604127224217661,0.494921664373413,0.5072237685530836,0.5428743395740295,0.5228085643882759,0.04646735649362031
0,882830803dfffff,19.95458470052296,0.5058629493730796,0.5295856707636679,0.5117548576729232,0.5716884550501005,0.3878489940213501,0.046727675938483565
0,882830824dfffff,19.94479115172728,0.6629496779344102,0.555222744902267,0.47576525903448535,0.5826795131211978,0.5047138429749765,0.0373701286695994
0,8828308245fffff,19.928028914354684,0.5612871431362466,0.4751341897798935,0.5674872557200009,0.5539641266505981,0.3924516366972901,-0.11621768698052742
0,8828308713fffff,19.96653241826408,0.6534490572182513,0.5461908054254438,0.5218944940611463,0.5859866379181208,0.43829822216157727,0.0006430511236041113
0,8828309409fffff,20.02714784255829,0.5945743872080951,0.5417701911171324,0.5160160226866067,0.6503832670032128,0.5346141106561652,0.0032172549471765617
0,8828309455fffff,19.96342461466434,0.577653529515896,0.4072700026084647,0.5593840710516977,0.6036123337257051,0.43922285723588544,-0.08148919162934583
0,8828309419fffff,20.00113424137268,0.5663888042355334,0.5194957705639012,0.5277620872186106,0.6378027646315786,0.5031638889312754,0.016992553510299935
0,88283091d7fffff,19.98763484339625,0.6024935347727832,0.5159066390204577,0.44541565350336015,0.5822161819584184,0.5267756412010165,0.011152434081110107
0,8828308017fffff,19.955227237014725,0.561402864931718,0.5491943182354727,0.6203848056103393,0.6344946242530639,0.47692576120266705,0.008876043215636053
0,88283090a1fffff,19.965478089731768,0.6456726582999435,0.5159204608393015,0.4994513651887648,0.6304118974916793,0.4795326182971331,0.07171677978624108
0,8828308449fffff,20.14868049029745,0.6122575912326577,0.46058146381442344,0.5088069003255018,0.5834539708533164,0.4487696087588369,-0.028746434267617745
0,8828308629fffff,20.0505555373541,0.6326266248180943,0.5171492796393569,0.5058625365960978,0.5835387864350706,0.5198739099106022,0.09115412759937215
0,8828309451fffff,19.917847604796314,0.5257141251244036,0.5432078028408012,0.4244094893052102,0.5141539773785357,0.4379103206263872,-0.09599462292356314
0,8828309443fffff,20.047800955473434,0.6196009310637888,0.47584848676428243,0.5254169244558973,0.5722515821603017,0.5889047999342696,-0.12042542462543832
0,8828309415fffff,20.010393697890343,0.6449662671287141,0.5066819291601584,0.6311247899496537,0.4951698886248184,0.4254994493656947,0.006904968474700269
0,8828308445fffff,19.950252316466234,0.5787120067157236,0.4227315409654444,0.5330693909190718,0.6622904227925028,0.5095024186199967,-0.15995746186839122
0,8828308039fffff,19.912371782621012,0.5942712252603309,0.5667235513357247,0.541277803721787,0.6005047350785985,0.44933457549838524,0.05859590573403761
0,8828308627fffff,20.001085600985085,0.5634327675586959,0.5664766953422457,0.5691612730406015,0.5679001565675896,0.5358291193912882,-0.026101595618045387
0,88283080e9fffff,19.9702284479395,0.6220402311907354,0.448286739262285,0.5461575423838925,0.5260079405594391,0.4861481501341609,0.039921150268286756
0,8828308037fffff,20.024607706738593,0.7178906157312507,0.41297450178218476,0.5109835041533075,0.647183583760018,0.5329016387259716,-0.03383140745722962
0,88283080e7fffff,19.982620292207386,0.6153728699373361,0.4635313516917258,0.4606236671930231,0.6529932593380849,0.4363103691265215,0.07317328869479336
0,88283090a3fffff,19.95093677802766,0.5527765368307821,0.4380295093350457,0.5663375741727374,0.5575588913690868,0.5015708757815224,0.06732328756697935
0,882830862bfffff,20.03994905584527,0.644200953950709,0.5355061357344376,0.5979768125339943,0.5135652570219339,0.5718016035188676,-0.058896363357974706
0,88283080e1fffff,19.995242010429035,0.6642051895924331,0.5076579073779883,0.6315850343105589,0.5871349705171219,0.4323580050864662,0.0264342765752016
0,88283081d1fffff,19.975222068460383,0.5912163524691204,0.47849308322332834,0.5850317534605465,0.6433433772023205,0.5171644023903238,0.004461193243810375
0,8828309457fffff,20.001183791487527,0.5630455274861582,0.5709179360394192,0.49817474567446635,0.6806133849819668,0.45912634037230066,-0.022846382254473052
0,88283080edfffff,19.887470918181624,0.5471370725285674,0.4071973090296909,0.5655332829961366,0.6140172342419765,0.4874378500645802,0.062991396264626
0,8828308269fffff,19.897914439204325,0.6613780258610931,0.48928228796789497,0.49459255308531863,0.5920492676269025,0.4380415887286705,0.0006887090402659633
0,882830940dfffff,19.961383263600943,0.5642563958594032,0.5174700644549137,0.495687853948838,0.5811476287470356,0.5024033680320726,0.044148633537767414
0,8828308621fffff,20.00400241233089,0.734416872910618,0.53650897147511,0.489055695758929,0.6212267228015441,0.4885148295680089,-0.09647627057428022
0,8828308625fffff,20.112772462911668,0.5112219065173178,0.5112455196451136,0.48303075544283774,0.578422819395013,0.4201080948673843,-0.019136809641954036
0,8828309193fffff,20.071963368848085,0.6102764370659315,0.5242345135425591,0.43171364163032444,0.691688158252465,0.528049257909259,-0.0400130484072769
0,882830863dfffff,20.068371109831745,0.6272491638987405,0.6298732882874417,0.4930844535151183,0.5810256050318775,0.4561999154997809,-0.08923541046369066
0,8828309447fffff,19.946189256482565,0.5880830509541106,0.4962948683949375,0.4494093719779808,0.5734256543679543,0.42298609856772007,0.10420989569292821
0,8828308031fffff,20.024161278365643,0.6410158758563876,0.4782791844905373,0.5584419003109782,0.6168814323730502,0.43652679604947375,0.028873518819948943
0,88283081ddfffff,19.993484908361065,0.6489465676901514,0.5521764267088982,0.5438503588528939,0.5913563519334886,0.5734577154578197,0.0002608973244127796
0,882830941dfffff,20.06783175703764,0.6727127613747661,0.48987839181043286,0.4403261627635485,0.5881470456687525,0.5453627318442482,-0.20690070538860855
0,8828309405fffff,20.020146134924662,0.4752196630428588,0.5081418318499985,0.5617609371127111,0.5364928460852925,0.5887520889320029,-0.003929645469507811
0,88283081d9fffff,20.075539492056592,0.6087136111408837,0.4988192398135705,0.5759967591598776,0.6388607407539418,0.5994607109669549,0.05281004562989586
0,8828309197fffff,19.922118441083306,0.5661988377464056,0.5618769916708066,0.5681031012947495,0.5712825584650497,0.4727342184722812,0.03933955631474052
0,882830945dfffff,19.968686508959582,0.5992628768265463,0.48032719403714613,0.4628717440910215,0.5225721708974849,0.5476204014987219,0.022454984721823848
0,8828309199fffff,19.94628628118032,0.6378903295653369,0.5786433716155537,0.6044355730145152,0.5877009700880991,0.4178627264488801,0.00825883780174577
0,882830862dfffff,20.02664787713059,0.5587704292415573,0.5270936659486923,0.5343721742304032,0.5737087889484305,0.4672567865625396,0.017509302702578573
0,88283090a7fffff,20.113188936324487,0.7031389926214048,0.46989907834550654,0.5057107451488362,0.6171665941274659,0.5044390184200295,0.04082323992309203
0,8828309453fffff,19.97559671992091,0.5752204559567061,0.5937063852169163,0.5041993984102482,0.5560278137115588,0.5434017765049369,-0.021088608822636412
0,8828309439fffff,19.96880001082211,0.6703937655940809,0.46224543446061284,0.4795768219686704,0.6711205779164211,0.5389276209885221,-0.10894528367361155
0,8828308441fffff,19.98309176021755,0.5542602180009486,0.5246007200481358,0.5603055750147805,0.615331914708211,0.514951386522195,0.038107154442217225
0,88283090adfffff,19.965755793221973,0.6196530852678847,0.5033190969409274,0.5034588771976577,0.5049140710063362,0.5472544860273477,-0.06724085819208486
0,8828308249fffff,19.988498838816724,0.6160670745928685,0.511043722873274,0.5206360544309797,0.6867252289117144,0.48726821319399344,0.0247223460340643
0,8828308015fffff,19.928844169163188,0.6108717424753985,0.49391248545394745,0.5176676412519584,0.6541365088288759,0.5402611368831729,0.042040754454275804
0,8828309407fffff,19.943601803165087,0.5606774573450081,0.4895709743132201,0.5229910413849316,0.5663570605797428,0.5797698880868933,-0.005343432745686286
0,882830871bfffff,19.97310107207648,0.6364012024013849,0.45396935697842916,0.5144131407154496,0.5363433353565416,0.49968936161550065,0.003334712171928567
0,882830844dfffff,20.015516236720092,0.6936246198490744,0.4879438033948781,0.5438619183804243,0.6082146821230012,0.5323493122270062,0.03578392574748657
0,8828308035fffff,20.029408142569782,0.5758909941196662,0.45801354702631225,0.5854730792279703,0.5083770843345815,0.4097165162996701,-0.011683973070145551
0,88283081cbfffff,19.938227625841687,0.5524908799011736,0.48630850224545635,0.4959907034074825,0.598662502695134,0.5773241919520015,-0.03884505719502774
0,88283081dbfffff,19.993119495479597,0.6681243448702083,0.500053951082454,0.456939029935123,0.6373371188895226,0.46902941541979426,-0.023018239229180826
0,882830919dfffff,19.98104269722933,0.5646114867886278,0.47878782176984364,0.5605948336545865,0.5394863467682776,0.46167331152772284,-0.12874234198176918
0,8828309403fffff,19.99787541882977,0.6126367648926397,0.4985009964015029,0.5540990924469731,0.6206177639087765,0.45634724567575213,-0.0017991147978448409
0,88283080e5fffff,20.00313924541452,0.5771623758620936,0.46674200276531064,0.5238088384052678,0.5895008700563713,0.4642420434181237,-0.02981620875937274
1,8828308033fffff,21.633159703917794,0.6658517928664691,0.4570940062474473,0.7177347572996176,0.6302367427704965,0.5885979754583309,0.016707982715020987
1,882830844bfffff,21.830451079244913,0.49843199761346724,0.5179357794372845,0.6209237999561241,0.6275159372754011,0.5934160255191013,0.05061810127480761
1,8828309191fffff,21.327446570926707,0.6261052251779395,0.6315461538116411,0.556047997034185,0.668427301867222,0.532323579758069,0.10683746284046752
1,8828309401fffff,21.535039236192855,0.6672084435275586,0.5650650735842238,0.5630894715363641,0.7225943852866803,0.45598442878237544,0.11646772677898805
1,8828308623fffff,20.786753576315185,0.6652631430238266,0.5593578057747574,0.6512297421525162,0.576346717647664,0.6370649498187957,0.10898614043827222
1,8828308753fffff,20.860935450290157,0.7236875535974795,0.496594047179321,0.7669332537332018,0.6613074741779089,0.4877531359451539,0.0984724325944128
1,882830940bfffff,21.278723061995585,0.655957250536122,0.5595510928636713,0.6474851675004412,0.6302740468087766,0.5253019070955176,0.05280477728719225
1,8828308719fffff,21.246102580182495,0.6366299822973989,0.49673203737480115,0.6650704134444976,0.5940406198083982,0.5333559348268325,0.140108475487693
1,882830803bfffff,21.83490053295187,0.677147234171583,0.5235719830865806,0.7543015989979065,0.6439170083996217,0.5962644124196348,0.031014407969477
1,88283091d3fffff,22.24519666722513,0.6192749641422072,0.4731441698280077,0.6267032146386627,0.6358485345342396,0.5317212184004441,-0.058032224143563
1,8828309195fffff,21.188104954165553,0.6112915955686963,0.5758438625899477,0.4683888320293095,0.7139381355001811,0.5382942169793294,0.126260068148765
1,8828308635fffff,21.257200476788064,0.5299076501863222,0.5374048513176165,0.7101505702843391,0.5206396895674648,0.5649383757425903,0.050061848273659386
1,8828308241fffff,21.48852503794074,0.6280283355868657,0.559994302199613,0.5829695871061761,0.6832985663646561,0.5690862708910207,-0.050909374208970126
1,8828309411fffff,21.935703932219727,0.7333305435917866,0.5052754045354582,0.5042504971605357,0.5673868032210333,0.46486688108059393,0.052800530170791275
1,8828308711fffff,21.435828570521636,0.7814729322168028,0.46776849062887743,0.7090307524170044,0.5752509426082205,0.5185631129096566,0.04529382448715659
1,882830919bfffff,21.51338982310669,0.6270973867575218,0.5434037987127913,0.6074256092579379,0.6169496240922732,0.5564175273716255,0.10753579770351654
1,88283090a5fffff,21.84972130328467,0.6266481982247643,0.5548784333102452,0.7457758367663875,0.649355027524304,0.4206692868580369,0.005173788091176898
1,882830803dfffff,22.55958921733313,0.7260910790395438,0.46875620154053854,0.6016874213586971,0.5987276679274316,0.5518115559026783,0.16204027618733186
1,882830824dfffff,21.342676326110237,0.61169274095195,0.5537385136482684,0.5762284896830799,0.6672094818236045,0.5944106870164627,0.07692767217062618
1,8828308245fffff,21.042573618850493,0.7284228709611488,0.6941734867438659,0.5489624011913806,0.6611305933067675,0.5339415988708073,-0.011717581003819436
1,8828308713fffff,21.605198396882578,0.6614746456611579,0.4478872160572608,0.6890449979078913,0.6709717262677924,0.6013670598912144,0.015223855938853892
1,8828309409fffff,20.944563211154307,0.6126065239564553,0.5200024763165944,0.6524885421611605,0.6733618720405983,0.5355133545680004,0.08293046644709323
1,8828309455fffff,20.784971605008675,0.5877199618713262,0.6700323881755298,0.6272715204173105,0.6245378031799265,0.5113680352492977,0.044076497115013345
1,8828309419fffff,21.528885411392732,0.6390424969526125,0.6142647608837192,0.6336783308266025,0.7177999437365207,0.5826483154035259,0.04900422937401466
1,88283091d7fffff,22.23206034764077,0.6640263483306811,0.5057567721011659,0.7454599881275558,0.5982964109538165,0.6787305399164941,0.07498245541030985
1,8828308017fffff,21.32607038766409,0.7191696066661379,0.49366923716405586,0.5874546413210605,0.6383645639531386,0.6089883538739621,0.020861351114218288
1,88283090a1fffff,21.516081162761918,0.6490137494628803,0.5815644486572975,0.5956608563878119,0.5502111488307222,0.6545117304326364,0.03516247763433738
1,8828308449fffff,21.42067191358103,0.6289989019907614,0.5397389923214632,0.7182572535701678,0.7155899102745111,0.6137216833995709,0.03318856971115332
1,8828308629fffff,20.178934828896853,0.6704545790784117,0.47269038273625125,0.6915217619104034,0.6002221049477993,0.5555497870501324,0.04060705290926015
1,8828309451fffff,20.784664512394105,0.6832967438368394,0.58129580753955,0.7613959388756854,0.6758627930946867,0.5703131321523087,0.02054248575306508
1,8828309443fffff,20.39518224542011,0.5800890012501649,0.5600539266045441,0.6624738548105136,0.7095604947236962,0.5066196270965498,0.047663665266564625
1,8828309415fffff,22.300960597741142,0.7359350983603542,0.6774106596204272,0.65130411869293,0.5974217906511419,0.4622202393398677,0.0620762821050881
1,8828308445fffff,22.113084821382692,0.6194861017246384,0.5684077305569375,0.7031007758935676,0.6156360488966307,0.5280593222061305,0.06462351082461543
1,8828308039fffff,22.362708632665406,0.6410696199433308,0.5544593732047896,0.6887957752031777,0.6132076842597461,0.4504189274506225,0.06414594993904406
1,8828308627fffff,20.99186682524823,0.5947208763658118,0.5333093649317505,0.7005613079473995,0.6428161177498036,0.5331793668147179,0.08831003297416301
1,88283080e9fffff,21.081660813185366,0.7484256158306731,0.5998586381878752,0.5969354738327769,0.6468279271731346,0.5150757587072013,0.0659096993280687
1,8828308037fffff,21.717140687513304,0.6667906528078036,0.5182857712356236,0.7149180644541695,0.63310334167208,0.5622042527166466,0.0009632518144238669
1,88283080e7fffff,21.558278947325704,0.6531374269758412,0.47410619604827275,0.662551546971373,0.6929139178677317,0.5656698650872524,-0.020353112788496868
1,88283090a3fffff,21.334366479185135,0.6841976725459499,0.6401973638369566,0.622641557344161,0.6527077339158056,0.5529963784549259,0.07219866321947149
1,882830862bfffff,20.39207778044493,0.6856534548201236,0.5902631164567956,0.6379653576988928,0.630345749806072,0.508414180045498,0.0962975307148381
1,88283080e1fffff,21.37746427203849,0.6448752989203719,0.49703031019232813,0.6084746896921029,0.6212370320697963,0.4662983908975412,0.04465840797330963
1,88283081d1fffff,20.925878386393634,0.5795276393290885,0.5702769220491163,0.7659927331950632,0.6415850339292971,0.42424041319657957,0.022814909133509902
1,8828309457fffff,21.157287416849297,0.7162844363933343,0.5416741678296858,0.5631690878620014,0.6456208713655871,0.5352635840304072,0.05357437808252615
1,88283080edfffff,21.500486018431943,0.6531762645783206,0.5572466540250514,0.6878498127423593,0.7006428769826244,0.5976012848451656,0.045646411046212164
1,8828308269fffff,20.512596539222336,0.7007812147541708,0.5903224312136796,0.5315510304036397,0.6377210651697239,0.5641950864403829,0.1017706468016766
1,882830940dfffff,21.149816600819722,0.7239883478766937,0.6058955835080234,0.5940433615174088,0.6061492039040526,0.5447633235765671,0.057801530709710364
1,8828308621fffff,20.53237889480785,0.6710793061672863,0.45970280612255676,0.6575806860852561,0.6167468737075631,0.6220898818384156,0.06117863411897451
1,8828308625fffff,20.864748714126595,0.6972143530119523,0.5663705967617796,0.7367404070794812,0.6344804298799054,0.6163221923425407,0.04903608762298284
1,8828309193fffff,21.060320227697375,0.673166264962199,0.6241139763545931,0.5561622653792221,0.5888015728935845,0.5812627780140378,0.04077691295826451
1,882830863dfffff,20.817009147228326,0.6005423408239858,0.41642354576567636,0.6344423195970551,0.6008468764125368,0.5685745467062314,-0.02928713274245684
1,8828309447fffff,20.68239198163804,0.6698939353483384,0.5217490529312484,0.6562139578773021,0.6350167612591255,0.543266648222159,0.035714655147534274
1,8828308031fffff,22.164250890448162,0.674446048192992,0.5095025719140444,0.7544587238540202,0.5770863418186192,0.526261458244104,0.06399762202134715
1,88283081ddfffff,21.155524836903645,0.6337660125501845,0.5787252600245093,0.7317049600619223,0.668165445887917,0.5561255517353623,0.024023340042541957
1,882830941dfffff,21.704595359552112,0.6655826444094977,0.6067451300732211,0.6150467281866255,0.6003322055071262,0.6098611640486491,0.003645732489652602
1,8828309405fffff,21.586116508052026,0.7524833280233647,0.5070510678279236,0.6212723326475348,0.6459969366882964,0.46230264198466864,0.20722750247264615
1,88283081d9fffff,21.28631917944363,0.6356720210125992,0.4935081337446747,0.727007856980215,0.619679490435944,0.563980173345275,0.05083462088078255
1,8828309197fffff,20.691951029798787,0.6742949466251784,0.5574173496589137,0.5572331546510625,0.6081135767707565,0.5068905649570623,0.08057673473779914
1,882830945dfffff,20.391027915260473,0.6682354381686806,0.5223745611933303,0.6970391467801039,0.6849093881707272,0.6138083285671064,0.06793824614000749
1,8828309199fffff,21.900809624575206,0.6812940953801874,0.5085369668508806,0.6391881477302193,0.7070126425983727,0.43349517588586484,0.04424040775598881
1,882830862dfffff,20.430367924286244,0.693858299945,0.4455803040336394,0.6771282963276639,0.6018035177252145,0.6258567395126204,0.003177853008880356
1,88283090a7fffff,21.506817811022955,0.6998899605596549,0.48108336525535517,0.5799465839405653,0.6811809041211503,0.5400136366097202,0.07568259087617471
1,8828309453fffff,21.135433936379407,0.7181893937049091,0.5615499985774824,0.6508435140074185,0.6508446044196946,0.5292150960954951,0.03321276927128965
1,8828309439fffff,22.376264986125022,0.6756054511514847,0.5661107708234236,0.6158627252061739,0.650869624362665,0.6009517644731874,0.1355396676606773
1,8828308441fffff,21.981765273250097,0.6654286092605164,0.5224829216310992,0.835365684246576,0.5754692929799903,0.513643343135644,0.1160847536715959
1,88283090adfffff,21.97204795828252,0.5335923698567063,0.4778243883552582,0.6496171420118965,0.5981396222213383,0.5543183757921366,0.0685322375122242
1,8828308249fffff,21.605926310367206,0.7025024870507575,0.5848601519606327,0.5304146627353534,0.6037939529993998,0.5273597842336544,0.06588575913313366
1,8828308015fffff,21.796379076710345,0.5878946620899856,0.49278188195837924,0.6804454423687392,0.6825614899536673,0.5944652720279191,0.051031886389674645
1,8828309407fffff,21.98463576559619,0.6040055307033981,0.5490469124440653,0.5226915146112262,0.6731024373786997,0.5114114484562594,0.063377189801997
1,882830871bfffff,21.2466911812073,0.615180567969375,0.5129171347026051,0.760928913228194,0.6337726759632336,0.4818531861236415,-0.03352103064331356
1,882830844dfffff,21.640815665996588,0.6846347171439783,0.47147240023077747,0.7602977743415549,0.6062725400468358,0.6400773108903803,0.11658323388130522
1,8828308035fffff,22.105910228008156,0.6335490819074155,0.4509666449873129,0.755696614803868,0.6353830686333383,0.6187771662189432,0.05450482899716358
1,88283081cbfffff,21.606658981436603,0.6192336068863864,0.5971239721794893,0.6283860951108166,0.6420044581376556,0.5122878395784257,0.020356996391022245
1,88283081dbfffff,21.338006588281427,0.6679009460099855,0.43315262862223336,0.5882706531057766,0.6733535044795469,0.4864322778406822,0.0445251011920017
1,882830919dfffff,21.850436849562545,0.6945184774503564,0.6046950736187511,0.6914109375990416,0.6852221170357509,0.4875074630190046,0.06450239114221933
1,8828309403fffff,21.8740824229064,0.6792884447274011,0.595170039907851,0.46395283463920833,0.5771665135842508,0.5529409383725947,0.050541420688588495
1,88283080e5fffff,21.527591598514444,0.7131773930944673,0.4524067706102528,0.7449333831562044,0.594917135581669,0.6321812583324694,-0.049335953178898016
2,8828308033fffff,22.722754964780087,0.6735491229842444,0.46888555083176814,0.7697597870976711,0.7245418403113644,0.6017413424598631,0.016302639484704222
2,882830844bfffff,22.958168758164327,0.6605568311872014,0.5935867363164508,0.7218381544735392,0.7432261611190261,0.5849847096843942,0.042466272128564596
2,8828309191fffff,22.180684551778413,0.6251890647624591,0.6331331586308285,0.6413595321783296,0.63610360710179,0.5932497216322511,0.03074558943590389
2,8828309401fffff,22.294440309880855,0.7064947542277324,0.5559164792802918,0.5761560686121486,0.675384526938411,0.6065180178742462,-0.08266922819927769
2,8828308623fffff,21.461948332816107,0.7337660400451896,0.46466807132161847,0.7146075992557447,0.6589345674643778,0.6593784070511737,0.00391241425866609
2,8828308753fffff,21.505094024253907,0.6709564673348738,0.486213541289628,0.6803497137446759,0.6726552681817342,0.6512411305411523,0.11015172766934299
2,882830940bfffff,22.081673550327245,0.6643171691643318,0.5839466575862021,0.6502667852083113,0.646888743386663,0.5149629141148145,-0.09059802268610662
2,8828308719fffff,21.96803641258655,0.7185033724990134,0.6422318367107173,0.597788322662363,0.6770743230873998,0.6294587562112053,0.00937194388180943
2,882830803bfffff,22.97776934540454,0.6907354010691955,0.4491972361437572,0.6605771866319968,0.717153303409305,0.64160994416129,0.07618472808725711
2,88283091d3fffff,23.625797548877227,0.6364675402298661,0.6094840167305373,0.7249317560836375,0.6201568685073744,0.5933236904416164,0.023031127508858655
2,8828309195fffff,21.93445617713698,0.675983792505943,0.641193726516159,0.7015514392515537,0.7339465227416982,0.5575441245159158,0.00269603530208174
2,8828308635fffff,22.154094851773703,0.7233157791277094,0.48365390734392544,0.718565414394883,0.7000776769628242,0.6667805152147698,-0.016408664625128726
2,8828308241fffff,22.342069078014493,0.7773630900935877,0.786669268320252,0.5159232836782085,0.6841504253759542,0.5432185916435375,-0.022794137096984118
2,8828309411fffff,23.249193919968334,0.6953010605840658,0.6370456378402188,0.5072388497642955,0.712550485852728,0.5644446370330697,-0.14031973708263945
2,8828308711fffff,22.35411526723545,0.64506294811811,0.5766521824687058,0.6642346732764208,0.5970893679560767,0.723949784795521,-0.10858934039341422
2,882830919bfffff,22.32134651952736,0.7511787529177156,0.5986039070979203,0.6627785972489696,0.6180926497484859,0.6143703189882695,-0.03567756367359672
2,88283090a5fffff,22.976662702086706,0.6487696642329712,0.6018363520869313,0.576952433548229,0.6615576991602353,0.5529937990318327,-0.00547810974150055
2,882830803dfffff,24.174584795981424,0.7453689586778961,0.5397931689812586,0.6007635366388547,0.7095781040089574,0.47914978072793757,-0.0012502172344694433
2,882830824dfffff,22.075866964453066,0.7414929680300161,0.5961797538215579,0.526650889776704,0.5774383536777397,0.5936221404004878,0.007465104642067836
2,8828308245fffff,21.58404058122595,0.6535328181072146,0.7484762804225453,0.6114347653162729,0.7540577551432662,0.5104844182786216,-0.02617164889589008
2,8828308713fffff,22.63592027964221,0.7469564459694747,0.5072615580400752,0.6888969372622038,0.735866895015053,0.6529614656300655,0.028390489129774925
2,8828309409fffff,21.50368540753279,0.5043234239044264,0.6040633335449644,0.5964342095138544,0.6671851691238952,0.5697621686237786,-0.023885303926572652
2,8828309455fffff,21.218699089186984,0.6773147578332867,0.5219447762004841,0.6173328005202201,0.6876891427869334,0.655008371367133,0.0030712712869518394
2,8828309419fffff,22.512427288844783,0.6873370295258807,0.6657884059819001,0.6003916995203725,0.6590158005888861,0.5641441245752548,0.01645047820675072
2,88283091d7fffff,23.718995764022104,0.5880959663875055,0.5731286724654523,0.6806500177611366,0.7715214100673919,0.6123462673469616,-0.03107174011140366
2,8828308017fffff,22.106642644882214,0.6487559140093287,0.46863872620833,0.5549074906755296,0.7349624558840843,0.5907452408015124,0.004560363742940188
2,88283090a1fffff,22.353419987395625,0.7759363576193974,0.5278831202577237,0.6077826268653663,0.6048523561159811,0.5809813425691729,-0.0996459518512755
2,8828308449fffff,22.362059256378636,0.6164298311961577,0.4697300841127428,0.7864396149813834,0.5770199222439987,0.644825630543004,-0.044699162541341146
2,8828308629fffff,20.218976405063856,0.6881573507968253,0.5776333771197719,0.7042920989557415,0.6793117191918042,0.703457642891242,-0.055324595124415704
2,8828309451fffff,21.277164987477576,0.7393476278419333,0.5748667313691047,0.573565330570219,0.6407431275761558,0.602327483750043,-0.07285811213991325
2,8828309443fffff,20.707393842594595,0.6292234993971533,0.4434706504070403,0.5853970003042994,0.6751956421824208,0.6286604581628591,0.047165949731623
2,8828309415fffff,23.617098639770443,0.7622865346913525,0.6955059546619363,0.540392801905342,0.6480365474720386,0.5731306495523149,-0.014821892339762529
2,8828308445fffff,23.414029690279797,0.6989319009294648,0.5809462690689499,0.7012927545013709,0.7484294846896948,0.6049271937975335,-0.014328307551766332
2,8828308039fffff,23.766548428897224,0.6524560396175705,0.5320746843894567,0.5366986990567651,0.6709225964481472,0.6633899571273284,-0.024122496692501473
2,8828308627fffff,21.596008541886093,0.682921459324416,0.5370001148389048,0.6790074997782244,0.7072986790473088,0.7214515435235442,0.015299182267913219
2,88283080e9fffff,21.80432596155689,0.7295500746745552,0.5274173942450154,0.7128809273691661,0.6992531075098262,0.6633823060184941,0.021608357874431192
2,8828308037fffff,22.739673640854956,0.6936095813035315,0.5307238318076198,0.8467805550701484,0.664483246798132,0.5634242766299972,0.05104561842197138
2,88283080e7fffff,22.529256067913515,0.6962749999618271,0.5984208047241449,0.6336588960712034,0.6720581395342166,0.6439481257000669,-0.008310563377143816
2,88283090a3fffff,22.20073855466724,0.6798273875795061,0.6438860751995679,0.5856464322072755,0.5634071952173418,0.5768415433756627,0.04907312692392988
2,882830862bfffff,20.761166883941822,0.6090735225338912,0.5104520397063252,0.6923673378526838,0.6404676384447037,0.6644632941729746,0.029171441385535738
2,88283080e1fffff,22.193020621673604,0.6713323959115077,0.4546530812019751,0.63872083527744,0.6602114195862145,0.7246743005938137,0.016733198610935238
2,88283081d1fffff,21.537365923162923,0.679228351975543,0.42213125667562323,0.7566046971627371,0.6203622301817828,0.5161222454190505,-0.0039000502235702274
2,8828309457fffff,21.849903828210675,0.7030132765161611,0.5816001760970985,0.6067073623229644,0.692641323646408,0.5642771566919897,0.07662146613093912
2,88283080edfffff,22.422365243382135,0.7487646475743823,0.4177190597542295,0.5520372881198632,0.6555718043210234,0.6002991841613811,-0.010911155158013669
2,8828308269fffff,20.938405472680355,0.7121954318167827,0.7061162771344502,0.5792605736856304,0.6188205948641228,0.578488506789155,0.03615388166967017
2,882830940dfffff,21.9044311183075,0.6737229310108767,0.5895945724739481,0.5627718199037486,0.6247221418512622,0.5691500206914089,0.0822177533009798
2,8828308621fffff,20.830869602818428,0.7919569340320068,0.427444722041307,0.6808718232431112,0.7412536190012884,0.7057872880507009,0.046676288302622285
2,8828308625fffff,21.38264764215507,0.7178914874653628,0.5405204614740104,0.6946466799724329,0.7539784294452156,0.6548362087065935,-0.11730363744627667
2,8828309193fffff,21.7301717951877,0.6394907046772561,0.6871582433715849,0.5990555119688381,0.7656957740423154,0.6168389931458119,-0.013906753464641881
2,882830863dfffff,21.410235167546695,0.6894538630407601,0.45437230043027976,0.7620632915255128,0.7285607205368922,0.6847338452126674,0.06957330750398515
2,8828309447fffff,21.201507104584817,0.5881746444428928,0.5722377839800212,0.6350063949911188,0.7377595297188807,0.6013879957901282,0.04141256225680949
2,8828308031fffff,23.517379705480185,0.7644773216773494,0.48296795924036584,0.6740645091522225,0.8310031922699975,0.6060160382159661,-0.06860667067099666
2,88283081ddfffff,21.985666500657643,0.6353911543208204,0.6340578454395958,0.6767565907369888,0.6762367298354973,0.5515464505231863,0.058960983077250215
2,882830941dfffff,22.73120252570853,0.659444468524941,0.7174958647673325,0.5149097364712167,0.7242717572330084,0.5482228182342977,-0.1136521137694386
2,8828309405fffff,22.47531425375394,0.7507913088178196,0.6571054884427882,0.535732576402074,0.6758072515792966,0.5527677115349124,0.02060186824670458
2,88283081d9fffff,22.200393822927655,0.6519081214861627,0.5082754234412546,0.7669275910734841,0.7874937283320496,0.6039605034092438,-0.08135361433995011
2,8828309197fffff,21.2838726296557,0.725177962888472,0.7298482225388575,0.45245954819636397,0.7283929464751979,0.5618974248140853,-0.007284955715994198
2,882830945dfffff,20.508427686342323,0.6812800565141872,0.5535964059491221,0.5972310812924855,0.6981425522073437,0.54148100404615,-0.08680833600482679
2,8828309199fffff,23.005953237837673,0.6836876665905035,0.6452677741866355,0.6291632522802059,0.7672432370950453,0.5610652578336321,0.013666607080089994
2,882830862dfffff,20.624103982168883,0.6769303053421086,0.46658400501367814,0.557616831605105,0.664024646805142,0.6551551528012072,0.026833799391191786
2,88283090a7fffff,22.44485417069959,0.5853889496634819,0.5752301748502808,0.5310155256334746,0.7085000432924824,0.5757640355687738,0.0037147495879871818
2,8828309453fffff,22.008525694170647,0.6595340111242834,0.5473984805826835,0.7111667502984697,0.719244079421807,0.5334849451061242,0.05120345309933422
2,8828309439fffff,23.75486946325808,0.720054122756009,0.6002333246558604,0.5940960956183681,0.7055991274016238,0.6121612129857719,0.008433125285417986
2,8828308441fffff,23.31165069042209,0.6424073426238752,0.5015630068342414,0.7244036377593346,0.6530309179918647,0.6969268132994046,-0.04321701123564345
2,88283090adfffff,23.024599670101814,0.7117711541270381,0.5460039268858746,0.6496588926429077,0.6546225079606178,0.6183641018002066,0.08713548984132133
2,8828308249fffff,22.43782790289379,0.6935543253091463,0.6201557075205695,0.6178029762336207,0.6820289399279383,0.5979594810401757,-0.04724297959185004
2,8828308015fffff,22.83511318916636,0.6768881623257409,0.5633705317120686,0.6209518584640638,0.7114398366524664,0.641933013152003,0.0006988335464429403
2,8828309407fffff,23.17621646747439,0.7350626268630442,0.688571809745393,0.5661582136593507,0.680273711260706,0.5644961717772465,0.015446494147839952
2,882830871bfffff,22.086713999857047,0.694013013642037,0.5583721652883445,0.7371983722810278,0.7195854463067362,0.6646403080038328,-0.02308309110159401
2,882830844dfffff,22.61787004287891,0.6384533445501485,0.5153449648288234,0.6263378128656288,0.6996777201643116,0.6643638292225202,0.00019691687263303118
2,8828308035fffff,23.430607560730394,0.7125978273896646,0.5139567164443473,0.642879023411093,0.6803868685710676,0.5685812374581559,-0.028141404877723854
2,88283081cbfffff,22.610037119269595,0.6870955908010236,0.6561833785806936,0.6810006205408419,0.6927304088290771,0.5860908756113249,0.03099250345586592
2,88283081dbfffff,22.09094297826933,0.6391778984212243,0.496259798445299,0.738059975187368,0.6586785538101377,0.6054486587283067,-0.014523850736131105
2,882830919dfffff,22.808180416623568,0.7361977370939263,0.5692971296433884,0.6275010707276975,0.6920573920336087,0.6228592213812594,0.026340484639581493
2,8828309403fffff,22.99357359255516,0.7337674846463205,0.666280926981862,0.5189756599772279,0.6565685202726683,0.5050344937132758,0.02944583485191266
2,88283080e5fffff,22.34056902729119,0.5821756622463186,0.4441703906646615,0.7549574223196194,0.5907813653504451,0.5869281245318708,-0.09597512006196081
3,8828308033fffff,22.705212050863384,0.6097639713788402,0.4909424002741093,0.4636183140581761,0.6676711085005376,0.6350788771520831,-0.05020242612001427
3,882830844bfffff,22.990290437780956,0.7428451990807055,0.3943304851118497,0.5791156370744537,0.686042179554173,0.6689263968490617,-0.04792007135469861
3,8828309191fffff,22.204979621678866,0.7141503370956401,0.66285570105969,0.5510718771611498,0.760053101335036,0.5671398486614445,-0.003376247143646219
3,8828309401fffff,22.3937520257306,0.6126077435792692,0.6230947164061544,0.4951689620920885,0.7289366796931019,0.6709881801180917,-0.10162025349021893
3,8828308623fffff,21.391513279418326,0.5950473752420884,0.5096676025285126,0.5070062309539501,0.7196209942456894,0.6785826777235816,-0.028077758998629188
3,8828308753fffff,21.449670180690998,0.6209336978551476,0.6593799780586221,0.5132248949466682,0.6290731735271052,0.6497074078745039,-0.07531504863526287
3,882830940bfffff,22.0635161207326,0.6878636005239234,0.5802580103189857,0.5576836678787412,0.6784300770618118,0.7009327277172732,0.010279634556123962
3,8828308719fffff,21.87413132455615,0.6957770202504001,0.49723094425103065,0.5799277823821338,0.7021696297679169,0.6999563555611965,-0.15131186154250503
3,882830803bfffff,23.05042982375981,0.6546642659828483,0.5073019175822548,0.5078788393810706,0.6686594313009655,0.7039159123953751,-0.015733934058134492
3,88283091d3fffff,23.66137051882405,0.588654786336573,0.6672600527047114,0.6073443410918083,0.7267061884264805,0.6210632378704961,-0.06017017874799101
3,8828309195fffff,21.929288695935504,0.6139199334579948,0.5857249600970015,0.5148538686054874,0.7852579400135623,0.5878871151945236,0.042850643074716505
3,8828308635fffff,22.08487576167285,0.5398379373374833,0.5335116716677237,0.6075340263565145,0.6461569811503398,0.750541509566109,-0.11823172318140182
3,8828308241fffff,22.364187763232753,0.6317616672684144,0.6767727822563531,0.4724865673923653,0.6843344096851353,0.6588810674404932,-0.03969851967895645
3,8828309411fffff,23.227466718013766,0.6398662846830712,0.6985155803926518,0.496544743183495,0.6845786967282571,0.5702905139567074,-0.06151134432653706
3,8828308711fffff,22.35996647728852,0.6625393920753323,0.6235329934455758,0.5650882997265214,0.7080582777031893,0.6388370787400053,-0.03330957467827167
3,882830919bfffff,22.40502681636172,0.5804804273823216,0.6464000313159535,0.4821931619853525,0.6155288633631186,0.6200411414355542,0.0579755457826829
3,88283090a5fffff,22.81014639314913,0.6514919354499,0.6192063513003209,0.5558817281947573,0.6356049816279373,0.5861208373082969,-0.04404589000104756
3,882830803dfffff,24.28005358544735,0.6542488470455938,0.5312343299494986,0.479809209417027,0.7391932060729056,0.5865045602052965,-0.014092705957766662
3,882830824dfffff,22.14799130703501,0.7394328544846543,0.7106590563395857,0.4621836046896475,0.7597838643929513,0.6170987391826029,-0.08216874103763791
3,8828308245fffff,21.660599095759853,0.6875184090891215,0.6661417824932606,0.48978809258535844,0.7626478181352152,0.7114134568481711,0.020216634489624234
3,8828308713fffff,22.667188092263544,0.6102142061393938,0.6264325900830675,0.45942355424308423,0.7305549397047192,0.7179327524784164,-0.027396731804563937
3,8828309409fffff,21.458425634352412,0.6174728492887083,0.5249618883327823,0.40338359316499023,0.6987814194441355,0.6470398822962088,-0.016584617685828258
3,8828309455fffff,21.12944846387537,0.521409798704403,0.5438136233327657,0.43019620559867955,0.799608325540115,0.7048072380852531,-0.000860183056687721
3,8828309419fffff,22.45163128980188,0.6467432464064289,0.7095347435821471,0.4544162317596734,0.710156036569727,0.537544777144855,-0.05186388797142186
3,88283091d7fffff,23.619310629807647,0.6961017707260659,0.5733341704318663,0.5171688376251324,0.5906869670339472,0.5242229992106613,-0.08459918015140083
3,8828308017fffff,22.147086685990043,0.619731008613066,0.5504997244027823,0.47192603350839996,0.7279516920487586,0.6227465725978901,-0.011028060709737976
3,88283090a1fffff,22.449333021346842,0.6912383941280735,0.6365428295875051,0.5510339636724926,0.6743131302022141,0.6396743826707862,-0.1038798535565866
3,8828308449fffff,22.30278653356202,0.5702495264612639,0.5106016762858974,0.48074577920153655,0.7951004840686039,0.7416001040580035,-0.14498516390506
3,8828308629fffff,20.25333031221755,0.6770946301289703,0.5636214125504175,0.48481506507692756,0.6814725767569632,0.8326629506685765,-0.026010059475557942
3,8828309451fffff,21.275614695829795,0.7138630243670898,0.5973253773333319,0.43443168585745395,0.6945229387889406,0.6383099902508589,-0.06542180784018636
3,8828309443fffff,20.536989318316117,0.6694568046753461,0.534601158354471,0.5032682114097309,0.7037231610037853,0.7167581064999303,0.05876933274677973
3,8828309415fffff,23.591154989512184,0.6815231081684371,0.6485292219130039,0.4392606470823023,0.6260662267306124,0.5672494357061995,-0.07909479885649777
3,8828308445fffff,23.35434382158439,0.6429224309508488,0.5756507695957516,0.4779471538984338,0.7052216699669228,0.6022906456413986,-0.15460891822471287
3,8828308039fffff,23.783368216162412,0.7403323625313287,0.5497636879818562,0.472437834603345,0.7031425372690318,0.6256175494918161,-0.05738881744643391
3,8828308627fffff,21.741669521344846,0.6249466633343949,0.5237369198743361,0.5255046713253949,0.5637329540083177,0.7888550771455455,-0.03186559229276899
3,88283080e9fffff,21.823423311064587,0.7261195063214176,0.5730342979806321,0.6317353824824516,0.6381158668928213,0.6694400312213171,0.06252522083118894
3,8828308037fffff,22.869259582223513,0.6505016757615915,0.5334666646974818,0.5907081721858349,0.6994594396643798,0.6481208324625716,-0.022935363265536184
3,88283080e7fffff,22.531775893869117,0.701675809534425,0.4625403802369849,0.4806600721111255,0.7370518897648799,0.6307231339336108,-0.008796413086534938
3,88283090a3fffff,22.180260589539458,0.7096214227118701,0.6378346305371438,0.4794823820355366,0.6559339026323029,0.691199052354839,-0.09227528720824213
3,882830862bfffff,20.713572253357803,0.618087571023455,0.48563666262908456,0.5880812023417487,0.5894181584448002,0.7866149296673677,-0.12058764008892314
3,88283080e1fffff,22.2385176416308,0.6765278306142892,0.5006399419225681,0.4318536944886024,0.6653588441999723,0.6635181025118013,-0.024577020133218972
3,88283081d1fffff,21.539712305539833,0.7458889645062322,0.5791404732851354,0.4385918294815844,0.7419250560550916,0.6277059285698549,-0.028417221729047485
3,8828309457fffff,21.849880970557372,0.669980301973863,0.5658557933108045,0.45586539796997627,0.6949168393284071,0.6195274367835425,-0.11089205859215429
3,88283080edfffff,22.424890674342066,0.7045709591615164,0.5645452003126791,0.4572523065663673,0.691638406652168,0.6821264688335258,0.04109483394270402
3,8828308269fffff,20.91364274717934,0.6785315594492907,0.7561690942237214,0.48712439783193195,0.6476311702201669,0.5663444186654815,-0.14810576408369194
3,882830940dfffff,21.981439470277554,0.6836899924265415,0.6132276582250549,0.5126062847872418,0.67380578722858,0.6620930231078302,-0.06393139118831195
3,8828308621fffff,20.93973077102443,0.6181443155367833,0.4929863745611792,0.616745763238337,0.6374180777459975,0.7777260497871663,-0.1108796972304393
3,8828308625fffff,21.282764456736224,0.6599407447738224,0.6160387690510671,0.46369153219356646,0.6950010704126564,0.8125892682290684,-0.10058993986552602
3,8828309193fffff,21.682030778688784,0.7115204811212166,0.7431643884762207,0.5466763605402203,0.6986549322591031,0.6934968743482476,-0.004082953811435315
3,882830863dfffff,21.48902280970979,0.5552473340324463,0.5322667100228641,0.48750197679176244,0.7204889176342538,0.7666832869961878,0.03465881722157446
3,8828309447fffff,21.1628915452305,0.6491383894155404,0.5807648946931065,0.4606600642024935,0.7084897018796346,0.6754047213341922,-0.038254782979492336
3,8828308031fffff,23.46727285186604,0.5662924425039525,0.5033811076546959,0.46495611647721014,0.7136674458929648,0.6433002686000001,-0.027730532439791587
3,88283081ddfffff,21.859320164999144,0.6380591059983421,0.6088738971016705,0.6454471269173814,0.7239874749591209,0.5709945108583527,-0.0001107235159363909
3,882830941dfffff,22.67267573298526,0.7272454746628915,0.6114768111106997,0.5195453752381652,0.6682316390506234,0.5956104396546641,-0.1125555080801981
3,8828309405fffff,22.449811633675253,0.7282610460111132,0.6277447958745772,0.5415428906017443,0.6788514352113925,0.618242736025262,-0.0008290926376364541
3,88283081d9fffff,22.237595990603257,0.6048287776918607,0.5779429086522473,0.5271752678080759,0.5922797775888825,0.5546358164659433,0.010560859317768026
3,8828309197fffff,21.19002903467021,0.7014842928245372,0.6467891640141684,0.5316714305707043,0.7228731985653859,0.5825023481519866,-0.011348126465413999
3,882830945dfffff,20.58424215807678,0.6246948982334909,0.5968350472077107,0.5981982353869276,0.7379527804786208,0.7099119031507952,-0.020909930377331527
3,8828309199fffff,23.056223221533294,0.7375960231956006,0.643750612270906,0.5048533730381247,0.6464095223925358,0.6074651201177459,-0.13133738972672435
3,882830862dfffff,20.60516056563191,0.7053363256695164,0.5708061591500331,0.5225408655588724,0.7287309043387826,0.7583604248725442,-0.05533150932034033
3,88283090a7fffff,22.40238413642147,0.6422997028562507,0.6576950152854726,0.4876014382497413,0.6833579225776374,0.6083861340515228,-0.06164644481166629
3,8828309453fffff,22.032519099101904,0.609236059936011,0.5846653144873742,0.49261331975193545,0.6321018512590201,0.6402971175773772,-0.014776218516494247
3,8828309439fffff,23.789018159206297,0.6337270139819967,0.7370999253582179,0.5522876889384302,0.6883743293072233,0.5429752346826766,-0.07422344489901123
3,8828308441fffff,23.27946308162058,0.5601921201983779,0.5030398351457223,0.5238574269949319,0.6765899257731464,0.5990330916430491,0.02642966988991874
3,88283090adfffff,23.078769454456406,0.6786284447226055,0.5726022623475324,0.4526731209972258,0.667384273492344,0.6342872399017013,-0.14139705880168532
3,8828308249fffff,22.4975700389929,0.6401028009754437,0.6968272260278351,0.42222196000303275,0.737559940631297,0.5992397441067083,-0.09601857728399135
3,8828308015fffff,22.89972588691064,0.6706488906387045,0.4819081791961707,0.5029959292238435,0.7123276329272239,0.5946496398277735,-0.04468415824675622
3,8828309407fffff,23.02414503082884,0.6836934606198373,0.6221895450077588,0.5724900333345588,0.7882475535132961,0.5330892127626154,-0.10809823256065573
3,882830871bfffff,22.138508127990043,0.6008071077257852,0.5520596809485174,0.469490228900131,0.6886414165765614,0.755729311773633,-0.07568483189188988
3,882830844dfffff,22.60692445062421,0.6301883927691431,0.5252430196334599,0.5366164145899006,0.7473410286679835,0.7172966639353768,-0.08477447194375756
3,8828308035fffff,23.47626610005066,0.6113450660700629,0.5930818301679845,0.5106830965421317,0.6700316692382036,0.5606984169372558,-0.043766430772759116
3,88283081cbfffff,22.544687735631467,0.5396419148335652,0.5763089615874445,0.5742823531124136,0.6729388297185188,0.49491622254115514,-0.13039383227382212
3,88283081dbfffff,22.10612299415359,0.6516329068200583,0.6096009870956421,0.5581915795049605,0.6127966171370376,0.6541927630529711,-0.09839520910046302
3,882830919dfffff,22.877639989127733,0.6855636388445442,0.6975299198656391,0.4880608235123362,0.6541622289013606,0.6066692881540362,-0.021092100858883932
3,8828309403fffff,23.06191969999553,0.6991914693912948,0.6909252685566758,0.5535747199419271,0.6521738772092338,0.6347925412334549,0.09639642285144392
3,88283080e5fffff,22.506928468586924,0.7236365159242922,0.5387360911667571,0.5226979571455856,0.7025987956803277,0.6925674891952576,-0.10843558201134483
4,8828308033fffff,21.675025316573855,0.6247038232844696,0.5156342578636988,0.3159684272854125,0.7044946624793392,0.6008835430599586,0.061453253646716895
4,882830844bfffff,21.84859486436049,0.6112535093244311,0.5041912763631999,0.4798274442487294,0.6819312185359651,0.6772667170384279,-0.08430322070867842
4,8828309191fffff,21.42257098482996,0.5541573076971342,0.6725877911278771,0.4094926540763011,0.6996926401908309,0.638783153864145,0.14222232434925894
4,8828309401fffff,21.402201185336782,0.5619549417352722,0.5760241550202287,0.39438247547683714,0.7349967825624261,0.6288493147441349,-0.03895821661939911
4,8828308623fffff,20.935323190542608,0.5285928509532726,0.5475506260323808,0.3491800018181583,0.762984367404326,0.7937381199668967,0.007197960315153067
4,8828308753fffff,20.849470259667967,0.6651495360968372,0.577480691357012,0.5178924265227797,0.6717000925331794,0.7304748326738025,-0.09398767003471718
4,882830940bfffff,21.251377310645626,0.61373909684671,0.5545181413431295,0.3714166882222469,0.7235910722409343,0.5883464513985031,-0.012840856212241208
4,8828308719fffff,21.265544761280005,0.5502620888190719,0.5691434305596524,0.45451435887811853,0.648166191771343,0.7834806382498116,0.027854013473521733
4,882830803bfffff,21.781275617231657,0.7295267857867463,0.5254093180079796,0.27086942247137635,0.8715980305546315,0.707302986295644,0.005354951604752122
4,88283091d3fffff,22.26559835203726,0.5902423058124338,0.6150839184447039,0.3096429517429277,0.6035642511383065,0.6859932836300884,0.05730336103629345
4,8828309195fffff,21.178798646799002,0.6343797541876931,0.6238995538175315,0.48675057240509123,0.7427175875672897,0.6345552119217698,-0.015432094797573917
4,8828308635fffff,21.34982391041886,0.6604387655922992,0.482450569485843,0.32777545802622354,0.7283914696927621,0.7465488521743849,-0.0433645550720951
4,8828308241fffff,21.484244116190354,0.5723591747356478,0.6196817284705355,0.4347380603278364,0.7217731677749886,0.5038241218320372,0.029094420390334295
4,8828309411fffff,22.030340961700105,0.6780998545806826,0.7138427269768371,0.4072978497278441,0.5625111561088396,0.68168723400427,-0.02236598017015515
4,8828308711fffff,21.387968103040144,0.6603118862847379,0.49873448003146825,0.2856543777607323,0.6594661684171027,0.6694276624310241,-0.014406595447040772
4,882830919bfffff,21.49878072369859,0.4902768542235206,0.5350669411079186,0.4169801747150451,0.6619478907752002,0.6307979628074656,-0.02002376908283662
4,88283090a5fffff,21.740160648536023,0.6273461410048181,0.5690441210180474,0.3171819283779392,0.7478374793216293,0.7044260179374933,0.08990214209184433
4,882830803dfffff,22.577604987575018,0.5178594550331073,0.6574258673124397,0.40837537951856573,0.7740564369547889,0.5961232017603264,0.013502933086777382
4,882830824dfffff,21.30536382673456,0.6110960221600804,0.6326960401851793,0.43931564765928244,0.7009641966214031,0.55785065541872,0.14744492746565688
4,8828308245fffff,21.050818625751678,0.48804466247951966,0.7365130867702718,0.5235030845879587,0.7200167730050067,0.5724332538028717,0.07650534649370631
4,8828308713fffff,21.76535605197907,0.5323437586395903,0.5568520392680887,0.3736885375039736,0.6904202926596057,0.6692907401442366,0.02211968408114984
4,8828309409fffff,20.905569023099915,0.6233408581468419,0.6220134034117843,0.3650099495877664,0.6777859333891525,0.6586708510739369,-0.03196644468962051
4,8828309455fffff,20.69773602855341,0.5800962583254098,0.5417409936698019,0.37824573975576037,0.7029276431358943,0.7600292582527931,0.00132745291295219
4,8828309419fffff,21.33260130773984,0.5647042275463275,0.5774234464033753,0.3978542668716925,0.821233761688767,0.5895921846243698,0.03330320311784098
4,88283091d7fffff,22.328356803029177,0.6710616521230937,0.6653896376969004,0.29802576491259725,0.6308768756968502,0.5678478665427755,-0.03578269254591778
4,8828308017fffff,21.307178105278556,0.5851718833915157,0.5158310368771244,0.3096959730391789,0.6543705769033329,0.7137862368637121,0.022320159752483706
4,88283090a1fffff,21.561499620506467,0.5762427901254857,0.5397401100159909,0.30645407500400856,0.6664878687560131,0.7848155723158816,-0.06330112976875106
4,8828308449fffff,21.532061767781965,0.5121306745803111,0.4212949289276792,0.3372913679427997,0.7574936602563581,0.691925400174884,0.019816263200044093
4,8828308629fffff,20.17722030014507,0.6231130011022338,0.5336443609342518,0.3695244916680019,0.7258713093822041,0.7597847544955413,0.020986942182868645
4,8828309451fffff,20.748774696067947,0.5758126585698575,0.5943195479350856,0.3685421860391396,0.7861027303327563,0.6614778470346575,0.0957087711086127
4,8828309443fffff,20.420949679533386,0.6259357948425588,0.5490015783348228,0.37278153455533697,0.7264570055816141,0.805684023279432,-0.022005800618012265
4,8828309415fffff,22.26312319293478,0.6146040156630114,0.5972751630986679,0.415478109972466,0.6245585022438989,0.6012738694517795,-0.05016665210496483
4,8828308445fffff,22.043131889455697,0.6231131956291366,0.4631772463174115,0.35730958949003855,0.7289456856905805,0.6206660917191814,-0.06770147668275019
4,8828308039fffff,22.382148170132645,0.5905566106604286,0.5895680522547674,0.4491482442703087,0.709809844384715,0.6446749724196528,0.06673095187984747
4,8828308627fffff,21.053284836698538,0.6446468710447483,0.5395259457336987,0.25758551069520597,0.6452881663528929,0.6976862761039815,-0.0016678465148042552
4,88283080e9fffff,21.104971935623873,0.568389571278137,0.5106527041014549,0.34414965259019925,0.7566189178630411,0.7734798200590324,-0.10007626505843276
4,8828308037fffff,21.739416742052768,0.5816857462129227,0.5815338854629362,0.3239936611923396,0.6970852504007342,0.512554549698549,-0.1114252204950185
4,88283080e7fffff,21.5463212862619,0.6403468231102325,0.5758559713985646,0.3155078759411468,0.6932780670608221,0.6148462768641478,-0.027893874188762182
4,88283090a3fffff,21.40952460873724,0.5720689098190421,0.578689853701845,0.46029069022707053,0.7051868136250039,0.6214998174615132,-0.013510500617371255
4,882830862bfffff,20.426347480166292,0.6448224838657393,0.4737304380857643,0.4801145898302466,0.6745048110966075,0.8131068570654799,0.02142430450211387
4,88283080e1fffff,21.36359409512531,0.5920325038724871,0.5701516538673405,0.41161205948293406,0.7164626474585805,0.759315648008162,0.03198052894936088
4,88283081d1fffff,20.899396683718646,0.5604011148711294,0.5955809971035105,0.27616289011262357,0.7276683345208669,0.6805870442399631,0.06221290996316794
4,8828309457fffff,21.089118493786316,0.5550251175255813,0.7219477132524114,0.3404423059867359,0.7210568151183187,0.6563354297882449,0.0014081111258633973
4,88283080edfffff,21.56994056188409,0.6077256558115667,0.5602931553816289,0.32304392360626827,0.7715416534933768,0.6849445390560792,-0.046330638385824324
4,8828308269fffff,20.526484526439372,0.5912673767906338,0.6192053691585354,0.4641695110459437,0.6806711139639661,0.6347381323265441,-0.041508308974767816
4,882830940dfffff,21.16021081686612,0.5930338910010327,0.6037253257416997,0.4183755473856778,0.6790639429256643,0.607177294259858,-0.0748007945944415
4,8828308621fffff,20.64258380102809,0.6047746609606086,0.4846253103391105,0.31070885513618873,0.6504263258212268,0.7703070802587823,-0.007272281051145267
4,8828308625fffff,20.837832199608293,0.58548220260555,0.47135370788199765,0.3598864994651799,0.6856903417047571,0.8056511469408786,0.06438001049860172
4,8828309193fffff,21.055993967974867,0.5666319199243813,0.6906831326407742,0.48609116510617006,0.730124998000994,0.6589269454967284,-0.003624835046844342
4,882830863dfffff,20.897346341071266,0.6665793385971837,0.47626942990187293,0.45909675608980854,0.7071893994744138,0.8203823345029008,-0.07415076395774371
4,8828309447fffff,20.774991597146315,0.6438195641089919,0.5788956075769583,0.3261539930428477,0.669842979105552,0.7819290936985499,0.006597263285117445
4,8828308031fffff,22.259620233595406,0.5605394330836837,0.5180587224735714,0.3314571272577386,0.6840106092677666,0.6074214957861631,0.028639164724788172
4,88283081ddfffff,21.17980225324795,0.5880140771913052,0.5489127686167619,0.3288103899815525,0.7768461064795346,0.5805245436775799,-0.05887498339208033
4,882830941dfffff,21.688262593433556,0.6744116181501097,0.6652793776273025,0.47401304713542886,0.7488687399554652,0.6248136234628723,0.028251967353978932
4,8828309405fffff,21.62526736802649,0.6265027784004557,0.6537660310384603,0.42780238685343147,0.6815991170523241,0.6443518479564567,-0.03201965406741147
4,88283081d9fffff,21.400721973965265,0.5892736041566393,0.5740259451206086,0.3224569297382478,0.7012361453064719,0.5746061141234355,-0.09140680875278182
4,8828309197fffff,20.770688544187212,0.6220271734755184,0.7155459867871594,0.3718582219520885,0.632109339991657,0.7144892892473401,-0.05428052155181497
4,882830945dfffff,20.305995787435126,0.5871179159058231,0.5059401486733122,0.2645657901917871,0.796828188092827,0.7096490515384095,-0.035743432920969424
4,8828309199fffff,21.880687063383125,0.5057315757440191,0.6235532043534372,0.4662279729184037,0.7455195716574683,0.6427630931502539,-0.017447876471897064
4,882830862dfffff,20.427556015653302,0.5995711458907834,0.4938125681117691,0.29386176407418757,0.691517938668214,0.8635359381975528,-0.031191265214587288
4,88283090a7fffff,21.543069188315336,0.6117804989470863,0.6141960198848694,0.4167611373107369,0.6448098693361223,0.6061702912597517,-0.04841220290299093
4,8828309453fffff,21.262084669868777,0.4955358901787721,0.7033742645461527,0.3987137432579579,0.6988998633423701,0.6980872701246269,-0.0033440341947456125
4,8828309439fffff,22.411750485217585,0.6011277467111182,0.6559094917339353,0.46899114667927677,0.7278610298556304,0.5722393006925527,0.0019474953846849797
4,8828308441fffff,22.091243479099898,0.6394722247706423,0.4798081190738443,0.3040036799491419,0.7142784435339972,0.6919912487010879,0.06785991681478099
4,88283090adfffff,21.905296464470833,0.6054223821812412,0.4077378602675707,0.4653122524180364,0.6500014792518637,0.7436657032544118,0.04555133481342755
4,8828308249fffff,21.459756519352812,0.6467539918479528,0.6559640786307431,0.5257222627302648,0.748446490419915,0.6822644619711428,0.06407219409913709
4,8828308015fffff,21.77699309640398,0.6618981569955166,0.5796062195366413,0.35267206394741624,0.7702910849526299,0.5895036456160891,-0.02595944872353203
4,8828309407fffff,21.988722859324234,0.5548355695232099,0.7160513223699794,0.41289302560295593,0.64775128326938,0.6353718499841761,-0.058199846408208286
4,882830871bfffff,21.26515226933819,0.5724663289439237,0.5106182395263295,0.2974860710827533,0.717401912657575,0.817250517571196,-0.005761753655457624
4,882830844dfffff,21.551265916664256,0.6122698419273428,0.5693938600477073,0.3918500157769159,0.7427654198552602,0.6809652233400667,0.009153775623474584
4,8828308035fffff,22.146952860534885,0.6545459113233704,0.7287961510539415,0.36922826975209994,0.5928938324825211,0.5526507567350575,-0.0003997021532658811
4,88283081cbfffff,21.563727627023454,0.5351420923823231,0.5842512038193962,0.3431109015809054,0.7238119980986354,0.684323648175052,0.06742339367029862
4,88283081dbfffff,21.32996022901966,0.5123500031011707,0.5552660419658508,0.31959489596966945,0.73870924322743,0.6704198899196901,0.0300569554713519
4,882830919dfffff,21.820557096350434,0.6233030956100551,0.5992586035556988,0.3438094593626829,0.690496489136638,0.549548742865878,-0.06013530348077943
4,8828309403fffff,21.913958597237503,0.6375547425488309,0.7209784680478871,0.39357252766652706,0.6825263434436408,0.5918486327713494,-0.06555865583919612
4,88283080e5fffff,21.429709393402078,0.5568193912740308,0.4721860294782364,0.32746243065283204,0.7426829128478537,0.6075442186489759,-0.06599864386306359
5,8828308033fffff,20.003108395161842,0.617758056630323,0.4355953449485688,0.2995931521753024,0.6593979250442249,0.6653291719571736,0.03520513462360331
5,882830844bfffff,20.074489036911597,0.5580414290472911,0.5640688908477764,0.3304147587920887,0.7636356014631781,0.7393521306573304,0.1542354029782126
5,8828309191fffff,20.0321625307082,0.44618630548161364,0.5632234684923338,0.4095038166106838,0.6185053580036737,0.6730371036187501,0.13705984942640362
5,8828309401fffff,19.922465077984775,0.47195149779173207,0.5939586560767554,0.4038884648077905,0.6035220906800205,0.6386080315301028,0.050297392894881124
5,8828308623fffff,20.026546953946557,0.6048264143977425,0.47904294625841143,0.32078234605661343,0.6306246983730441,0.986234140661622,0.05822760398629803
5,8828308753fffff,19.943553187746957,0.5052073463462982,0.6469445444462143,0.31504191708068274,0.7506071566557069,0.8045250730163375,0.06713606554119758
5,882830940bfffff,19.982175460507055,0.582544606160839,0.5434908480242195,0.3637785592658384,0.8154832925734399,0.5849538955571496,0.02395023188792677
5,8828308719fffff,20.046552297820355,0.5061506574949397,0.4335195767347291,0.398545133371088,0.6436408912758084,0.6804127387407966,0.08953740188301998
5,882830803bfffff,19.931144207283083,0.47811603905617367,0.48430330969527957,0.33150688450068777,0.7654204192803419,0.6523373110208481,0.10919789322394734
5,88283091d3fffff,19.97670527469573,0.477605370643904,0.5552440237995825,0.4059815711306904,0.7320874902974692,0.7111561396478001,0.08396443379664048
5,8828309195fffff,20.057412370446198,0.5356883468476313,0.6687852868796841,0.4006456075823295,0.6198912707491254,0.6096379411348326,0.10327107874776897
5,8828308635fffff,19.907768087289828,0.5665000528875738,0.44636395339928703,0.302788016491905,0.7288104599895515,0.7640104520102419,0.12170389928348768
5,8828308241fffff,19.950025574456614,0.45935406622046854,0.5592315437114507,0.4534236022129795,0.6638156864113346,0.602364200901881,0.043936891711757166
5,8828309411fffff,19.905397293495035,0.5467482674637586,0.5990201181155156,0.39422734494519374,0.6302451229396072,0.6373408358216417,0.08272719389357643
5,8828308711fffff,20.120002537838488,0.5286538458255745,0.5523187593004979,0.4084045614534752,0.6601824487737193,0.6916070262840437,0.06525609717124668
5,882830919bfffff,20.077780724931227,0.5413828406695258,0.5764805794108219,0.35492558910866806,0.62920829878541,0.6738630892503458,0.10239866690545146
5,88283090a5fffff,20.04301189095205,0.6687748071498028,0.5175378953896919,0.3889527455945684,0.6866357255895208,0.7218311736232998,0.07144629586736012
5,882830803dfffff,20.029753539927505,0.544016990687754,0.4338063160875222,0.39561018130927783,0.6760599901043789,0.5640645772572911,0.05246084239995277
5,882830824dfffff,19.93224615036099,0.5481649853076233,0.5999314905885827,0.4894585591400642,0.7201464804711334,0.6356787845188309,0.07999021341927075
5,8828308245fffff,19.976155276073705,0.4948110017319462,0.5913752362620891,0.5026668670248963,0.680241090678003,0.7022102641654034,-0.054794303971872675
5,8828308713fffff,19.998163429165807,0.5865467868743466,0.4926822776641082,0.30747406880507316,0.6327204384894574,0.7913930676989909,0.130546109072194
5,8828309409fffff,20.024994092643148,0.5187885461196312,0.6024522551578981,0.38509726188334764,0.7096487744803428,0.769479938725745,0.033241458141571804
5,8828309455fffff,19.955570535084433,0.6460184885219452,0.6034395992293466,0.3571223330101472,0.6808397050927184,0.6801366106562106,-0.08127238036902337
5,8828309419fffff,20.062501698198556,0.46646971495943423,0.5993751500726355,0.45499900581544805,0.6440938905499178,0.6740452991106278,0.11683075231846245
5,88283091d7fffff,19.92241735024595,0.5864697717542481,0.4767924264189456,0.32114646840089933,0.6516521958554794,0.6269557200264139,0.06440533767766644
5,8828308017fffff,20.004755353807095,0.43244756012787355,0.5092836917445391,0.26854701567605044,0.6916168695321486,0.7096910435741405,0.004640289376121695
5,88283090a1fffff,20.001624415232442,0.531929230755732,0.490354853166843,0.3906517071723633,0.6837333469055832,0.6656493528683708,0.009399111383977296
5,8828308449fffff,19.999221016666162,0.6424638165890951,0.455104629962634,0.36355022302366397,0.6522266371220664,0.7906412241141094,0.1079333030512734
5,8828308629fffff,19.946749386331696,0.49806431047295086,0.46699744212694083,0.34635772389891073,0.7077784672940669,0.8371639855420757,0.11047942106379505
5,8828309451fffff,20.019861091222747,0.5488539164599279,0.5772641605507964,0.30578655805495186,0.747465146435774,0.7359622418721979,-0.11005734202231425
5,8828309443fffff,19.931125011875835,0.5536399051334723,0.5314255166949864,0.4194070795648498,0.7100087623673662,0.7483069760493037,-0.08680887682231093
5,8828309415fffff,20.00603627605992,0.5238204502568943,0.607990050867492,0.4399772351951302,0.6430969622110465,0.6199821182713675,0.013896391822332224
5,8828308445fffff,19.95567077127557,0.46181434704923385,0.5884537261323279,0.3375869557521367,0.6677440866704484,0.7375363466313839,0.17055181126534477
5,8828308039fffff,20.019212142225708,0.518395915585673,0.4817713073194736,0.31362346037131517,0.7431325894669343,0.5414671822192508,0.046830728783787495
5,8828308627fffff,20.042073124116943,0.5548056806984116,0.4606743554587268,0.35324018917980216,0.6771664560333781,0.8032296620199085,0.17487130947152604
5,88283080e9fffff,19.951384107393217,0.6669197085886855,0.49106980217577945,0.37836187854218045,0.6535771326099246,0.8325381135263393,-0.018532597529174244
5,8828308037fffff,19.99049227341438,0.5191041360260107,0.47692212880665197,0.2908581924890513,0.6859126660669127,0.5967738842921841,-0.006250777705929987
5,88283080e7fffff,20.048474290127132,0.4927801924874389,0.4742932672306392,0.2703289902097751,0.6585949875211562,0.6051618132103872,0.040671838417261755
5,88283090a3fffff,20.02170017365779,0.5622859597577043,0.6370463739206675,0.37410036810092534,0.6306366880507893,0.7124019730386492,0.12657195982037905
5,882830862bfffff,19.965510606424186,0.5478020046961956,0.5123267179579717,0.23443493894938683,0.7789772049701774,0.8064879590428722,0.044095307779296294
5,88283080e1fffff,19.99817430966095,0.5217940723886196,0.48065743970139996,0.2711550490512869,0.7228591514993888,0.6704557523676669,0.06661574630073894
5,88283081d1fffff,20.053260600806404,0.6412249101936363,0.5552082123083464,0.384685771742057,0.675292666924905,0.6643313557279518,0.08066222442723998
5,8828309457fffff,20.032836729301344,0.5531441164999609,0.5780556006524153,0.3398909565040363,0.6780213940233243,0.5990155174026187,0.0437941435112566
5,88283080edfffff,19.953618066577363,0.486747315501557,0.5450736321097551,0.2867314518689137,0.8119007255206597,0.6662001690544039,-0.031610379049686166
5,8828308269fffff,20.043696305475976,0.6390518791190928,0.6689593812086415,0.48377643924801533,0.7201050479495467,0.6664637383009369,-0.10686851173967762
5,882830940dfffff,20.055934768931046,0.5424065575052397,0.5408984678885895,0.4600063118166585,0.7621265002409021,0.6364702595988787,0.013804771875279065
5,8828308621fffff,19.940965007100335,0.4568118789380518,0.5633576514068972,0.3788988585933117,0.7659221899531006,0.8922215268392252,0.12410828845026459
5,8828308625fffff,20.069822971728925,0.5810401972952705,0.527097719404073,0.34748474894456605,0.6758180601962553,0.8313938076081547,0.1224966446340805
5,8828309193fffff,20.001307469882256,0.547213797090133,0.5405618363087168,0.501826052155116,0.6536065570997991,0.6727738087887479,0.09831781460566666
5,882830863dfffff,19.996259572640273,0.6013520189441054,0.5507585213162758,0.3679530847917642,0.571761788374781,0.849135585133374,0.10581393018212337
5,8828309447fffff,19.93833253681544,0.498447649341546,0.5281633657444694,0.3787579658805054,0.7706028157952178,0.8351677501657477,0.03251722633186848
5,8828308031fffff,20.152283989329433,0.5570302518176979,0.5287055639999415,0.27778382336137075,0.7475980113146866,0.6420026182539137,0.16205448679836215
5,88283081ddfffff,20.018362553367158,0.5400693834585539,0.5238022363524445,0.3303288866788824,0.6862915832340432,0.553663984143918,0.12549050893373143
5,882830941dfffff,20.031275520993045,0.5068064797486169,0.6205406399781255,0.5230285989004381,0.7204632197591697,0.5575747522199185,0.05276867257743868
5,8828309405fffff,20.03553743586934,0.6146825884078622,0.6122752978831743,0.4654480511439363,0.6419608448435254,0.7351326131209943,0.056577672338456834
5,88283081d9fffff,19.9750371769223,0.4917620436043861,0.5572186525102484,0.38608915041457603,0.6533337726952901,0.6664773113634685,-0.03443621168822749
5,8828309197fffff,19.981236447014894,0.48463568643024857,0.5906946302915448,0.5098578192783969,0.737982815252419,0.7417679301323539,0.03187126467168207
5,882830945dfffff,20.048039489958374,0.5052216158916071,0.5297824868421529,0.38541506385680563,0.7539216925753244,0.6619757995026508,-0.006422620569377627
5,8828309199fffff,19.983561467640204,0.45543727581980803,0.49225080659027115,0.432651680963666,0.7494074233820393,0.6445456158820847,0.1753037931320581
5,882830862dfffff,20.04848138548513,0.5103480462480707,0.5314985555743054,0.2947469766070787,0.5564010331184485,0.8542894674146253,0.01002660674086523
5,88283090a7fffff,19.979727041334392,0.5206101449529745,0.5792541631023275,0.43458969301926326,0.6258729920322756,0.6682503498805631,0.07399910580750046
5,8828309453fffff,20.013881871578786,0.49512765079004684,0.6501892714357353,0.3439784021272279,0.6781752590652569,0.6790912248784199,0.017755140129641127
5,8828309439fffff,19.95622771363486,0.4903305952456163,0.6804983244800221,0.5659034812238386,0.57649330094305,0.6227225255632922,0.002859726508291957
5,8828308441fffff,19.934389322239532,0.5609459136690064,0.5735125709496623,0.20613821733849336,0.6759316121623614,0.7969889740292663,0.13134992073117355
5,88283090adfffff,20.008569371649738,0.4404625820386072,0.4914412951205055,0.20675259708617025,0.7242361403886672,0.6510563211559552,-0.0456478897940511
5,8828308249fffff,20.05697375596404,0.5983059372878501,0.6192368411431147,0.43864981823077187,0.7966077460980838,0.5490844597479371,0.0883961225622999
5,8828308015fffff,19.968186597691236,0.5116597586522128,0.5269162453795599,0.37837702165367376,0.7121809496252554,0.6163183512527765,0.08843736077808886
5,8828309407fffff,20.043072633865556,0.5419385962537927,0.5805871338564506,0.45200202475858775,0.7242004720004377,0.5333320151023906,0.12386376404554275
5,882830871bfffff,19.959365669845894,0.5924276839164004,0.4993087417172914,0.2540573256129842,0.6259612867050931,0.7485138423320638,0.07889860773011495
5,882830844dfffff,20.02544454203952,0.5324715789419986,0.5765596220742457,0.33035328415535065,0.6802338328707929,0.7278781239153245,0.10424462988155386
5,8828308035fffff,20.04080148436552,0.5957328167671881,0.535368111449249,0.43730665017446463,0.6931889774356605,0.6468977370202224,0.04888101828676748
5,88283081cbfffff,20.005075430311926,0.5336481813020246,0.5906117757635894,0.4024715585352595,0.7402804352937479,0.647935573910291,0.08389646679022511
5,88283081dbfffff,19.949969068726357,0.5541428459131509,0.43640642925492495,0.35846312833625305,0.7700363567001645,0.6902538247900267,0.02701270408998982
5,882830919dfffff,20.009216900440666,0.5617557447845284,0.6292345346740349,0.33808328439452506,0.7113395174420051,0.7385509865299693,0.050537468976341884
5,8828309403fffff,19.923233143994146,0.5427812700998176,0.6449975628308732,0.4443979799959563,0.7028868504653574,0.6179917524419001,0.05955440534022402
5,88283080e5fffff,19.946811494119288,0.5380571372762185,0.6535967242217826,0.3349539518185642,0.5780102117896793,0.73117351297099,-0.008976340697503037
6,8828308033fffff,18.244109929455675,0.469471417356089,0.5484142770303542,0.5291668683776748,0.6787742238649807,0.6147606997859538,-0.05020668196712207
6,882830844bfffff,18.089457235264153,0.5229968255352017,0.5357650918225946,0.475960842001977,0.6648942420387616,0.7447525629991263,0.041749991507879926
6,8828309191fffff,18.684573272811846,0.473756164227204,0.5187932630189585,0.47401772556988503,0.6386108763985215,0.6661957900748121,0.07681914145545655
6,8828309401fffff,18.46081994053952,0.38319421992220326,0.4597199133492267,0.45383899941314376,0.7268508425545911,0.6053403009829597,0.055470780337432225
6,8828308623fffff,19.07091212315181,0.5967687037030549,0.5390201528201227,0.46225771007634264,0.6765383521802084,0.7679261356555711,0.05776504397556561
6,8828308753fffff,19.11247762260301,0.4137446281799563,0.5208097048095842,0.4893456255791102,0.638333543169089,0.8139520891719199,0.0028450718103431587
6,882830940bfffff,18.711538833037483,0.4169290386657054,0.4505722255887683,0.4421234558951729,0.6535952038857581,0.6325216003986351,0.003825163373616229
6,8828308719fffff,18.75877191414706,0.438771323067869,0.4777325583324034,0.44143544926870065,0.6831817091453002,0.6566377172552216,-0.031252941911498945
6,882830803bfffff,18.095576270904772,0.451801738651141,0.4750222883917386,0.4694157988491119,0.649545239447278,0.6916458278001489,-0.008815132325410214
6,88283091d3fffff,17.753644961788044,0.5972136500015455,0.4536775155461894,0.4101707068411943,0.6434196646761373,0.7519863230143637,-0.024054015115262315
6,8828309195fffff,18.8382855600842,0.4288681698393515,0.5500613088548235,0.45325108763918714,0.6772392798194993,0.67634641820477,0.07045647201683389
6,8828308635fffff,18.57776094831761,0.5834575947225197,0.6272411285235187,0.3988038808374796,0.7194205850124059,0.7934223590338974,0.03676242920182839
6,8828308241fffff,18.559566548378626,0.5599823354715334,0.5143244825220067,0.40240933457648964,0.6456239424713035,0.6359536120280954,0.007090332558903393
6,8828309411fffff,18.096066227283725,0.5156757149325837,0.4904959112565888,0.42802500051873077,0.6480661177280368,0.5365507974507105,-0.003382025743510347
6,8828308711fffff,18.56475772978286,0.5699305609033586,0.4327312939005784,0.4343504275608155,0.5964850021932039,0.6783344747946516,0.0804527836287189
6,882830919bfffff,18.43547637603781,0.508257144053138,0.547102436644607,0.49036534586502545,0.5859079409956562,0.6854833411678926,0.03295152811070287
6,88283090a5fffff,18.23109209873926,0.5206497205131932,0.45607531720920874,0.45079187329420917,0.6036686763633877,0.7133836451142969,-0.018398429760650224
6,882830803dfffff,17.53232763829292,0.5884435270560595,0.5475501982340978,0.4044255365061431,0.7232222584530315,0.5951046590120829,0.04580876951065663
6,882830824dfffff,18.697220933516395,0.48490262635332515,0.5241761684785307,0.4919956251788022,0.6527628116908328,0.622502948647805,0.07455137303461722
6,8828308245fffff,18.984503451193454,0.48487665832338117,0.5692164092644951,0.5128574553884041,0.6775680473785618,0.6442808189917946,-0.01977922997376433
6,8828308713fffff,18.365080095603883,0.5901732093201321,0.5271653154246424,0.46351890584348027,0.6848168988421174,0.6862151495481315,0.07314049671595853
6,8828309409fffff,19.11691241013371,0.674447506915958,0.43619895823816546,0.4578762526080014,0.6082286479347587,0.629667018987899,0.06585728554307668
6,8828309455fffff,19.271377473372038,0.5366104614312001,0.5577290662626114,0.4109299893647079,0.7191728812898428,0.7417952669785713,0.03895879074650122
6,8828309419fffff,18.45065250684909,0.4963772203333973,0.6284847422165629,0.47382137377567474,0.6649495410064059,0.6247811367690941,0.03126675069211683
6,88283091d7fffff,17.821318174441526,0.5073936463508504,0.45007069877706846,0.5122506653300799,0.7281884875565289,0.6377295586483477,0.025896983659998138
6,8828308017fffff,18.668792764322998,0.5635123680401677,0.5025301515882024,0.39538753489052353,0.7254933460545399,0.7795293589775194,-0.010921758273610773
6,88283090a1fffff,18.46835961571201,0.49704667262846514,0.42443420072956783,0.43451017170720074,0.7259860838037718,0.7056610915241136,-0.08659034033880078
6,8828308449fffff,18.56914196446287,0.5669923416561684,0.4521648941469607,0.5020089748064598,0.6739407404610559,0.7965751553715448,-0.06753213981576203
6,8828308629fffff,19.826066360331637,0.48221091908952673,0.46628043654872475,0.5225050822944968,0.6952714315173933,0.6943831278786229,-0.1106509684917841
6,8828309451fffff,19.17468555923625,0.4890555866470929,0.44613993916168493,0.4707272329407136,0.717034218210376,0.7672983654021491,0.07949873658536658
6,8828309443fffff,19.592229794641504,0.49925729590000545,0.4550194040137087,0.3664361024124396,0.6421046232185075,0.6916062692861983,0.10543756688983336
6,8828309415fffff,17.729046657094322,0.5045151119232183,0.44739666766289377,0.4788106409685121,0.6118983688485586,0.5600873323827714,0.03639108513422856
6,8828308445fffff,17.844035472018067,0.5941256012158083,0.5354207703426982,0.4429441579585408,0.6757357837250639,0.7215578303309163,-0.01804384608709487
6,8828308039fffff,17.61645720282838,0.4885756651063985,0.45895750462272106,0.48937941562879766,0.6730888434547776,0.5690534388381435,-0.006744015358030639
6,8828308627fffff,18.908619035013068,0.6284346983904927,0.41987531165648995,0.46591163357177906,0.5711753426712036,0.7594951579427771,0.057072661138910415
6,88283080e9fffff,18.93705971507832,0.5235675531768627,0.5755596883258265,0.4921230370857392,0.6263849348240416,0.7369013279013571,0.013605041978334365
6,8828308037fffff,18.21921898588401,0.5809001740445642,0.5141495769347106,0.44912914200681225,0.7183284657517846,0.529394889906332,-0.05242630979456199
6,88283080e7fffff,18.477697271261242,0.4832309130033518,0.5381723264748794,0.44043818714235583,0.6563270639947845,0.6610281975529735,0.032934802964618336
6,88283090a3fffff,18.560654408876747,0.5581260473965589,0.5114223952080509,0.48069476434713004,0.6151433190069704,0.6750362616383764,0.06144111593133172
6,882830862bfffff,19.5529391005272,0.5319026732294515,0.47943857103221316,0.47880707340571493,0.6282127539468895,0.8151904584228289,0.010256102410081342
6,88283080e1fffff,18.5730844768977,0.4278654551188086,0.49364400169221856,0.49390194042037455,0.5714963860739746,0.7503944908888619,0.005325567223230689
6,88283081d1fffff,19.032091942304667,0.6056551961459594,0.5619815020842622,0.43492203055918494,0.6755286226968842,0.6613504301241475,-0.024548185272552637
6,8828309457fffff,18.777597530956818,0.5394105526227434,0.6167601486082948,0.547792424124897,0.5931088783434836,0.6422638717367466,-0.06356851622138579
6,88283080edfffff,18.49999345018342,0.4638216974301019,0.5033118868062323,0.3509660239138212,0.6265548733258982,0.7607777482043692,-0.03198863569180483
6,8828308269fffff,19.395314401908518,0.4360788708861144,0.4424202330627478,0.3990833585704785,0.6642889048156816,0.7107078072854626,-0.010525410707986498
6,882830940dfffff,18.78731611120094,0.5396407762191905,0.49388756315946114,0.48913058081108285,0.8110154050429514,0.6736954531869928,0.05903383087457961
6,8828308621fffff,19.38980653425153,0.5096472163493577,0.4801114163377281,0.5620491768433951,0.6494972350792887,0.7976301333657357,0.008387334057125814
6,8828308625fffff,19.173190799854016,0.5815805686016069,0.499451736300589,0.5246318769819994,0.573246061124056,0.8256492309906639,0.07367230367188927
6,8828309193fffff,18.95178936991934,0.458182128090511,0.5132183231536626,0.42041899393617344,0.6426129087863324,0.6555259847763923,0.0379922726204437
6,882830863dfffff,19.130566086756957,0.553952127008404,0.4344698291693232,0.517788557211647,0.6828773632557766,0.8054892578113058,-0.00966458986392039
6,8828309447fffff,19.190889755683095,0.6247916280565413,0.4260149285779061,0.4452524044893383,0.627076490009985,0.6835997652773639,-0.02153434979675832
6,8828308031fffff,17.952528982173273,0.507541808753157,0.44659056650967566,0.5359805172646588,0.6340911430589368,0.6085126199732194,-0.09648736152100286
6,88283081ddfffff,18.815396561992568,0.5051501586745646,0.5044017377517578,0.4200656773324709,0.6703001543491014,0.5793746207695496,0.014477419043290082
6,882830941dfffff,18.277496217748336,0.38718943733225314,0.5056721635371506,0.4957210365465899,0.6363081114524571,0.5877668046695496,-0.08702288665843345
6,8828309405fffff,18.38905648042064,0.4496684107873955,0.4906535422154689,0.5293246150399848,0.6971990631572096,0.691071241447821,-0.025606790064778694
6,88283081d9fffff,18.69811898460075,0.43746821877098524,0.5359699135023706,0.49609331850175276,0.653496992882983,0.6445755708046002,0.006354757358145325
6,8828309197fffff,19.284585538264427,0.541114980983468,0.5936952083696286,0.44313727530337105,0.6661348537160622,0.6289895024030414,0.0008651132939395727
6,882830945dfffff,19.637438687516553,0.6551892412761987,0.4650083955048022,0.5232528005580535,0.6786508377704145,0.7697896417988952,0.005599980198420589
6,8828309199fffff,18.13423463985171,0.5654953377820704,0.4108103541491994,0.4069168468651112,0.7281153056249332,0.6440949059657958,-0.04915050503576702
6,882830862dfffff,19.56294924552539,0.4576716119106663,0.5526415508484889,0.4802738791811851,0.6827001620564342,0.816585647067881,-0.03437289772864018
6,88283090a7fffff,18.37316605308148,0.5160557461358803,0.45825527348595435,0.43932312603473433,0.5765665079186564,0.7040987339555431,0.12457987580845012
6,8828309453fffff,18.892562755407404,0.5615501824852828,0.48743105963712374,0.5254868631519458,0.6843329698000995,0.5948565529284117,0.02737160207797804
6,8828309439fffff,17.603488343892288,0.5099751335466458,0.44700213810521644,0.487530493028675,0.6523975363970256,0.5597516466901379,-0.03889593869676287
6,8828308441fffff,17.87687548167957,0.6461243337651957,0.5662728727811793,0.5417450460312684,0.6071888179342415,0.6381830864617885,-0.009880032701201193
6,88283090adfffff,18.01006060166687,0.6090527307992735,0.5874280666859308,0.45207288300744164,0.5218987306063592,0.5751661628419009,-0.007801023713706729
6,8828308249fffff,18.425721372884496,0.507736732198795,0.4864841349384116,0.5215320268444616,0.7285187507526231,0.5978695422770416,0.011624483147770218
6,8828308015fffff,18.2177702473713,0.4802174520293969,0.5665644993283449,0.427808561675037,0.6867333473257057,0.631889159856913,0.03682526099854032
6,8828309407fffff,18.014829410226035,0.4230490958131932,0.5533559235481444,0.4588708305889932,0.5901045644720383,0.5797577807266936,-0.034050158395846596
6,882830871bfffff,18.825524939260852,0.5494439292851573,0.5543201964201379,0.5096084206898015,0.7357497288742222,0.7495756611018966,0.05729227807664608
6,882830844dfffff,18.350703855015293,0.5598234977161968,0.5096386648003228,0.4200668552281986,0.5674106630216271,0.6821216979697358,0.09186035865640775
6,8828308035fffff,17.834824404908908,0.529014040997396,0.5802099646768023,0.48502304003177105,0.7160641124102806,0.633213700939406,0.04525355451757149
6,88283081cbfffff,18.415795239978035,0.5565070722222439,0.5096168953092304,0.40568948189468407,0.5979811286425677,0.5780710167192427,-0.063191959327228
6,88283081dbfffff,18.666082035303525,0.5102805990453264,0.5173102566756983,0.41763230691638875,0.6419370508067304,0.7235961636556781,-0.05525224307234246
6,882830919dfffff,18.39063152899711,0.4894957264172681,0.5406895357436933,0.4841877911707841,0.6925142841372403,0.6469310832403309,-0.0018785402068897646
6,8828309403fffff,18.091998433294986,0.48286165209989207,0.47780093271253615,0.5637239659164992,0.7512320640162147,0.6259676386155754,0.020524221041768577
6,88283080e5fffff,18.600124594618766,0.5587789262027811,0.5107114073229668,0.42701110905556655,0.686993424753298,0.713165509446055,-0.009800307126254367
7,8828308033fffff,17.220820416369452,0.5804247413678388,0.4178718328116514,0.6181454001705575,0.6242585320152902,0.6602507723122123,-0.12361807223047294
7,882830844bfffff,16.981724108223826,0.6780119477473243,0.45061880665104925,0.6305902444814159,0.5920769823303227,0.6352571184852536,-0.16887124095840506
7,8828309191fffff,17.862893443720292,0.518003436267484,0.4490941098491062,0.6153856177878979,0.6259998432280852,0.6015934714754584,-0.06807877522282366
7,8828309401fffff,17.565000949788484,0.5316045024805283,0.42995924068753294,0.4702942174206634,0.589932420314202,0.5510090202806321,-0.05503803788522125
7,8828308623fffff,18.61228528179302,0.613292340676956,0.4797440283321132,0.5683721966070218,0.6777023820472211,0.6944827325670344,-0.031054685404977495
7,8828308753fffff,18.483205933179374,0.5474852911037913,0.4546973450864007,0.6782678827167459,0.604919224229902,0.7692554088010137,-0.07536115251756682
7,882830940bfffff,17.97614674510916,0.5116102726607703,0.3633522124798759,0.5795870317563259,0.5526151098954525,0.6096442159360678,-0.06858079249019762
7,8828308719fffff,17.95187369290165,0.5256658565849541,0.44478620978505007,0.6237315322380222,0.578992789494,0.6399327543329498,-0.045804454590372266
7,882830803bfffff,17.050865391613534,0.58529756259087,0.466906435290229,0.6340556888924029,0.674326838043173,0.6393876324465203,-0.06969808852656145
7,88283091d3fffff,16.350301522931517,0.5205252944222233,0.48943289828403,0.5069794476356213,0.6192504203737825,0.639210479745202,-0.16682907447480988
7,8828309195fffff,18.210674722109097,0.5475280580268779,0.38332117341371574,0.47203421576910437,0.6127270000012434,0.6512660236214967,-0.00671513623134045
7,8828308635fffff,17.876923916799818,0.42608023352468044,0.46387634376428655,0.6308288614524805,0.614338557070354,0.7252614015293177,-0.13990052923267035
7,8828308241fffff,17.656441159818876,0.43680773426632524,0.4545387536207554,0.5080828766940599,0.6248627270640581,0.6687591870669382,0.002067227218250551
7,8828309411fffff,16.813257271078935,0.5276909760475578,0.3295304741114623,0.5947725960303185,0.663498214120167,0.5956169182037994,0.0025009589917480424
7,8828308711fffff,17.680382553638143,0.5327069206191444,0.4954194906181449,0.5682874640092771,0.667752885383247,0.5685618086987945,-0.0005832475054322328
7,882830919bfffff,17.558117001676568,0.5366409132842525,0.3796771638591552,0.5832007703245098,0.6034013667129925,0.7422512036149115,-0.009048029324371654
7,88283090a5fffff,17.12941412099183,0.5894290664731155,0.4550514388360762,0.6833009318916459,0.7585167397630946,0.6581603692681705,-0.10185538772834166
7,882830803dfffff,15.810741656498372,0.6008996436845996,0.4855102094791542,0.5829215132563612,0.660167112862887,0.6048129187590382,0.008875439606366838
7,882830824dfffff,17.804187723002844,0.4858282783499227,0.3620393934883677,0.4691362592248248,0.6355060572165724,0.5921933422191846,-0.044811393536112125
7,8828308245fffff,18.343610666607276,0.48684876183627035,0.32398112819101044,0.594160975153807,0.6379491346219696,0.5161099107942461,0.035139428710743235
7,8828308713fffff,17.381747841926952,0.5718300103924582,0.3999217052187958,0.5641097988706412,0.600270083464048,0.642984274010072,-0.038087562088912126
7,8828309409fffff,18.57727409134995,0.5339575305975252,0.5453340293206743,0.5911996139102247,0.5174319001701313,0.7474054114987351,0.052546490588201954
7,8828309455fffff,18.724093136570545,0.6729850914740011,0.42415055282010344,0.549526285422047,0.6577070903196179,0.6728489195317385,-0.03517849838433991
7,8828309419fffff,17.63633262668105,0.5110138868493479,0.5059601168635328,0.61089927986334,0.6170029431629178,0.7056948390162145,-0.01120859160547353
7,88283091d7fffff,16.30071320084997,0.5125666318383559,0.40727150200390116,0.574610643377719,0.5937022762984446,0.5749621958040069,-0.15227441355416182
7,8828308017fffff,17.880432571545214,0.525210671804282,0.5112027909640939,0.5895778952082803,0.6498707122575798,0.6462791353244123,-0.10183424119392914
7,88283090a1fffff,17.502074920790534,0.5635346334421717,0.41720306455241063,0.6209261845916387,0.7285079631843365,0.6791779217800225,-0.06715309474605513
7,8828308449fffff,17.653417278348446,0.6145422280435341,0.4087269001539088,0.5919470686846193,0.6270660903600781,0.7510507763540274,-0.07414629577084444
7,8828308629fffff,19.833755113710293,0.5367562995676267,0.46794203877325224,0.5650706413076696,0.6097268718786316,0.7602651780407783,-0.13651979717555218
7,8828309451fffff,18.702150751706103,0.5594576509462289,0.41949781910895845,0.61555640540532,0.45403245277406945,0.6497559509706289,0.03789446998675207
7,8828309443fffff,19.250561629024602,0.641011526620128,0.49798280388466815,0.6171732007300408,0.5912132944445739,0.7138783650774227,0.04693529065828274
7,8828309415fffff,16.32939904175029,0.45390632583682977,0.35349095084648446,0.5600173045973059,0.5897534724845549,0.5166723518482933,-0.09144479988236677
7,8828308445fffff,16.614194437723864,0.5302163834836069,0.44912189677304104,0.7037809142246756,0.6196444503511167,0.585010183867602,-0.0652262983099139
7,8828308039fffff,16.230429841475043,0.525209396265286,0.45829271642522174,0.5977478816107471,0.6467245685267016,0.6162371266442782,-0.0010673272920751
7,8828308627fffff,18.257680141304874,0.588254583728273,0.39113468756346054,0.654615770170491,0.6702385087358842,0.7787759565917582,-0.11392456239809755
7,88283080e9fffff,18.245142785296515,0.48228222703006446,0.4474438808160365,0.6434697038814267,0.7147580903158981,0.6461703499355836,-0.04971404763024494
7,8828308037fffff,17.19383648080261,0.5187351336772299,0.4365831119153134,0.6452544571449317,0.594784625512259,0.6199659187664365,-0.02151037573583731
7,88283080e7fffff,17.559528040194934,0.46137212300197994,0.5106155514087892,0.6319823587273905,0.5896163594219764,0.6310191862063466,-0.028372801701531922
7,88283090a3fffff,17.812168186078214,0.5795112283893914,0.49014975966214985,0.5574833170660106,0.5813072493679772,0.6908010835641812,-0.14348756200440327
7,882830862bfffff,19.19889070687919,0.4588977880076377,0.5335325337874447,0.593536527852945,0.5995881689518017,0.7890409211796406,-0.036213787069707876
7,88283080e1fffff,17.750028810685574,0.5092064528192769,0.6401093300716996,0.5826443889628937,0.5550138792178624,0.7106205904618547,-0.04849075030661563
7,88283081d1fffff,18.470758621711052,0.5641760716020853,0.513116527098755,0.5790620985856569,0.6834320948761815,0.5814255813636713,0.1232383986430657
7,8828309457fffff,18.105378942260156,0.5337790918199752,0.4116828515376357,0.5415852028331608,0.6708166471546254,0.6373155981329608,0.04599974172036757
7,88283080edfffff,17.647026429651902,0.494064028350643,0.5877727364184469,0.6146831001269045,0.6638720448978291,0.5833345825355322,0.02072238952837194
7,8828308269fffff,19.050836282485143,0.5662541427385557,0.38052622841247113,0.5347201323881856,0.6511781885494163,0.6768945380714079,-0.0906778043887369
7,882830940dfffff,17.963307847341774,0.6360601884735291,0.387996369181648,0.6034658973719329,0.5939981858863135,0.6469227129273756,-0.023543251796530044
7,8828308621fffff,19.176433924218557,0.5135240571619397,0.5196911281634014,0.6098000935886075,0.5740231857993112,0.7454216135631316,-0.02418416020597751
7,8828308625fffff,18.681905550583327,0.610170059602041,0.4927323396115274,0.686442208798705,0.5689421004948336,0.7690050453490086,0.006823124789508944
7,8828309193fffff,18.30401377584104,0.5866137912321627,0.41926839521718645,0.5963570504424542,0.6906974487975921,0.6797665144889448,-0.09269309177980914
7,882830863dfffff,18.557228493668173,0.39558490042005634,0.5223582292251109,0.6524293841124745,0.6163760789214313,0.722699365258678,-0.06854120187505548
7,8828309447fffff,18.75496112395402,0.6000695415797141,0.4977763299321647,0.4561679003949898,0.5820626546151659,0.7137022622163677,-0.011766173480343886
7,8828308031fffff,16.50579579025268,0.4810501943963512,0.44095297746665485,0.5321317937546376,0.6433709982432474,0.6559815043177394,-0.0808740445989291
7,88283081ddfffff,18.052013839384955,0.5465823625874626,0.56657172442193,0.5916776440515381,0.6113480131497784,0.5358885301726469,-0.08153708017796948
7,882830941dfffff,17.273705851223106,0.5513349034848194,0.477592471721717,0.6345447091833208,0.6071542465896106,0.5763370060715369,-0.009557462262376484
7,8828309405fffff,17.555389210568627,0.511226298940587,0.48310958842498297,0.5764417866358659,0.5312392789737173,0.6310618299261002,-0.06505220911594926
7,88283081d9fffff,17.75608431469453,0.5609058520845335,0.439476809352769,0.6565527366890804,0.6570097467901951,0.6493340274081052,-0.04916870343418386
7,8828309197fffff,18.66642972963749,0.45948320360084316,0.3943072819319141,0.5861311886026991,0.6764482863463509,0.6494088466836083,-0.06708073083457289
7,882830945dfffff,19.436747422087027,0.6438530842402845,0.49968381125298406,0.6818575460648387,0.7035339466821605,0.6529987275428089,0.052949044027503556
7,8828309199fffff,16.887782794236166,0.6173857173441757,0.40469892740161095,0.5884172011528351,0.6161986776659071,0.5844588716557011,-0.029080817881800433
7,882830862dfffff,19.326193750188757,0.5514982572267134,0.42531828709175845,0.7314876325298671,0.6160487180325716,0.8679430105723602,-0.09756061727755756
7,88283090a7fffff,17.579752366645334,0.6308719876181067,0.37705958573933457,0.503544115090005,0.4924735126863299,0.6112655521042839,-0.10597627290769379
7,8828309453fffff,18.01398097734687,0.5547042811149773,0.5182113807698938,0.6424670502389936,0.6891857650753441,0.6374038414121483,-0.08023442952779151
7,8828309439fffff,16.072808176615183,0.49832339065620046,0.4266921883096061,0.5258438220703631,0.627079812223125,0.624721379632949,-0.14247409872965972
7,8828308441fffff,16.6340652791261,0.5731568469239786,0.48368794088779277,0.673855211108429,0.7118640346528405,0.685643369644858,-0.07491324287235931
7,88283090adfffff,16.89295244514666,0.5392047207886842,0.5197851926384237,0.5493638822586169,0.575517727115468,0.563761623826162,-0.08149534791921585
7,8828308249fffff,17.512264309550194,0.5178640940729534,0.5042817119409638,0.5910646825942087,0.5588932643937542,0.6191953202936937,0.024873414204468522
7,8828308015fffff,17.13628203142392,0.5426828272850962,0.44250996390634023,0.6037576749224797,0.6098758701753899,0.7090376607390266,-0.06926606807415449
7,8828309407fffff,16.89886710566366,0.48383897671785797,0.4109632340130815,0.6157742895581853,0.6545674379223047,0.4981352768308525,-0.03133932472904432
7,882830871bfffff,17.95755460642788,0.549847973417856,0.49279765478294035,0.6204523157137376,0.6637680621483069,0.7159320611942637,-0.021083504936447797
7,882830844dfffff,17.42910861024086,0.5840696125445461,0.5714977661165612,0.6652453153450764,0.6376349621220045,0.7456642408283134,-0.04441272097433918
7,8828308035fffff,16.463063092001768,0.526320337397343,0.48467582500977935,0.6203235398709268,0.6635460212933836,0.5247690604182973,-0.04867621143236619
7,88283081cbfffff,17.442863259071842,0.5406049291140217,0.43436667968022347,0.6287533453212293,0.6400283816188203,0.549841616942715,-0.09815201068166723
7,88283081dbfffff,17.964616358582976,0.6832052124898206,0.5095178043534375,0.6837238454021468,0.5855484346315997,0.6964421337837259,-0.012247244575999228
7,882830919dfffff,17.16668888461974,0.569796992804758,0.4291393492098603,0.5869384137257757,0.6662203132131571,0.612679837697588,-0.07858021501220616
7,8828309403fffff,17.047542755827273,0.5031303720183846,0.40681743142957977,0.4999906238113974,0.6322718459669261,0.5890672790186597,-0.08101589099044754
7,88283080e5fffff,17.647624504709697,0.4942366805474523,0.5575610363130534,0.6447910805813308,0.5740432393163933,0.6466802490428393,-0.0523991222867056
8,8828308033fffff,17.276205935884548,0.6681342292862936,0.5214300490137929,0.6415051449421998,0.5527281428286173,0.6411379676819021,0.04577734508922968
8,882830844bfffff,17.028529905728696,0.6017967815314049,0.4662086963459732,0.6281702664624911,0.5866041789543889,0.5765395445619894,0.02643809416528765
8,8828309191fffff,17.864961983311716,0.6062851985719773,0.3117700520469206,0.5599103922453477,0.627261728534976,0.5734655494397152,0.0589588936600648
8,8828309401fffff,17.62061996949355,0.5487935109997015,0.35716539439323086,0.5305931872120716,0.646178328206172,0.6307527916738983,-0.03027624311493674
8,8828308623fffff,18.58962524011776,0.5355929533759519,0.4899163219913197,0.5966236098040468,0.6291244694599131,0.6554841818610819,-0.03225900894929093
8,8828308753fffff,18.529031082129894,0.5844088095783642,0.47507022736668525,0.5710847353287812,0.6099754658400045,0.6766721637713181,-0.036767114198942394
8,882830940bfffff,17.868053476079396,0.5471392467622989,0.444579349862594,0.6438804647744463,0.5793279272849648,0.7159765567279455,0.1311914895404735
8,8828308719fffff,18.03388440671391,0.6797297152952316,0.4477512519824903,0.5480878347698349,0.49226798082535794,0.5836985341780729,0.012843353012080755
8,882830803bfffff,17.086123985363937,0.5596040736973122,0.5098908140758854,0.6301912639055021,0.6107499357073853,0.5561202235598601,0.015790083442350326
8,88283091d3fffff,16.262387214183313,0.6483454103240012,0.45694691402031823,0.5620252814893122,0.5275098609256551,0.5830955216719824,0.055493041858323655
8,8828309195fffff,18.11538759814381,0.5139154536710822,0.3408332570731381,0.5576346371696861,0.5692657212154293,0.6238457862304896,-0.017646205465881457
8,8828308635fffff,17.845868621969483,0.6834399584361003,0.42481486139947056,0.5983849842624775,0.5364406245544757,0.6798609522793706,-0.034438844516086364
8,8828308241fffff,17.599276527574798,0.6026494244281809,0.31271266851042806,0.6609021735369427,0.7029282347301433,0.6119800012973434,0.09212069908192715
8,8828309411fffff,16.840092606077548,0.5935361941050377,0.3119402200419858,0.5654006646638162,0.5685483924878673,0.5764512341781801,0.022980226481820597
8,8828308711fffff,17.685972949312802,0.5718877213161336,0.41985672127049506,0.6700718135075471,0.6159805746445515,0.6669556105559835,-0.07714203912741949
8,882830919bfffff,17.633898944317153,0.6476743205407366,0.33765477591877263,0.5523956642361504,0.5007437395452112,0.5922384292153401,0.11060224976271449
8,88283090a5fffff,17.059207569337563,0.4797276919664253,0.5194782202409363,0.6030231942142333,0.5059640628189508,0.48625946034475204,0.001566959323511254
8,882830803dfffff,15.769887347683607,0.5468606707347714,0.4909984925805849,0.5775923604529313,0.5754320699127579,0.645406406587977,0.04533597558947758
8,882830824dfffff,17.87855458905856,0.5505377340529861,0.3578154886976968,0.5228467252770033,0.599553031911861,0.530968049863862,0.012289639269023201
8,8828308245fffff,18.31984149358761,0.6513149789739308,0.40507253995668696,0.4635962537094525,0.5811642723113593,0.6621530960129591,0.006842581512676931
8,8828308713fffff,17.323273738362055,0.5890348632681589,0.496288266459222,0.635998723446566,0.6205986598842395,0.592274574817638,0.01946305915076337
8,8828309409fffff,18.6128575702833,0.579442382294718,0.5329480804800903,0.5258230415664411,0.5576391312752877,0.6236632099225967,-0.008227864014991914
8,8828309455fffff,18.734544466389423,0.5696209453589671,0.35979181790827236,0.5602879568952097,0.6745041063990083,0.6634767772034353,-0.003734098711195321
8,8828309419fffff,17.58643175671804,0.6421737359178022,0.35688307923227786,0.5998767021045097,0.5676470982219685,0.5992904140705739,-0.006880562493379163
8,88283091d7fffff,16.23629742717815,0.6943666811162597,0.36117447260935365,0.6213297835748116,0.5991824307763807,0.628271656720053,0.049664845923283345
8,8828308017fffff,17.843019808230046,0.6361280849963907,0.4475051559828949,0.5441817652024972,0.5756988665187446,0.6141830456841172,-0.0369114010335351
8,88283090a1fffff,17.59048573620398,0.5662113137486307,0.43891054867521845,0.5033492518118905,0.5283470988728397,0.6623988109980335,0.025626572444230153
8,8828308449fffff,17.545680611681163,0.6641880722395809,0.48926782203486335,0.597621860810994,0.5018047481619831,0.6798445606696121,-0.03736005356395898
8,8828308629fffff,19.724763519910645,0.6070749452005846,0.3807307152452338,0.5775346699312555,0.5150916180149654,0.617191645987628,-0.02991863398043193
8,8828309451fffff,18.749901813390284,0.6113655355347297,0.40838883240329515,0.5708188416248235,0.627475051260018,0.7173660358221983,-0.024767569813728216
8,8828309443fffff,19.23852820056632,0.5767998939253645,0.35394632314459684,0.6239430903807106,0.500106235438357,0.6442507968347991,-0.03505142706216513
8,8828309415fffff,16.32474189974494,0.6956811240993915,0.26301255986449573,0.4595507430354391,0.6030975713560282,0.5349412456670031,-0.01912587270443936
8,8828308445fffff,16.733108358816718,0.5793724556805082,0.4770606726071859,0.5945285295461995,0.6913090608931,0.5305034192049402,0.04506389252663719
8,8828308039fffff,16.295344543048053,0.5312734783991454,0.48260516804680326,0.6500408525367144,0.4802543759072811,0.6293144465460005,0.02078194216616638
8,8828308627fffff,18.305567257200604,0.6217200527183814,0.4279134135433267,0.6645474059308717,0.5408373614991583,0.7553823481594766,-0.008636270150321437
8,88283080e9fffff,18.08580689379622,0.6372686109862289,0.49063187982377954,0.6087829999750761,0.5967319594845288,0.6989293264336379,-0.025928944834525073
8,8828308037fffff,17.25649470934097,0.5220760637978024,0.43373295375422727,0.7304170623902438,0.5247549232649892,0.6135601577162543,0.006532612865324876
8,88283080e7fffff,17.435841341834415,0.6164870183154881,0.48280603599580885,0.5220713470804469,0.5611380059969736,0.5718909955676107,0.06993190176393276
8,88283090a3fffff,17.822423494163264,0.6318560571295326,0.48194906705084506,0.577222140936871,0.6686874504075375,0.6052841873141399,-0.0946472570937201
8,882830862bfffff,19.170148210552526,0.5437760908048139,0.5043968074114128,0.6382581269440082,0.5666866502074828,0.7108428794154074,0.05043959214957819
8,88283080e1fffff,17.78278664669219,0.5946755403116346,0.46858558783457493,0.6125156725833654,0.5196777565681066,0.546228833288604,-0.017579053722486918
8,88283081d1fffff,18.537911419075865,0.5969054593677897,0.5639338084470191,0.5849373669359282,0.5573659915380978,0.5201180275887112,0.021649361379635045
8,8828309457fffff,18.101822534420474,0.587894216477062,0.42074962786143827,0.5442690055448638,0.5265444489218035,0.6031802417381393,-0.047552742846428527
8,88283080edfffff,17.612251655433255,0.7000864348678291,0.5184442322176931,0.5117724706938181,0.5375058750913392,0.6513606223385331,-0.04283088831551848
8,8828308269fffff,19.12012281073905,0.6327177928891391,0.3440989834691302,0.5647569088529697,0.6227957562507793,0.5625574868406489,-0.024046221784361787
8,882830940dfffff,18.109817932128717,0.6513414489124094,0.3823420208693606,0.497838223484994,0.5928461235978364,0.5996692932315707,-0.029734223984231273
8,8828308621fffff,19.203859773216557,0.5706982761781413,0.40844822252935276,0.5995390691567305,0.6225631527234109,0.6788415713991836,-0.08624439394410789
8,8828308625fffff,18.63167369072238,0.6139378338748295,0.47698236638973535,0.5675343948446298,0.4914871523608967,0.682202192608054,-0.01208798296680811
8,8828309193fffff,18.23474229349705,0.5477422894219794,0.32020802751484573,0.5028280700161644,0.5692062908317277,0.5350441055633397,-0.031563653411648566
8,882830863dfffff,18.55065574356634,0.5746339033783574,0.4577406891158462,0.6654886668462661,0.6131739037615092,0.705409608748287,0.09833075457724368
8,8828309447fffff,18.757106053885146,0.6385011727082913,0.4216652199507718,0.6553367842044481,0.5156688470997376,0.6738005558105618,-0.1199543437833286
8,8828308031fffff,16.52418567938144,0.585997332964185,0.4363719879494458,0.6091404150930211,0.540494195507559,0.6281501063951376,0.02090892594434389
8,88283081ddfffff,18.031798638752726,0.5708099609095683,0.3816581376351046,0.6162755233162989,0.5960890459766186,0.6358766334909156,0.025992668575033538
8,882830941dfffff,17.223659702639278,0.5571403841461334,0.32994583595282984,0.5922254624639601,0.5118656605075436,0.5886019237966645,0.06770714702061817
8,8828309405fffff,17.527459288985025,0.6246027837460385,0.34625782466448735,0.5323692560492235,0.5969589544442342,0.5942342615571081,0.022629802952753585
8,88283081d9fffff,17.711728263826366,0.6299100015487263,0.47075927290651753,0.6538494154453448,0.5197504601857945,0.6672809393592986,0.009007036371406263
8,8828309197fffff,18.650835866897317,0.5941798718453757,0.19872914671966152,0.6464732581215213,0.6397976054636804,0.6279796937706001,-0.0038410877025637008
8,882830945dfffff,19.423344357396022,0.56617520956318,0.38891410972480595,0.5940750020621368,0.5455600896773187,0.5720196592980096,0.014952376599979143
8,8828309199fffff,16.9502676730263,0.6780738414783715,0.29712115778066356,0.634973032285144,0.6013848629866667,0.6372718729572657,0.0044235976571867916
8,882830862dfffff,19.35160679631067,0.45347513174829046,0.432954183049912,0.5953405102891371,0.6285382173001649,0.6601437367256802,-0.012632968710116438
8,88283090a7fffff,17.5731337726208,0.5772561768343863,0.35397884565043813,0.4833347197188533,0.5384205646984863,0.7099291292888019,0.05650866779192212
8,8828309453fffff,18.00050215316448,0.659567502039604,0.3787581379150877,0.5682606497791916,0.5002501139732495,0.6190606378966312,0.06617787959002555
8,8828309439fffff,16.14838086518427,0.7134060465174836,0.33230159941688786,0.5227022691221257,0.5643424392512789,0.5061240182735824,0.04246397037414229
8,8828308441fffff,16.645718150172694,0.6851676001224957,0.5221217400787089,0.6990398736568457,0.542379042022639,0.6073896116503716,0.0026100656502341234
8,88283090adfffff,16.982753642188943,0.5447888629565203,0.45262399675989207,0.6310818489209701,0.5870920084260451,0.5244985945294665,-0.0341583752027559
8,8828308249fffff,17.4982784598305,0.6139964545553233,0.28945264715060925,0.5839864648799824,0.5251217825678268,0.5466089326823943,-0.0516643656399007
8,8828308015fffff,17.060454249449787,0.6093124195318284,0.47606570019047306,0.5663702331932913,0.43882783754772114,0.7147708559959157,0.03274170296708966
8,8828309407fffff,16.90902627901095,0.5304609572322705,0.2307808607184218,0.5989994879642634,0.6088380818119141,0.5085171406985238,0.05268681020305075
8,882830871bfffff,17.958161820205103,0.6977047191721779,0.42470532831218066,0.5951258483097366,0.5009184797275446,0.6929810598657931,0.017484960051955215
8,882830844dfffff,17.319101087366583,0.6579467093054346,0.47512694669343536,0.6050262635655637,0.6170507837051274,0.6429525729866307,0.06885638619480389
8,8828308035fffff,16.57859188313086,0.6297523511867639,0.4120216418452658,0.6505549907787689,0.6222500529640338,0.5624314954394908,0.004835317287625256
8,88283081cbfffff,17.4028713368676,0.5858573676676235,0.4117477927956929,0.6429091792335773,0.5750165437283319,0.5494106041166723,-0.030939832365037022
8,88283081dbfffff,17.915544755809357,0.6672227517355684,0.4606933520968172,0.6646565101189446,0.5471009950476322,0.49278193325114894,0.006346723735563696
8,882830919dfffff,17.089931564872792,0.6122391970463794,0.40066593123444144,0.5498188209059177,0.6253368990035304,0.647429707855379,0.023951903217914978
8,8828309403fffff,16.97328746500587,0.6322287485848416,0.31249447034008704,0.5439938212097271,0.5963547941411502,0.5746686342826511,-0.008464343338982962
8,88283080e5fffff,17.569984144237925,0.6287755505024447,0.4690017764559483,0.5390352059477781,0.5781958342077583,0.5627617841506084,0.024436630707620696
9,8828308033fffff,18.43057154175629,0.6251312814213522,0.428679011607523,0.46618241622955325,0.5858876876626797,0.582021363387386,-0.006862370648577667
9,882830844bfffff,18.19549321322477,0.6607211128384401,0.41814033469262973,0.49890345806686426,0.5520852374514792,0.5612511082141494,0.06425647940033029
9,8828309191fffff,18.619880787435036,0.6965581137071057,0.4420041691935518,0.48542608923319003,0.4824909545110779,0.5115813517776628,0.05240877346957912
9,8828309401fffff,18.55498500293047,0.6337063553551607,0.4199332222743946,0.5110084537538333,0.5047428853208754,0.5275780410023778,0.057498688029174655
9,8828308623fffff,19.123989994035384,0.6395719990141386,0.527417643108251,0.4854590169921357,0.4761971905083931,0.6778137651620395,0.1268722909178468
9,8828308753fffff,19.027994720016736,0.6678816417815636,0.47059251938273794,0.591949071930431,0.5700812649290652,0.5470630885810307,0.010322925122419363
9,882830940bfffff,18.631821274903594,0.6521872193935768,0.42686488741276657,0.39297405353025433,0.5159043107376885,0.5907946982125719,0.012282068134975802
9,8828308719fffff,18.79348738856812,0.6191022782478951,0.4134018283402854,0.4466636008307024,0.609814498335892,0.5031857714791022,0.11077845926022593
9,882830803bfffff,18.186874830891043,0.679856070043958,0.6126507343364402,0.5433024221738552,0.5528170357502004,0.5652764324618355,0.06962878560841912
9,88283091d3fffff,17.660813357157856,0.5980827733694865,0.4350277628880544,0.5214095304564714,0.5249173602537438,0.6069683476319061,0.03835527884237527
9,8828309195fffff,18.807427832393106,0.6896205265143502,0.3622726811652674,0.49141932061470667,0.4845470467930655,0.5117745886841598,0.023502008672792507
9,8828308635fffff,18.62092472945387,0.6300601024604829,0.5803838198423588,0.4883062045306204,0.5415903631220501,0.5904332969059857,0.0742692076273985
9,8828308241fffff,18.55344355640031,0.6879810184873448,0.305602626898662,0.4423493443501807,0.5294453719040507,0.5683808285887487,0.0063828724648165285
9,8828309411fffff,18.118018895606482,0.676177187439846,0.2735543327401365,0.4315516311515014,0.5956672618280953,0.5267063947177996,0.02767415230858717
9,8828308711fffff,18.594721310695622,0.6446484582036499,0.43440118600445293,0.5387569979746185,0.4681372682100674,0.5775802544310581,-0.011900074765764546
9,882830919bfffff,18.48195997335151,0.640029375332301,0.36217851013480706,0.4726718499666091,0.6293758683561133,0.5530099520723641,0.041980675376044024
9,88283090a5fffff,18.2281871498401,0.6978281351367371,0.41408926418718417,0.4711422100452371,0.5245338024393885,0.47398353829426776,0.11426959962586422
9,882830803dfffff,17.54321325990821,0.6460588796776937,0.43738470175686983,0.5361197043097229,0.5940879936712318,0.49124895385837375,0.04000264784942195
9,882830824dfffff,18.62618780806478,0.7351903446031076,0.4266560975717265,0.4567500610355471,0.4310760573082739,0.5419710517256106,0.0885688070436274
9,8828308245fffff,19.032869444068922,0.6686089401825001,0.2694949884853961,0.5316795510606586,0.5787205554289414,0.4891053031426657,-0.0037221038400844647
9,8828308713fffff,18.426771988735936,0.708523811621495,0.4730925856360627,0.5164821320385936,0.5127625769266352,0.6052706054798465,0.0611180453370822
9,8828309409fffff,19.115560356924256,0.6298528128435341,0.4207500716211656,0.4665815552775801,0.5418784013771546,0.5519683711876575,0.07288907419282951
9,8828309455fffff,19.28796605859769,0.7172118800897326,0.3802172835538155,0.5598462169811079,0.43732490563159815,0.5834981972683282,-0.0641626112214814
9,8828309419fffff,18.483268146228063,0.6829957573379102,0.366515688778206,0.5362995248816578,0.5166714808736487,0.5587486093128607,0.03213926296426365
9,88283091d7fffff,17.700242630625695,0.6309885313643424,0.43646945461227793,0.5385579009491578,0.482345634956272,0.5572672806538062,0.09580227329899305
9,8828308017fffff,18.699413936610227,0.6861391253544593,0.40468291880927576,0.5469669340183058,0.5371306838662799,0.5633021603460221,0.07672244008293128
9,88283090a1fffff,18.564017101939893,0.6570095921606216,0.34978357470305116,0.5725311604139628,0.4715307843736782,0.5090856235615571,0.10839174104562832
9,8828308449fffff,18.55313784488541,0.617935625653029,0.46541721304923167,0.5262389763609889,0.5420224780810662,0.7033392027117461,0.23057334486267952
9,8828308629fffff,19.786442111340246,0.7054383714108735,0.467001697234278,0.49380133913250585,0.5524194216517605,0.7181297788865311,0.045311861032748
9,8828309451fffff,19.31605517535225,0.6710554890940309,0.36644701471928365,0.5500339538527539,0.633017974073865,0.6071948709255436,0.02789349019828751
9,8828309443fffff,19.551014461316463,0.7348605836154029,0.4241870021319501,0.45344214216401163,0.5255509485496171,0.45204942936588016,-0.0020135578642826446
9,8828309415fffff,17.66931644630469,0.6375233442518254,0.22236018584400363,0.4797979277229076,0.6051705465913312,0.5435564616074458,0.12640070716188845
9,8828308445fffff,17.975831180776737,0.6518212691781495,0.5401498947463492,0.4855515149227535,0.5353733259366625,0.6042549249665358,0.08211014495594594
9,8828308039fffff,17.631132324595264,0.6532962993315848,0.47881768851344997,0.4230917930155159,0.4501406607675894,0.5794417854205379,0.07883507870804195
9,8828308627fffff,18.85351628532469,0.593063982995347,0.5283514148531655,0.49251715172635196,0.5479119709191864,0.5773711651648833,0.09465211317343596
9,88283080e9fffff,18.962105694298902,0.7150045433820158,0.6466439891374185,0.5625610374046265,0.4993448911735315,0.6366394883147102,0.08691144714306234
9,8828308037fffff,18.2469935765391,0.612830017434342,0.42219435396878496,0.4769777572652955,0.47126376751931087,0.5063392544288616,0.007874162696083018
9,88283080e7fffff,18.37625738039479,0.72583869989231,0.4941487465943857,0.5200072553201925,0.5806291903638423,0.6106680971721711,-0.08713440311155894
9,88283090a3fffff,18.629931935321764,0.6091488500595135,0.38551306830955484,0.4115910035912392,0.5551721734535919,0.4799070218641791,0.05097065610648405
9,882830862bfffff,19.54678742807718,0.5461923732058749,0.5059929323915537,0.49124949679091673,0.53667689186888,0.6000177546006581,0.04859976514506202
9,88283080e1fffff,18.64519384394379,0.672187139916602,0.5574859391000982,0.4598987122402526,0.5126493385174264,0.5135399491573533,-0.09303004606263507
9,88283081d1fffff,18.935556238901803,0.583884666184783,0.4015729219733815,0.5081714275293081,0.5033239876516258,0.4965446796106473,0.14582956586859613
9,8828309457fffff,18.784298763345863,0.5379640697305852,0.31088538142507294,0.48533149697429706,0.5194219673054215,0.49382701895490655,0.04436680526234757
9,88283080edfffff,18.611081230091923,0.6641059931303942,0.5070695672045771,0.4684208666570808,0.5205398790025834,0.49914471408431116,-0.02970881621253577
9,8828308269fffff,19.432780800810637,0.7061658272895973,0.3445315560373836,0.6317450642497162,0.5371886407347215,0.6080172588428301,0.0002702186794933045
9,882830940dfffff,18.745988477088208,0.5676351001563942,0.40312589949913546,0.5437775477457587,0.4427093966288109,0.6196420118011511,-0.0459446309806461
9,8828308621fffff,19.408506631144494,0.6507189367860214,0.5807476014798262,0.5906273319429953,0.5334510902233516,0.530782438975724,0.09925399813615152
9,8828308625fffff,19.168697411260144,0.6035967737474235,0.41090973844545375,0.5329322490829935,0.5777927327692579,0.5930818674217346,0.011227659223704445
9,8828309193fffff,19.01042746632004,0.6585995524636504,0.3162153358756327,0.5309755676684719,0.5074665854007012,0.5234739805418706,0.09135220673635597
9,882830863dfffff,19.130852792218885,0.6678740302816782,0.5714925155780844,0.4659236272370851,0.5232327687505762,0.6225705344538066,0.13134686841441934
9,8828309447fffff,19.250955411910386,0.6940698012451855,0.3038527568277829,0.5158718481349344,0.5240365634179859,0.6258607563785918,-0.04655167288746112
9,8828308031fffff,17.834166476401244,0.6677789050972952,0.38050790200514745,0.526510459304079,0.5136957321552076,0.5297172794689818,0.05325073984153511
9,88283081ddfffff,18.854558178115248,0.6720177481258753,0.44931050491933006,0.47848750569352866,0.5448427358052015,0.5009641643029494,-0.02192715078003392
9,882830941dfffff,18.22715318821667,0.7040221916397386,0.3538468800410912,0.5550439485735114,0.6169420998407338,0.5252601827735661,0.08744591356870575
9,8828309405fffff,18.433414008823448,0.6226865838768365,0.2929503566433316,0.4533317327206977,0.5096279469123536,0.5032650928636999,0.07240604807033865
9,88283081d9fffff,18.65279090189912,0.580689385489912,0.46918254261521297,0.45114818260611733,0.5541953441571527,0.5327623037245154,0.0013297343586939799
9,8828309197fffff,19.27186687045785,0.7977238573674117,0.38183989077384717,0.458295084876104,0.5746101624255019,0.5535696940072052,0.04777488930218607
9,882830945dfffff,19.699801536472222,0.6709271933433935,0.4752047986504001,0.503934069633505,0.5206819693013449,0.4989520191336137,-0.013629879775629522
9,8828309199fffff,18.163752510313003,0.6608218905538659,0.3092135169458581,0.49805622058200405,0.5206539464731895,0.5495903943698139,0.14236139441388698
9,882830862dfffff,19.58741550696444,0.6119249820953612,0.3968897391207437,0.43023414456433345,0.5232386989854301,0.6444630292201927,0.06779172460957879
9,88283090a7fffff,18.418388454054696,0.7240637106190462,0.39419539387974095,0.41597346683511666,0.47588756478557315,0.5418983595108872,0.10728917773899657
9,8828309453fffff,18.689837812865605,0.7507074272120046,0.403224886306695,0.4726505982153671,0.5411161809047069,0.5101564485582477,-0.024656100122391916
9,8828309439fffff,17.630169343121725,0.6777253784038767,0.4007423352831681,0.5833889889125603,0.5927283938803439,0.549526802549848,0.1172437657267561
9,8828308441fffff,17.870425447131304,0.5168954599054013,0.47063392541122684,0.4496082778703655,0.4679317326083896,0.4614995363450846,0.12073385355380077
9,88283090adfffff,18.062664059132047,0.6209642317421602,0.43918641697291405,0.4950473945035485,0.5462685352845048,0.49210520555584486,0.09311299484823371
9,8828308249fffff,18.452040235066224,0.6552744503502447,0.1913785824997921,0.5418444496116528,0.5467883624522285,0.49840946616611564,0.04206945568338464
9,8828308015fffff,18.17816288014888,0.8156331275374133,0.3628037652874547,0.4878894639744866,0.4506995349518664,0.700295932880273,0.0579440408895522
9,8828309407fffff,18.009171537735465,0.6393669568027738,0.3967557985768909,0.48808700222741064,0.5511743903998959,0.5084527297905652,0.10221434135803681
9,882830871bfffff,18.659541347550096,0.70007620008598,0.4819642361721634,0.45743606636203255,0.5150906106103432,0.557502954139365,0.0658681174678787
9,882830844dfffff,18.43783663852647,0.627934844142377,0.4853687504045358,0.49892286542786657,0.5071142883520648,0.6316957462809685,0.04303377570887943
9,8828308035fffff,17.814867071557956,0.6065638269630036,0.3637852551150176,0.44983221379332056,0.5662051167284954,0.5635984706007311,0.09683978106239109
9,88283081cbfffff,18.411980431205496,0.5996610404234182,0.4343384918097011,0.45758961206175797,0.49183529100084167,0.5512089281539464,0.03996986878244656
9,88283081dbfffff,18.76561690178522,0.6295577527688715,0.47144763032376885,0.5498558796855393,0.6470148367940071,0.48356778220255114,-0.046917639193262355
9,882830919dfffff,18.245294317805143,0.6891473319509264,0.46575243643255343,0.49639475107171693,0.5145915519436,0.4609429279586192,0.05910491695565954
9,8828309403fffff,18.138650102544222,0.6053462784421638,0.33611033825833747,0.544310003085085,0.5497310672047806,0.5336412238314346,0.07171120927357821
9,88283080e5fffff,18.504499821022534,0.6872008448013711,0.49112908105197733,0.5146613932326487,0.5947930274545898,0.5328659098371081,0.016049028131396182
10,8828308033fffff,20.024953755887445,0.6580501188765402,0.428626037009226,0.3450081151478212,0.4591455908523806,0.5337027051694644,0.06787744457753928
10,882830844bfffff,19.994943864799463,0.5897626441213856,0.4850257203586961,0.31749790966687047,0.48770968239268125,0.5353232416872167,-0.10697413819003003
10,8828309191fffff,19.989373200867682,0.7475474791833203,0.31790201356565806,0.4466437268459803,0.45137989174793675,0.5167697196479452,0.0052210905673291735
10,8828309401fffff,20.016815413313854,0.6456759315957329,0.3945634146077479,0.4332177656845725,0.535324336446519,0.513087678011942,-0.029686862937930728
10,8828308623fffff,20.05209373243274,0.5637275620852177,0.4388383835776255,0.3247745371289001,0.5288175480921691,0.5257194640448355,-0.0063444958157357735
10,8828308753fffff,20.06375766738088,0.7422307112801906,0.4282519292299854,0.3906450289608105,0.5330879038034279,0.5698590596269237,-0.06026482727477844
10,882830940bfffff,19.981762913116548,0.6764929676340437,0.35598138200297447,0.37849351788900776,0.5114297925229663,0.4615454595367025,0.02752536601762423
10,8828308719fffff,19.975801773028564,0.6993480830282308,0.445072139157644,0.39424426469334334,0.5610404719701318,0.44220307375905366,0.051089577762500234
10,882830803bfffff,20.03414126014007,0.7043609765459481,0.565713217726195,0.3422047439882859,0.4089165861906883,0.49154918994695823,-0.02808243481904634
10,88283091d3fffff,20.022323697541513,0.6442657306231426,0.34820559086607966,0.37844051195455514,0.4529919232739876,0.5502643186557143,-0.03133311109055185
10,8828309195fffff,19.99801075538655,0.6867838623645276,0.402913733300035,0.4043830569225644,0.5620454051652116,0.5368843266082757,0.00045890892426337846
10,8828308635fffff,20.0432837388087,0.5377132730771507,0.45957300991384364,0.31950288505764335,0.5423024467146956,0.5557520545349254,-0.026779051320972694
10,8828308241fffff,19.994692138813207,0.7131261437941554,0.23235116684684878,0.47103608596107605,0.5038018640356372,0.4752510714522563,-0.07757778828734442
10,8828309411fffff,20.048403716562113,0.6387317409735798,0.3912503834862644,0.41892808058752234,0.5765031523066323,0.5454588422139467,0.01996903564560379
10,8828308711fffff,19.94079360407307,0.6935725175965041,0.41849401256025087,0.2921622724146189,0.47902915067751506,0.6063628504424986,-0.002804086311581473
10,882830919bfffff,20.044919963766194,0.6457168764749521,0.304231738484511,0.39648530288486566,0.5552266903516974,0.4577901282174359,-0.01523882983236958
10,88283090a5fffff,19.954396046073626,0.6965178889438255,0.4248797499538004,0.36594568296465807,0.5180360839098849,0.5490144253922777,-0.019989931993724376
10,882830803dfffff,19.99077721106551,0.6730769418122707,0.43345335547649855,0.36796589271482416,0.3934840296775669,0.5637097098747973,-0.04822485735665478
10,882830824dfffff,19.965950680367843,0.6570503382190964,0.3896801673476431,0.34813740276503913,0.48200736226253027,0.4297347870442164,0.0019478390653061097
10,8828308245fffff,19.991523293372197,0.6557058846945188,0.23321976107594422,0.49509111033722353,0.5265561430547718,0.5404134613632238,0.11655046592199454
10,8828308713fffff,20.011916915527802,0.6053562669516641,0.4726075617297606,0.32432195470812236,0.5395938114684089,0.464102449640364,-0.0723516919223732
10,8828309409fffff,20.046651879004255,0.6761834225567399,0.4063111378140069,0.42058412607522094,0.4770221163028694,0.5410665009488304,-0.03700821823740348
10,8828309455fffff,19.998801552872845,0.6051765543066872,0.459370870567986,0.38434212227252135,0.5296625369351657,0.5434566923278253,-0.039632938153920244
10,8828309419fffff,20.046492742917142,0.6862948907548153,0.38644850942586917,0.3507400887220619,0.6385376821555453,0.4020271197472343,-0.01765462930838791
10,88283091d7fffff,20.043478418570306,0.6802466747738798,0.35683045675594666,0.4316272477581142,0.611063934186049,0.46518562609588127,0.008990069367563119
10,8828308017fffff,20.07365760064378,0.6474547624608724,0.5402460529978922,0.40014940026489054,0.5557864609767178,0.5661615760553831,-0.030225448986036685
10,88283090a1fffff,19.893278386218537,0.7653377287878316,0.3785081133756437,0.4078167625977791,0.5597093160111739,0.6482366852634641,-0.05437636266389088
10,8828308449fffff,20.027476244044298,0.6524007452840063,0.5177107856889959,0.38099763438096856,0.532015214026285,0.4555613699533566,0.11900494376636762
10,8828308629fffff,19.953840990595577,0.6413458699175981,0.46168335054006526,0.39434795176875836,0.6708482868346947,0.45085442854840396,-0.0029344797107402304
10,8828309451fffff,19.9682288846733,0.664440613169906,0.478694939982942,0.3069870732826951,0.539417265058789,0.4884145244205842,-0.03166655139679515
10,8828309443fffff,20.097218779479277,0.6275631937509134,0.3929252794621793,0.4267244355066255,0.4635719877031176,0.5800972629745413,-0.017293063098907654
10,8828309415fffff,20.015832580339133,0.7031882704191666,0.2562880242873027,0.453698007331916,0.5522948029478524,0.5143560742124608,0.01596849600238454
10,8828308445fffff,19.982515394457717,0.6432390805783231,0.49347441174498874,0.3317803217661257,0.4485862659363645,0.5552449295086498,-0.05794124080955009
10,8828308039fffff,20.016727231730574,0.6766251336850931,0.37751889113493836,0.37526028335501993,0.5043395591223725,0.45945458023894614,0.08398945733958753
10,8828308627fffff,20.04750291401358,0.6503408899188426,0.4921448295705215,0.3213263487717041,0.5112130085364258,0.4224880584299877,0.06167397833331276
10,88283080e9fffff,20.01669279459794,0.6932524103894467,0.5076163831498297,0.4074559155610814,0.4566448157805162,0.5156783668691194,-0.04878092347623728
10,8828308037fffff,20.013039602521356,0.7055798959246217,0.3995644807217409,0.25137042297942674,0.49480645547165136,0.42006749673368926,0.012324251933295139
10,88283080e7fffff,20.003354119174638,0.6547283720917406,0.5198369463894205,0.28283939598313523,0.5390793717055571,0.530061119818376,0.049547950984588945
10,88283090a3fffff,19.98554838564784,0.7632850493011415,0.3794759374351858,0.3763378125708638,0.5220791768841164,0.4604355977874078,0.02238183612909117
10,882830862bfffff,19.972095136156703,0.6526893426535273,0.4754750949120394,0.2959119548416224,0.5117412892118409,0.4927830831692577,0.0019994796293980243
10,88283080e1fffff,19.92060423530667,0.7443685700387473,0.5181592597914987,0.40893692297339723,0.5044433632580018,0.4931363261719003,-0.02935222452933342
10,88283081d1fffff,20.012222593204665,0.6453878339941164,0.5071230961189916,0.3945075796566939,0.5956297785823491,0.5460885730697459,-0.03386610236591896
10,8828309457fffff,19.98679042115486,0.5448644463444443,0.39647286579570334,0.4686192858532709,0.4925161332779344,0.4707040807492879,-0.03381821954603386
10,88283080edfffff,20.016677605858664,0.7329301891317297,0.4889533365439866,0.3163579125801825,0.5673236912422528,0.534571354246375,-0.04006942138203586
10,8828308269fffff,20.051092497380218,0.689864470630951,0.3493443088439441,0.4316334846420401,0.45258213453470636,0.47995653026771445,0.07606015324896867
10,882830940dfffff,19.97214156734945,0.6532738366753154,0.3795502240981448,0.4357431631200209,0.44994245488363727,0.47460909474840957,0.024923738320631352
10,8828308621fffff,19.97720547518571,0.73656947188996,0.510312770319206,0.30310609389974036,0.44091242946153175,0.4701049810671567,-0.04180103845516055
10,8828308625fffff,20.041102982222053,0.7100844577374139,0.5664329201019733,0.361693502108402,0.4496944034177014,0.42267658751934034,-0.08859535935467727
10,8828309193fffff,19.978764543406776,0.7149232665345653,0.3248742720880007,0.4039005622673665,0.5119904114657857,0.47863962990079006,-0.013250654523710466
10,882830863dfffff,20.02358164826398,0.568595533898441,0.5123767027283664,0.3173674690754762,0.4978585443601244,0.5704966643383972,-0.034868276231708135
10,8828309447fffff,20.043608836328843,0.7888709642430205,0.45982350689744644,0.3347106643588108,0.4954410738241407,0.3290728689332716,-0.02550623090854274
10,8828308031fffff,19.989462474446377,0.788076653902957,0.4824389759854527,0.3337077654453335,0.5442005239664918,0.5337293756059114,-0.04511021355009715
10,88283081ddfffff,20.042572123730974,0.6445636616226057,0.4389053744416385,0.41628808983160537,0.4462458523198806,0.45420131412264175,0.018945794686306416
10,882830941dfffff,19.982115821726673,0.7147492679974867,0.451557140340404,0.34182190873288426,0.48367562397896496,0.43122080547137165,0.030573068311138377
10,8828309405fffff,20.01547737274888,0.6595743778363095,0.3427640352016528,0.46389387150235234,0.5163172124863202,0.5231383862656316,-0.05923336877231292
10,88283081d9fffff,20.102062545045925,0.7245969511245147,0.4512301476877543,0.39131550825531175,0.5268154640781734,0.5675293301634112,-0.01836516457174908
10,8828309197fffff,19.95040474080095,0.7826152445901051,0.32394216150148025,0.5085783258893156,0.4817440555001214,0.38487987162952386,0.04969055167594176
10,882830945dfffff,19.993946579910325,0.584868792655993,0.5443799200663944,0.37049241122770976,0.42383566611933116,0.5556387330063733,-0.06689047288547066
10,8828309199fffff,20.022058429349922,0.650212766298325,0.4079505756740375,0.5434438865030093,0.501746376490551,0.44292296562688865,0.12339608343461225
10,882830862dfffff,20.04330725129387,0.5985255873353058,0.4137671280126726,0.3226391508692151,0.5429033166601492,0.4587827459056342,-0.01706753912141733
10,88283090a7fffff,20.03734380182974,0.7932649476722465,0.3848086016202384,0.48098819658471914,0.6312192023474115,0.48642793026559805,0.03556815810894984
10,8828309453fffff,20.080893212288338,0.6410511217244558,0.3850907329900904,0.37861014137929844,0.4975556054992574,0.4518097842955794,-0.0017743058085885896
10,8828309439fffff,19.951210285495872,0.6825999816591782,0.2656607151504386,0.5038118252276017,0.5847226404261522,0.4676015317834123,0.03470169224571069
10,8828308441fffff,19.947372412255373,0.5908160980100975,0.44639830757538557,0.27310275388457084,0.4718674210817221,0.4876859154385859,-0.030602503412093737
10,88283090adfffff,19.932030466472217,0.680516974733392,0.464451857355788,0.3883127483191565,0.5335027415250168,0.4762779334745618,-0.029899407732258253
10,8828308249fffff,20.005202539901408,0.690943294165761,0.37788186883984703,0.4177849321781033,0.4787075845705577,0.5204702736697365,-0.012967726538274897
10,8828308015fffff,19.91998475081723,0.7515162587759202,0.44254397936163,0.42673556860301287,0.4873774517324758,0.4230331912773925,-0.026952685857190496
10,8828309407fffff,19.991005257158832,0.7912944568170958,0.3294628245958735,0.48344795852541683,0.49597458787945176,0.5145712930628261,-0.005446615992194476
10,882830871bfffff,19.993509874856066,0.7204961975626489,0.4785999389254836,0.3079004858721983,0.47656357614407396,0.47517885567019685,-0.015727591858014832
10,882830844dfffff,19.945204465680572,0.6166411693196091,0.4875113536015273,0.3911092958237594,0.39639068538598193,0.472753942392997,-0.06957253488629916
10,8828308035fffff,20.009430186333677,0.6942787340202923,0.37929978920233437,0.4093585472261111,0.5253073937422409,0.4678341709786825,0.011660180128257246
10,88283081cbfffff,20.051987966948918,0.6237760737259295,0.2868106992315246,0.3223238561221659,0.44431114088346935,0.4276456216490507,-0.054263882103035746
10,88283081dbfffff,20.01322194036255,0.7182905893376664,0.48666657345618153,0.2825156794680206,0.48148009165033623,0.47580909000953986,0.06273619043478033
10,882830919dfffff,20.04057458505009,0.6111567513192477,0.3757532558043352,0.46517862621981076,0.498611184513313,0.5312356316833912,-0.015102791173314657
10,8828309403fffff,20.03118652133939,0.7675979633075729,0.2697965590383192,0.42290338530058064,0.5226662006786662,0.5191943191144267,0.05483957549576187
10,88283080e5fffff,20.013899268236113,0.6567263840694396,0.4323586588855569,0.30950536990250554,0.501112308670234,0.5320522515295834,0.02684659399057621
11,8828308033fffff,21.645891523109416,0.6558629018363685,0.48151649029816895,0.3358920060391492,0.5371365068178156,0.504100854123779,0.026211437499997586
11,882830844bfffff,21.88995166727889,0.5556088066408311,0.4989061685407627,0.3712907708199035,0.4269359149091815,0.39136639163558706,-0.07423414575218486
11,8828309191fffff,21.413915188363596,0.7227069396106156,0.4756654865481119,0.3311699824790344,0.5293055337328237,0.4275616884692728,-0.08029840447438497
11,8828309401fffff,21.409377732762405,0.6863466362860675,0.48735624498433794,0.4673386080774333,0.4883582225864078,0.40599835808767487,-0.0687894724051666
11,8828308623fffff,20.785899738314743,0.6699730326793203,0.6158144168937465,0.3475765702732113,0.45206567801681014,0.43118102543533143,-0.07624021843985883
11,8828308753fffff,20.984633103400338,0.6476406479816904,0.45936017951462693,0.4227694456670006,0.4613607874035007,0.3979270382015725,-0.025370740313192794
11,882830940bfffff,21.330996475616626,0.7141332581821814,0.41513819945230584,0.38794768626877235,0.4429420108473736,0.37919322718070797,-0.14619598725846533
11,8828308719fffff,21.21042445233915,0.5502866120684256,0.4142773722216853,0.4403697912554217,0.49198494244978225,0.3563829560295285,-0.11151013427881563
11,882830803bfffff,21.81135883576593,0.601993639991258,0.4119508746190637,0.3366196128873131,0.586815380292234,0.4075104107021809,-0.09121869495700048
11,88283091d3fffff,22.278507643927075,0.7410480680583915,0.48678866368481555,0.46599362317835624,0.5329545453347396,0.36788770879060556,-0.029301037844587444
11,8828309195fffff,21.148065448219292,0.6941801315230524,0.46455216950144923,0.46991793329215764,0.628721137850684,0.355215157111077,-0.024626939126746752
11,8828308635fffff,21.259006515645655,0.7156315105186537,0.5389446450043255,0.34925033343974526,0.5362320111534864,0.3920101667140361,-0.10742372180798673
11,8828308241fffff,21.393764872118677,0.6972375382333811,0.48498964308401826,0.4618790336696632,0.47249526643194883,0.4488210908569839,-0.046717644806244726
11,8828309411fffff,21.979638019057,0.7642199215683454,0.417418142973047,0.3601145027053777,0.5450858582556388,0.5508423285204896,-0.09669705632339448
11,8828308711fffff,21.493428678600875,0.6107824764790865,0.5137570536029628,0.4008439954816089,0.544646817275507,0.42956616412740484,-0.026847799460964366
11,882830919bfffff,21.511855847499664,0.6611139801315378,0.5055226071139829,0.3973816182573458,0.48851781345641815,0.31033556266271917,0.03046120342544186
11,88283090a5fffff,21.763630914953904,0.6276201294047864,0.4911213284288847,0.386372971549615,0.5452326417587662,0.4673147611235474,-0.05847033142837227
11,882830803dfffff,22.625913504393996,0.5783844400343207,0.4492319819405155,0.38152891160587143,0.547539734758808,0.463426753461246,-0.11558403597715941
11,882830824dfffff,21.341441288195725,0.7228595070005127,0.4524653508483566,0.46638266449480187,0.4414756576126266,0.46970123816682346,-0.09118597808645136
11,8828308245fffff,20.983842781346635,0.6231976146624882,0.30675326423492577,0.4292578436053159,0.4790508068937255,0.4611492147481736,0.04125150749575563
11,8828308713fffff,21.65162774311811,0.600272203742058,0.6087934472449792,0.40739805218106995,0.49739187661106027,0.41829197370599486,-0.058668970156875
11,8828309409fffff,20.981260606971016,0.6144922980615857,0.42734480566880073,0.37890102202508646,0.47923684178565185,0.5597305789579005,-0.06658489457788452
11,8828309455fffff,20.665969535227948,0.6660725337914831,0.3883519103053742,0.4245457143587487,0.4017389113205986,0.4550982347079446,0.020140406697406264
11,8828309419fffff,21.519489151653953,0.608318969965349,0.4518570160266383,0.4270594513241967,0.5344107493033533,0.41912112934521806,0.018823040364212715
11,88283091d7fffff,22.29044574783328,0.6787288108023362,0.45976596610858933,0.36241876721980265,0.556942973254224,0.4659279704321311,-0.08401911164402322
11,8828308017fffff,21.36241745317074,0.7480361540876731,0.6287225759376335,0.3112065138739284,0.44332303271433005,0.3959539822793582,-0.022495538059492552
11,88283090a1fffff,21.48820225569285,0.6464815924248658,0.4951106500350008,0.46829807019894004,0.48850621794225463,0.4837934578070609,-0.16235348959265697
11,8828308449fffff,21.459166456554293,0.5817307777723174,0.4829580683030274,0.3761816466498633,0.4747599905123013,0.5154257073006949,-0.12787732897686235
11,8828308629fffff,20.24523926454827,0.687237468599704,0.5516535669028625,0.3546360246142017,0.5854728996575017,0.4464623642479044,-0.06869807841364046
11,8828309451fffff,20.804170290607534,0.6518272272151555,0.5115976521209042,0.3777912129886127,0.5447944143086936,0.40544429801818455,-0.016853838374030525
11,8828309443fffff,20.46818422044602,0.7126646328924718,0.5111206506531797,0.40725918312768994,0.43158822957310644,0.42039820397207667,-0.013006823208996534
11,8828309415fffff,22.294451586118544,0.7475930307797597,0.3534974204356889,0.46841988954044916,0.541918555676883,0.5012395684746067,-0.07334480447310095
11,8828308445fffff,22.125139418971372,0.698288728110853,0.42746583514631825,0.32991275293906586,0.5074095333661054,0.4965881800115936,-0.07819713684750079
11,8828308039fffff,22.290222487756758,0.6320170973936732,0.4890929757771819,0.4230439785030874,0.4542865881125345,0.4337918888282199,-0.08699080598936812
11,8828308627fffff,21.043546798845767,0.6222033494514739,0.4960222919868375,0.3284850774934802,0.5050258372508808,0.4185531712171001,-0.13129449372580146
11,88283080e9fffff,21.304377560871508,0.6935458075834157,0.45139965674653715,0.4342599230215248,0.5148728681610786,0.3884535867616112,-0.06672838161486833
11,8828308037fffff,21.782869198218286,0.6483207624197282,0.4631648168436888,0.327418534955138,0.5089302730483757,0.4844955243596529,-0.01133008823079222
11,88283080e7fffff,21.466852860225863,0.7332655668475208,0.4571672042299157,0.38243378424794,0.5114984921421558,0.5103122563712881,0.1060133318777339
11,88283090a3fffff,21.216459996905872,0.7087144959731075,0.41566034570583754,0.40712703605045025,0.5724454899883009,0.43671614936510333,-0.05512461120326792
11,882830862bfffff,20.441881621663118,0.6339260364043008,0.5174633659969566,0.3334595294387141,0.5170178677093965,0.3090520916105657,-0.09757109599264936
11,88283080e1fffff,21.33059990909063,0.687692418849396,0.5653564793397458,0.4166351201725798,0.4554740632354567,0.4446105275956138,-0.00851718684131243
11,88283081d1fffff,20.92429561306362,0.6532923802894423,0.5648084399847412,0.4278230670861215,0.547575934644347,0.5335616622714469,-0.048713328341474904
11,8828309457fffff,21.170744092993157,0.6985371540610223,0.4234781070421669,0.4360944507366762,0.6660517590084242,0.3746243313635016,-0.058728072286815536
11,88283080edfffff,21.480837191797022,0.5872414473796529,0.4854309078550155,0.436402089943233,0.562787008736901,0.42707476291486063,-0.025521306291793472
11,8828308269fffff,20.512527521099468,0.7081664605027581,0.3856761551476409,0.3966747349983389,0.5183317138045761,0.5653721313796567,0.03015008047965769
11,882830940dfffff,21.18188324435254,0.6702752340822732,0.4434188302115503,0.3814361901961019,0.5138969270812244,0.4220226010766016,-0.06481496494446952
11,8828308621fffff,20.468353342760384,0.5609195435512232,0.4955227097496058,0.3590779346533771,0.4815421975193449,0.3615586492791687,-0.15019370062852394
11,8828308625fffff,20.75616367592198,0.5811228410077893,0.6361870618382847,0.43762815489482554,0.4954248184444804,0.3969919733029655,0.0015806042979772533
11,8828309193fffff,21.059953934297766,0.6764414052893458,0.45468610170656043,0.4451597077783285,0.44786403224149707,0.46919677459440445,-0.02433596877508262
11,882830863dfffff,20.867575524301543,0.6991489550651773,0.4210021101516779,0.3601989507555035,0.5931264448746268,0.38785366536127214,-0.032934535640871544
11,8828309447fffff,20.856272630562568,0.6204438540584407,0.49513011197686724,0.397248080359213,0.45383200572596905,0.43886226631830666,0.0062032157935832735
11,8828308031fffff,22.21659723767618,0.6329081032960681,0.33097947390641097,0.30344101700398474,0.5675519076887823,0.4844383941738525,-0.03413232282043365
11,88283081ddfffff,21.190061230061858,0.6968766058872098,0.46342846502369206,0.3011415497779412,0.4398111055428862,0.5574078728865927,-0.046768202578335596
11,882830941dfffff,21.688641667959107,0.7244198011921344,0.38995803237792287,0.49716995544591563,0.48083845089984584,0.3796116855884007,0.011705866732214791
11,8828309405fffff,21.610824499218655,0.6463653514038926,0.4242345261013527,0.4568661229593151,0.4584095852825798,0.4683402091202076,-0.13212783045001208
11,88283081d9fffff,21.332256446166486,0.678010547050483,0.4903760330053835,0.32738760229491015,0.5245046290975296,0.48129529851304365,-0.11229575803235559
11,8828309197fffff,20.73928021410021,0.7311241924431033,0.39665707128547045,0.4888788591517122,0.5240128730722327,0.41924665748129347,-0.06341318887511393
11,882830945dfffff,20.300983930319706,0.7550658611371935,0.4646877775710007,0.37164630959437356,0.4397432691657328,0.412848520936047,0.05734220233831464
11,8828309199fffff,21.88193563545723,0.5834358687422185,0.4378033768003662,0.4044924126996448,0.4699584844250661,0.4036452044949146,-0.0802678473113118
11,882830862dfffff,20.404677458006077,0.7604110515285629,0.507732021553629,0.3885450833921226,0.5616006485747939,0.4343020312177213,-0.04749336367698119
11,88283090a7fffff,21.483404898234504,0.6508206019195423,0.360765718240384,0.3822112013900039,0.5219902187057135,0.4607409333424889,-0.05239185509323185
11,8828309453fffff,21.229730665394943,0.6938391056396745,0.3420264072450605,0.44099592701667406,0.5053812531430235,0.5243637623297165,0.0883983379567885
11,8828309439fffff,22.342038076513067,0.7131852254482287,0.36920352945122986,0.48495848936644925,0.5569938723031398,0.4064218983217998,-0.17605273116784778
11,8828308441fffff,22.1528838835778,0.6561863660017773,0.611248608637759,0.44324825717495303,0.3733948502268184,0.36860370137169857,-0.03787359227114805
11,88283090adfffff,21.89159671799362,0.6605544301102527,0.4441561571653909,0.39621608500137995,0.5405988105988371,0.5279023017321973,-0.20246713581258408
11,8828308249fffff,21.42785808565531,0.7309879758349935,0.40361441236502016,0.3957655952479973,0.47216328603835517,0.3982191694567761,-0.055949190138524695
11,8828308015fffff,21.82854634362588,0.6157843978333348,0.4894721012546957,0.30625711583861964,0.4862886522092893,0.4043191167077093,-0.02698455890453194
11,8828309407fffff,21.932635287412715,0.6076625936251997,0.4140589559200392,0.3763075655193321,0.5059144013732984,0.47017393044189565,-0.04495724980343607
11,882830871bfffff,21.29289158025997,0.6199315765944844,0.5236988163432589,0.35771129024592097,0.49128615875417975,0.36874875135370505,-0.028233534560281284
11,882830844dfffff,21.6085952852796,0.634173533536077,0.4652257270808616,0.41549298929076217,0.511552614151968,0.3828902626369697,-0.10934414632952319
11,8828308035fffff,22.151591255667448,0.7670799882221939,0.4442437348771371,0.3507274058191725,0.4102751729420572,0.5328816104558035,-0.04524555628415132
11,88283081cbfffff,21.639054703386964,0.7046188479488446,0.46755946057204834,0.31550516287699315,0.4821084922606711,0.47426294677477265,-0.04798514983929285
11,88283081dbfffff,21.329468556113163,0.6682617439855085,0.4332487604523657,0.4273527285079902,0.5264038075651944,0.40078724186167314,0.007070765770393739
11,882830919dfffff,21.802864585603345,0.6725831848052658,0.3993089741661687,0.456979253558184,0.40224890862320317,0.4737371527193867,-0.034132264061313214
11,8828309403fffff,21.911109176009322,0.660799722396016,0.3435957715041128,0.5197927985082123,0.514244202466886,0.48750509653413293,-0.06717850534417094
11,88283080e5fffff,21.396070261630815,0.6623993828512598,0.3366215018012284,0.43352677490321145,0.4939476582473017,0.35916890165465576,0.04705867154842386
