timestep,cell_id,temperature,humidity,vegetation_density,water_availability,soil_quality,biodiversity_index,carbon_flux
0,8828308635fffff,20.11006609758638,0.550713754983106,0.44968351780456334,0.537746461421837,0.6487294738122584,0.4863336588476814,-0.02099094682613198
0,88283090a5fffff,19.89414342382944,0.7108571257281591,0.5537423856516245,0.5751715074285749,0.6032624071794409,0.3743275621625045,0.02082433499402971
0,8828309409fffff,19.950502116883055,0.6142290602812058,0.5267187117341547,0.6087795140971418,0.5266862522608854,0.5462658638460991,0.04410607139128523
0,8828309451fffff,19.9841313586768,0.6049934906576063,0.402149505479121,0.4994722752651825,0.7143656122925383,0.5815230976568473,0.025439761490827613
0,8828308629fffff,20.0376516976465,0.5229967418191357,0.5716481444581091,0.5487477618768939,0.533267056160515,0.45329489791588273,-0.03566987649493918
0,882830940dfffff,19.927355553387653,0.5963737202358312,0.4708239947166611,0.4745598397084833,0.5352970611945598,0.4822040868517241,0.04239592000992898
0,8828308719fffff,20.00858316886582,0.5749349448203943,0.5597307844431797,0.4391523063214107,0.7157848145295509,0.4881862380793277,0.045148207590881666
0,882830862bfffff,19.979018924530358,0.590715294614498,0.542533149633143,0.5186393918482676,0.4800312885135949,0.4787740978995041,-0.04094224476040332
0,88283080edfffff,19.933617292729604,0.5697299117496663,0.488132991236566,0.5007933916661427,0.6062098273883019,0.4797934043967192,0.011810161359193366
0,8828308621fffff,20.0097400294569,0.5904527623238569,0.47955000215052535,0.49390219327944673,0.6398084710676973,0.5213101937612281,-0.014364388010716229
0,8828309407fffff,20.027170665109335,0.5643294837709778,0.5750724569468969,0.43227741937840425,0.5651536613606049,0.47221810366720596,-0.023611310027731678
0,8828308441fffff,19.99208607332477,0.6877328489646974,0.5496824014229847,0.4614558888282892,0.6176390093670573,0.5737748676848436,-0.01241792778301247
0,8828308269fffff,20.022730573413828,0.6750766424678205,0.5547073353684063,0.5425684223171067,0.5619008372714868,0.5266771021137273,0.01312621655055908
0,8828309401fffff,19.957949607009184,0.6163330269693257,0.4833963794180656,0.37797481020860296,0.561189486155732,0.48572870992792266,0.0704002320008704
0,8828309415fffff,20.025798467199756,0.6713063843316255,0.49277689858719803,0.4865306303764758,0.6700495505882375,0.4492509698758197,-0.011650074148305612
0,8828308033fffff,19.930254664139497,0.5978566425916363,0.5593542357011936,0.5485909293809176,0.5884914512966475,0.46218271277949635,0.021072987690325583
0,8828308037fffff,19.93628474708703,0.6819430945242574,0.4830855147205683,0.538809897552084,0.5543488486627726,0.4690343679806311,0.08319426825825271
0,8828308753fffff,19.930822113365036,0.6041482311470542,0.475206115155494,0.40816143721961945,0.5568213724235525,0.5573319000512743,0.03979651723720642
0,8828309439fffff,19.962131342135795,0.5995158945602063,0.5314127680099143,0.5680557626949636,0.6070171944001981,0.46637987842628487,0.021669640954437595
0,88283080e5fffff,19.95857027230956,0.5608739692266156,0.5372296260273591,0.5483223180632997,0.5648860827417239,0.5664010871693711,0.08394058031917351
0,8828308031fffff,20.020158859263947,0.6418563954565023,0.5680315090407528,0.4487127028517001,0.6301958686418413,0.5124680348014345,0.038732925036164254
0,882830919dfffff,20.021116269971937,0.5646314654505802,0.5715067137561467,0.5359704370498405,0.5926247108368906,0.4002807147998556,0.006649221853947971
0,88283090a7fffff,19.992034414925687,0.6011437963243161,0.5844601420751987,0.5356377952866198,0.5775713117066762,0.49320136835395967,0.047750815751503084
0,8828309403fffff,19.94546184680495,0.502265224449648,0.4921714542832015,0.5892443150776591,0.6638545647162244,0.5024994845176625,-0.020806109436512954
0,882830940bfffff,19.98629404733516,0.5114314408953707,0.520166225138931,0.5344608351848553,0.5230282358480149,0.5822740474596815,-0.04780116305367115
0,882830871bfffff,19.99074485816086,0.612100604692786,0.5517062067854605,0.5001319797487401,0.643015172727329,0.5527998087398507,0.05147089203586361
0,882830803dfffff,20.010785471267102,0.5733188886263895,0.5805312882705805,0.5544106024944913,0.5379937783971721,0.4869954554120773,0.03063965579708617
0,88283091d7fffff,19.986681393453182,0.6274355044882662,0.5386515236096813,0.5695748374499452,0.6433045785983091,0.5334381851384283,-0.06821123493981611
0,8828308625fffff,20.04042045842153,0.47410003097406,0.4664318968304806,0.5477095800566982,0.5972171929420041,0.3578168578777985,-0.042031520751758616
0,88283081dbfffff,19.985124332492486,0.6204958917226545,0.35116935631769547,0.4339977231537291,0.6703866653598296,0.5468129265859666,0.047368573298570936
0,882830824dfffff,20.033123301956657,0.5855689642133027,0.5020942481489389,0.6177215074405766,0.5481462725294812,0.4620862619591829,-0.034502744762886534
0,8828308017fffff,20.0007439128376,0.6718965852686827,0.4514633818744818,0.49607055595298616,0.5931050742946813,0.6091610490964301,-0.06863901710071299
0,882830844bfffff,19.998015569366082,0.5824535780001758,0.46053695467450934,0.5453517218535375,0.5271006631138102,0.5533022271752001,-0.05898963716502359
0,8828308241fffff,20.038079535987002,0.6368489357238892,0.4087790438017397,0.46758114522455746,0.5659122609079191,0.5204221575125064,0.00431877733748499
0,8828308623fffff,20.0204766974046,0.6169107631584283,0.5350269287369753,0.4497212333086013,0.6483843223367953,0.4851995785751026,0.0450374062273116
0,8828309447fffff,19.936011121293266,0.5554434488744834,0.5186479025916642,0.47009220546389296,0.6282515813580358,0.48796372331964105,0.0691508656024212
0,8828308039fffff,19.936809420489396,0.5835063342591417,0.5442539333522287,0.5330925230466452,0.6333558378841314,0.5575261684978545,-0.1306076660734714
0,8828309455fffff,19.97430522493877,0.5646618720423272,0.5377819246630691,0.5463452953725892,0.6096704557591291,0.5586417341098828,-0.03660189784052016
0,8828309419fffff,20.006850364135936,0.620466526254214,0.49054042886241445,0.4883908437043592,0.5422281719971764,0.43671430572941206,-0.09041843948906371
0,882830863dfffff,20.009441852098814,0.6168360865210181,0.4377897852563547,0.5426338151747387,0.6740992290899155,0.4367179115598849,-0.0647457344117176
0,88283081d9fffff,19.972138201930967,0.6820768462777943,0.4101278259902022,0.47595187363065816,0.5514764682758033,0.5315503478693365,-0.012033921542375444
0,8828308449fffff,20.015115244186397,0.5932274799006834,0.516864483468259,0.5278578270031515,0.6297544045884793,0.5653217779989712,0.04286011038130719
0,88283080e1fffff,19.97387351362,0.5908168673778392,0.4428183047104898,0.527744291801343,0.4931713618250556,0.4785030780444063,-0.04996658138780144
0,8828308627fffff,20.059554541559162,0.6284713042486957,0.5088252129899632,0.4418056833090806,0.5734039705785683,0.5060439206694148,0.04435880786441446
0,8828309411fffff,19.94040867651742,0.5435358713781567,0.5205585540408232,0.471503070373554,0.6774489288657999,0.5237187416624006,-0.02071290209519748
0,8828308249fffff,20.011017928335303,0.6158721722659294,0.479376494509225,0.5027132756503309,0.6181451814816946,0.43698336834895685,-0.00273172043656163
0,88283090a1fffff,20.01232518154069,0.5469634018411627,0.41796735901452764,0.5115931706642564,0.6135287025837403,0.47835864104966724,-0.16636789108818217
0,88283091d3fffff,20.01945451949726,0.5830476434350275,0.4229005167032764,0.6373326556013688,0.5058814544212396,0.49175712217269407,0.007734015219350478
0,8828309405fffff,19.943702437417755,0.6141554968891065,0.5181388290311116,0.45715772148243694,0.653835012472984,0.5071052572415484,0.02304139474240848
0,8828309193fffff,19.979650422088607,0.5904550489544761,0.510041909499132,0.4338799201264328,0.5913042922024784,0.4542544726288611,-0.006541639380125777
0,88283080e7fffff,20.009539365219347,0.6072274981845086,0.4669371163826703,0.5719795960514188,0.61905077014378,0.46817692006578826,0.050309315867646476
0,882830862dfffff,19.9781588785649,0.5365132467407332,0.5567579791700503,0.5661691434144677,0.5955283650565457,0.5063049602709498,0.010239772056421534
0,8828309191fffff,20.02202767400513,0.5925084345891314,0.6212382963142207,0.4967762871852887,0.6540358511135813,0.4890152490364709,-0.0055759127882338555
0,882830941dfffff,20.058770930471645,0.5904792941564349,0.5705851146298071,0.5015367014358079,0.5706287673459354,0.436330367325094,0.03567446992227254
0,88283081d1fffff,19.86073557167614,0.6941736437589904,0.5372650903353317,0.5358926627116452,0.570804480991252,0.444526346646353,-0.035360995824563174
0,8828309197fffff,20.043361500343746,0.6515028187173986,0.3930378286679742,0.5453815158992397,0.6990562709757916,0.4249424182083719,0.05191882595873734
0,88283081cbfffff,20.04173700654828,0.6699812056307525,0.5111740526424996,0.5181593913155264,0.6610101173130984,0.46140157935357384,0.0014753770098316422
0,88283090a3fffff,20.00248663405915,0.5882824589795146,0.6188361126933315,0.4976285024139556,0.625035955573876,0.4942539102793163,0.013494045558924798
0,8828308015fffff,19.992800764002794,0.6403048356966727,0.5257845496832453,0.4835061430668369,0.6211381528500035,0.47592696104394133,-0.0145296460074302
0,88283080e9fffff,20.074845921227997,0.5672848347377287,0.5599909069315149,0.5419172798222675,0.6362391415114752,0.4255993540110765,-0.03643794354610155
0,8828309199fffff,19.935361707097233,0.5915776802233087,0.43702668796732863,0.5405007504730641,0.5807834984318849,0.49132900748900976,0.01812015181623523
0,8828308711fffff,20.07418242958774,0.6041159101760647,0.4596341089936001,0.4511017473255055,0.5635726219321912,0.5477238263646443,-0.04674393385076307
0,8828309195fffff,20.01716091926045,0.5871974434409387,0.5253254728289714,0.5442127468143446,0.574925297266581,0.49338700581997147,-0.05030310026813278
0,882830844dfffff,19.986380171550913,0.5428301760344767,0.455214013126788,0.5425846177367498,0.6631669007790922,0.4935598567269749,0.022178633967851552
0,882830919bfffff,19.92518796017047,0.5732570480826216,0.5252469122574753,0.5662227525250139,0.6207362115866546,0.44632908931292303,0.0017601979141159754
0,8828309453fffff,19.999203021860687,0.6517465265506243,0.5870785199323657,0.5555690964958182,0.6064755082179938,0.49464294837015765,-0.008109453264307167
0,882830803bfffff,19.95038570169751,0.6429566768131566,0.4196353312347654,0.5419316937612342,0.6041835746255327,0.49991660504813845,-0.007766275768681658
0,88283081ddfffff,19.96206801012162,0.6229843426225696,0.46682643048150296,0.592696143634042,0.5536671186372677,0.5789523458051066,-0.05488488363652987
0,8828309457fffff,20.005888194295117,0.5828378499068945,0.5978493219012252,0.5174240267176624,0.6090533812066898,0.49277632337105076,0.00623954969682197
0,8828308713fffff,20.06227767259171,0.694634385188466,0.515606196169981,0.5405574676785068,0.5756262382593255,0.4967198274512751,-0.0054236187580072315
0,8828308245fffff,20.00325778179669,0.6222811791854964,0.5526580753240329,0.4765996154982235,0.6182422299215105,0.5303914288160642,-0.070975686405569
0,88283090adfffff,20.0093905627812,0.5761531509699964,0.5162058518926623,0.5270447143095729,0.5659231247840856,0.42953226914369647,-0.04264145051306907
0,8828308035fffff,19.98385882724013,0.5697071565400429,0.5498856186134613,0.5257459991982028,0.622435476478361,0.5299288611282637,-0.03449503431749464
0,882830945dfffff,20.016062494570203,0.5278315577421863,0.44613483622909555,0.498180015039352,0.606563865014419,0.49559837578026283,0.08690150026837193
0,8828309443fffff,20.06244444403601,0.5961396697495049,0.5037364939345271,0.5717044060301829,0.5786564809285702,0.46232816456572273,0.034166333227077746
0,8828308445fffff,20.028844335758713,0.6391300953010904,0.4201549205570706,0.5594220132784309,0.5896075819468072,0.45962458263906475,-0.02747506976533562
1,8828308635fffff,21.218437571691133,0.6503058702660102,0.4830996032084624,0.6486243067833636,0.703773440466893,0.4828432378544781,0.13063495494343164
1,88283090a5fffff,21.830333082960514,0.7224513608675062,0.4900645280999982,0.6196352924978745,0.6193217979135679,0.5219555374872177,0.07283236852726095
1,8828309409fffff,20.914545387295508,0.6280664023308444,0.5692800997579078,0.6573333145139445,0.5917382407336732,0.5911175553239777,0.03125531725956083
1,8828309451fffff,20.817645708989126,0.5987757038947501,0.5002915204035796,0.6134602443546164,0.6576756594082845,0.5486660611196381,0.07176425762409373
1,8828308629fffff,20.198829268707698,0.6852679441001054,0.4481121604725948,0.6827204760648565,0.6522649995141746,0.7398243047102186,0.10070661063076644
1,882830940dfffff,21.245751647574178,0.6385771339767843,0.5431470924816352,0.671880738053387,0.6619869055874044,0.5841097084743533,0.014992902202685336
1,8828308719fffff,21.242150695362835,0.7365395623218174,0.4985270339311589,0.795656097255126,0.6323156365173987,0.6110797023323509,-0.03118148355544778
1,882830862bfffff,20.497962933357808,0.6918031860398848,0.44681727524786474,0.6453552400855758,0.6648244019878553,0.6022698300048032,0.06377151902506462
1,88283080edfffff,21.54671596195063,0.7087374201035768,0.5327998828993427,0.6557447443317755,0.5803919084918614,0.41584129365368117,-0.05727412653730331
1,8828308621fffff,20.48138031739602,0.6010582305286701,0.5880813529121441,0.6764962927740631,0.6932457447373641,0.6345253502114989,0.14174377151843687
1,8828309407fffff,21.93290706606591,0.6256188909795848,0.6450378141832466,0.6284413118801964,0.6831272098518094,0.4971227660260636,0.0005068790960007369
1,8828308441fffff,22.001452001368143,0.6158630578250328,0.47116144563132334,0.679989719167298,0.6241092111678824,0.4942791929766157,0.10815127763777443
1,8828308269fffff,20.557468089018784,0.6896379699792375,0.5831302775565149,0.5710247175935247,0.6525482381374317,0.4735077611173438,0.06821703693899372
1,8828309401fffff,21.44024475606203,0.737263179250532,0.6135253440174305,0.6436455053366568,0.6710672376117595,0.5649449072406459,0.013106269076466115
1,8828309415fffff,22.231010533210174,0.6692788503314523,0.6227981451653464,0.5776603486518765,0.5658670206855008,0.4475055443683385,0.07415211681489961
1,8828308033fffff,21.65717050556349,0.7140660110041799,0.4260765897794312,0.6947034414621875,0.6054680449522467,0.5671730293079204,0.006961478350192932
1,8828308037fffff,21.748269148399896,0.5888025045216542,0.48889678000890696,0.7268626854975219,0.6922424528347995,0.4946101685118111,0.07465506040857703
1,8828308753fffff,20.939185657104918,0.6387543846054994,0.49758528912922695,0.6671700597157034,0.6508571057710045,0.6145888146501166,0.09996478683353663
1,8828309439fffff,22.38898456525579,0.6380318275119659,0.5709017152406741,0.5492531479552306,0.6140670046495523,0.47280743369644485,0.08869330120954153
1,88283080e5fffff,21.49847278144078,0.6796531314728808,0.4132848666606858,0.5993599422671148,0.6956819393040521,0.5837238586816108,0.06941813847382033
1,8828308031fffff,22.114486425839402,0.7150235810084985,0.5964863574162629,0.7021917954558121,0.7205091972493998,0.4788217882621276,-0.0011865294901558798
1,882830919dfffff,21.755603226554076,0.6789345325767219,0.5566394909359349,0.687025599835473,0.6542454967709702,0.6146064882888046,-0.020585732300904193
1,88283090a7fffff,21.581171762715762,0.650575694093627,0.5039772572734247,0.5985642179121243,0.6839866805639676,0.5825457805865999,0.07966254747480159
1,8828309403fffff,21.8610219419269,0.769876583885447,0.6359830972487337,0.5958162231372475,0.5802229377206276,0.5366062414779816,0.03537361247879137
1,882830940bfffff,21.322389901826558,0.6838257022679181,0.6098685545050635,0.6707051475831487,0.6000298263421522,0.6651168101605638,0.1384731043506297
1,882830871bfffff,21.273121797772596,0.627150238720443,0.44143577246955795,0.6625865934838968,0.5817388761697397,0.6245553221676396,0.03640109273075828
1,882830803dfffff,22.53265989387041,0.5816062972404704,0.5406676778586607,0.6725361945240617,0.6701345965312406,0.5330918293624749,0.04590359755481186
1,88283091d7fffff,22.40687063791843,0.6608940705121138,0.49529450970843664,0.7017933399878444,0.7162143358235642,0.4932232232150425,0.07979942464088968
1,8828308625fffff,20.761527858079045,0.6917765112493546,0.46629932635419796,0.6415815053980736,0.6104586749825351,0.5729577104620219,0.05819807777306543
1,88283081dbfffff,21.212360042304248,0.6508126408452269,0.4617267379572874,0.6864409684441405,0.6396995159572261,0.6518480886967516,0.0075158385966793565
1,882830824dfffff,21.353209543585617,0.6853679654616045,0.6289546375387676,0.63623687301516,0.6972985254753505,0.5637842353786979,0.0029169853089700062
1,8828308017fffff,21.361416207786238,0.7569667774632138,0.46275217160220605,0.6015268928144057,0.7277646688236943,0.7037353203784512,0.057740926117886233
1,882830844bfffff,21.786204320061017,0.6879068939710877,0.5878810685511576,0.7183058923749556,0.7035581582797098,0.575155525092967,0.07100195215280555
1,8828308241fffff,21.49035308771253,0.6267154604557827,0.5512627110021596,0.4974587512645508,0.7037480254550373,0.587931140204284,0.027361488417521167
1,8828308623fffff,20.88646818432071,0.5768005430571367,0.4728657629588905,0.6676865789699719,0.5888114116283281,0.6105640586757536,0.14535576783972703
1,8828309447fffff,20.774551397081982,0.6279479310521716,0.5445209947080796,0.6567007234698344,0.7011384314474667,0.5410727605598913,-0.011614246589337691
1,8828308039fffff,22.31715297901507,0.7283574586739965,0.564855692120504,0.6817419817300583,0.6028306389380798,0.6175168564505527,0.03820037619463434
1,8828309455fffff,20.774675398194688,0.6051759565853906,0.5740849435283202,0.6537315267593092,0.6293557079287568,0.5837800109084101,0.0193203661141868
1,8828309419fffff,21.536715724750607,0.6722381262979454,0.5658243660473126,0.5355898603164968,0.6026667006457473,0.47902278782629665,-0.04375361187290866
1,882830863dfffff,20.933658382583594,0.6789114886996555,0.45112877555241915,0.6686958617399481,0.608608642314005,0.6537298074050043,-0.020544045005716854
1,88283081d9fffff,21.380544846282323,0.6037818615521899,0.4790295793148589,0.6029581120511786,0.5374950298056298,0.5874567632305201,0.006987926003319371
1,8828308449fffff,21.521399798354057,0.5768398787110144,0.5522330098251854,0.7300012409158417,0.6365100536428709,0.5323095966577144,0.17186849286943962
1,88283080e1fffff,21.413416470034257,0.653697775884152,0.5122985452804287,0.5374269569508687,0.6455566818285385,0.4608950979364217,0.015995596775568666
1,8828308627fffff,20.97986964314188,0.6640777100407715,0.5657368320082348,0.6993744683231531,0.687304573123222,0.5795697447008995,0.09182651244861803
1,8828309411fffff,21.990809446301796,0.6710077952792138,0.5517488578719851,0.5898050411131028,0.6712555321366745,0.5811099963367539,-0.0322963207549055
1,8828308249fffff,21.4918141030401,0.6807718975548136,0.6105599913397126,0.5803960115750405,0.626684076571751,0.4728704157672695,0.14260599653285974
1,88283090a1fffff,21.561461706355473,0.7206251263773394,0.5682278537648109,0.6958208583656911,0.6292791247484385,0.5936413408864439,0.1288078117590804
1,88283091d3fffff,22.27821200346572,0.7084088860157416,0.5504511832510026,0.6958992456951829,0.6689548921941155,0.4987297173961717,-0.03861985885403814
1,8828309405fffff,21.502350188366343,0.6682273281460503,0.611265260302974,0.6161572578338512,0.5757313368569771,0.49513632298548116,0.053239498092434695
1,8828309193fffff,21.077606021823154,0.7366078920947176,0.6335528532766309,0.6246406744053903,0.6362971567293875,0.5497955758742292,-0.03270646689948363
1,88283080e7fffff,21.536248615193777,0.6270459576203657,0.5224375185118361,0.6636056100713621,0.6531957874205558,0.5149347921876611,-0.011499633208033178
1,882830862dfffff,20.48027197809165,0.6816821473981746,0.5754276422196081,0.7247700409971531,0.6744412507744835,0.6734955140314417,0.010634623641472357
1,8828309191fffff,21.323102695676805,0.7584975546467312,0.46372305147450915,0.6080009279864668,0.6091947009880012,0.5470669386334849,0.09790659655010964
1,882830941dfffff,21.753764894983238,0.7262277992184598,0.569530789235689,0.4935779923222358,0.552542707769508,0.48606328940721755,-0.03076801297114202
1,88283081d1fffff,20.94766524772235,0.6702987228063327,0.5285974935562529,0.7018492948261148,0.6226219134735798,0.490946054260519,-0.014261901885699584
1,8828309197fffff,20.750425036209993,0.7078872509779521,0.6256719211275542,0.6726498393111628,0.7182733614580284,0.41025672232936666,0.09930810674235269
1,88283081cbfffff,21.521602898060475,0.6287712416325351,0.46189307601685087,0.7078421142922742,0.6056011046280576,0.5539943136760647,0.004185801512701412
1,88283090a3fffff,21.33766789574492,0.7965795568089384,0.523958754441552,0.6484565500061094,0.6325490097388875,0.5961630102775753,0.01630019924602156
1,8828308015fffff,21.722374198664674,0.6350208390259817,0.5008103771560418,0.6115626933907404,0.672733438639103,0.48430809370451733,0.05652971319487311
1,88283080e9fffff,21.0690983179554,0.6667292835298928,0.5327043311566584,0.6825802767848992,0.6464470967753364,0.4693156842083075,0.08596339980317566
1,8828309199fffff,21.933564073758266,0.7025584525459111,0.620376136751841,0.6880689857709533,0.5932394936499803,0.5758957933108272,-0.004078707242508237
1,8828308711fffff,21.462529751548335,0.6086337718110277,0.5449922738471605,0.6704223188947909,0.6936207504072559,0.5708294493523944,0.048558909772379234
1,8828309195fffff,21.126740594433247,0.6668167838626304,0.6211225157175772,0.6278079976535995,0.5519068043548783,0.5497170062038897,0.11565424028557136
1,882830844dfffff,21.587784855227184,0.7235912183028519,0.5752354560051737,0.6402556813866378,0.6224666002996552,0.646704394721937,0.06830386817099457
1,882830919bfffff,21.37975307319539,0.6674269567340781,0.5493951368621843,0.7014938777165033,0.5922622992449316,0.5870955043750686,0.0682119492184976
1,8828309453fffff,21.15922173683329,0.6075843843444345,0.5811914258574151,0.5922185122222006,0.6984426151147016,0.6041981386182484,0.12013650223493341
1,882830803bfffff,21.875640720442338,0.6625209161662865,0.47176663429983773,0.7042941889645814,0.624718003015486,0.6090150794135013,-0.048081918373342
1,88283081ddfffff,21.161709769166087,0.6789148567239128,0.5374477760595285,0.7012753478283632,0.6963930178599276,0.5614787470464777,0.06987974579082845
1,8828309457fffff,21.208638815815885,0.6261003387297304,0.5731128343671357,0.5958165583609477,0.530958038248989,0.5935345669670599,-0.11980168062265383
1,8828308713fffff,21.658238489898004,0.6360366186372869,0.5325642242558694,0.6549092859984942,0.7418663403374152,0.4575612131130312,-0.018875553449004157
1,8828308245fffff,21.055748719472117,0.6587014201740098,0.5744176131523415,0.5549833494953501,0.6682528643686182,0.5929049007910818,0.058913150010452886
1,88283090adfffff,21.876009373384,0.76282868804325,0.5498004678538125,0.6444134566478831,0.6080889659716306,0.5831999541070363,0.06548058500701953
1,8828308035fffff,22.145648318435477,0.6997901508245657,0.4980251788706357,0.7576597265085706,0.6086148940472988,0.6145651311728928,-0.005915315670589873
1,882830945dfffff,20.336936932863054,0.5887610778955068,0.5699630046143589,0.6173711279041877,0.6235415809803058,0.5389428260310654,-0.029477665132796406
1,8828309443fffff,20.449935739425328,0.6521345659193952,0.5108426302668063,0.6808135866820422,0.6371614477129993,0.5447113885516264,0.08672754768364006
1,8828308445fffff,22.025041275813248,0.7352989275363724,0.47862804893318384,0.7194123320765867,0.7163515710793932,0.6116247001204342,0.08920922959220524
2,8828308635fffff,22.113991796777434,0.6183286878104249,0.5427838880720542,0.7175968580622235,0.6539266312356056,0.5554339688911794,0.009066774636421958
2,88283090a5fffff,22.86783412438217,0.6193823733613217,0.6137119422963414,0.630250148750071,0.6853326931430379,0.6007013021016665,-0.0066864700727175775
2,8828309409fffff,21.47298669542326,0.7247927437918373,0.5351572515250367,0.6736434686525897,0.667251408538329,0.6271452581359663,0.009423432699425466
2,8828309451fffff,21.20964474339091,0.7414387531467994,0.5528303242478604,0.5984057622526135,0.6401463863683929,0.6363938351607018,0.059777715937650015
2,8828308629fffff,20.245497460884007,0.6606882745631648,0.543528273491988,0.6476627308521862,0.610104676012118,0.7486761193254626,-0.020283050723033012
2,882830940dfffff,21.88679599519389,0.6733026857846777,0.5705127395644866,0.6307696096376637,0.6845243995924181,0.6304709367996355,0.04245455390932085
2,8828308719fffff,22.013539022930946,0.6271217821113312,0.6140501193390409,0.7222388587328629,0.6142089398358177,0.7114020762828874,0.030301841567609764
2,882830862bfffff,20.759733242284803,0.7169095047141139,0.5364005257424448,0.60052631973646,0.7097305114773272,0.6237810365819306,0.01709654797811675
2,88283080edfffff,22.48849646161784,0.6992523734907389,0.5432560029052691,0.5389715466829904,0.712219210958089,0.5694994272324185,-0.01770562867692255
2,8828308621fffff,20.91227382874976,0.778472417237146,0.5107914123652121,0.6610663915042405,0.6891834014000889,0.6638833138957911,-0.02764721122447315
2,8828309407fffff,23.211700547100396,0.6853643261943168,0.5586710030692059,0.531961753002464,0.7062329452106418,0.5613777269157976,-0.05083158657526423
2,8828308441fffff,23.268805695901495,0.5789380825124409,0.441252813357211,0.6736521748274107,0.6036641974627585,0.5277683384621834,0.05542281473096641
2,8828308269fffff,20.981284624073588,0.7381106570749784,0.6855780100068236,0.5275792211923953,0.7071646750228842,0.5876563134431084,-0.012064820032103792
2,8828309401fffff,22.33503183815097,0.6969025565493095,0.5341113459790152,0.6458227515869617,0.5927099828929767,0.6056389302291917,-0.022605277983631433
2,8828309415fffff,23.65785076876675,0.7571829546858391,0.7230758593010528,0.5961713408044179,0.5850468509721176,0.40518330113111833,0.07746766787997462
2,8828308033fffff,22.777291595171363,0.6774034738444471,0.5194824864493577,0.6801145577627354,0.7163597490190292,0.5617791915285045,-0.05032392234290132
2,8828308037fffff,22.804425079954886,0.6827462177548843,0.6176922576542039,0.6521457539873632,0.7004947145293512,0.6201759366965709,-0.033565690456116876
2,8828308753fffff,21.527591431494795,0.7199642573018629,0.648856299964651,0.6794312679391701,0.6267677321400413,0.6719590642444513,0.049618857693970925
2,8828309439fffff,23.89484881392299,0.7589307225324472,0.7652594539877499,0.5657293908158163,0.7097250762232723,0.5342822922109592,0.045769224236541825
2,88283080e5fffff,22.343473491427485,0.7289400934402409,0.48922203014300375,0.5835958584079545,0.6192288708641059,0.5782212640028747,0.09318697693818839
2,8828308031fffff,23.475312497229176,0.7004795586812168,0.48374882517156437,0.6356466265504238,0.7119108070470099,0.6133418349121812,-0.013158067525105678
2,882830919dfffff,22.76914569287473,0.6240676784289669,0.6257340596410115,0.5746137294071787,0.577644942722309,0.5572294656639548,0.055966406196943715
2,88283090a7fffff,22.456281595742364,0.6478931000851605,0.6374484429974424,0.6221411186576764,0.7157821980131528,0.6046057713559306,-0.026158634114696926
2,8828309403fffff,23.08225323365382,0.7813414501663573,0.6366452589889736,0.4806229201346773,0.7173496564849654,0.6059214873309666,0.02300271686436848
2,882830940bfffff,22.129887660784142,0.6388272002907018,0.5868297436062032,0.6217972342759647,0.7402547727006059,0.6317858319762412,0.031063684888292278
2,882830871bfffff,22.064159942573983,0.6698174746695854,0.6001785412913093,0.6800182018948326,0.5965615129406737,0.5768043625146912,-0.026938513568864484
2,882830803dfffff,24.097975211047196,0.7049713951188487,0.6331765500022934,0.6065855371941737,0.612137683696626,0.5458860706757189,-0.045907164117337036
2,88283091d7fffff,23.65632637752756,0.6516912137088383,0.6082081788782181,0.6788784569586138,0.7393501540320421,0.652943838448543,-0.08134198997987643
2,8828308625fffff,21.348444354291797,0.6464514190633674,0.48974043982150167,0.7051641488920611,0.7226801555601394,0.7174677633846249,-0.07335206968516103
2,88283081dbfffff,22.063957091702047,0.7397168143315257,0.48332281120582093,0.6882278058448039,0.6052300428718835,0.4988671066701239,-0.0036274129299505246
2,882830824dfffff,22.26401672411724,0.7030838952293634,0.6019468082455667,0.4945027231364467,0.6774450011272377,0.5777489670350232,0.04195725266520673
2,8828308017fffff,22.06794990358885,0.6614527264620623,0.5135651792419599,0.5909772792298709,0.6710700868842122,0.6576645987343305,0.019412772252473856
2,882830844bfffff,22.98426665858029,0.5713428885878415,0.5513916879207705,0.6839485937823131,0.6704222489036595,0.7410137801065675,-0.032740601271672824
2,8828308241fffff,22.403375466696524,0.7085746886886496,0.7709990665342309,0.48572969880652306,0.7304862483085347,0.5755363674524141,0.010309168971744696
2,8828308623fffff,21.472871029169355,0.6538800853285961,0.4139709864820317,0.6496043680530529,0.6635264231012951,0.6110047669207757,-0.08374499955503927
2,8828309447fffff,21.246770779177304,0.6871810159104041,0.6262372343541146,0.6151832120250277,0.7167521723433155,0.5727035488965331,0.06020207666669382
2,8828308039fffff,23.741696247363535,0.6491239522047814,0.5331902882776776,0.6479932257934226,0.7145761287222161,0.6769937037391984,0.018253949768786307
2,8828309455fffff,21.187320446906284,0.6628579158508222,0.5500239283540942,0.6773095503276116,0.6638585027366779,0.6543697320782806,0.04257365759778105
2,8828309419fffff,22.56278562423404,0.7533061974350069,0.6689548479432011,0.6465781110328508,0.6548270377484737,0.6048912575610025,0.031150579785661422
2,882830863dfffff,21.467100833524633,0.7431282590880643,0.47540356078002743,0.6883141032978762,0.6460169032942145,0.5727744998610222,-0.026524103475097878
2,88283081d9fffff,22.28648450853907,0.6282181673195322,0.5188946833650412,0.7892302967006722,0.6792299042607182,0.6605245855157091,0.06598877205666358
2,8828308449fffff,22.422773098094257,0.6402733777766704,0.5389485160779721,0.7706841886641874,0.7442468294485942,0.6207691771476895,-0.08546506517177666
2,88283080e1fffff,22.24284919349417,0.670346067580089,0.4642580866983736,0.5862199950100033,0.6986399403137358,0.6758768631504674,-0.06270750468821366
2,8828308627fffff,21.72057484537123,0.6470018082103763,0.4567150883072071,0.6458986893705106,0.6386481034327337,0.7357542310222974,0.022902495071975542
2,8828309411fffff,23.1154408218117,0.7043347321431798,0.6436535518667188,0.5228608261277129,0.6303155236068713,0.4789476445902472,0.02175823100767802
2,8828308249fffff,22.460409725227418,0.6659045033063073,0.6102558697417474,0.5543397977794784,0.7337216003624973,0.5807083923965588,0.03167935758750217
2,88283090a1fffff,22.41568627234318,0.7663331207173866,0.5393463609577839,0.6470965700421587,0.7201453687867488,0.6246332355566784,-0.015683191107206052
2,88283091d3fffff,23.623220001268365,0.7430007425362887,0.6281053740735217,0.6752016776346489,0.6712849827009993,0.6262551991458469,0.04701113107979699
2,8828309405fffff,22.46300709015076,0.6617295171209501,0.6334510153561602,0.6473737791219205,0.6324477316994965,0.6229870012857698,0.03626374771451069
2,8828309193fffff,21.61728074050996,0.6656869450968704,0.6996964380810158,0.647414523929232,0.7427923470479801,0.5860129910107549,-0.0754500353867521
2,88283080e7fffff,22.518464448469956,0.5898438553947154,0.5625024243914294,0.6060049298175095,0.6979414052543343,0.6302927309887443,-0.07257189212834875
2,882830862dfffff,20.584430158439957,0.6110618942534598,0.41736329799401317,0.5426222766044981,0.6316976824763547,0.706335553780008,0.03487226523520449
2,8828309191fffff,22.177022651294163,0.6980051504382881,0.6276158571856342,0.6106261818081491,0.7085942435274294,0.5944704872635526,0.02419974764061782
2,882830941dfffff,22.803975622935678,0.7345276699306049,0.694756633821463,0.5590201211917355,0.7164633609221808,0.5257084552231185,-0.02117402486925935
2,88283081d1fffff,21.480534476628296,0.6262288291591771,0.6754489296155521,0.7615279309791164,0.6052059151449067,0.5723362807408922,-0.04552609420977806
2,8828309197fffff,21.252087592959754,0.6895976633237971,0.7260176565039252,0.6357242759428383,0.5679610293833893,0.5494281489074726,0.014663536024103096
2,88283081cbfffff,22.487417485334063,0.6101428415505981,0.6101715878743275,0.6954518528761898,0.6600236739260217,0.5527501048138876,0.0350921324045597
2,88283090a3fffff,22.213033822321176,0.7293679388262844,0.6600337092913616,0.6265441753073461,0.705677134735562,0.657477842206609,-0.0041237305353364435
2,8828308015fffff,22.874073784737142,0.7411662261585809,0.5174834388376136,0.6162132335128285,0.7812427807263185,0.5752474813391969,-0.06059785977266016
2,88283080e9fffff,21.831469355159225,0.7177312668429873,0.4946006260294334,0.6464494880001019,0.7578232159542051,0.6238797013982387,0.020693618823317664
2,8828309199fffff,23.150330270547983,0.6527949023297753,0.5095359735385641,0.683470568946021,0.5909066773014506,0.6264908194394752,-0.06630657389204107
2,8828308711fffff,22.38491952207439,0.65916240660933,0.570939532631561,0.5766011037868015,0.6582409582201417,0.581996284557142,-0.015396306519960932
2,8828309195fffff,21.910374488295957,0.6911121331078479,0.5475111131021279,0.5627921247287071,0.6720271793097773,0.6423691296940918,0.032961823138272776
2,882830844dfffff,22.527798091347908,0.6105858663899734,0.517863543429019,0.6572170305423035,0.6566398686668685,0.6845665261465256,-0.08596370382092051
2,882830919bfffff,22.459227831427103,0.7180046033958503,0.589238285069204,0.6124928214664387,0.5846632177025449,0.5112569496721014,-0.034349767719324416
2,8828309453fffff,21.949776510804856,0.6261624319433183,0.5524242230794113,0.6394379412042087,0.6733520894569296,0.6015965197333751,0.027918534544783886
2,882830803bfffff,22.952468946737405,0.7157662807852196,0.5109632008883365,0.6466415244786583,0.7185133178901237,0.6058743546849736,-0.015701157460401637
2,88283081ddfffff,21.93282291606019,0.6326947959601891,0.5138042727974801,0.7086024421377888,0.7531651342221757,0.5406139802769645,-0.04656019338534204
2,8828309457fffff,21.92776999502815,0.7075479086630746,0.6656456215032059,0.7286898170667396,0.6942056725644611,0.5123493375196635,0.06553039429626016
2,8828308713fffff,22.613039383400075,0.7225529817001006,0.5428038996391931,0.7515568181186189,0.6659354220554051,0.6370280702798238,0.026833942321535235
2,8828308245fffff,21.621822990521267,0.6630353691655269,0.6437945957136286,0.532482073047017,0.6884101060798659,0.4072561486758751,-0.04921639913395331
2,88283090adfffff,23.13868517354658,0.6666527451932388,0.6099839235560859,0.5864387111213986,0.6621674098534894,0.6463373262173875,-0.0703553688037893
2,8828308035fffff,23.45211649612423,0.591537847634928,0.6418157717077231,0.6585859982112964,0.6109217800083773,0.5281802895987804,0.03807665895477979
2,882830945dfffff,20.506775780101513,0.6159124921571524,0.5093572022767398,0.6696183644604563,0.7071521822588495,0.6110811324223371,0.017956442511033184
2,8828309443fffff,20.721656491915223,0.6293960569056819,0.5508953718437738,0.6901611330569446,0.761904705697212,0.5176391132052498,-0.043914668342452695
2,8828308445fffff,23.352174872532142,0.6015015150619587,0.5825595354292835,0.7699216345414477,0.6880142603417878,0.5826572657471718,0.031958913018838166
3,8828308635fffff,22.11902897999274,0.5863511699694616,0.46333545606164317,0.5211516714997622,0.7283699330421739,0.6794713329760311,-0.0801244858284432
3,88283090a5fffff,22.892470018600118,0.7553673194922363,0.6470152793878601,0.4602208944201197,0.7457444847467009,0.6751376759972942,-0.08056778347098746
3,8828309409fffff,21.46258809251422,0.6650125155481018,0.6196923767688072,0.4918186340918096,0.789712434960486,0.6757522455080608,-0.1286976537537395
3,8828309451fffff,21.130529480590535,0.6612539346420484,0.5309753142995599,0.5992241921283242,0.7405094256708132,0.6397887947570376,-0.027403233107305806
3,8828308629fffff,20.18082868433339,0.6919512265925959,0.48774527970042436,0.42708253532056656,0.6145884482394989,0.7383389391241938,-0.031051158035582754
3,882830940dfffff,21.989374246884097,0.6166386652993172,0.664622426035079,0.44571844739684485,0.7095097662425832,0.6285524812106489,0.04591345932838737
3,8828308719fffff,21.979938437802616,0.7117755423613111,0.5821662817288678,0.5285800250883447,0.599035231335167,0.6122692711319857,0.014983326344966325
3,882830862bfffff,20.772300699778803,0.7101213901503921,0.4279508574312459,0.4904202181450453,0.6758219854407063,0.7861937413369939,-0.11218507889629237
3,88283080edfffff,22.3011213071627,0.7438916172649848,0.4949354054032278,0.49834892631553873,0.6766240633311416,0.5825181858657935,0.0013709928367827487
3,8828308621fffff,20.90183986428512,0.6647308074135064,0.4672559084397202,0.4642597602762978,0.7430835538826569,0.6318466950052299,-0.051363498483713736
3,8828309407fffff,23.121291781435414,0.7167869441815993,0.6447020585048752,0.39151238697029245,0.6385761217151031,0.5103458921977697,-0.03721109375433926
3,8828308441fffff,23.31976006238097,0.607311777935987,0.5061717680040957,0.5717790961527545,0.6502597847347975,0.7350024732889677,-0.07841887367307762
3,8828308269fffff,20.88079014643896,0.7286709381521513,0.5485655312247808,0.5181452972659655,0.6754820359861917,0.6210672991196354,0.050219918405340576
3,8828309401fffff,22.403175353937982,0.5692926148918929,0.7277746118839633,0.4775192306839947,0.728181643168956,0.6771084429623848,-0.09451759775406007
3,8828309415fffff,23.598002313148942,0.7303878305976935,0.7206313994621091,0.4854030983428341,0.6594216643419631,0.5534891139363248,-0.1952132393001769
3,8828308033fffff,22.762349545740328,0.7272511604097401,0.5858493648692705,0.5254550974408859,0.8275487925883477,0.6611228606658739,-0.0583222662012418
3,8828308037fffff,22.778166761354456,0.6875203927243277,0.4831634991122405,0.43865487744131526,0.6352631318758616,0.5138174954106725,0.0347073015955105
3,8828308753fffff,21.475573455562454,0.6954788981357074,0.6045262752524382,0.5236296066385855,0.7693371180625926,0.735923981147825,-0.06756250091712133
3,8828309439fffff,23.910060584246736,0.7296967605798752,0.7366007420836281,0.5314958014587834,0.6510746456011748,0.6106445062377989,-0.1176524708555935
3,88283080e5fffff,22.469038745365996,0.6496203769164707,0.5184174764552286,0.4192117492683655,0.7105992236008745,0.6539436349781245,-0.07177248366655214
3,8828308031fffff,23.35240932917812,0.757439471522962,0.5522295103597434,0.5843158604133263,0.7495332193824679,0.6323613803733863,-0.023402070368661078
3,882830919dfffff,22.846994737813098,0.6871816885416873,0.6579945020337067,0.48712869776866324,0.7222373921715065,0.7103289403331163,0.05570456170018722
3,88283090a7fffff,22.474790398439968,0.654364265961584,0.7075707017055602,0.5075551799932457,0.7933243547695923,0.5613401656086917,-0.019452072771478868
3,8828309403fffff,23.126820322758967,0.7174880611526487,0.7505018347506078,0.5438703702403203,0.651129236235487,0.5994792090802643,-0.0553763232024806
3,882830940bfffff,22.036634099558807,0.7359214152112533,0.638590262242761,0.5033309963730689,0.6206015644403512,0.5690348826644814,-0.07767549235331561
3,882830871bfffff,22.09626680552778,0.6389472251488335,0.5573301987724298,0.5193032281290907,0.6015324852056038,0.6813973789610435,-0.05326199318624363
3,882830803dfffff,24.175214706966205,0.6266055872200936,0.5931693068186146,0.5559541268385987,0.6887375980280318,0.5591281604009645,-0.04752345100208454
3,88283091d7fffff,23.77077869011651,0.6575947749781573,0.6533035839671177,0.4554866309346493,0.6703694456731376,0.5007776377491745,-0.06419177499698647
3,8828308625fffff,21.380155273895742,0.6042669368350257,0.4814926870452931,0.5060970733658378,0.7144452242798244,0.7402094093787674,0.015483091594561488
3,88283081dbfffff,22.1031988380037,0.6445401022155751,0.539591463887175,0.5473846344475528,0.7061367877455901,0.5711097080018207,-0.043740682035537944
3,882830824dfffff,22.20101622361834,0.6199094997577798,0.642950247708773,0.4334746723990174,0.6305683619514902,0.6204834915523552,-0.10357408099601956
3,8828308017fffff,22.12697018986237,0.7020646475798925,0.525662459456451,0.5033510860737003,0.6895250618591456,0.6978260549946401,-0.004791496721044862
3,882830844bfffff,22.931955066182958,0.7394698444013496,0.5643745712638819,0.5372494110281132,0.6954320524212458,0.7413275917627832,-0.027788740616326607
3,8828308241fffff,22.374676099356623,0.6451176038368531,0.719506595166213,0.5570262732974739,0.6643640696771455,0.618110856068995,0.049904830184765075
3,8828308623fffff,21.495082763814477,0.6206279300493908,0.5029882393642662,0.5767089319786465,0.7927179641890785,0.7955292278103687,-0.12340041507043872
3,8828309447fffff,21.313319285487804,0.7129131501123943,0.5568482701649276,0.4378995242723323,0.6810001069284155,0.6874196970557682,-0.05038061208064866
3,8828308039fffff,23.741493319735067,0.7178930253264155,0.5550794013002841,0.5380906001304959,0.5914360036083174,0.6414795721890661,-0.04291406282510176
3,8828309455fffff,21.163203085024538,0.7091223575528295,0.5019108785986004,0.6239825704517581,0.838984124188357,0.6839412461680761,0.060524804847255
3,8828309419fffff,22.52152780943452,0.6896041253530334,0.6503280325801812,0.614683627965524,0.673038459814833,0.6521234173444472,0.03639832157842142
3,882830863dfffff,21.397110830053567,0.7075190190425246,0.5467239164181091,0.4727625334101328,0.6653814023509188,0.7582701512434076,-0.08008388337643207
3,88283081d9fffff,22.19247595365556,0.6749110903856631,0.5451688897485586,0.4491877515374873,0.7372099200996702,0.5912798093825583,-0.0839351715228683
3,8828308449fffff,22.39420990641043,0.6318829666685863,0.48653757983653423,0.5482279396527752,0.6167541232412495,0.6943933418450621,-0.08153089116427396
3,88283080e1fffff,22.292775982775353,0.6940294793933265,0.5048367099631379,0.4591440581602704,0.6608861299769762,0.6874544422901924,-0.0026554569145566653
3,8828308627fffff,21.72329053963686,0.4595243404075492,0.59168846834118,0.4709148700462658,0.6422342950324265,0.7885954517885696,-0.0419143297985477
3,8828309411fffff,23.213172620916616,0.6574745156342807,0.5898680152909106,0.3639586905414117,0.6836161875493145,0.5607183422344519,0.002429890885653846
3,8828308249fffff,22.5348998711367,0.5690962404942006,0.654945197731657,0.5738056191718843,0.732667900233916,0.6136494309022646,-0.019120980548691713
3,88283090a1fffff,22.369657351421715,0.5993687128818771,0.5860644555630544,0.481213786154236,0.6854406801213333,0.6518361646798448,0.0001850618542813126
3,88283091d3fffff,23.64380641620784,0.650078453609985,0.6084798652354536,0.5334513059296474,0.7295236461293547,0.5169297205977823,-0.11237465869482935
3,8828309405fffff,22.52779558844994,0.6811496940642993,0.6598573420740023,0.5197647595200869,0.6513783679526381,0.7223115032139185,-0.04638597309176458
3,8828309193fffff,21.647237090038306,0.7492297878427973,0.6554104741963073,0.46213202294850536,0.7163456347046417,0.5643783455082967,-0.05857743449610177
3,88283080e7fffff,22.522303668102005,0.6689575246643003,0.5332612823471031,0.5473601796558674,0.7279116996163922,0.6236230534023833,0.04553359308741408
3,882830862dfffff,20.66652943619023,0.6186352891137438,0.588223279272598,0.490920696097959,0.7295039804315193,0.7559101080678485,-0.1254627885241787
3,8828309191fffff,22.11789628561681,0.5601083575628565,0.7105701795748703,0.56137904217238,0.6811538965699202,0.6552446387099718,-0.02859580218827918
3,882830941dfffff,22.77062313685871,0.6772429650166252,0.721792816146154,0.5192918654204821,0.6493223948066944,0.6155175590674187,-0.06347240728380539
3,88283081d1fffff,21.502140412036066,0.6617757395765097,0.5675567735482302,0.4929893854561374,0.6197029858077325,0.5234312347051507,-0.018284030419950192
3,8828309197fffff,21.29564707924334,0.6389376266907032,0.6273786553116973,0.5126612322590657,0.6390101375589174,0.5784741357816898,-0.018596821348579942
3,88283081cbfffff,22.663999167133625,0.5365018796848319,0.6972669222094603,0.600943283354825,0.7897586025060902,0.5343232356320808,-0.1251835326239028
3,88283090a3fffff,22.16748339797989,0.5855588813644524,0.6390207713343657,0.5955704518708752,0.7322288370081788,0.5826134864758278,-0.019593150143624186
3,8828308015fffff,22.880555505366114,0.7935782540922626,0.5013233407652489,0.5012365964506025,0.7483324266610969,0.6483949136627027,-0.05060426899799901
3,88283080e9fffff,21.79927679056813,0.5873808200029205,0.6174765615982178,0.44055558191272265,0.7398758896771023,0.7504505127969426,0.048830292248608756
3,8828309199fffff,23.11187834879206,0.6580599769785467,0.6025738352916644,0.5813419048200548,0.6875295629843352,0.6325830397284576,-0.07050023160392879
3,8828308711fffff,22.272734402495335,0.7135443907065971,0.5806194357976697,0.5171456208617103,0.655015266645212,0.66962375424648,-0.0005044326689008782
3,8828309195fffff,21.893648078747617,0.6524182682396352,0.7134561004886915,0.5422151946108806,0.674699931584279,0.6705958353964048,-0.000593894697883561
3,882830844dfffff,22.654276649731273,0.5920253721123705,0.5526103070893659,0.5247006946722166,0.815378273904201,0.6600004642354539,-0.12634264186292027
3,882830919bfffff,22.44916631629925,0.622854259330395,0.5801014347617414,0.5563970236368847,0.7651305237108372,0.6112487094680878,-0.10829001935996543
3,8828309453fffff,21.93898052647771,0.6228170274129464,0.617002693402102,0.4859088778878312,0.7547548477798367,0.6130296127544845,0.009644841763014063
3,882830803bfffff,22.98622090259547,0.6752554589778549,0.5011812399324272,0.5207772860348271,0.7094226711128477,0.7253103741600717,-0.02398361204209045
3,88283081ddfffff,21.874803721269792,0.6746383877984249,0.6408661972766223,0.5025509910205666,0.8057385224750041,0.6107949949773176,-0.06784341894519706
3,8828309457fffff,21.851602262036916,0.6682911472785824,0.6281650823849774,0.518707665595044,0.6594587849574207,0.686879943940614,0.03893270789454496
3,8828308713fffff,22.717025632049847,0.6594746064418543,0.5996284787381758,0.5330734087915667,0.6760132706185753,0.674518666386254,-0.05384552877656056
3,8828308245fffff,21.72650331747164,0.5795564791350328,0.7417752264910361,0.5145901731283665,0.7355050469352458,0.6003474235017463,0.006403187304623394
3,88283090adfffff,23.117937328760792,0.6483744986203906,0.4747531224711093,0.4146826666267249,0.7058687487511967,0.6688365038533839,-0.0693934066149322
3,8828308035fffff,23.445637752544904,0.7503058699813796,0.642833019924597,0.5305721774216466,0.7515542082581582,0.5508572270962169,-0.08482136514067821
3,882830945dfffff,20.56300681367005,0.5876824615294287,0.5376657499343381,0.4340295766208142,0.6753013590736191,0.727856217900845,0.03735216021833372
3,8828309443fffff,20.66843054939574,0.6510469692016646,0.5958189878430685,0.402885163139097,0.724430554470401,0.7272707131663848,0.056905726031114254
3,8828308445fffff,23.380217627497075,0.7103623246741126,0.5798493064753591,0.439762841935161,0.6985921886619676,0.6171532485223038,-0.2647806901230827
4,8828308635fffff,21.28150402857558,0.5745833773035376,0.5541406002590585,0.34394602939341395,0.6776469117169555,0.7434062112992127,0.03433119405062688
4,88283090a5fffff,21.837571839127623,0.5992777151387138,0.5602713646318148,0.43441602939953594,0.6678005352276746,0.655118222854357,-0.021942335104246483
4,8828309409fffff,20.997874696094716,0.5231485745126219,0.6163451641976262,0.3583002701191491,0.740723654795388,0.5805103506060657,-0.03062022602017482
4,8828309451fffff,20.81475544203041,0.5464973902723224,0.6575120858363595,0.3740830943083227,0.7045531473663025,0.7077453305948413,-0.01952151888829977
4,8828308629fffff,20.04911666769445,0.554518540713369,0.5552501792171862,0.34421866119535166,0.6398652962703181,0.8530275760886158,-0.0178005054621068
4,882830940dfffff,21.227719317525057,0.5282659486339303,0.6311072760176626,0.5200333823158276,0.691919276738921,0.729972263058917,-0.09630542587175148
4,8828308719fffff,21.286407640836593,0.6260147830572633,0.5578243356306753,0.2533030323683183,0.6779524956497561,0.6192694655567165,0.027590442212347282
4,882830862bfffff,20.46489418779077,0.6272419314378066,0.5142952349041879,0.4259519153871135,0.602138791206135,0.844026401095316,-0.07070040865812531
4,88283080edfffff,21.57875173235548,0.4843094829529438,0.575355822006875,0.347057732539878,0.6803811850610647,0.7038050898391601,-0.009913434221800363
4,8828308621fffff,20.500233197721798,0.6193981598270804,0.49064961093022474,0.39429120529977707,0.7565763587883803,0.9014557227167006,-0.02081418668934117
4,8828309407fffff,21.861592132646344,0.540605683433825,0.6721614882876963,0.4571373790674625,0.6762201628718265,0.5289826231368897,0.034184418831453
4,8828308441fffff,22.037187714095676,0.6794245653745357,0.4968630923330336,0.32031087434694394,0.7891782406735367,0.6612822575090047,-0.04159833680460939
4,8828308269fffff,20.545998750261454,0.597264847551238,0.6443167010460642,0.494613186455962,0.6409001176354194,0.6173140973487502,-0.0632196020246413
4,8828309401fffff,21.443122420823222,0.5751919343772829,0.6440700786910813,0.4599349847278234,0.765465810510843,0.6509232027977239,0.025992054621421682
4,8828309415fffff,22.225992789090853,0.5999526600391152,0.769845853521183,0.3928551922266886,0.6588074342869404,0.5337834188005862,-0.054050287412115504
4,8828308033fffff,21.714608342269216,0.6258165332268343,0.5050918642519212,0.39003149877789206,0.6699138434068526,0.6373762706985985,0.064821375614163
4,8828308037fffff,21.760165954139453,0.542511168475336,0.5279769330929209,0.34899406590318555,0.6285669174067416,0.6471112647329326,-0.04157964395953928
4,8828308753fffff,20.884749199293594,0.579508456683613,0.4969513305788572,0.4764735029681312,0.651527680861676,0.6915176687388613,0.034635604351698976
4,8828309439fffff,22.417506816366323,0.581243592797256,0.6408304638813269,0.5072316775181888,0.6770039510032115,0.5576455457658475,-0.008653641499603624
4,88283080e5fffff,21.538855436781976,0.5615347365053329,0.4678806080805168,0.29680061909870026,0.7720840064461094,0.7189110111945344,0.0023986030317642753
4,8828308031fffff,22.143366275037767,0.5872255765564764,0.5000475467887103,0.4196544141366491,0.7282829025592304,0.5620197969598817,0.023686555095077524
4,882830919dfffff,21.71429946809238,0.6205879386333172,0.6650169559099237,0.5296432357933383,0.5907584344435572,0.6732268350614634,0.032743768188359015
4,88283090a7fffff,21.544912684336666,0.5998762954775901,0.6314522446192449,0.3345529561544141,0.6078926818907062,0.6229793538283352,0.038993814339505176
4,8828309403fffff,21.86730195679146,0.5692163614615474,0.6297464988882772,0.4192074684786836,0.6409003767231272,0.6179861011285973,-0.0047029950680979385
4,882830940bfffff,21.28243885241551,0.6040801350991095,0.5207200511885239,0.35231500832266005,0.755555709520874,0.6850762992519057,-0.02296780388591338
4,882830871bfffff,21.36291472645066,0.5263729115500557,0.48160136282824173,0.3721554629053604,0.7309176817189461,0.8549068601623404,0.10031771634892865
4,882830803dfffff,22.60324801785458,0.5629435197943243,0.5145339190394868,0.37715498899924127,0.765109012459601,0.5841293126437845,0.005110062354715643
4,88283091d7fffff,22.30344654217337,0.6069171402464306,0.536553143899152,0.35379952510735146,0.6804708385122388,0.6992232134896328,0.009791428568183758
4,8828308625fffff,20.8384452645234,0.6114036095230211,0.5449086743112976,0.35087410744891906,0.7311233313457888,0.7590432851059108,0.0063213411629921435
4,88283081dbfffff,21.330861323696038,0.6148082648026912,0.5135024131113769,0.4163403597010947,0.7364709378004891,0.6953661101824699,-0.018145220041195714
4,882830824dfffff,21.395581135570612,0.6074456167973508,0.7233785118103225,0.49682756306117093,0.6767939442380825,0.6676548922166107,-0.06713035620860194
4,8828308017fffff,21.342831583615457,0.5707137403619825,0.5841820458039025,0.41019167196329653,0.6477382126705754,0.7644139863094078,-0.10145116262676603
4,882830844bfffff,21.79482265341084,0.5420274405868,0.5307066467753896,0.31260210473076183,0.6513626236544386,0.6792255485087517,-0.06891273419707244
4,8828308241fffff,21.492312863603008,0.6534717866154672,0.7241813742545632,0.41822710957363685,0.605645613492223,0.5317545224445368,0.06238599881582691
4,8828308623fffff,20.887440703973887,0.5768460629181926,0.43385334173617984,0.36198218190910586,0.6972992716164387,0.8182722949976733,0.010909808864664748
4,8828309447fffff,20.762400618752398,0.6026236010291789,0.5446609461964319,0.44298493873901057,0.7750774446875093,0.6902476475470452,-0.013146168918381461
4,8828308039fffff,22.349110944295752,0.6002016731725713,0.6011124296945938,0.36063098150628614,0.8169235982950815,0.6411157624823995,-0.05643173801100342
4,8828309455fffff,20.74079244790999,0.5724795622753687,0.619160905302364,0.3774010737853832,0.7829195350317352,0.7140064704229825,-0.07045644952894722
4,8828309419fffff,21.560770347350882,0.48831368037204054,0.6034815123904963,0.4254539187422709,0.7215220432109049,0.6845591240206172,-0.035781954848267704
4,882830863dfffff,20.891661562048018,0.6078092368545792,0.45387204510220686,0.29861311628354315,0.6852619003352698,0.8381394146339846,-0.0948344869073525
4,88283081d9fffff,21.37236963289278,0.5196849150024867,0.4303388635657025,0.3257234498817709,0.6825882782806356,0.6000442317951867,0.0007867328888717936
4,8828308449fffff,21.475521248660268,0.5306277094576674,0.5664137604597089,0.3633327350968905,0.7816026994914334,0.7200213814900431,0.02707693331034141
4,88283080e1fffff,21.398395782484425,0.5932845537050955,0.4606941515923234,0.3536630829236719,0.6766486219003094,0.6970831215935123,-0.014034275971013154
4,8828308627fffff,21.05776427863178,0.6523522794450926,0.49582735949937967,0.34980136271535844,0.7315390650579799,0.8517142233124849,-0.04446975514113057
4,8828309411fffff,21.907217024453214,0.6785178501033045,0.6387116894667441,0.4234881635929518,0.6495480499806132,0.5508775074887136,-0.023905797213569783
4,8828308249fffff,21.499061505526303,0.5016175608357172,0.6588985461765088,0.3940366598385396,0.7501628497915244,0.685652796426216,0.09920959260209705
4,88283090a1fffff,21.478419372396054,0.5845545332385471,0.5992096855237613,0.351454436246316,0.6848179296753363,0.6616844590334494,0.05487673495517518
4,88283091d3fffff,22.29885054003364,0.5947430148505968,0.6141829073396837,0.37343228901657277,0.766587230176298,0.6093020779959528,-0.07950858078794394
4,8828309405fffff,21.583083454722633,0.5811742466007208,0.5924696006478358,0.410238412692642,0.6074705703184934,0.6278840924985533,-0.013790891670018733
4,8828309193fffff,20.948852951133716,0.5451469048143645,0.6471263086241599,0.3973800905438655,0.6433069782857741,0.6441288323123608,-0.047861419292818605
4,88283080e7fffff,21.546544344785957,0.6387942663863762,0.5368435261421356,0.32162830804092435,0.7059246923978435,0.671020969377206,0.011102817772875726
4,882830862dfffff,20.422742481077258,0.5812465864598408,0.5057067961952313,0.3779259210341059,0.6781559724613544,0.8073576721901017,0.017012597526343525
4,8828309191fffff,21.436320289026217,0.7137260647481132,0.6575893087695732,0.3400751707973835,0.7707887027015442,0.66681670530539,-0.05282959642580351
4,882830941dfffff,21.69746280561154,0.5270030209978883,0.5960170104391883,0.3546689680382581,0.709013841335357,0.6600989253528337,-0.010590519703923463
4,88283081d1fffff,20.978150849807395,0.5921945364714125,0.5693384046722983,0.21519873194959865,0.7060526420657044,0.6144441412168219,0.04093139387978003
4,8828309197fffff,20.78789581781381,0.5869352608795216,0.6841618766118271,0.43524947894076,0.6743561834361087,0.6126891647999623,-0.007089899236631519
4,88283081cbfffff,21.578030833865917,0.6997542938791808,0.6976367343651897,0.3254996938461226,0.6979083696240348,0.639366871994601,-0.0328848535093178
4,88283090a3fffff,21.4089659333027,0.5762151463224944,0.6032253505751518,0.3896149541392938,0.742706015363414,0.6365259367999786,-0.05854420531873488
4,8828308015fffff,21.80781703298147,0.5644709412531161,0.5649657812792022,0.33788974504521607,0.6946001909128436,0.6614355393039664,0.04101831690037127
4,88283080e9fffff,21.123860356931395,0.6013015093174793,0.44307436676000256,0.37319353513310854,0.7531632942297719,0.7495873107761315,-0.016852427811713908
4,8828309199fffff,21.929976204673522,0.5267236724785933,0.6042222509303448,0.4238102060307034,0.7448743670393984,0.6518225958226981,-0.011252648090434386
4,8828308711fffff,21.379586053062322,0.6440181672278403,0.6075976575747108,0.4109964569951824,0.6417550237817361,0.6890302780057036,-0.036810595620593065
4,8828309195fffff,21.15127116857202,0.4236379015423771,0.5978722226174793,0.3480649724340687,0.6792714696195431,0.6962489890428326,0.023670341451417623
4,882830844dfffff,21.641015802799345,0.6062584933010049,0.5066200982377953,0.26763594840432386,0.6844798994780152,0.7316653673922623,-0.022834464850433223
4,882830919bfffff,21.416010091078775,0.4887183299114499,0.6701810910796839,0.3773226907938655,0.6735038419541073,0.6475973429298924,-0.04907050861071448
4,8828309453fffff,21.19688058995225,0.5359667074729495,0.5670639432993472,0.29587137427750915,0.714118305404614,0.7088749878094879,0.07034113043162857
4,882830803bfffff,21.81525181466785,0.6388315334449101,0.524157572898062,0.4008688647863152,0.6856918071201884,0.6163729636983178,0.0652719048507673
4,88283081ddfffff,21.157843371066896,0.6742282387329854,0.5187997506040057,0.2257765537118003,0.7376763100382893,0.6106587035483811,0.0836403478977181
4,8828309457fffff,21.158341676199893,0.5730933144715673,0.643962475636757,0.44313015079439966,0.7108888144325852,0.6072813135721488,0.09943803117578741
4,8828308713fffff,21.717296225474712,0.6495314181046534,0.5170426826549998,0.44206549869446554,0.719949353574594,0.7357363250403153,-0.04555352519129915
4,8828308245fffff,21.076437837215796,0.5070996587939027,0.6168259514568067,0.5359495993315606,0.698054079253391,0.6131496565557647,0.01487893711575983
4,88283090adfffff,21.910826158603104,0.6202333768068162,0.5286834922198853,0.32039748421913916,0.6453870604641911,0.6955732750863107,0.06666894409351053
4,8828308035fffff,22.087080092388046,0.6312335980001346,0.6251953558081644,0.35490044492995676,0.770013504973983,0.4884665453826612,0.03442233653106391
4,882830945dfffff,20.293807236976267,0.6075026185442313,0.6337308065667359,0.33822245785637095,0.6959875528066893,0.7114816367308876,0.041460318392850574
4,8828309443fffff,20.465051339707053,0.5942292546318241,0.5452912758643765,0.31952894248369645,0.7206438801739761,0.7061542320842537,0.0016465060621053689
4,8828308445fffff,22.09269969209096,0.5882907860610876,0.638669606737602,0.3785705396412881,0.7488821505489265,0.6646195675331799,-0.02575805926493297
5,8828308635fffff,20.035178220436602,0.5593380816515563,0.4893309091911341,0.3595027915794018,0.625398282810821,0.8006415432228322,0.15587114659471274
5,88283090a5fffff,19.9407039466714,0.5770800948614137,0.6021501433193301,0.452896659868006,0.637610710774835,0.7133156782436219,0.052596223853206045
5,8828309409fffff,20.03717190657845,0.41696961034350444,0.600550598864299,0.39562328232831634,0.7235117886653115,0.7212275988977213,-0.04922317575072702
5,8828309451fffff,19.99699267094126,0.5701520863064433,0.5590674142490922,0.46329938385066466,0.7006659478015158,0.7719704108719836,0.022806309662071186
5,8828308629fffff,19.994705250558653,0.5924171838581395,0.5020626350763404,0.32136466894873944,0.5664362856177771,0.8497022003513975,0.012308776336399228
5,882830940dfffff,20.0722132570392,0.4454192662569509,0.5821476042177236,0.28846663679810347,0.6630357499127942,0.6811326396746161,0.09458692180003425
5,8828308719fffff,20.038039862533186,0.4960413679239075,0.5376335113974932,0.27666719105924453,0.547806275803819,0.7911247021529944,0.0723639075747797
5,882830862bfffff,20.000831328382905,0.5704139098057589,0.4643813840157131,0.3841195589606764,0.6329078284938627,0.7781048885215581,0.06355325517885337
5,88283080edfffff,20.019101868884313,0.4903245110148835,0.40199152137653804,0.31375603230947186,0.69352814613195,0.6333002786469137,0.08752520364187222
5,8828308621fffff,20.024062582533638,0.634448486628745,0.5485968504271977,0.4014150760882345,0.645755184485488,0.8511100812909937,0.11444212537791507
5,8828309407fffff,20.063265460516646,0.4089198633995986,0.5547142138148973,0.4370475384674354,0.7160691415743049,0.585568203054606,0.013807283971903499
5,8828308441fffff,19.926710379918106,0.5234734558847979,0.4552502677426023,0.2599205029559085,0.7326210302253486,0.7105014528892812,0.12024003375656371
5,8828308269fffff,19.966995023434833,0.46485612515084107,0.5995860458047877,0.40615993870493133,0.7399514753817802,0.6740320431340637,0.053000460233731485
5,8828309401fffff,19.98760950844278,0.47366010853186435,0.4935687621609186,0.4310888714808967,0.6603236570170076,0.6523828420718268,-0.033493780735996015
5,8828309415fffff,19.96953283954915,0.39184194574456144,0.5361283072647081,0.47840713767271525,0.7080747193844658,0.5771242869730291,0.0855795395223874
5,8828308033fffff,19.9119147076507,0.5018992494545548,0.5218088956276268,0.30970909912534494,0.5924054114918984,0.6588595415013935,0.0635932041352983
5,8828308037fffff,19.965630415158618,0.552654487698486,0.5254105024025724,0.4132891546679327,0.6535423494324976,0.5911227130884731,-0.028902113885887773
5,8828308753fffff,20.026599843979117,0.4708800257090071,0.5019077846467083,0.45666211443997995,0.6098614068960727,0.753586688233214,0.03772060098281514
5,8828309439fffff,20.021878829871877,0.49376528180573404,0.6836295167276621,0.4118523757946018,0.6985644851367692,0.5920282798956076,0.11854444678604947
5,88283080e5fffff,19.97464189198026,0.5472091276193909,0.5020906488577662,0.31194655602839916,0.6702786957142193,0.6836839210723998,0.00032466358633798705
5,8828308031fffff,20.06225364752769,0.5342198839879507,0.5953611615744585,0.35121246076073237,0.7441517382889637,0.6043708599465515,0.06628960671243214
5,882830919dfffff,20.009699245675762,0.5605524878717276,0.5409467900257994,0.36027528791319374,0.7407775324361063,0.7114871649209341,0.010385288435327072
5,88283090a7fffff,20.017910608415296,0.6027447789117302,0.6029539653060252,0.34996191981714386,0.627362461511701,0.5740883864673816,0.11162160289958076
5,8828309403fffff,19.991954753087974,0.5588245049962037,0.5546771604920147,0.49471309249637796,0.6631242731466168,0.5797254479318961,0.15683665434050242
5,882830940bfffff,19.914349169340323,0.6028649212726428,0.5378318442974953,0.454039277432845,0.6966050993775171,0.6447773989273776,0.026077672279850358
5,882830871bfffff,20.024321201904037,0.4921744007813561,0.4960950888882257,0.35452331694930084,0.7154441061508857,0.6496341393565936,0.05084069857151283
5,882830803dfffff,20.09963906570365,0.4854797175083511,0.610493938943295,0.3855126486738565,0.6769622829432095,0.6160309610246175,0.08700009752672076
5,88283091d7fffff,19.9267945929453,0.5127037253787452,0.5408775928761355,0.35747028921982565,0.7684429052961183,0.5593258508587704,0.09307167931192498
5,8828308625fffff,19.93646095755909,0.5075279218523564,0.589563979655567,0.31323667464853683,0.7055168392062112,0.7985004867779253,-0.009685486884276936
5,88283081dbfffff,19.942912060790288,0.47258200149585183,0.46533814563024967,0.17828237837020927,0.6379147342075424,0.6448719573296167,0.04965537311769978
5,882830824dfffff,19.978028784803985,0.4436067106574746,0.5550037797226097,0.43627649727655055,0.7124552559185648,0.6163496461388942,-0.004997968771198014
5,8828308017fffff,20.057423748948054,0.448700650284645,0.5445901496300048,0.3880452704536067,0.7433218752470179,0.7794049171722567,0.10692805340071468
5,882830844bfffff,20.061777290446813,0.6343422441574846,0.5245389961123595,0.3443035754544516,0.7094258448481066,0.7626661316913335,0.034472379472912706
5,8828308241fffff,19.997937499225053,0.5946806397108926,0.6166091850092151,0.43275575468584687,0.7535083160817966,0.5815368943787871,0.07647337024244097
5,8828308623fffff,19.96023004791194,0.5769089673427119,0.5191023315394997,0.35339744672017764,0.6390591685709419,0.82697219988273,0.12732833457182713
5,8828309447fffff,19.93018234741821,0.5896387295003416,0.4722191727679017,0.424186719467051,0.6606973326232111,0.6668428145311657,0.04077747989240926
5,8828308039fffff,19.955114415099718,0.5196688832676389,0.5073930329227871,0.4441531706447924,0.7113831698736296,0.6787283621823784,-0.01919204289123741
5,8828309455fffff,19.94790217930056,0.5925100235425972,0.5405386947590332,0.32999618481559284,0.6075341344292098,0.7518082281725968,0.008472474548167734
5,8828309419fffff,20.01687360037294,0.6131680850700841,0.6099312114635235,0.3220726977064783,0.8130319855916412,0.5970646381278958,0.11354044458310236
5,882830863dfffff,20.011451445165296,0.49315284642009827,0.5094122140131857,0.29572084831887663,0.6848102967964581,0.8493900175009809,0.11736897530204997
5,88283081d9fffff,20.05279163722254,0.57770894135706,0.4949152511163191,0.2814060856246719,0.7287478409150733,0.6922134882451134,0.06917107766286751
5,8828308449fffff,19.96832567046552,0.5215922724057013,0.46903016164820005,0.3075525091526105,0.6223665038557684,0.791384411393315,0.12479723184223898
5,88283080e1fffff,19.988661247044476,0.5159153170721952,0.5625554531609328,0.3092784878314064,0.6913968482495859,0.681152958341492,-0.009883051794946822
5,8828308627fffff,19.940583578338128,0.54769522907005,0.6229608620693143,0.2790059841399098,0.6664236524114389,0.8194576861900591,0.12696396609540112
5,8828309411fffff,19.999894933758657,0.5008418858829363,0.5964109859222225,0.4036496195937508,0.6303029416441661,0.5736920520841823,-0.0269261170219465
5,8828308249fffff,19.99921890522947,0.5170799153629657,0.5704973122405222,0.42637944986358695,0.7875706506046283,0.5396804258605221,0.12429270372094442
5,88283090a1fffff,19.98728289657563,0.5133889275353607,0.5463069446847211,0.33227441364230365,0.63803609697015,0.6896753432801638,0.1420448823141159
5,88283091d3fffff,20.099699500879126,0.5105036744189353,0.4672702295679282,0.31438206453962103,0.6169150331926526,0.6145014207793623,0.000896166533522702
5,8828309405fffff,19.954257199969096,0.5742245783438388,0.5221995229580779,0.42027549539697945,0.7014296868197771,0.7363318686126614,0.08501083239335692
5,8828309193fffff,19.946425337119194,0.6096779549554013,0.6583070939792974,0.49995665757993024,0.6717579765168111,0.5937041599672351,0.08601298617895228
5,88283080e7fffff,19.8921933165053,0.5245632792557993,0.4595975484551965,0.2430717903522896,0.5789429419898756,0.6796236104780923,0.05365831510558095
5,882830862dfffff,20.07843547281475,0.6017733087150883,0.44790552884688717,0.34690411076123323,0.6521028316860087,0.8216468165217956,0.024639444540499295
5,8828309191fffff,20.02201354571255,0.5557884381612543,0.566188199144139,0.4518547216942642,0.645127542111982,0.6991660131546722,0.08378406591587781
5,882830941dfffff,20.045200705127602,0.6108397498098146,0.6221308665813978,0.3547350075187374,0.5551564787190585,0.6122446474291443,0.05780632688095237
5,88283081d1fffff,19.96995622623257,0.5443663029351522,0.5243952956525533,0.24826812328301578,0.6451282086339807,0.7056026869185874,0.031368666247968496
5,8828309197fffff,20.037854487259374,0.48977769490515816,0.49775826692013686,0.37301095096730535,0.7109265659143766,0.6667295251923739,0.02662961678075144
5,88283081cbfffff,19.96638625561594,0.5465597516257729,0.6429413406987847,0.3485027836777646,0.7532077087449562,0.605496689712238,0.060284475726177664
5,88283090a3fffff,20.090711118845697,0.5587994970112031,0.5220051694531765,0.36946584340065,0.7810663692728252,0.7261840187112479,0.0794657819543667
5,8828308015fffff,19.889183995309615,0.6211414192767358,0.5082722517912197,0.3467424035968219,0.7168139930673435,0.6169934549884435,-0.0013766090470928027
5,88283080e9fffff,19.997833214898684,0.5747119231859881,0.5123362774332685,0.3682252117991737,0.6555959804833703,0.7099747678146201,0.08399233392736163
5,8828309199fffff,19.896193363982604,0.5128882920292985,0.49623821161086484,0.2965911281766578,0.7277463739290454,0.6064755260695099,0.1103027942316995
5,8828308711fffff,20.078108152154577,0.6248569136731097,0.5290794269493095,0.3479422857090301,0.6772269741272943,0.7546773855042566,0.026946473325786084
5,8828309195fffff,19.999864642767122,0.5960734374929066,0.5893786815561862,0.5080206199579755,0.7408653505736102,0.6404541403456779,0.12637032820532185
5,882830844dfffff,19.988248885466614,0.5894568111226768,0.5109677275707231,0.24569074005998626,0.6384426038636202,0.7260160912669337,0.04095117266733739
5,882830919bfffff,20.051326478631974,0.5536304383472269,0.5582367099949913,0.49539914587061495,0.7257677042841716,0.653458413559244,0.06624143101803699
5,8828309453fffff,19.978335258894553,0.501800209168134,0.4813409318912619,0.372009894879418,0.7156032807922251,0.6361371115980039,0.08558688043144651
5,882830803bfffff,19.97573709242024,0.5488036869940206,0.527208831520172,0.35518886107939057,0.6956151281804387,0.6671280925048733,-0.0015218130936240637
5,88283081ddfffff,19.985355720337328,0.4996584702423917,0.6307734477136119,0.349376812767093,0.696492333952016,0.7103349522600146,0.0841725072949093
5,8828309457fffff,20.028440855444657,0.6094923310266057,0.5872684603915966,0.3577535596208649,0.5846319480695981,0.6595742816888749,-0.00800329588759778
5,8828308713fffff,19.985170395333135,0.6203957388560295,0.6241925124996431,0.35081812729871825,0.6600309174662911,0.7241922184562173,0.1461369077774484
5,8828308245fffff,20.001443114696546,0.4860736006445347,0.6227414449882619,0.4241911834504866,0.687818144954903,0.6876597110221955,0.07917247805600967
5,88283090adfffff,20.001595466145297,0.5075140274820946,0.49015146240224067,0.3677543410557491,0.6185568166625491,0.6877260952133754,0.12887011747390517
5,8828308035fffff,19.960120396730147,0.5337493262083394,0.5303025318794099,0.30009139032985993,0.6781429652980864,0.5869424667063274,0.07535535907407022
5,882830945dfffff,20.043758670247946,0.6521735001940872,0.4017047754940748,0.3001285087201945,0.7364806520382735,0.727732977871661,0.03867973225265523
5,8828309443fffff,19.974618273349094,0.48246716388706334,0.5100425212556406,0.41403380406581064,0.7481508332132786,0.6822125899136224,0.031215481504370046
5,8828308445fffff,20.00530657181042,0.5431347998752833,0.4963354413804019,0.27331883995204553,0.6599168436194504,0.6231683485906507,0.132649419240563
6,8828308635fffff,18.646784081092548,0.47251874060134447,0.49350999201379664,0.4097726059338199,0.6592144120474226,0.7156412935979588,-0.01126171497644302
6,88283090a5fffff,18.267031061393904,0.6040918852185756,0.3945193454823245,0.512983043923648,0.7324056346614112,0.6524077735880981,-0.030817399098567854
6,8828309409fffff,19.088752063144128,0.44176203944285075,0.4532798608699651,0.4976667426871622,0.6228998919608522,0.6373099706169607,0.06406060929136759
6,8828309451fffff,19.182912770817676,0.585978586823621,0.4167238728860447,0.43165963447509526,0.7351433984289031,0.7847478467538601,-0.05424624543735098
6,8828308629fffff,19.859262562165867,0.6232349167347614,0.5505179397301359,0.45035605704526527,0.6282347871373726,0.8283581805224853,0.006992331797550408
6,882830940dfffff,18.893803659435996,0.5007445173735133,0.47124113822891656,0.47747561134524524,0.7160059208434383,0.6410052537046758,0.004339954002117817
6,8828308719fffff,18.69991013361611,0.6002945499216582,0.47001444361256783,0.5583752486973627,0.6892382935897166,0.6173387428337133,-0.013881304673685686
6,882830862bfffff,19.512653642715488,0.488988103636702,0.37729710744932465,0.41619286361067964,0.632500199858322,0.8459738662442512,0.02659794304460405
6,88283080edfffff,18.399754980648687,0.5797393916579753,0.5217861960965102,0.4192643796398505,0.692989830408673,0.6488977655959803,-0.04518513172414415
6,8828308621fffff,19.38517012278332,0.4795873052725607,0.49474122879752547,0.4389939178012718,0.6063390264696399,0.8448452567470364,-0.04242185533060428
6,8828309407fffff,18.0528243794015,0.5086977408397941,0.4947110481915384,0.4361205891419982,0.6280165708916463,0.6260333937822972,0.02964771441040884
6,8828308441fffff,18.00517359173944,0.5743158221254406,0.5085822964514036,0.4234712565135288,0.6067287378249141,0.6569413553410034,-0.03707581043492727
6,8828308269fffff,19.420359982071602,0.45948031649891335,0.5129638569225218,0.4463818750396634,0.6944429165533101,0.714170694776478,-0.03589279022609041
6,8828309401fffff,18.585023365739506,0.5318728770410506,0.4852306640747443,0.44531084399321685,0.7173364506158155,0.7469938778756182,0.02423124644385342
6,8828309415fffff,17.775289598748063,0.35203937014259307,0.5663845340057714,0.4741849665004965,0.6335373293234622,0.6728813640577522,0.008165861322483408
6,8828308033fffff,18.262472260038905,0.4572683108838291,0.5265556506625014,0.5032197716755757,0.6261149153793844,0.621604101150937,0.04207896234679937
6,8828308037fffff,18.254699944287978,0.6063713588257402,0.46355136621951076,0.45328861734429415,0.5809531567787458,0.5717148852022504,0.03277432750051101
6,8828308753fffff,19.06059780645979,0.5523971257167891,0.5558755438691505,0.527033943754025,0.6742779030499816,0.821076167810531,-0.00670364303457198
6,8828309439fffff,17.66539024361734,0.5177346114099903,0.4033220682374201,0.5196954890158811,0.6972722148715121,0.5881004768637556,0.04535009495689265
6,88283080e5fffff,18.5257187752433,0.4796624096933032,0.5260416631729541,0.4913935537465439,0.5816682328415765,0.624576285863847,-0.005163612512904014
6,8828308031fffff,17.889880609846823,0.4722862411441679,0.5029232732055345,0.5669207502417176,0.6910286641885378,0.587952440514952,-0.037665741982340364
6,882830919dfffff,18.24584678008925,0.5246168431734151,0.47560992981318256,0.50321392257415,0.6179761647742621,0.6399737268343392,-0.031374604710218
6,88283090a7fffff,18.430089161577303,0.42532398401523214,0.5276182983478646,0.37058287407713847,0.7226602659761834,0.7242673803395782,-0.02345304698792359
6,8828309403fffff,17.99269841981491,0.49942716399322745,0.4872726536915795,0.5062879058857477,0.695007269191802,0.667093433670186,-0.0031435238564073115
6,882830940bfffff,18.738925539600785,0.48925650307667784,0.44979883447754926,0.4913707937051428,0.6916016944707009,0.6114788692467954,0.02071268277931908
6,882830871bfffff,18.670422263139802,0.559455473678529,0.5846095262883915,0.5341198009510875,0.594347411249556,0.6829462561971213,0.0013903169843670475
6,882830803dfffff,17.427342875323827,0.5490519968013032,0.46863933099972555,0.3668643925128446,0.5702995189549135,0.6442855287355257,0.04490621485241125
6,88283091d7fffff,17.68150541033237,0.5454583546416535,0.5220496213819948,0.4944876706220829,0.6640600073445169,0.5933063103383059,-0.09477324590535031
6,8828308625fffff,19.216422250386547,0.4990122441893558,0.5206525075803469,0.41994575035351517,0.7013236849654696,0.8629306344168957,0.05872499896000429
6,88283081dbfffff,18.775935788147986,0.49292779226491484,0.4554380764414962,0.4247255057144116,0.6593627068779496,0.7394728162063492,0.054748844837673255
6,882830824dfffff,18.567971703910995,0.5200364552848277,0.5544819589522914,0.4728991055064349,0.6963435735126822,0.43139486007398853,-0.02020583956189186
6,8828308017fffff,18.641621764095085,0.5674637479225869,0.47100721282528646,0.41680693283190634,0.7659009166945132,0.7204692220748113,0.03099100891486821
6,882830844bfffff,18.11723739892878,0.4830522855397996,0.4462756868747672,0.47737723734559856,0.5453619919546726,0.7250731154546604,-0.0013229671494634856
6,8828308241fffff,18.466886563763445,0.5431311113826474,0.5410292862260342,0.4589026766761766,0.6526585758639167,0.4863703238559702,-0.11007946693463475
6,8828308623fffff,19.18121354857521,0.5692585317443262,0.5008134481115739,0.42086758443065025,0.6698887089702579,0.7599259119425941,0.0728568586109418
6,8828309447fffff,19.31441905565861,0.4648695221229847,0.4271659203150572,0.46516096601391815,0.6804666317762333,0.7059979581814642,0.03168946910664937
6,8828308039fffff,17.58703216208631,0.43601659583120655,0.5770103402548594,0.38600641479887493,0.7667060790349597,0.5833919434652032,-0.002852038890823691
6,8828309455fffff,19.318296412308403,0.5073199537956279,0.5290019266121588,0.36447903207545934,0.60399395613274,0.6264064883290169,-0.030128711110970974
6,8828309419fffff,18.521708717211286,0.5074927711394668,0.5859988230022709,0.45379636380873495,0.6937426161665771,0.6163264181981741,0.11065611075071687
6,882830863dfffff,19.176840061739195,0.5812623991704149,0.5131385215539189,0.5536223330637904,0.612685329942906,0.7528725728739404,-0.03133818523059032
6,88283081d9fffff,18.51903701507462,0.6062902649453696,0.5497745373178275,0.5108124456946457,0.6349777613882016,0.6936696575585097,-0.062126170091091955
6,8828308449fffff,18.570501888723676,0.5119310537468977,0.42850183140321424,0.42197265097540465,0.6332413595900093,0.7304967709217526,-0.014048978995122006
6,88283080e1fffff,18.556992575126188,0.4322370491344162,0.559932132884361,0.42465248509142756,0.5997963050266687,0.638075008200964,0.02793008828672944
6,8828308627fffff,18.889024334111927,0.4981080937864356,0.49320807598166044,0.4516848989528135,0.5831502246895289,0.7926766061460289,0.0186526286841506
6,8828309411fffff,18.011868938188883,0.40626686734559825,0.4738856635530146,0.4879348997718266,0.5922312331015227,0.5430795451225512,0.05740812150890696
6,8828308249fffff,18.4684617080049,0.4589249458617605,0.4956296972431558,0.47774770334734473,0.7150831987789328,0.7226062666087114,0.0330958978609435
6,88283090a1fffff,18.482587551252365,0.4702209460715383,0.47506779925876647,0.5007163446016071,0.6694144377005481,0.7598294437704567,0.05910914699215096
6,88283091d3fffff,17.68368254179165,0.4793572560474363,0.48041601147268126,0.48948059301284846,0.6791175823693363,0.6943396834352559,-0.025118341597541914
6,8828309405fffff,18.373272719298395,0.5862746765052369,0.48822786003071733,0.4710937773358777,0.6868587309162894,0.6103358672546959,0.03925286132741304
6,8828309193fffff,19.05657742947426,0.5072608920488222,0.6218278925581326,0.391324666305791,0.7542321532045797,0.5420317788254206,0.04560942914990886
6,88283080e7fffff,18.443295073066913,0.506799910705931,0.47845337900583357,0.49315866354987725,0.6421497657237464,0.7647710179557901,-0.08026928677383038
6,882830862dfffff,19.542485545395294,0.5333535484097576,0.6118574933896047,0.4669872657760315,0.6562938519922791,0.7746932872224398,0.004715272048592725
6,8828309191fffff,18.63427317578907,0.48025411953304037,0.4918758957344019,0.4936327033168189,0.5478745780806283,0.6056738115821481,-0.032566827657701386
6,882830941dfffff,18.34064855377591,0.4174998914612329,0.42408427429531503,0.41943431610009985,0.672827762136501,0.7266843961613623,0.01563184212977257
6,88283081d1fffff,18.998060327425062,0.5085378276697794,0.47524434266673754,0.48145400756145357,0.6246750042446991,0.5559210810601825,-0.011137173372474727
6,8828309197fffff,19.22179872870252,0.4902103390818405,0.39125831360391794,0.5432218010295967,0.5917031261979058,0.6075467012422673,-0.04779503290613629
6,88283081cbfffff,18.424879839364902,0.49317544309228123,0.49080661514909785,0.5122550952311217,0.598258716719736,0.5341624858975991,0.043283102082826395
6,88283090a3fffff,18.69038431661177,0.5209737679277209,0.5339457157367887,0.5391324213574036,0.577862456169061,0.6567568479281904,-0.0382022832200591
6,8828308015fffff,18.23337076575286,0.4413861092436522,0.459023366688308,0.4548633702900303,0.7116255437272876,0.6772295980348202,0.006549011227981989
6,88283080e9fffff,18.794390855705995,0.43210253389574815,0.4860973676747963,0.490321036509047,0.7296110088544007,0.7448598251118512,0.01967902039191872
6,8828309199fffff,18.16977571823947,0.5187908493614267,0.5146632714577984,0.4116423105509339,0.6549387199122579,0.6009302456536418,-0.0034673278254362407
6,8828308711fffff,18.54732993618702,0.4972221993243849,0.5149779466190928,0.5408095138316382,0.6402140739509242,0.6561595319330484,-0.01866091315214688
6,8828309195fffff,18.91413246519421,0.5444725512746058,0.5126055003399821,0.5465553384258534,0.7158006723592014,0.7301845246363348,-0.0026396996732500626
6,882830844dfffff,18.453424725939918,0.470368464063798,0.5609750485090937,0.44218953661459653,0.6567067778515245,0.7154538419457308,-0.007742932200553934
6,882830919bfffff,18.512886642752242,0.4878463282376976,0.46238370157357533,0.4698147606037379,0.6360560637566848,0.6361508005078335,-0.03777099729298016
6,8828309453fffff,18.79255099979832,0.5962581078516853,0.5349919099006386,0.43119006191241255,0.6697870492666995,0.6650435332515567,0.016475780397322195
6,882830803bfffff,18.198505025816168,0.527075459016941,0.5126637457290061,0.42561031537025645,0.7559841371081728,0.6235702125080773,0.06139322780150312
6,88283081ddfffff,18.82968487238075,0.5528962783919926,0.5109961111747311,0.45237059332614576,0.5917102694762817,0.6669888557775077,-0.019121029850495675
6,8828309457fffff,18.83822614574434,0.5751442886886164,0.5453049477151894,0.391797406741123,0.6432000830466665,0.6541780687732924,-0.06493879570944364
6,8828308713fffff,18.270707852798385,0.5673111319577229,0.4179524126200535,0.4871747860102542,0.6405684317357885,0.6564072611445446,0.007275806915537327
6,8828308245fffff,18.975785230736776,0.5976407344549785,0.5357383714084215,0.5312194213866417,0.6182106304593632,0.6354690862666744,0.05538936674108995
6,88283090adfffff,18.114442861393073,0.560912433029922,0.43871963234865086,0.48553574247192943,0.5711112530219096,0.7956556940394113,0.003468638098103254
6,8828308035fffff,17.8407105781195,0.5503664808079486,0.5222797590868911,0.5025708748260018,0.7279313682031268,0.6130299109111437,-0.009305427484430888
6,882830945dfffff,19.654192157158736,0.5550093630011438,0.4633753427550501,0.5585111360152564,0.6543833721535769,0.686559741325624,-0.001886436357436998
6,8828309443fffff,19.597914662329863,0.6672925324247025,0.402956440026533,0.45198104201213585,0.6712487108160925,0.6804037312992435,0.0331900514715633
6,8828308445fffff,17.976860876697184,0.5537753576293823,0.46117622478837483,0.5027003706805323,0.6251911700246746,0.746188914221035,-0.031311488390129746
7,8828308635fffff,17.845707446196275,0.5254523720346618,0.4125219461714568,0.6652741237642447,0.6707965535815961,0.6312993982820684,-0.019153635967005547
7,88283090a5fffff,17.055936092484444,0.5746618784000987,0.4055947607745629,0.6045939111949329,0.6603118190141459,0.5680788535439036,-0.029151354342875094
7,8828309409fffff,18.594179632401193,0.5193032455951294,0.3538203883676967,0.5600676418355469,0.6109683206578324,0.7051684375291178,0.04551632872419103
7,8828309451fffff,18.744544499135475,0.5534624995659011,0.4623280841173688,0.645792004765712,0.632854627379438,0.5478473438798124,-0.0067175186530594455
7,8828308629fffff,19.79083015151984,0.5400625960087511,0.5005635977531104,0.5647301000466844,0.6062935609573851,0.7784063069766789,-0.03693874259630912
7,882830940dfffff,18.088021338863957,0.5952350659324863,0.46458551735560427,0.5385588787775015,0.5863126947387195,0.6157386664327463,0.019837903613838297
7,8828308719fffff,18.003185907195498,0.5670010108424078,0.4886039423612775,0.6071175157296028,0.5642671955277042,0.7530218939479417,-0.08531877985245613
7,882830862bfffff,19.244861884803264,0.5700738198448664,0.5377206071034035,0.6286247685901057,0.547459439718639,0.6921935453383086,-0.05024782322115868
7,88283080edfffff,17.552043998671767,0.5588751180932544,0.4430226803216301,0.6194469822197205,0.6299814213733228,0.6231962699922854,0.01917120062379037
7,8828308621fffff,19.197279554450468,0.5995355103140351,0.47586181019513907,0.5574323803470231,0.5895466505115122,0.7510693845389361,-0.07621324752338307
7,8828309407fffff,16.937621989275446,0.4884454146805168,0.4048554584881504,0.5942611735158956,0.5300121354842957,0.5049076300676936,-0.045872235237502446
7,8828308441fffff,16.705561088145522,0.5134220901972892,0.39115254651690246,0.6546342301300861,0.5232454869559746,0.6035145457805069,-0.14653638336298114
7,8828308269fffff,19.058570542809992,0.5074140539953836,0.40903248211814225,0.4938865665325547,0.6671534702622407,0.5901868367095467,-0.1072800882906094
7,8828309401fffff,17.578135933783013,0.5166101634633571,0.340487495412555,0.6095632691060122,0.5971703800521098,0.5700817135927179,0.0040055659272952085
7,8828309415fffff,16.359622821139993,0.48296556095729337,0.42665656460633244,0.5095726110843306,0.6468944336777366,0.557188973107294,-0.04580418167983545
7,8828308033fffff,17.434407690269047,0.5848349752251026,0.5306061502853979,0.6605923737235752,0.6229359594766706,0.710641476119509,-0.05475788529885836
7,8828308037fffff,17.322025877998072,0.6026544098491832,0.4350780180130391,0.5449910197889981,0.6804752954361888,0.6139918169960731,-0.10808123516656576
7,8828308753fffff,18.535487565145637,0.5910945390947644,0.5155784697763566,0.5105645340080041,0.6211125189222696,0.7302726785145054,-0.023073454122596142
7,8828309439fffff,16.17732517561599,0.5077425083786098,0.41614220334966157,0.5233207153502715,0.6473328490590035,0.5912511838826856,-0.14243440657062176
7,88283080e5fffff,17.626585974966947,0.5408157232171548,0.4893003887677267,0.6609659078956158,0.6148874898722382,0.5436193475926526,0.0691453660159295
7,8828308031fffff,16.59961913408993,0.5189644009100806,0.5108086059120137,0.6506848214428733,0.5996594303876966,0.6072186029203489,-0.0944872268265087
7,882830919dfffff,17.124406578420036,0.4697382852445643,0.47977086972787947,0.5686762498254668,0.7553958407597747,0.6365069251796325,-0.07149699472053833
7,88283090a7fffff,17.602877266565926,0.5361718975184989,0.4840915045216232,0.5895493079609392,0.5402241737134285,0.7279637493200379,-0.028858088987075137
7,8828309403fffff,17.052148375343265,0.5069239444514234,0.31203158849796103,0.5323385958929672,0.5404654969069522,0.6272672677935484,-0.0468602311592657
7,882830940bfffff,17.900977772038992,0.49354969989158415,0.47969147156739944,0.5815661217639092,0.6503675742003155,0.5864903303983244,-0.05747034024610451
7,882830871bfffff,17.81041914765017,0.5912850046319553,0.40606907149422106,0.4677193966233516,0.6377520246666941,0.716466518960325,-0.08185093515138414
7,882830803dfffff,15.851858080819543,0.6285146426286347,0.49406674456694055,0.5703510046436453,0.6069669856063313,0.533189844293316,-0.11599221997573542
7,88283091d7fffff,16.174792363366326,0.5029782312395943,0.6333748263012621,0.6339928380433429,0.6846703508075923,0.6093566264461252,-0.07831183780581127
7,8828308625fffff,18.67110786303707,0.5480008592387221,0.48266523407467593,0.6795099245367028,0.6713403211391847,0.7453347520928327,-0.14825942162935923
7,88283081dbfffff,17.912099399430502,0.566608612499867,0.5833002644624254,0.6734440789015095,0.6423586579420991,0.6024027045955554,-0.020357812971751113
7,882830824dfffff,17.83853094570469,0.5759043869921158,0.3850644618133195,0.6146648243817032,0.636043028075878,0.7220959611360096,-0.026357614703611677
7,8828308017fffff,17.711416527443752,0.6076290540020185,0.4560411635305692,0.5252227681150116,0.6705255185311841,0.6346823570281765,0.03416057931118489
7,882830844bfffff,17.01391412875333,0.6384359185652329,0.415354555140206,0.652813148196967,0.6444636146257425,0.6879161799211945,-0.11259167552352718
7,8828308241fffff,17.58324401458011,0.48630164462172487,0.32589865536675067,0.5243559236821834,0.6652441286012668,0.5328315216671274,-0.028503587842989883
7,8828308623fffff,18.61262247376986,0.5263177647490013,0.4627263380478624,0.636663649515929,0.7091762872599324,0.6989262525249487,-0.07872019164979516
7,8828309447fffff,18.72202467031521,0.6513560993166975,0.4778862212792789,0.6132366028749772,0.6997898210657164,0.6534804978848925,0.08012845607999128
7,8828308039fffff,16.234882796160232,0.5496294609569224,0.4720040011573147,0.5449148173400244,0.6034632405103575,0.6802840152548083,-0.018273208113905166
7,8828309455fffff,18.71205048050439,0.5497184774304684,0.5159314625014921,0.5875187262864056,0.5926786041067647,0.7175056974587829,0.025243756379309194
7,8828309419fffff,17.544055750145688,0.5302471033445485,0.36534237240835665,0.4939132993258549,0.6125849328742315,0.5785757083972211,0.0022916201770770486
7,882830863dfffff,18.58044707109488,0.5534456986989628,0.5007490261132844,0.5101905391541699,0.6349431804740522,0.752806493208746,-0.01755189375449976
7,88283081d9fffff,17.860813216130296,0.523876244274017,0.529747523155427,0.6570431768145918,0.6088709999789086,0.6183822157419496,-0.0556619460591278
7,8828308449fffff,17.564976956620463,0.6144176747805,0.42051835598925974,0.6314777026672921,0.6106830970389235,0.6736538403465583,-0.1172802362736599
7,88283080e1fffff,17.7313251466164,0.6064749370349369,0.504309608292857,0.6409395169598986,0.5394812680374125,0.7237883069257182,-0.02785536108411709
7,8828308627fffff,18.356352731908064,0.6500068083924567,0.44429522649575937,0.6000477288544501,0.6632818258639536,0.72066052027996,-0.10069924263585843
7,8828309411fffff,16.914358466758625,0.4566545343370733,0.39629760797159047,0.5515705373295783,0.6677939522023288,0.5272864322532099,-0.08718846729313894
7,8828308249fffff,17.579522783158048,0.5737979816920218,0.4108947596962388,0.6076295758898703,0.5879923785858072,0.6169560360940681,-0.04419483431892876
7,88283090a1fffff,17.517534096999395,0.4386228791988439,0.4207242352446448,0.5853259224846945,0.653315459715375,0.6480069648388002,-0.11420392319189068
7,88283091d3fffff,16.25359860501858,0.5535630633084537,0.42879995251766206,0.5416971601978868,0.6219427396109278,0.5974100088757182,-0.058342975289963184
7,8828309405fffff,17.437506603360756,0.5409627439306949,0.45190245480769387,0.5411019796931484,0.5963079238691235,0.6923314512694718,0.06913452263416955
7,8828309193fffff,18.311762768322247,0.5121563930945525,0.4671406164042722,0.5627796723999275,0.6883189529063015,0.6660675907495588,-0.035659279958154676
7,88283080e7fffff,17.576150530160948,0.4450246211431971,0.47427084785580825,0.6096777374070559,0.5695134429007387,0.6590326917590916,-0.06659536665690834
7,882830862dfffff,19.280830734737307,0.5984849746260024,0.5030192612250304,0.6243338722185728,0.5047886185848403,0.8722479810403828,-0.030310355377105053
7,8828309191fffff,17.745265808457322,0.6528382671610438,0.5026714187835648,0.5091683568882714,0.577689774654028,0.620413926577795,-0.08892635980632563
7,882830941dfffff,17.16202494383799,0.5132797754963203,0.4695610215246256,0.6167907270167187,0.707694380561993,0.5994875823192773,-0.1133979625983355
7,88283081d1fffff,18.50599415225487,0.6131522690643527,0.46354512581601925,0.6561214842927299,0.5441971132443878,0.6626615896089426,-0.04829234697326469
7,8828309197fffff,18.760402541879312,0.6148478337126126,0.42070951879717167,0.5998383222115687,0.6032606306669979,0.6637841063379016,-0.06845525209048525
7,88283081cbfffff,17.47705987138368,0.5280700793439387,0.5225277668359454,0.6100518692295068,0.5350508211334534,0.4725136835999791,-0.052564422282076986
7,88283090a3fffff,17.79420386401063,0.5353990124309018,0.3799810229596567,0.5333736966185794,0.7238072345472174,0.6292859964752668,-0.0908831973354352
7,8828308015fffff,17.16934419059782,0.5617888486723043,0.5419423125144764,0.6032861361664549,0.5823585009205919,0.6477038334278837,-0.05143900733582213
7,88283080e9fffff,18.15979209236124,0.5346733037908078,0.49088654412408605,0.5728541846007413,0.5222916127770042,0.621280359876517,0.003437627426469799
7,8828309199fffff,16.914424467381394,0.5520062093270782,0.3839733113907294,0.5868568775019125,0.661084521428525,0.630963279737841,0.004847074107423556
7,8828308711fffff,17.59518114893314,0.5539211550181193,0.4172776205872719,0.5517864934303657,0.6214548028297818,0.6248163966907601,0.021837904958053114
7,8828309195fffff,18.08327885105886,0.571717613221894,0.38277605931420666,0.6423457246859309,0.6331747107623238,0.7046193931632023,0.008875001082874492
7,882830844dfffff,17.29011646566345,0.6304161935798549,0.46951937788588155,0.5840208521484368,0.6115825949451705,0.6838458080493608,-0.08687932199651663
7,882830919bfffff,17.550056786119164,0.44805251936416207,0.3612063714415756,0.64412721464564,0.6390322442146129,0.6467365747511487,-0.05268201457983363
7,8828309453fffff,18.01300865928719,0.528980312561574,0.3749794514247733,0.6314773791370631,0.6210586431019629,0.6048633080245899,-0.01666353277902937
7,882830803bfffff,17.05287927382091,0.5878925611692734,0.5242307119303129,0.5947313025077728,0.7441808480717077,0.5996212314419982,-0.018481268564663672
7,88283081ddfffff,18.12343646944327,0.6310030758336311,0.4062434554146773,0.5779997239481331,0.696576920499268,0.5294573079542344,-0.05670282672286974
7,8828309457fffff,18.16673976520563,0.5296044758555126,0.43884721511529035,0.6101441082261583,0.5594917149295776,0.5976092720698233,-0.09474810845403951
7,8828308713fffff,17.314979381601677,0.5993719411106014,0.39754772589576015,0.6850183016085319,0.579259180528185,0.6261727805621081,-0.04377251794644653
7,8828308245fffff,18.317017778132634,0.5765858261067556,0.33210036264820825,0.4911842354194793,0.722699100591335,0.5550489149332822,-0.06189769424005885
7,88283090adfffff,16.90501906465633,0.5213249834515218,0.5852161211704981,0.6120191524130423,0.6671642970739119,0.6490432392374867,-0.12110867642346926
7,8828308035fffff,16.447043149058697,0.5086044751797518,0.4822387540645703,0.6231358080801336,0.619151846736691,0.5590879693952185,-0.02045914068281269
7,882830945dfffff,19.52172156439949,0.5020260617878677,0.37714170277991,0.6198658988859768,0.6497088428242671,0.7198488483304523,-0.006994461175170861
7,8828309443fffff,19.421961048355126,0.5694207659735815,0.4703786314736488,0.5239422292167649,0.6044598536139065,0.7061234183442313,-0.07284487294932429
7,8828308445fffff,16.720872996348703,0.5843699138034114,0.5541146634819383,0.6697581000468303,0.6472174065570218,0.5287706510583565,-0.02450719309424143
8,8828308635fffff,17.812582387218352,0.6167634412280985,0.5053522861225347,0.617387059594787,0.529474588710391,0.6666691556640698,0.018594117072914945
8,88283090a5fffff,17.05368364510743,0.6802852824520581,0.43781166933058074,0.6061561727179178,0.6209598693535452,0.5454314041471188,-0.005729944436445427
8,8828309409fffff,18.43881405823963,0.592908915571305,0.41836350399684014,0.6250139074263246,0.49723665798446637,0.6099337939876646,0.02459279313011075
8,8828309451fffff,18.6981326043894,0.5901321720737158,0.4775025859786821,0.6291604229695589,0.6786567100690397,0.5568399048052107,-0.02367314713747041
8,8828308629fffff,19.847844247334724,0.6102134531575714,0.4273951359884713,0.5917781275225305,0.6657595237575442,0.6440556602021218,0.03963711175166641
8,882830940dfffff,18.136050428823577,0.668551319403916,0.372946548843063,0.6214590077009712,0.5979179087375117,0.5863693804813358,0.06046749522591861
8,8828308719fffff,18.048655666341624,0.6009263186047565,0.5507619435379342,0.5983770095661732,0.6012401399844286,0.6858741635504157,-0.07730740395473791
8,882830862bfffff,19.28028983766818,0.637608116672666,0.4144500010823598,0.5964101442830437,0.5761218315802967,0.7059011056219346,0.0417445564971372
8,88283080edfffff,17.5631107992521,0.594845065076051,0.5162975387528717,0.5661255383230404,0.6125006674637644,0.5328111353207539,-0.018730468613436236
8,8828308621fffff,19.128835169205843,0.6279952969068032,0.41001994102499795,0.5987885601163702,0.6243904665600459,0.7590347090819282,0.01902987784348056
8,8828309407fffff,16.887964167401194,0.6337902296094607,0.31245618577763234,0.5177894253839475,0.5584140243633526,0.6229254028735961,0.08421081997102756
8,8828308441fffff,16.738992247867486,0.5834213815109488,0.45403478828087346,0.5443603386086485,0.599401043038928,0.5737705606851705,0.09330521008374427
8,8828308269fffff,19.05105693372946,0.6287642303254616,0.38809507064759496,0.5505606603061522,0.5883499840974368,0.6436889974372058,-0.015347938912646615
8,8828309401fffff,17.6467799642687,0.5395483103792951,0.35580535251721107,0.6235776167243923,0.606111144806441,0.5943573097974354,-0.010716326069369115
8,8828309415fffff,16.28505801994045,0.6655830906814539,0.24537715779075342,0.5665068055152275,0.5764529302843013,0.5671015640856625,-0.03710722331324608
8,8828308033fffff,17.25674632402709,0.6169855848522564,0.5464060012235639,0.6070503233854073,0.6723594336192404,0.6117846336605539,-0.02161778099094521
8,8828308037fffff,17.24016780291816,0.5656003810176295,0.47879850099779303,0.703979143786831,0.5945508680672459,0.556896656933692,0.07019372051236762
8,8828308753fffff,18.613838323090643,0.6208431438648787,0.4036735721406845,0.6473488043347808,0.5621859826992897,0.6683921989399237,-0.11915488790754239
8,8828309439fffff,16.089116230596368,0.6003448742723739,0.30710345338610767,0.5331611390574958,0.5823349680382681,0.5696527330893264,0.03337426431287072
8,88283080e5fffff,17.574962110791322,0.5525252859443798,0.558900351134425,0.6420755787785716,0.6068994221989862,0.6506117383690659,0.03992045167531033
8,8828308031fffff,16.539270166085043,0.5947946752995771,0.5267516609629538,0.6016404112186791,0.4946322906624704,0.5913765107152125,0.06625667871272803
8,882830919dfffff,17.09745793681009,0.6653972609318161,0.3032342052709589,0.5741439936237794,0.5147477496900739,0.6083342324026981,-0.0950857445963573
8,88283090a7fffff,17.612184864330903,0.6967588415232714,0.4621501528000076,0.4989147670278111,0.514128888807517,0.5382513881501869,0.07378118385115906
8,8828309403fffff,16.88802012897849,0.6048296449352351,0.30988468986351125,0.5613925717568313,0.5736503466220413,0.6326375630430859,0.006186219310779674
8,882830940bfffff,17.856664627062983,0.6149923812374749,0.34912992232908957,0.5684543866772939,0.576214902745873,0.5474878687120587,0.019430459136750237
8,882830871bfffff,17.915619497673074,0.5923902104857995,0.43883312762401644,0.5412285945275472,0.6299706831658548,0.6814980759465903,0.06849184167148605
8,882830803dfffff,15.873172687579602,0.6363744277786704,0.4246531915567854,0.6906863175340363,0.5624141846451625,0.5718655994031788,-0.013048690216992408
8,88283091d7fffff,16.268023338292377,0.5935875307107241,0.44217745629014293,0.517520757566327,0.5671759411129843,0.6187950870430128,-0.09327570315157789
8,8828308625fffff,18.61191368590141,0.7011458828735859,0.515214206424307,0.5434508778721797,0.5543102990177247,0.665949242376418,0.09808534405062898
8,88283081dbfffff,17.917587298281163,0.6611530184467945,0.4232865258880124,0.5798566289599516,0.4740163413195249,0.595165524410806,-0.030745211150734447
8,882830824dfffff,17.881373435304244,0.5455904895778959,0.3115058190594848,0.5941985630145711,0.5711690628952425,0.542132821974748,0.08683062070869509
8,8828308017fffff,17.774246550397777,0.627955975462945,0.5114808400359876,0.6083167072674964,0.5667245502208998,0.6625144608335356,-0.040292108341214515
8,882830844bfffff,16.98868149828926,0.5877981546680073,0.4648270702533657,0.6168954333438202,0.5233488824429552,0.6291284939166449,0.0008679014090514249
8,8828308241fffff,17.631862515051424,0.5492928915062488,0.2889926617432256,0.4416971376632543,0.6146340237910997,0.5468078675162479,-0.05764788092781189
8,8828308623fffff,18.621355418298602,0.6039137208605796,0.5125638615389185,0.6463019723622965,0.5846524638979503,0.6680985805844724,0.0597425986156955
8,8828309447fffff,18.805857709152395,0.6575814322765338,0.4063104529304912,0.6485283435391014,0.6126776656215734,0.5996431516377703,-0.08495201856784275
8,8828308039fffff,16.22348916498478,0.5604904728108488,0.4435943871817589,0.6282558131217088,0.6197717727001472,0.5374400178727945,-0.02376137302916885
8,8828309455fffff,18.87390145728037,0.6410107670359741,0.43302429858373387,0.6282357145661812,0.5404334085690841,0.6295229407185964,-0.04195532176656478
8,8828309419fffff,17.553843397942675,0.6340296553599635,0.4223217690011398,0.5268052331370321,0.6357297461616196,0.5512625580164441,-0.019254521474382585
8,882830863dfffff,18.53559873251012,0.5786510031594548,0.5221754435730158,0.5416433271200785,0.6021529735864114,0.5656836707616602,0.0337946083007019
8,88283081d9fffff,17.72838191389998,0.6131141759071844,0.44797673204524957,0.6452532660151382,0.7301547515009013,0.5940877352001964,0.05432646716098823
8,8828308449fffff,17.62270835755297,0.628958589371483,0.5608198014879975,0.5410827515927348,0.6183916760640658,0.6397209575935322,0.06467280278416508
8,88283080e1fffff,17.698649046013248,0.6455656585957841,0.5840551390881874,0.6919922922703776,0.5838931021584202,0.6556858415171096,0.05415240035517283
8,8828308627fffff,18.290990397030246,0.5330854087554976,0.4947208615361807,0.6511450838257334,0.49265826231152293,0.7494412158981284,-0.07063468079628374
8,8828309411fffff,16.88300859010824,0.5503872250060566,0.2912693239522784,0.467752834657784,0.5423359510186972,0.4944305433779591,-0.006228758002454247
8,8828308249fffff,17.61387857711363,0.5228997476369288,0.24328893422152686,0.5740962693214537,0.564375896899036,0.6182493308582826,0.041491464137723956
8,88283090a1fffff,17.535042258513094,0.5724477295233025,0.3975192978677766,0.5429311071395873,0.49574977064421893,0.5960357164573662,0.039263075151017436
8,88283091d3fffff,16.29951564721847,0.5834217369245472,0.3857790633483073,0.5506747437129346,0.5728153263059218,0.6642787710848815,0.015586451710836014
8,8828309405fffff,17.421977509248872,0.5767025789571687,0.33348942445862795,0.5455698935840847,0.4665676575316447,0.5823151601732142,0.08395295556556207
8,8828309193fffff,18.285223637438875,0.5767284769291822,0.43070881979454834,0.6289340190888342,0.6709510515126186,0.6063043961335184,-0.00817974687182781
8,88283080e7fffff,17.576656271464085,0.6233589943277938,0.48285549213792994,0.6170345140432008,0.6005252179097805,0.6181238349281544,0.006186666690134258
8,882830862dfffff,19.37871436444086,0.5736354166048845,0.45029384295580377,0.6482778843228773,0.5981851410575668,0.745471350670305,-0.06756705450226977
8,8828309191fffff,17.80105832343242,0.6070210411743646,0.3591130435523322,0.5697236867207606,0.5925045322511464,0.6202989871232082,0.016510429722025835
8,882830941dfffff,17.22182436197922,0.5987765107733806,0.40041038418169306,0.5622233634123709,0.5011031581978057,0.6010503027858259,-0.006868206263624881
8,88283081d1fffff,18.52139595362694,0.6391412728852353,0.5342978218023282,0.6252728096476161,0.5667876971463776,0.6502636526130159,-0.118560720217135
8,8828309197fffff,18.816776922970362,0.6026130583744607,0.3287370636258337,0.5112406524474441,0.6115860440266765,0.5411805475655944,-0.06499352665860646
8,88283081cbfffff,17.495455941611258,0.5885671243091888,0.40688953018023966,0.6209910083150422,0.5679896637697945,0.5521625346348272,-0.0476372898208672
8,88283090a3fffff,17.81904336982576,0.6230697682674717,0.4250053364838844,0.6107575440268624,0.6014928343773779,0.5712212117215497,0.01631898937768014
8,8828308015fffff,17.135290565326613,0.5027448043830474,0.48226079410107203,0.5081470000886198,0.558356706784336,0.6047027116512766,-0.011082774101452869
8,88283080e9fffff,18.25234212710573,0.6147110175593985,0.4917066073433732,0.625080192159291,0.5791747841807233,0.6609191427492043,-0.015405947461372377
8,8828309199fffff,16.968114764707455,0.6568106011293158,0.39042273517829673,0.586723745983183,0.541969487219798,0.6330983870867779,0.014891664102318597
8,8828308711fffff,17.63174734440095,0.6419540644424718,0.3149209760877476,0.58934760416368,0.6079578546998363,0.5868997519441792,0.0029080372630286544
8,8828309195fffff,18.151999527145083,0.6080918533503241,0.4565458543716131,0.5480004610076452,0.5583367343777306,0.5355477106791893,0.016198223530278975
8,882830844dfffff,17.38789260976372,0.6248896762614885,0.5460546871216436,0.6252037343178035,0.5845964972483542,0.6811228749581743,-0.03152925572910073
8,882830919bfffff,17.568984176212098,0.49992568503295237,0.3960305118916082,0.6063757967394158,0.5687960413608412,0.5705148282750744,-0.008050290680964975
8,8828309453fffff,18.147121705617888,0.7207221699761207,0.39306828912270414,0.5902066098154184,0.5267326730941548,0.528419791075598,0.013131900999637769
8,882830803bfffff,17.02861024904028,0.6029485837128334,0.5276716517487753,0.5978365401618632,0.6267597204119172,0.6360925457901105,0.02917752774129393
8,88283081ddfffff,18.05239154583545,0.6322250415100756,0.49262675092771635,0.7010574264582858,0.6798643783936117,0.5583419056228717,0.029589675389799626
8,8828309457fffff,18.098713775594792,0.5057591691938719,0.449271858916001,0.6985391474609011,0.6443763114050789,0.5742517294031175,-0.06681928182418229
8,8828308713fffff,17.380662187566536,0.5943661889178341,0.4747523446605082,0.6572028782026617,0.6605991354879697,0.6236738151583952,-0.023819613513075093
8,8828308245fffff,18.316678717511515,0.6835505694277277,0.2567567448614397,0.480094367365072,0.47013497669322285,0.6207178202659338,0.0024118803131017263
8,88283090adfffff,16.86604664511936,0.5526371760442338,0.382041823326641,0.6589693861963719,0.5989535222667358,0.6375711556581823,-0.05645352510775614
8,8828308035fffff,16.47225219159739,0.5527236627862836,0.3700978114667218,0.5770079943991802,0.6273013867523711,0.5754207826873609,0.06152465638046201
8,882830945dfffff,19.448705244774526,0.6067584259294629,0.5153963152730129,0.6168596685525799,0.5630425472253413,0.5883946547832832,-0.02318297857819946
8,8828309443fffff,19.352159018327004,0.5465393466656779,0.5911506159740745,0.6226004091623755,0.6074804316324717,0.6108632769902498,0.03058711849573451
8,8828308445fffff,16.705932611666125,0.5659961018420209,0.48737748714189216,0.6196797210824656,0.605348466866128,0.5696192201220158,-0.023897239627182047
9,8828308635fffff,18.70099414150475,0.6558442831804593,0.5537059702962817,0.44908264136872617,0.5193140818592307,0.416496178655951,0.01280857553798749
9,88283090a5fffff,18.044906989090325,0.63438916044513,0.5294216237575242,0.5371220042227138,0.5586141995647054,0.46943125923271445,0.033673074773766486
9,8828309409fffff,19.243592790777395,0.687572516326227,0.36544622963054213,0.4617857496110549,0.6081486405156432,0.5032504317048359,-0.010455673168654811
9,8828309451fffff,19.3058080003786,0.7180092610113189,0.38540628569205393,0.4421821014357484,0.46608694615289736,0.5802016251761214,0.04254116074047748
9,8828308629fffff,19.946454348454353,0.638944346648146,0.4822568920869803,0.47770794029898556,0.6247634653758967,0.6023643703613532,0.07794128476826387
9,882830940dfffff,18.862948776577905,0.5959903001505651,0.3026061003550358,0.40714111413525644,0.5122636341393569,0.5504302478911496,0.10429418915205782
9,8828308719fffff,18.88234204907205,0.6719005555407116,0.4894147729071622,0.4905225967554996,0.6064907824794332,0.5472740741888341,0.08609872778452088
9,882830862bfffff,19.639572570678848,0.706813398949043,0.5644482765880507,0.5687527847247457,0.567523259238035,0.553624109549186,0.017604104081805794
9,88283080edfffff,18.618188546898168,0.5969692003619362,0.5467060116294944,0.41539225336718666,0.46706105076309073,0.5220735186545095,-0.03857306859428511
9,8828308621fffff,19.552581477210126,0.6025895441204069,0.4886671413944063,0.47808933325066205,0.5160170473581152,0.5091030661533824,0.032450964517247875
9,8828309407fffff,18.128860536683916,0.7273843749796918,0.27144507714940236,0.4953302968663766,0.5120843968518239,0.5989574029731919,0.10074184914026146
9,8828308441fffff,17.983329220038026,0.6076927763950742,0.46737795018913036,0.4269722881229019,0.6250561894983764,0.551594115127656,0.0270668318486553
9,8828308269fffff,19.443096719150404,0.7279063801912248,0.252182919949982,0.5381215971382916,0.5747127633876645,0.4902011316254058,0.07751317904365129
9,8828309401fffff,18.510630903385923,0.6854196091247777,0.36234393013642374,0.5388803378473589,0.4689263092439581,0.6055829051484456,0.07306311004996051
9,8828309415fffff,17.680240550893828,0.6671663734318968,0.2672916682211685,0.5192201168506588,0.5253536155100939,0.5094667809938231,0.033882651976791564
9,8828308033fffff,18.266832907681106,0.6881018776651058,0.42438941251657314,0.5359028701283374,0.5130823490451175,0.5796945218364352,-0.07927654439670173
9,8828308037fffff,18.23741528790905,0.6394481107748596,0.4369291504698243,0.4949966698927506,0.5675433154638174,0.5046579139974077,0.029158638187191117
9,8828308753fffff,19.05142651742299,0.7018022486770205,0.44977802556683344,0.4486035529262865,0.5226782332342005,0.5907415258725618,0.11733347178955342
9,8828309439fffff,17.670804509361943,0.7041604042131125,0.2579186179723629,0.4813453095049917,0.5220039061437174,0.47337563945445804,0.0703269165412678
9,88283080e5fffff,18.53583762259392,0.5563932756422142,0.5216567580250038,0.58947844014278,0.5019776484600676,0.6033582518269521,-0.031646117862771085
9,8828308031fffff,17.82604595119178,0.7375229003745732,0.4617969082426684,0.4337539596759908,0.5655970040321826,0.5857579970446821,0.07861759656771436
9,882830919dfffff,18.20332838601082,0.673370545091264,0.37796425193590855,0.4342952362026402,0.47444496513748946,0.5520827910209352,0.02667339443401832
9,88283090a7fffff,18.521916658859396,0.7327871805195841,0.3115007104165655,0.46563669827388804,0.5227551270033651,0.5378881356639154,0.06690362592019582
9,8828309403fffff,18.05677566946625,0.7087834550042749,0.43086508342356433,0.5189446906834132,0.48970753688867147,0.4416889150242515,0.09115819487637038
9,882830940bfffff,18.635818948867545,0.7156095677535241,0.4133777580748179,0.437406681056542,0.5332115101660388,0.5198303956528497,-0.08959895090287182
9,882830871bfffff,18.6440681001669,0.5713260083757572,0.4533290192781526,0.4319223269822995,0.552618842813712,0.5945571547695412,0.02854530145073566
9,882830803dfffff,17.417443076893253,0.6815333085500165,0.38486752715873107,0.5549495107245835,0.4973918261722584,0.48721663497085127,0.10324863771492104
9,88283091d7fffff,17.758307565619603,0.6984752928248547,0.46078229818709143,0.45649060368401007,0.5500145872267597,0.5729899709811213,-0.057197275156537164
9,8828308625fffff,19.21360982187811,0.5913064884951004,0.45778472503237166,0.5290692835039326,0.5157513467775265,0.6406494077362208,0.08700444628601461
9,88283081dbfffff,18.711987059956176,0.6363620364159788,0.5362246646685864,0.5676008143143298,0.4950562857107942,0.42282319640635274,0.09424498282873836
9,882830824dfffff,18.719896324756068,0.6861312119438757,0.36929011622718816,0.4970969431858677,0.5730747058423482,0.6844752533020926,0.04753273588166006
9,8828308017fffff,18.730338890768717,0.5864840779709273,0.47739908047253654,0.4767577232363094,0.4685126887876258,0.5538380629435601,-0.02016517194356767
9,882830844bfffff,18.171302195583937,0.6461271128674811,0.5055432728685357,0.49042883989233244,0.5249188858304149,0.4791642887255104,0.1425128989789764
9,8828308241fffff,18.544442407060963,0.6173835026709843,0.22940540956255592,0.44171964326826885,0.5118840135538347,0.5583074466202125,0.0661309584114405
9,8828308623fffff,19.11598463712413,0.5788553184552654,0.4867816617677505,0.45227760974024817,0.5409327457560498,0.5754018064054321,0.06183357864544776
9,8828309447fffff,19.23790754846837,0.7293271163132001,0.42679820717007133,0.4944036840846279,0.5143226571326168,0.5686221264902671,0.055329511988046545
9,8828308039fffff,17.720292383104898,0.6811705473406239,0.41938368739254517,0.44776512715216915,0.5102856155336267,0.5813717482000815,-0.03100962954119045
9,8828309455fffff,19.194166425369666,0.6845524849778054,0.3278335469803601,0.5120369475289253,0.5537074332926252,0.5073050388179874,0.058916835029914454
9,8828309419fffff,18.45181238605679,0.7078321633578254,0.31743091601282797,0.46719608271342455,0.5584275296078294,0.45267126293905846,0.07511911822384085
9,882830863dfffff,19.054089301241802,0.6581747505495522,0.43990858884717055,0.5017647046230553,0.5451695564276465,0.5327750783968735,0.01112806785274189
9,88283081d9fffff,18.516240875198328,0.6360865477580686,0.4779676185636212,0.5700541122720256,0.5274950422634244,0.5766808180719226,-0.055025865688603265
9,8828308449fffff,18.5268452112392,0.6230017936709908,0.5472498008279667,0.32498615223782723,0.5797925062077754,0.61380278842025,0.0952393617079092
9,88283080e1fffff,18.66282409334516,0.5841158668513557,0.47523659155468406,0.4147482747640634,0.5889637059877316,0.5806913182518436,0.08484844027398793
9,8828308627fffff,18.987313732986305,0.6821721902080637,0.5170534283720277,0.4203516775040289,0.5584855982817201,0.595732150282534,0.08012796369672578
9,8828309411fffff,18.03139624558477,0.6129993097619388,0.22963761547823003,0.54430002160966,0.546558808091784,0.5113401333390145,0.03844996602423828
9,8828308249fffff,18.535346223239436,0.5928313948790032,0.39010090579039697,0.48482096745932085,0.5569000376690916,0.5396279597351775,0.02808340897257963
9,88283090a1fffff,18.562851315786332,0.6868539663552113,0.41362287211325593,0.4892147535624712,0.5328175299723422,0.5414393145906349,0.12312669516710842
9,88283091d3fffff,17.774033656555375,0.612731913728715,0.35726772845474536,0.4743832340273909,0.5168780949592596,0.5094947745317826,-0.015713316989896475
9,8828309405fffff,18.394582376712254,0.7003792036671037,0.321973603392775,0.4716407991869162,0.6535433160218109,0.5407694789711234,0.06864652019411221
9,8828309193fffff,19.08269764792048,0.7472275475992972,0.28042962264913684,0.45813699318314915,0.6403921553307508,0.5812138479631059,0.057829201867805866
9,88283080e7fffff,18.448741832125673,0.6629280553039524,0.3998600916108325,0.4980529813948251,0.5615363889610444,0.6479126817848756,-0.07452858148067973
9,882830862dfffff,19.52296240934199,0.7031433356542697,0.5304445093867921,0.441000940103714,0.5357053079047951,0.5220842651760191,0.051572722413172165
9,8828309191fffff,18.645407909548876,0.6211673218905567,0.3762685033549906,0.5423073073034209,0.5386396611133505,0.4664344970430371,-0.008172538250283023
9,882830941dfffff,18.334012876882216,0.717346079078705,0.2509447846644465,0.5032208293555357,0.5648937146584858,0.48142352490719853,0.12212365210991458
9,88283081d1fffff,19.045200968126796,0.6211370336808897,0.3945670319095164,0.41575463213861,0.4468338151079274,0.46220183097185324,-0.0029219171275999684
9,8828309197fffff,19.29949174854221,0.713438874235508,0.3293864722901254,0.449851781745204,0.5633337048981785,0.584168291721382,0.05218956048179401
9,88283081cbfffff,18.448105424048464,0.6009691929267786,0.37256541559909245,0.5272689430630013,0.5552550740473992,0.632044622012678,0.04503527802718733
9,88283090a3fffff,18.627752355116964,0.7657792154713378,0.3284074669238682,0.5108822068123451,0.5257313311686016,0.4817176634689464,0.016444839739230804
9,8828308015fffff,18.177415326418064,0.6360244150708466,0.4265155512609259,0.4496775071285751,0.45055631350881714,0.5600242566433745,0.029779254124772846
9,88283080e9fffff,18.906580601386345,0.6978489684744065,0.6009891933552577,0.4817424494092004,0.4852703878211667,0.5847127499011889,-0.02267761512954538
9,8828309199fffff,18.13225850334772,0.594210272316234,0.3348719953091023,0.4773430170583514,0.5193650730197341,0.49593269034304,0.07721426174677457
9,8828308711fffff,18.611772758564115,0.6744878013375694,0.43177702306553506,0.5310082737034852,0.5565234378543328,0.5406760713544003,0.17157046280298116
9,8828309195fffff,18.872638882711247,0.7573302686713741,0.39240149627898757,0.4554993218689437,0.5089060164891778,0.5130003549136031,0.02564357244239918
9,882830844dfffff,18.305451420647202,0.6743014726970246,0.437631566331615,0.47296279488163484,0.5401892907956388,0.5970521584024019,0.15985044233173654
9,882830919bfffff,18.477903362285367,0.6405286484361351,0.409881413854084,0.47130075480677086,0.550410389343768,0.5900403796350343,0.17743470181973425
9,8828309453fffff,18.78855941961213,0.5917819375860083,0.331370653833963,0.5368229028617194,0.5395233833127107,0.46282570718312177,-0.00010445815982865203
9,882830803bfffff,18.09450121447068,0.6182055804692013,0.5135962283594315,0.4749657095128783,0.5815078344895406,0.5332204229491441,0.010195021201491072
9,88283081ddfffff,18.83119270825829,0.6624804939052404,0.4868275899638206,0.47388061839957846,0.549433789848196,0.503693209152142,0.06891653187412969
9,8828309457fffff,18.89064266100362,0.6276342476402497,0.28670180055267663,0.40727606369770936,0.5841293349592167,0.5755524044484175,-0.06412405247701505
9,8828308713fffff,18.313147060555174,0.5447233015100938,0.442059467541154,0.5548608978369729,0.574372000109294,0.5456866155887138,0.08330448404466978
9,8828308245fffff,18.892553163494057,0.5989657113911918,0.2924020516000512,0.49601937891286263,0.5518546077030189,0.47068192336659703,-0.06087439209867878
9,88283090adfffff,18.083021446513968,0.6696990534755919,0.37056417386049206,0.46509016715243073,0.5235653428180946,0.4971285648057949,0.05664051746360255
9,8828308035fffff,17.83805136073553,0.6870366515965829,0.4160964124524201,0.5535018015784561,0.4858962425650009,0.5784155891116765,0.03929067731632007
9,882830945dfffff,19.726368571359743,0.7295660881244951,0.487743571495175,0.5062880425963845,0.4826893012954944,0.43672170351593576,0.061049555438650864
9,8828309443fffff,19.591358208311934,0.6328751042016638,0.3915653823876239,0.45961526383550544,0.5182679785183576,0.5654077272215985,0.012907370719724294
9,8828308445fffff,17.91559238558388,0.6894097028444317,0.4723615114904028,0.49161801511790276,0.5264246448038378,0.5166051174442229,0.07986430814387394
10,8828308635fffff,20.03638449686101,0.7055569317798891,0.52766421451069,0.35216777846047265,0.5877446472420533,0.489634009116192,0.006980522151057326
10,88283090a5fffff,20.014989620781652,0.6470235450240823,0.4740987149754312,0.3763065635875345,0.5197811501641236,0.5760853674054319,-0.031495087920254114
10,8828309409fffff,19.998813065663903,0.665337694882791,0.2999499885390262,0.42580886557357356,0.5138751264323629,0.5315820921507004,-0.026997370744256868
10,8828309451fffff,19.967781391693677,0.6370364426947501,0.43724136804558456,0.3710949809600523,0.48744711068888036,0.47565627132679256,0.0335964580946651
10,8828308629fffff,20.00950368284513,0.8667564503005439,0.410247081193401,0.33840888214553744,0.5315108642424241,0.5646467362047164,0.026797366183564503
10,882830940dfffff,19.90026051561286,0.6739133557301065,0.38787388901286834,0.45342754476293134,0.5410279418248921,0.48573679566055267,-0.027936349998102593
10,8828308719fffff,19.996797983641788,0.7195434205657172,0.4353558855276182,0.3056458759036425,0.5707517700302751,0.4171318431377484,-0.016394439485475986
10,882830862bfffff,20.036370897299314,0.7679130138051568,0.5485165355108447,0.30362290449916046,0.5537380619131345,0.4513623173433797,-0.061198190580347804
10,88283080edfffff,19.969381605904942,0.7148466286736899,0.5459134338563232,0.4008602347438441,0.4857257014566652,0.5218513097859088,-0.0005276286066327949
10,8828308621fffff,20.000605910976223,0.7452220561935909,0.5123146108652242,0.3272425454114292,0.5295982518072121,0.41922693863073435,-0.05619818265401558
10,8828309407fffff,20.03970185981373,0.7192187848448706,0.33812218893947643,0.3820208688077881,0.48155767752310374,0.6005977362357908,-0.03645140095394457
10,8828308441fffff,20.00894326908605,0.5387897510753157,0.517889918103742,0.40154183132830396,0.5027814149722685,0.4966247096981104,0.019664550361347156
10,8828308269fffff,20.012832632250873,0.6974043483251153,0.3250192257702677,0.4753245876244752,0.4909500328884519,0.5068950052382233,0.009965227497096692
10,8828309401fffff,20.007859637405257,0.7523024631675286,0.34020892853346063,0.42001375925429196,0.47042933710084567,0.49343766962609104,0.03482668603909203
10,8828309415fffff,20.008554780667193,0.6939231382255009,0.26443112566308846,0.4861001689322212,0.501737877465926,0.5592433279264939,-0.05057937102612927
10,8828308033fffff,20.090602020475774,0.7042485975986134,0.5108771161866867,0.304327262658532,0.5022916234927546,0.6253228532078368,0.05637515649617067
10,8828308037fffff,20.021719051836094,0.7851932906268482,0.398811521188422,0.3293040122205183,0.5114294756951082,0.5852131069720174,-0.00040134740871579697
10,8828308753fffff,20.04450669711392,0.6847721395257923,0.4616249182826902,0.3329373942611901,0.5734185336196982,0.4330722581493123,0.08910754963128735
10,8828309439fffff,19.976740396828244,0.8293764162797317,0.29389800219144663,0.3973032860622599,0.570325464656561,0.46174822126665876,-0.061704300008871726
10,88283080e5fffff,20.033464866151423,0.7235277724279756,0.5342922539201551,0.2681525851277008,0.48021708238962657,0.5263219664226302,-0.05935462081535436
10,8828308031fffff,20.144909478063564,0.6657683552629516,0.502847450258066,0.3341652347096884,0.5297944776513458,0.498321890993021,0.021986861916261036
10,882830919dfffff,19.98515935465042,0.7064794575600557,0.4473305631046741,0.35680357218637265,0.585965506826996,0.46319131946087627,-0.021737757529043084
10,88283090a7fffff,19.978860985458144,0.6689033745711539,0.43914926638332474,0.45398539088363843,0.42439024758625615,0.531722032089821,-0.05154614927236608
10,8828309403fffff,20.00761389859001,0.7132206721478218,0.361019828090155,0.4734947873943114,0.5631777446656834,0.49777187732283923,-0.0526240038447741
10,882830940bfffff,19.96853192136645,0.7425713515449959,0.4732476819646805,0.32891905415093803,0.5133899495594041,0.45041034568760435,-0.00672568814888041
10,882830871bfffff,19.95306499112858,0.6396472897136181,0.4368891154421291,0.22147973867614806,0.5675067437528432,0.5774657838616112,0.024259135491003385
10,882830803dfffff,19.891913802151837,0.6434340378917096,0.38386475991459584,0.35815167982756857,0.5627434050865888,0.49942595825312963,-0.11185653276973276
10,88283091d7fffff,20.008921762365627,0.664952972282768,0.4495623249127869,0.33620169512028003,0.4623628063735595,0.5078096737387896,-0.037793468695914705
10,8828308625fffff,20.026648141288533,0.6336285839487257,0.45166697411240225,0.3865008953718149,0.46354256157515705,0.5085574406096136,0.024867234115157823
10,88283081dbfffff,19.987775399573266,0.7174323717551543,0.5418628111687285,0.32815127663438093,0.4936417038048988,0.39984256202288565,-0.023211036971141595
10,882830824dfffff,20.064665801706173,0.6595380289935691,0.3797531459065665,0.44963939910496625,0.5519881025028601,0.5006424186273186,0.054561934707302154
10,8828308017fffff,20.033278618447845,0.7277975373134536,0.5346841455696535,0.4591369170719927,0.4408219588473628,0.5027780156390627,0.010712885132307236
10,882830844bfffff,19.984865895090653,0.5561546117012149,0.38054480845619926,0.26230748088206784,0.5422488821244731,0.48213502199308994,0.04085171277448514
10,8828308241fffff,20.024122503481934,0.6269423149283408,0.3476217861187286,0.3484407066922512,0.5602846538876177,0.45330850059345396,-0.038639536000546
10,8828308623fffff,20.003061407940773,0.6031944475336226,0.49774454048277833,0.3744892762897005,0.4737492786270754,0.5102532041626807,0.05056728670195608
10,8828309447fffff,19.972985456166995,0.6430169652008884,0.4453391063076238,0.23431513928538436,0.391648253461959,0.4861695390227649,-0.07292297215154443
10,8828308039fffff,20.042875457829812,0.7207158671578958,0.5676364165493955,0.3553331880759295,0.4441351260577846,0.5195960852593642,0.008068347150311045
10,8828309455fffff,19.969763451435988,0.7483613833164252,0.37956660272743614,0.35828311748029273,0.48519582829364466,0.5350544625926401,-0.0323145296783618
10,8828309419fffff,19.861692079338045,0.631658190545911,0.4456685750920213,0.3613398800709681,0.5113819137487321,0.46767136613805466,0.1356140615715248
10,882830863dfffff,20.009573985017347,0.7426121333375222,0.4125559759982264,0.31255795033263356,0.5423434090356536,0.49246847057654264,-0.019301445221097235
10,88283081d9fffff,20.00462591343055,0.6867776195409582,0.5560741868806568,0.3084859801132551,0.4830235598540221,0.5173415469876902,0.011292811550616741
10,8828308449fffff,19.99155863381328,0.7414987145356402,0.4817469414328034,0.3942899900967407,0.4867814947692368,0.4040921526100987,0.0566426151120764
10,88283080e1fffff,20.00581682845708,0.5942405246069022,0.4534793199423886,0.30021987032735514,0.5560791049422207,0.4679259353334754,0.015532791665172421
10,8828308627fffff,20.015259404341663,0.5739853056652423,0.5125946447294896,0.39162705804017983,0.5217630039445531,0.4665392516136005,0.022293474918274058
10,8828309411fffff,20.083893698516466,0.7543641615523348,0.36767892106201244,0.4623123945213149,0.5771786307396485,0.4532106419622418,-0.029362545149234875
10,8828308249fffff,20.051224323457582,0.7331289768289719,0.42049839490442054,0.4474763624270031,0.5863853072306185,0.4633116951107958,-0.0974177273568587
10,88283090a1fffff,20.030713153619672,0.703854160186598,0.40030601093788737,0.37550009994396466,0.5561928639528839,0.41926459759180223,-0.011271633107572695
10,88283091d3fffff,20.074481239507698,0.6602801419159703,0.4150506434488915,0.30782916226899926,0.47535417019864,0.4239530393117641,0.09432370749484198
10,8828309405fffff,19.96900872727424,0.7148501551905986,0.36357856173558084,0.4517134225929155,0.44539287757121476,0.3633764514294783,0.05508079280657281
10,8828309193fffff,20.001096338777433,0.7301204696404154,0.38101519871640815,0.6250853073110013,0.4814419383944022,0.48334510435124267,-0.07970893051336589
10,88283080e7fffff,19.99575418521465,0.7452809715843478,0.48765989589303005,0.35425121035141804,0.48097430571368854,0.4104383069514962,-0.0046918365201339225
10,882830862dfffff,19.9337021006604,0.7454639395066576,0.4471226594923971,0.3304101777371312,0.5906498955332673,0.4799717215966328,0.08110724529234205
10,8828309191fffff,19.966065354013253,0.705830303811735,0.38021700815715725,0.4022653893115619,0.6250296691302196,0.6562439284722099,0.04340526465517814
10,882830941dfffff,19.90764797784883,0.743308693605189,0.36125504759618554,0.540730895090094,0.44229457154969176,0.5318692480537067,-0.03697602453488201
10,88283081d1fffff,20.09453793476066,0.6036651140979702,0.5009947086222256,0.3352580368837794,0.4185896031730351,0.5178777101792502,0.09583140734117358
10,8828309197fffff,19.959714487077747,0.7538714921323628,0.43408552939791845,0.3717540839348528,0.47063743750635634,0.5761320519638524,-0.06035749339358606
10,88283081cbfffff,20.03962690797834,0.6167225734448281,0.5024941061477113,0.3050111767033497,0.5010989385574219,0.4533689050310497,-0.008803097971717385
10,88283090a3fffff,19.912957042052984,0.7899724167810764,0.36843338338929255,0.43056802692190926,0.5886142751231012,0.5147259389995772,-0.015310909649641474
10,8828308015fffff,19.99957688280649,0.7330269916404553,0.5265510436126091,0.4092517807283085,0.4220700791444626,0.428128136999662,-0.02337374482850388
10,88283080e9fffff,20.01532890137344,0.663300351534321,0.5127056715062124,0.3804435599910358,0.43372898465044735,0.46618206837581255,-0.010691778635560898
10,8828309199fffff,19.979305623832396,0.690758972097083,0.4119960015228566,0.41011531794960515,0.4855252861372062,0.4988908709371028,0.01689675731918338
10,8828308711fffff,19.979378868786906,0.7304736775849511,0.4760634527126368,0.3530731540631305,0.5267285864306838,0.5030990715320057,-0.05207969618375404
10,8828309195fffff,19.985625065998263,0.7999740868877546,0.41861324166459224,0.40883658736864853,0.513428374281932,0.4479267929965523,0.05548539724309475
10,882830844dfffff,20.04493920917555,0.6339481548010152,0.46941096188149267,0.35184881802288454,0.5114649211515601,0.5435701595860822,0.03802599054870306
10,882830919bfffff,19.97204739629665,0.712080403492629,0.31175645917293904,0.3643559021895735,0.4909132441447086,0.4841130730967765,0.05119293753479939
10,8828309453fffff,19.953357125315073,0.6599355336267809,0.379029574234343,0.42365922434238146,0.4956009815184474,0.5384141182843561,-0.04769428722125527
10,882830803bfffff,20.003014805936235,0.8316358271861157,0.5264433188213374,0.4050487373145897,0.48828720729434577,0.5775348916418841,0.020373013120480725
10,88283081ddfffff,19.97354912134896,0.6816304884519144,0.38967233804925966,0.23045016141868777,0.49141146883188314,0.44840812602520325,0.029158375322258175
10,8828309457fffff,20.04954409583364,0.711940865904331,0.3483956723044147,0.381740519588649,0.6095816543998335,0.5611302684436046,0.04789131417029589
10,8828308713fffff,19.897418436762116,0.6260923741095378,0.43660910512307205,0.31032368591399917,0.5350847902341351,0.5522937333110033,0.04840905674810207
10,8828308245fffff,20.014108107286862,0.6547973355007748,0.3471377048505247,0.434578004244695,0.4560085081978675,0.49903109635848514,0.08285146170105567
10,88283090adfffff,20.033428838072147,0.6588834722254897,0.5344457310116918,0.42159535158401545,0.5073454411854275,0.4151319247475945,0.0767222543955312
10,8828308035fffff,19.840808601724564,0.6889970625994759,0.37991001115091566,0.3352842118190994,0.46207996028496107,0.5248369839125101,0.030942125111626022
10,882830945dfffff,20.104541743070193,0.6216752813642599,0.4657122843860965,0.2635174742611026,0.45795612352032916,0.4366939393236159,0.02966525478365727
10,8828309443fffff,20.056963311325227,0.6263063713570601,0.5449860796616627,0.39912718898671323,0.46475496440321257,0.4984581097789703,0.08106907215535696
10,8828308445fffff,20.055399904099904,0.6252983076416867,0.4535130762057617,0.3539262125676645,0.5526680583927371,0.4409495232620269,0.01933193294120033
11,8828308635fffff,21.320463518548223,0.6407117469102246,0.41785546642146393,0.40872141284644414,0.4756350825019361,0.42559078809013545,-0.09571254792148086
11,88283090a5fffff,21.834483520893915,0.6395973305864625,0.4426618146368706,0.4216009073026054,0.5055193153380353,0.48874024509309033,-0.16768133177139138
11,8828309409fffff,20.89121271850218,0.633564066649051,0.3991100709802849,0.4012100863580092,0.5370181510179204,0.35495244158950534,-0.02181011935407754
11,8828309451fffff,20.84956870892352,0.6357029360654693,0.49237071859536624,0.4205670115729999,0.49176938946081744,0.3756758821937385,-0.01797676943206495
11,8828308629fffff,20.135769969713632,0.574912946730507,0.4906474356404624,0.3218553130206787,0.6346508942728123,0.34089926834501444,-0.0501097335558563
11,882830940dfffff,21.252205942282092,0.6158345911152232,0.4606897035889632,0.4155930396436475,0.47362129130867475,0.45223373988027055,-0.058861502414805436
11,8828308719fffff,21.240587592879496,0.6331777013697653,0.4946335824848269,0.29740210360701647,0.4796158928142769,0.5207283510549633,-0.0792252998170984
11,882830862bfffff,20.51379993311192,0.6499056298097681,0.5053045555856216,0.28246567359511876,0.5402974714596609,0.39272891291866,-0.03862471870303068
11,88283080edfffff,21.47472671373552,0.6466482261447987,0.4998618009850778,0.3917389401258454,0.45614771308072377,0.4088437339408717,-0.020560329378929064
11,8828308621fffff,20.46843984259742,0.6693093332469948,0.4747714940819997,0.3685848659352843,0.6393077504562965,0.42438117717584395,-0.14831547170510073
11,8828309407fffff,21.920243073701744,0.6331813214543275,0.48449242380075574,0.513653810908484,0.5518166825723093,0.47039987968378266,-0.11978887310794804
11,8828308441fffff,21.997256006655572,0.7268656203298753,0.4938818355621448,0.34531319771988095,0.3687095984586738,0.4632416505664814,-0.1689827751631401
11,8828308269fffff,20.61973391394311,0.696395831056268,0.35522757370291347,0.4653523502702306,0.48347719906182524,0.49522351589383606,-0.014786230194942789
11,8828309401fffff,21.426390613328575,0.6486576082747361,0.4522297335975942,0.48388502185813587,0.4850395147378706,0.4485742875467261,-0.008812516872286888
11,8828309415fffff,22.258622628799678,0.6452287821030895,0.33453293159348857,0.539369229025007,0.6367752345207877,0.4517864824188904,-0.06939027733431496
11,8828308033fffff,21.680543566024127,0.6895065402502689,0.5069429374095268,0.33921437312812275,0.4699239316493789,0.40642521798953213,-0.016503782834090625
11,8828308037fffff,21.671235738926402,0.605130733191744,0.4397581379532367,0.3731048941425169,0.4594122483327363,0.44477990452213956,-0.005807013765534122
11,8828308753fffff,20.830514305311553,0.6885663435936125,0.46274718863981656,0.4639932064998369,0.5046848569725,0.45690429973136365,-0.12823149518942276
11,8828309439fffff,22.354619650686157,0.706998860669288,0.438326022536783,0.3759211330979631,0.622436528473386,0.5253073702693967,-0.02704264874894146
11,88283080e5fffff,21.45846310400246,0.6689101479005416,0.514016493822247,0.37120533358792057,0.4246915937950666,0.42904165425637497,-0.021220435108253843
11,8828308031fffff,22.17157237979326,0.630560129727331,0.6063044985390547,0.391754878078111,0.5028797195929053,0.45164165925612004,-0.060185858658641476
11,882830919dfffff,21.789388462976795,0.6149651667014656,0.4485966446184308,0.4337993431771373,0.43990069645703817,0.43104554893016556,-0.12321846393731986
11,88283090a7fffff,21.511192029586812,0.7205722119251908,0.48230463002744506,0.39131295162036756,0.5251981824339844,0.46439501643476855,-0.16586505375998553
11,8828309403fffff,21.8126465225917,0.6986250934772035,0.3402630066103199,0.3962307595669272,0.47941809579186423,0.46507601135184096,0.004728919157500719
11,882830940bfffff,21.271795716902684,0.6224014228559208,0.41382306416059056,0.4384415017119264,0.5419307949931287,0.43662672309881073,-0.12300181468686272
11,882830871bfffff,21.31313670295982,0.684888593622966,0.5216351604551532,0.3831571884296434,0.5935817865791908,0.3657961542109407,-0.05903531014823744
11,882830803dfffff,22.556510555493286,0.6627605332252051,0.4777241481947135,0.36993995003335756,0.5163277598825236,0.4280126274602457,0.057989943582611676
11,88283091d7fffff,22.324542026545448,0.6136432757046136,0.43998882062456984,0.4394983925370011,0.5955141698291314,0.37411230915854093,-0.09774330378027463
11,8828308625fffff,20.724427527236678,0.6667211785357162,0.4830136619540998,0.4095870013576921,0.4951657514476904,0.36982542203529295,-0.157733859121989
11,88283081dbfffff,21.30641974444756,0.6413267833458415,0.4890730530677178,0.38091959936164005,0.4663545038525693,0.3747384224903163,0.00968250788456677
11,882830824dfffff,21.32826457482427,0.6065058252866646,0.47735319399410964,0.4263980429022494,0.46860377401838327,0.37013013897888136,0.027278049808802836
11,8828308017fffff,21.381904317140243,0.5644943413510438,0.557094860123999,0.48143634195591156,0.607712251360722,0.4947250975968364,-0.09231214509710736
11,882830844bfffff,21.977087322922422,0.6612224510244328,0.46829503601516304,0.3373042972103125,0.4349461544678332,0.3999952463085413,-0.2031522645087669
11,8828308241fffff,21.49751480031649,0.6565750423384423,0.45087055325450487,0.4520247451251564,0.4182617050392649,0.49868341247009307,-0.07188213185766315
11,8828308623fffff,20.91865586339134,0.6150195999808515,0.5001149974383591,0.28529754021330694,0.49681494208879134,0.4748509911349952,0.019444882672775887
11,8828309447fffff,20.85267332797444,0.6477495815709757,0.4584666745523261,0.382020640619359,0.44087598793072885,0.4931220488377957,-0.0610583994007829
11,8828308039fffff,22.252528677226255,0.6944614936994555,0.5156106605824994,0.3965069126860263,0.5860463199104433,0.4890359759613655,0.03069530970215341
11,8828309455fffff,20.801956733982767,0.7182454639308457,0.49095548840354286,0.41500542810491126,0.4647707897948922,0.39152122815832324,-0.05972992352439802
11,8828309419fffff,21.54211041555154,0.6597067415954192,0.39072787879540066,0.4791549757246491,0.4396789914169757,0.4777090698045685,-0.08938858956042375
11,882830863dfffff,20.91641699353686,0.6756221944422046,0.46274606562346354,0.32056439716603846,0.5210553045970214,0.3524646369672387,-0.006853921213042569
11,88283081d9fffff,21.412622864741607,0.6065809742285271,0.527491056236471,0.31125425500674964,0.5333521363956547,0.5775035395563308,-0.07337370242852446
11,8828308449fffff,21.40809944796242,0.6790628621242775,0.43921588267311534,0.3889491266264842,0.5548155527834295,0.48117318380787333,0.013575354697918485
11,88283080e1fffff,21.321687053527214,0.681681150932062,0.5481425862433678,0.43048575918107984,0.4664938693596798,0.43804998424848146,0.07489751838839843
11,8828308627fffff,21.097876426029128,0.689625862981781,0.5379290321180689,0.32522194408129357,0.525722478083696,0.40670683290915166,-0.09404059331049454
11,8828309411fffff,21.994395899500635,0.6991179863331006,0.43278248735303787,0.4348962723258889,0.49298471669654603,0.4629702886568745,-0.06605530575151415
11,8828308249fffff,21.519252831787806,0.7657735654578,0.4309682883906085,0.4200078349722209,0.41755243379228163,0.45235030061439285,0.008434596290583872
11,88283090a1fffff,21.605259264006403,0.7208995243126654,0.4496487414094116,0.335884545655287,0.4575194424566449,0.43027346862084603,-0.010726864271759659
11,88283091d3fffff,22.225169459386795,0.7002842469932731,0.5051965353669542,0.3721701741665619,0.6633283518986177,0.44005085747560274,-0.0829787674603244
11,8828309405fffff,21.47383619721751,0.6914508198907533,0.408757134974145,0.38722693928755,0.5312738214061499,0.5265962827356295,-0.13117549013009738
11,8828309193fffff,20.9945966882701,0.6989105049793802,0.43138582092468786,0.46492525778006555,0.49455470269485835,0.41545562754002596,-0.06357808225610602
11,88283080e7fffff,21.61324103721713,0.7110730620956017,0.5186313894018199,0.45519789317627957,0.5533477920531854,0.5312141733633431,-0.05133489438656304
11,882830862dfffff,20.356935540722475,0.6936528102198347,0.49842690109349175,0.4019061249359789,0.5956474698632941,0.397459035560868,-0.018019230563651352
11,8828309191fffff,21.366812706035425,0.6418310426577528,0.297939323059037,0.4087779948866974,0.49879991674437835,0.4057095893948834,0.018279085754065894
11,882830941dfffff,21.725034814577217,0.7261487617756098,0.44941635613566844,0.45894207983137836,0.5963526375803253,0.4071901280870863,0.032313766258919636
11,88283081d1fffff,20.92841764381369,0.7401802096454566,0.6253450679380851,0.4026073733279184,0.4766526010239174,0.42472113519980886,-0.04359489636487518
11,8828309197fffff,20.743595238109584,0.6828697408354605,0.4257829629351645,0.4926819852621842,0.4848355893114045,0.45224775348106144,-0.030993241239571454
11,88283081cbfffff,21.615944925513766,0.6203422840258879,0.582235004509557,0.3461077613192308,0.42856850422487125,0.45614704966408354,-0.12246180268133038
11,88283090a3fffff,21.33414555288495,0.6564405177872068,0.4726435852447426,0.41691503276581876,0.4932897453606706,0.40099258904062207,-0.17391643362668574
11,8828308015fffff,21.792487944564304,0.6635507039865163,0.4668779426141519,0.37460068991868267,0.49267848030619027,0.3724820531672518,-0.009321301825863722
11,88283080e9fffff,21.215926297431825,0.6241752968192644,0.46470995222952444,0.371405242585218,0.4560226598886604,0.43285189309541316,0.0171113759855102
11,8828309199fffff,21.888039978003366,0.5829667089856022,0.31318367987381407,0.460264663086689,0.521787666025846,0.4378249048235935,-0.09363950586930919
11,8828308711fffff,21.53487875217355,0.5940226945106364,0.4526408963135762,0.3889942491009087,0.46411272360962985,0.4626233104301305,-0.014150049018996726
11,8828309195fffff,21.180783645048034,0.700761513711336,0.4952795350796342,0.37722257667537823,0.4342309140100936,0.5097603870118794,-0.07909133201752463
11,882830844dfffff,21.57154959147341,0.5780007488374718,0.41477123579118746,0.31771094776407227,0.45484911566417635,0.38934052388816914,0.0011087317867709834
11,882830919bfffff,21.514887205180646,0.7242685121327441,0.45196011716431944,0.4046179173513251,0.4949612982938881,0.4907530774952682,-0.0999992588973248
11,8828309453fffff,21.208626827704595,0.5725047106263139,0.3677926687860172,0.4204249153925044,0.5341987991181395,0.3892386496614453,-0.07069532031160292
11,882830803bfffff,21.86149506879673,0.632147925650024,0.44082707251432807,0.40699450931672454,0.5446147268115661,0.4074353922773903,-0.0058891830451522145
11,88283081ddfffff,21.238029111620587,0.7534683979281309,0.49596518204242895,0.27849497518559974,0.3831468873694879,0.41572517917270624,-0.050367104279289435
11,8828309457fffff,21.19542631315157,0.6178370988950157,0.3793050591764568,0.416462004323123,0.45576869914138346,0.43998749839373974,0.00951646413685707
11,8828308713fffff,21.695181279873392,0.6262059508974724,0.549219375408608,0.34527213518357613,0.45667844877036357,0.42774392093873576,-0.044302628480431414
11,8828308245fffff,21.013999978230377,0.7035377657699549,0.38741596048043014,0.4184827334940534,0.5057231710594386,0.41015187658625646,-0.029112366145963957
11,88283090adfffff,21.807354633095215,0.6871023296660381,0.41319918086473134,0.39277373453785086,0.5404467649014444,0.396846480064349,-0.08017574259574262
11,8828308035fffff,22.217625941207448,0.6475803990233289,0.5427780467688712,0.31528266925548154,0.5305067046277502,0.4530731854616879,-0.08089709979865731
11,882830945dfffff,20.27986990045615,0.6305811629629843,0.5215094923109124,0.31450039735632873,0.3405909622715829,0.3602205299920538,-0.023634991516182896
11,8828309443fffff,20.4675836485109,0.7351943969002581,0.4453259848001785,0.45258573764683935,0.4838628315672143,0.49213084755570424,-0.05899220525289543
11,8828308445fffff,22.065082300158636,0.6485365062897078,0.5412409061913226,0.3485365761285584,0.41436121375532603,0.3601648363050462,-0.12539411607396098
