timestep,cell_id,temperature,humidity,vegetation_density,water_availability,soil_quality,biodiversity_index,carbon_flux
0,88283080e9fffff,20.07387718904955,0.5157595452649012,0.4517524659510135,0.5686726698739752,0.5703166571173827,0.5459370481082624,-0.12264597257283527
0,8828309453fffff,20.02384389642418,0.6113357015816858,0.6162917255839417,0.6107804808297507,0.6147369578210273,0.5335999902180879,-0.03682014703329438
0,8828308445fffff,20.040391768975258,0.5774683149012662,0.5242775901590424,0.5727860529733807,0.6922493436165671,0.5077361175852778,-0.09641494554780557
0,8828308249fffff,20.046514725063133,0.6244694442951938,0.5462014470688269,0.45444323256206604,0.6222565909083616,0.4540875773372772,-0.0380583103725016
0,88283080e7fffff,20.028038210640197,0.5789664211652822,0.5515767981966655,0.5278129605240889,0.5631239836788292,0.4958631733118818,-0.031230179161965993
0,8828308625fffff,19.965455724947688,0.6565400809251211,0.5117311747111339,0.5527594742683472,0.6375404310144944,0.5435475886279659,-0.008980352883193831
0,88283080e1fffff,20.026290120364752,0.571093307788483,0.509873693578157,0.5198297981928683,0.6766177866047655,0.5200670300675523,0.07257272147961662
0,882830803dfffff,20.03311926649804,0.6575281418716911,0.3790435247118193,0.5314743369095631,0.617819005443061,0.5636993603746957,-0.011298485575774215
0,88283081ddfffff,20.043833480235552,0.5239684174174906,0.5554558749546677,0.5108018513746121,0.6507295069964689,0.42317922063196906,-0.05862832147408417
0,8828309439fffff,19.982659274601673,0.6116073363236599,0.49516358831768026,0.5181768292595426,0.6273738644190939,0.4983617912154235,0.002113165317495318
0,8828308037fffff,20.0519509209455,0.6882453386291141,0.5046335301558998,0.51570686354014,0.6639086880206251,0.5469406022846754,-0.03604284506037452
0,8828308017fffff,20.032068574098133,0.608708318345258,0.510870658978892,0.5332149260092263,0.6089660822090734,0.4812101152409131,0.027501697082504623
0,882830945dfffff,19.96641336250896,0.6230444343030901,0.4640468354970336,0.5487795767728914,0.5840725754415869,0.5198132931249526,-0.08697768720328125
0,8828309455fffff,19.984841808035963,0.6526602524990326,0.523383743267859,0.5227593839200558,0.5141161840483311,0.4362848552785136,-0.027841027104174673
0,8828309451fffff,20.017275907230324,0.5704563476778614,0.39202697704644357,0.5155454992275413,0.6248075120003724,0.47428714976287895,0.006195958744934015
0,882830862bfffff,19.96030144955989,0.5864198374671752,0.5430858134759766,0.525254315465505,0.6297321264829404,0.536113909580309,0.0028715621163765952
0,8828309411fffff,19.980081263426328,0.5785051375318724,0.5250609461111315,0.5557610836400385,0.5430337686857035,0.5230636563165237,0.04403103794718139
0,88283091d7fffff,20.024493029152094,0.6629308136032719,0.41234774359896637,0.5257552676849827,0.6092258407533264,0.5675537539962886,0.013128025781083734
0,8828309419fffff,19.983218651559458,0.615845477578811,0.44913610990528424,0.4871129483750183,0.5978399343698314,0.5939539752879819,0.038309363694980156
0,882830844dfffff,19.977455814675917,0.6752462273622105,0.49835147260945456,0.5374810067143962,0.6160630058437193,0.5252378014805934,-0.02834648546221539
0,8828308711fffff,20.006760781032867,0.6164503428870646,0.45770558542576767,0.5635889260943914,0.6889954277795559,0.5649769941874284,-0.011809897616579806
0,8828308033fffff,19.979034092714624,0.6298803871792448,0.4967118796166606,0.43561397273112323,0.6468590307174309,0.47326941751239127,-0.008213814718605718
0,8828308031fffff,19.962939531733795,0.6101768754359147,0.4522504169359721,0.4783910416830627,0.6200684031538479,0.4433620906773545,0.0693884780843419
0,8828309191fffff,19.95800320385023,0.6480424684303296,0.4042982268019513,0.4641368918568882,0.5602835836407264,0.4412134651864722,-0.021837855021219148
0,8828308629fffff,20.035896601293373,0.5869835061354034,0.5107865890088655,0.5409710107469057,0.6596614960104792,0.5308466702200247,9.369258116954102e-05
0,882830803bfffff,20.03908950748814,0.6162548468429803,0.5665061973697952,0.601837647099786,0.5149010023344889,0.5041756866837348,-0.0020753119834409995
0,8828309409fffff,20.025743100828613,0.638158244966999,0.509021697411601,0.5583704796595331,0.5676351257523243,0.49677756844964777,0.07610908667970097
0,882830940bfffff,19.983670814193562,0.5957837068915048,0.4917687333569169,0.5008209323536815,0.6089196266816866,0.45445521094802044,-0.07217420833387257
0,88283081d1fffff,20.061860540851068,0.5620474637530439,0.5410671597132358,0.5686152375358761,0.6513022504711217,0.5155025723231691,0.042091101291522603
0,8828308245fffff,19.972918314712885,0.6156492069812026,0.4778563869011343,0.4742708158558464,0.5864380852031014,0.454250856472854,-0.018306799179012016
0,88283090a3fffff,19.969176175242936,0.6205020894984304,0.5078115400257966,0.5642158613064963,0.6344666043967456,0.5322229306281726,-0.029217442923127737
0,8828309415fffff,20.01328073863929,0.5839873190126377,0.42491289400885884,0.6071134959118447,0.48871238505143555,0.5547692584841797,-0.0501025449009654
0,8828308621fffff,19.95890688953457,0.562604849766848,0.4781142340130792,0.5691651679267536,0.6478173140813809,0.5133307508606121,0.06477515638532622
0,8828308713fffff,20.05031052194085,0.6300106453679182,0.5266652396226696,0.5576210620933676,0.6244255180090456,0.5344538739987764,-0.016843520023720943
0,8828309407fffff,20.048642108662403,0.6855333080851849,0.5286790447131899,0.6184398344177101,0.5498124778744403,0.5100441660145437,0.0341822263144611
0,8828308441fffff,20.080142738785113,0.49916031280231227,0.5291068829596792,0.5748682527687183,0.5643666011375259,0.4653895709705714,-0.08231191335884878
0,88283081d9fffff,20.067670707884016,0.6207830948049913,0.5215718542422195,0.5219651419146126,0.6316997165124736,0.4499754169917165,0.03244739273890664
0,8828309197fffff,19.941363140033253,0.618650172679178,0.5319407017063865,0.5851212315695826,0.6122569170304812,0.5185283913703914,-0.022385894974300324
0,882830940dfffff,20.03246798132415,0.53325375528904,0.46096009746468986,0.4781779377123456,0.6596450693078311,0.5791848586288864,0.013632045979552946
0,882830862dfffff,19.868479734519767,0.49462368182430166,0.5145424102568336,0.5161125645867886,0.6571582539278631,0.5346742068537201,0.06830148993446876
0,882830919bfffff,20.011525594349305,0.6431869385182096,0.5254561568047373,0.5025657849881076,0.5900245410101859,0.6015474048700343,-0.0042612430248336755
0,8828308269fffff,19.995201406746435,0.6283825676014259,0.44769698543750996,0.4824193291792232,0.5276748929274641,0.4789169510582265,-0.04792511541819995
0,88283090a1fffff,20.035930673891396,0.6193268436107691,0.47345458156383746,0.5193895805443307,0.6274771959323607,0.5241617201450552,0.0757482768850615
0,882830863dfffff,20.007054221710593,0.6363510027027234,0.500557074413489,0.5601931126366841,0.5626659991275386,0.5777395726477749,-0.0013899527680047241
0,8828308627fffff,20.02579526783363,0.5979532101789781,0.5512815572452158,0.5722962348408945,0.608300178220921,0.47990921301185685,-0.06023359058479777
0,882830871bfffff,20.096372203926553,0.6399977127992114,0.5004141131199997,0.6215190988681882,0.5581303254716804,0.5080631576577023,-0.02116098582037906
0,8828308635fffff,19.94627075731212,0.6106752704358335,0.4993639759627718,0.5822904094330021,0.5328200266354621,0.4612368500874219,-0.011108597282367964
0,88283090a7fffff,20.00890358051893,0.5385348194574365,0.45707166788085635,0.6107978602761599,0.5249635470209846,0.44040788466174624,-0.049602649916161756
0,882830941dfffff,20.027309306834095,0.6366743271631442,0.5814070306398742,0.43422462026847236,0.5684401439750726,0.4528237222689618,0.1090327855966175
0,8828308753fffff,20.02904994863984,0.5507022406257993,0.535194567892461,0.642913090182503,0.5557268376363975,0.3910099951378704,0.030126982856086344
0,8828309443fffff,20.056855556740643,0.6416388821025049,0.4790840741336181,0.5476107282450134,0.6438185678015709,0.5794082896364351,0.019590294651228614
0,8828308015fffff,20.04270254823519,0.5699650861014349,0.5312193502055873,0.49688080039062715,0.5903002001937229,0.48636960383336963,-0.0037707377869731678
0,8828308039fffff,20.05278005584315,0.4629167217194897,0.6066341762510923,0.6054704367017818,0.5309831446022784,0.437959971514955,0.046502748754002475
0,88283081dbfffff,20.05531546366138,0.6225451047941699,0.5025520995017723,0.4634012677676754,0.6655746657592888,0.49999764751776704,-0.07355413191765568
0,8828309195fffff,19.999191890022704,0.6121714488066169,0.47830990543874335,0.5956707783353312,0.6553715343225379,0.6260319266494077,-0.03220504962886813
0,8828309403fffff,20.052824354402503,0.6218597233793632,0.44401384007256617,0.43401062563636017,0.596873543400103,0.5157372319758794,0.04010674337955255
0,8828308241fffff,20.03277716988168,0.6050866435879443,0.5163412634697352,0.587600859082083,0.6602327923508513,0.5563303758013538,0.0007115454691893298
0,8828309193fffff,20.048398032615584,0.4979261731770927,0.415382089491266,0.549557051174501,0.6377246821225885,0.5772292123897846,-0.014906390362521393
0,8828309405fffff,20.02005040857093,0.6571491371287295,0.4566010277700829,0.4872022281510255,0.5834595353440188,0.4250360869914141,0.02570130649188157
0,8828309199fffff,19.98894115106804,0.5489979899162681,0.44501298997947253,0.5002509874806584,0.6624552142905129,0.4380237846873364,0.029651320636157788
0,88283090a5fffff,20.048071426423697,0.602401491851073,0.5151331906810406,0.5574130264437696,0.5373399646697599,0.5240982929878835,-0.00511842713540878
0,88283090adfffff,19.917165674010057,0.5238812780525801,0.4594348281721765,0.4457576567073421,0.6264981348237391,0.5069589819218766,0.07776528615689349
0,882830844bfffff,19.945688065825003,0.5517112625171423,0.42677444968117473,0.5189903858504864,0.6240249325604589,0.5396327589229061,0.04684238734109342
0,88283080edfffff,20.015210408587592,0.5626349564715099,0.5196757627773244,0.4362076039026366,0.5828426321022755,0.5224200820574089,-0.0645709687678055
0,8828309447fffff,19.98544078589622,0.5812034728684464,0.5368764347703646,0.6240433774227867,0.6720947430447015,0.5564759660366425,-0.024148669766104303
0,8828308623fffff,20.082257369549108,0.6125400836092098,0.48202678389478476,0.5626591367567274,0.5456647610307637,0.48287845553043346,-0.020178401923836197
0,8828308035fffff,20.06097596764632,0.5723582820973284,0.6307820320733895,0.5559591075490647,0.6246426286424035,0.5012703124971315,0.019677080764903484
0,88283081cbfffff,20.000636640795324,0.6114244500305698,0.49206682262305884,0.44024278542092843,0.6612490819256607,0.5131284381818761,-0.041914478219931786
0,882830824dfffff,20.03755083981932,0.6105626449860643,0.4517319908322675,0.5855548579907566,0.6148535674149493,0.5473439071820999,0.013884125047272353
0,88283091d3fffff,20.035571058722798,0.568220596236511,0.5196990778120965,0.5445500778165943,0.6565264461232083,0.4846634437624423,-0.044567684072814584
0,8828308449fffff,20.019803936352673,0.5944945078615843,0.465602755595704,0.505638611517325,0.6004431346010937,0.4732430877405706,-0.03835263389203145
0,8828309401fffff,20.068997634331563,0.6766403487542012,0.5453140827668899,0.5646410671692818,0.6519477760544368,0.5700588912179938,0.010032821159903367
0,88283080e5fffff,19.92990407455303,0.6043184258776748,0.5109142244701805,0.5940191453802406,0.6061946480578042,0.5345534221469856,-0.016957381529301315
0,882830919dfffff,19.865310365615855,0.5811600781351671,0.4767862330592784,0.5335351005253417,0.6648824854980724,0.5400397277686586,-0.03504339787221064
0,8828308719fffff,20.020618510184647,0.5470898399549684,0.508097122992939,0.6757024507306304,0.6129986482678795,0.527893466982177,0.04617356097783545
0,8828309457fffff,19.986892665540495,0.6361671519538048,0.5269818369012774,0.4991181524619675,0.593048922986742,0.5369381526106146,0.022515996082129862
1,88283080e9fffff,21.138113119439858,0.5210784172106344,0.5461351880070097,0.6757467186997854,0.656810477762189,0.48949372161123983,0.04926747352876275
1,8828309453fffff,21.1784559546513,0.6313991766011465,0.6097654031584984,0.5756020223268432,0.6140523622428016,0.5219726857002035,0.1386208513051999
1,8828308445fffff,22.034238348421926,0.5730183106987581,0.47812224854367463,0.7135148195829938,0.618182857433496,0.5861116141364311,0.0314926481781733
1,8828308249fffff,21.461921473477908,0.6634558019080274,0.6096002378909152,0.6173791596488151,0.6007372109460051,0.5677489233684634,0.11469360686280498
1,88283080e7fffff,21.537609337764675,0.663971323060627,0.48920075476494046,0.6309995808876621,0.5863542106697829,0.5514095638557234,-0.08110480062150807
1,8828308625fffff,20.81385738004435,0.5945505185183416,0.5848582298856403,0.6923438851369387,0.6320139797105496,0.6348780163243896,0.06531519423816373
1,88283080e1fffff,21.382815921709245,0.6413913012301496,0.4792084810034232,0.6328788785766614,0.6394918927272306,0.6703373380396139,0.012808782486218636
1,882830803dfffff,22.57763432647401,0.6883731780410163,0.47782839783350867,0.6630156785882735,0.6066773785795256,0.5353620585671408,0.08584679543057028
1,88283081ddfffff,21.2154058395691,0.6284493654453698,0.5506544122615068,0.7850239547984389,0.6209056025722067,0.5184697995017548,0.12606699407990035
1,8828309439fffff,22.370288536420116,0.7170863080221905,0.6071056037364788,0.5461231918165527,0.6208656759285076,0.501323346862863,0.15864147764639452
1,8828308037fffff,21.688738475764783,0.7222579417162609,0.59118434785895,0.6681501007732121,0.6126307757326173,0.5773067609312693,-0.0384185873663519
1,8828308017fffff,21.39302899892101,0.7007087975387288,0.49295912889137816,0.6046734584912438,0.6398254936542209,0.5722077186855734,-0.00967512178284554
1,882830945dfffff,20.322827837075334,0.5808397727430372,0.4898160334368272,0.6439331119502825,0.7161658073005965,0.5889685629985073,-0.054449849527814675
1,8828309455fffff,20.754034187969808,0.7356048573069701,0.5575691201064084,0.6604722897610887,0.6147450483758081,0.6114913107979992,-0.05037649159581153
1,8828309451fffff,20.809955847387158,0.6142123707887805,0.5848107590699397,0.7245394343504559,0.667427610648885,0.5981268730667635,0.17391842972130628
1,882830862bfffff,20.429487785491688,0.6631716725619029,0.5077660025308001,0.6989492897612475,0.6448864502275423,0.6053846845969992,-0.005892198952324609
1,8828309411fffff,21.960003243064552,0.6078566746322265,0.6184614742591533,0.6103082998576341,0.5835774761445014,0.49477552922592005,0.06287217721672246
1,88283091d7fffff,22.292650755619132,0.6269666513984457,0.5941984639360075,0.6934424905407728,0.6492489615785357,0.5344146334782421,0.022879481661039355
1,8828309419fffff,21.60002302061325,0.6987948269916527,0.5427543413221033,0.5937198565658126,0.7940516240988621,0.5666011769592018,0.005604592140591301
1,882830844dfffff,21.596232236896956,0.5806788898218733,0.5671860589045308,0.6968519643611145,0.7412989771090598,0.5924562393551754,0.1068330907538545
1,8828308711fffff,21.401004718347835,0.658380720907658,0.4408628501212016,0.6852866792385343,0.6436322420437192,0.5812234713007682,0.005106372680627892
1,8828308033fffff,21.699740256849992,0.5613707596287918,0.41622406053563976,0.6946038586921002,0.7010125882590559,0.5807457812403003,0.02111276385841018
1,8828308031fffff,22.049051686975684,0.6549668153636489,0.5756629978094404,0.6782973240267212,0.5575932640552984,0.49130433939862406,-0.01044504377442828
1,8828309191fffff,21.383506388382163,0.6007573856669844,0.5579517439820503,0.5788229129765283,0.6973399240442014,0.5978724003377447,-5.919682375865598e-05
1,8828308629fffff,20.048338139080066,0.6634149775709508,0.5298389793353339,0.5810229905777751,0.4765485126722569,0.45574111941305684,0.09224063099369503
1,882830803bfffff,21.921799442572336,0.7127535969770915,0.45222995423747503,0.634750734313303,0.5921325378148257,0.5985395846338056,0.020221758326357527
1,8828309409fffff,20.960577376091745,0.658897532731216,0.5171774250174853,0.7430916861912518,0.636665959849984,0.6116191726183583,0.0578476095363821
1,882830940bfffff,21.29078784808687,0.5930568810899798,0.5522256475921467,0.6188810317963797,0.576220614414769,0.6088396015686328,0.08321758205549543
1,88283081d1fffff,20.93274197713747,0.5977487698605685,0.44132166418425617,0.670056508492166,0.5988685773938444,0.540196873334975,-0.0239833898029021
1,8828308245fffff,21.006095068466042,0.7839780270059555,0.6261245082727123,0.5989443613139153,0.628079623219771,0.5419858951841776,-0.00814672591192963
1,88283090a3fffff,21.34907744640443,0.7481075407560547,0.5295672470196846,0.5952841700097695,0.6677652204278074,0.594007565832181,-0.044514487563891425
1,8828309415fffff,22.297390700158914,0.7894577316332546,0.4837461591332269,0.6198550206041034,0.6814524266722547,0.5698704216610988,0.12458946235367241
1,8828308621fffff,20.54976453253985,0.558880338602422,0.5059215258278008,0.6865328740958019,0.6376201879474473,0.5662561667349311,0.07177026525351456
1,8828308713fffff,21.650498883812503,0.6308927017427778,0.5450983045945266,0.6571987223518069,0.5913985460904925,0.5416781013677886,0.06904386627040424
1,8828309407fffff,21.9187846499214,0.6859019535165524,0.4881313380269453,0.6050641688689651,0.58435113114112,0.5546664191030867,0.09351931762715415
1,8828308441fffff,22.12258031848467,0.5974301932104142,0.5008777761717145,0.7243843892953902,0.6823995043344447,0.48989674218920926,0.059021106907480844
1,88283081d9fffff,21.445841440913142,0.6411715820189033,0.5162383042231012,0.7419497013289988,0.656244502148396,0.5088463248984803,-0.022082109477786147
1,8828309197fffff,20.710692912655595,0.688065365322222,0.6600759076271278,0.6187356457217731,0.5830021324582262,0.47271401738475793,0.028450339734097434
1,882830940dfffff,21.26038190120297,0.7361161058392308,0.5157513012091739,0.5978466109765285,0.6038900377243684,0.5529538030446548,0.09643247407086546
1,882830862dfffff,20.39608551226435,0.7278831536196435,0.47153477447710884,0.6769734596419695,0.6045555620157933,0.5541722372470713,0.0339428301849234
1,882830919bfffff,21.586954569127403,0.6790198573802285,0.5749257876958523,0.6097702271905406,0.608818882551497,0.4751519782673656,0.1270681221314261
1,8828308269fffff,20.635800510620992,0.7638697584550485,0.6138769287547906,0.5870408459936465,0.617301768760563,0.5688654850900234,0.025167262098004045
1,88283090a1fffff,21.457157976624277,0.6604727375612239,0.528470175779193,0.664629558697233,0.6044273475247809,0.5349535963016142,0.003984213631404554
1,882830863dfffff,20.84229814276512,0.6924858817498931,0.4393504885681071,0.6846026307720176,0.6753747200937371,0.5752555628139637,0.016789995982874097
1,8828308627fffff,21.116285530357047,0.5857108468393105,0.5466148330877956,0.6057571567619955,0.6781901643017365,0.6272360232308613,0.03492046194666669
1,882830871bfffff,21.264335800686332,0.709935814805629,0.5025950549611735,0.7537682877819443,0.556014423403415,0.5743363661961526,0.0548934331292356
1,8828308635fffff,21.335684521701804,0.6503744275814562,0.4982765510588201,0.6596536681370868,0.5696162724886482,0.5393686656546977,0.17128532933209267
1,88283090a7fffff,21.481077663314586,0.6158603817851528,0.6414690470656044,0.6256763612581943,0.5991937102323235,0.5103997169951691,-0.013978378731768722
1,882830941dfffff,21.63271010116901,0.6051540877957208,0.6118928345773774,0.5565149114353751,0.5502546162439653,0.6050673224624459,0.06722331213281135
1,8828308753fffff,20.900443582292986,0.6685493729782892,0.5664137363194642,0.7190784844413558,0.6700054918374884,0.5429850007571344,0.10411156711828068
1,8828309443fffff,20.405671307745994,0.5992785473955826,0.5148427570006249,0.745898220709657,0.6591711936196791,0.610024008610279,0.04450591329406191
1,8828308015fffff,21.829438001909505,0.7398547072853051,0.6288162125703148,0.6441018886339122,0.6725645582581403,0.5696219411646475,0.057618187122487036
1,8828308039fffff,22.313300255901673,0.6842690986341404,0.499660043435206,0.6474868224607438,0.6783633383004402,0.6346334600785077,0.04566431681053404
1,88283081dbfffff,21.19257320482998,0.619185966021837,0.527536016000953,0.7599753108003042,0.5651482165480215,0.5948170878884992,-0.020263852629016345
1,8828309195fffff,21.093478821145066,0.599120218333489,0.6055114614713306,0.5860972637570947,0.590709130411718,0.530937600472329,0.08714778489365498
1,8828309403fffff,21.875143612132323,0.724525059294486,0.5696088876206873,0.5636838506320324,0.6064299033391859,0.6103173362468726,0.08873176801915261
1,8828308241fffff,21.559187385620728,0.7009174324733927,0.564231958712132,0.5694000248126013,0.6224082300718023,0.5635567574946033,0.13012927586401865
1,8828309193fffff,21.13822179562853,0.6568107009030262,0.5611530614949221,0.6041391548518047,0.6101870043639669,0.5379909128019058,-0.016552601588210793
1,8828309405fffff,21.661507520269282,0.6704247077056855,0.6025611257246967,0.6079609342920248,0.6420884575495236,0.5475475374488319,-0.01055367567526918
1,8828309199fffff,21.899908723330302,0.7570726538896521,0.537971404950265,0.6880811020281548,0.6521572988322601,0.5588476587462129,0.1270945701566142
1,88283090a5fffff,21.732997712546293,0.7118401531949838,0.5140230402251579,0.6408503262907166,0.5766713569859144,0.5292405128562044,0.0470703837926152
1,88283090adfffff,21.899477611862103,0.6317636750171698,0.5584934570789848,0.5879351502475398,0.6320746573156633,0.467864500531467,0.018746692739359097
1,882830844bfffff,21.938326177862496,0.6971056667604423,0.517599525234858,0.7465803944222839,0.7373409177674835,0.5480335411061084,0.0416548108542697
1,88283080edfffff,21.402320134142872,0.6899056416768443,0.5092309992730838,0.6573509942885768,0.6608091700438039,0.6366184202997506,-0.005331612044442664
1,8828309447fffff,20.7916321237519,0.6852660963465728,0.508165370129696,0.6528417060109267,0.6369810580931625,0.6401976473740761,-0.01568709111870778
1,8828308623fffff,20.775187307286448,0.7874038154045312,0.40490619415802476,0.7900860734941431,0.7212697362976448,0.6645849126324875,0.08803811822426891
1,8828308035fffff,22.104085906212017,0.6606298054552792,0.5919512465067013,0.6315397650721828,0.7163028459884544,0.5679050772425355,0.05475461123486886
1,88283081cbfffff,21.538480548296192,0.7142795267101465,0.5159848134947453,0.669635491694815,0.6016383552071894,0.5154195791914664,0.05670338148740661
1,882830824dfffff,21.324938360131988,0.7377242295935393,0.5776321941098909,0.46582060612726994,0.5516766588972013,0.5058478615163847,0.09854480325555012
1,88283091d3fffff,22.32194459583067,0.6357838159917789,0.6093494357575576,0.6594009992816341,0.656532050597003,0.6298752320509645,-0.021020383851731814
1,8828308449fffff,21.479350218607195,0.594643679485852,0.49543215246897004,0.7051636982752747,0.6158478992845516,0.6068802847753186,0.08349328521758957
1,8828309401fffff,21.485023146314052,0.733759500687665,0.6477612974106234,0.606361996371985,0.6031546797681524,0.5616533553996343,0.14101638762014346
1,88283080e5fffff,21.479384180588475,0.7367665835093546,0.45701233126004476,0.7603158386620852,0.6814953101471561,0.4549609209973086,0.031102615310301153
1,882830919dfffff,21.7815399069139,0.6922689419145537,0.5244524914130235,0.6810713267359126,0.6310196595583656,0.5226734967871114,0.07247881680774262
1,8828308719fffff,21.137439883007378,0.6397151846239282,0.5235141295841301,0.6702289769263686,0.5248699043129478,0.6438934319083375,0.07578506235715249
1,8828309457fffff,21.167404552431364,0.6233670191944559,0.6468243496534145,0.5476447146797098,0.5979844670010683,0.5870903432177476,0.13810904369113394
2,88283080e9fffff,21.701496575293447,0.7462574210114887,0.5263468414265057,0.677874260267819,0.7670601080563761,0.6780146498959556,0.09494249329854121
2,8828309453fffff,21.997158042878624,0.6758664390771745,0.6352382754831202,0.6104319102040293,0.707914909004366,0.6351619227633241,-0.018273373755663434
2,8828308445fffff,23.377471312162548,0.5998228228446847,0.5557486037406377,0.6411316435695164,0.6935194654147698,0.5678231422351593,-0.013958180923490264
2,8828308249fffff,22.486073106012714,0.6457471432589148,0.6516321001544628,0.7151253652729725,0.6864805109194376,0.594679774913981,0.13586829997988284
2,88283080e7fffff,22.539422004796972,0.6393397992444896,0.5309864030503082,0.7156827361462594,0.7701296210722246,0.5387513976349301,-0.047016301392100994
2,8828308625fffff,21.362027246376744,0.7770454294806589,0.45233857060365784,0.6999718135277316,0.6599910463365608,0.669633521253725,-0.032203995735414895
2,88283080e1fffff,22.21792186368535,0.7604431758151395,0.5375849639903492,0.621694648723732,0.6299064241720949,0.645550184404755,0.004461935154520984
2,882830803dfffff,24.191479402839327,0.7784598464157176,0.6296846508772906,0.5896415389094924,0.6305158058470058,0.5263652378930271,0.02877121412539741
2,88283081ddfffff,21.913589707744393,0.6447384448534847,0.510963428113642,0.674424016222355,0.6725433563446812,0.5899594339908291,-0.11018829635610675
2,8828309439fffff,23.867585302662714,0.8512492707309969,0.7788143537987212,0.5074032550344572,0.6321874424581811,0.5050572855075481,-0.026800170860744106
2,8828308037fffff,22.722295154550498,0.7511931870026654,0.5948367348479907,0.687730962232551,0.7294995500132634,0.46581836270245036,0.0018401871950646574
2,8828308017fffff,22.173562399290002,0.7985412718289716,0.4925147268302419,0.5748638269265807,0.6110393475270312,0.562598415880787,0.021163139056955774
2,882830945dfffff,20.45135804256315,0.5479603642861821,0.5109458091658224,0.6220855403512779,0.7429185034085377,0.6605895983382611,-0.07691778211473838
2,8828309455fffff,21.168995528427516,0.6936201123683808,0.6222384945265454,0.6712277032923349,0.6422011392635232,0.6653747597654718,0.09345516496345391
2,8828309451fffff,21.22799028349777,0.6754383094305083,0.5268575533829416,0.65024705965556,0.651026767522085,0.5734510627379867,-0.0036365079309869618
2,882830862bfffff,20.794544039123924,0.7867572971264891,0.5036059518649444,0.6957645736841955,0.6943669068899326,0.722017703373246,-0.03646228128631926
2,8828309411fffff,23.14349015348053,0.7206399662043128,0.5398250893741695,0.6183653797782178,0.6258094598945722,0.5788679205808427,0.05089856343981669
2,88283091d7fffff,23.89993343983688,0.7183807111540994,0.6134407490642945,0.6226473908705181,0.5928771359664691,0.5897610447317583,-0.00333935506330286
2,8828309419fffff,22.424051830075708,0.7063043812726694,0.5653212784726178,0.6672653144074969,0.6032485997939037,0.5047931176697333,-0.021910125131897773
2,882830844dfffff,22.58965614649589,0.6118648383955037,0.53387911553199,0.6972935015338493,0.6746649653478956,0.6751040732751368,-0.004569836395613158
2,8828308711fffff,22.38745600154346,0.7004173104846951,0.5403337624377826,0.6188463804268487,0.6745482168056637,0.5577227168360325,0.009771393581278966
2,8828308033fffff,22.76268841042348,0.6591567060232886,0.5336135545020702,0.7701300256590372,0.6805219619201299,0.6167331646659449,0.008709760971627976
2,8828308031fffff,23.48170723472733,0.7524332578256392,0.5912094872950225,0.6688398894176711,0.7031083695892837,0.6254125451101338,0.051628281802223897
2,8828309191fffff,22.19571447056529,0.7189491736811311,0.6972297632804455,0.6420367564696551,0.6690888900240249,0.6240278980477103,0.031092457246572384
2,8828308629fffff,20.24662948669595,0.6504247011212948,0.44820102352598534,0.6503039080907183,0.7262618232351845,0.6920903539002378,-0.027335032026782204
2,882830803bfffff,23.105060671400796,0.7105891271927298,0.5356621770454826,0.6414677809639066,0.6632990906411059,0.5545870505219934,-0.009454015074648636
2,8828309409fffff,21.45878297763889,0.7176874332977012,0.5979266301918148,0.560187110194951,0.6749422393670217,0.5755012640170281,-0.038748696136972155
2,882830940bfffff,22.114595862593593,0.7109931323204424,0.6243720668212724,0.6891825909216658,0.6639089086799854,0.6541757953326024,-0.042568019347821874
2,88283081d1fffff,21.513365783915862,0.6169308584596876,0.537298324149416,0.7256002438884513,0.6670788366381337,0.6068545724484107,-0.06795634463210458
2,8828308245fffff,21.604610418168274,0.5682919142209248,0.6587248396636923,0.5011511084202055,0.7042024916676001,0.49324194151321477,-0.010803957181443377
2,88283090a3fffff,22.161437110232917,0.653658381341841,0.571157688704041,0.6319378186397444,0.6171977848678359,0.6523855732810211,-0.029464626303179215
2,8828309415fffff,23.548264951286583,0.8180200853705385,0.6435808610392424,0.5095683045397248,0.5908072847215476,0.5129416158251535,-0.031884171981380535
2,8828308621fffff,20.82417670190551,0.6478611161607156,0.5458209624375939,0.6157497555976705,0.7580505726335633,0.6727224781300419,0.00946835764841751
2,8828308713fffff,22.603879900411172,0.6428121343622278,0.4783676033624752,0.662485379332885,0.6330214904468696,0.682022398806757,0.07826460977383842
2,8828309407fffff,23.080567974920914,0.7537290370926314,0.6590235147380638,0.5914414743003152,0.6954793292742548,0.5020989390098657,0.045706923483651976
2,8828308441fffff,23.29204579191513,0.5784585660980743,0.5426681436425789,0.6622716071853826,0.6531830944437208,0.6522149138273654,-0.015242136311871254
2,88283081d9fffff,22.286626266969897,0.6679379510763843,0.5659096084896249,0.7076501356215886,0.7699105748025764,0.6145182625480684,0.06676531739797699
2,8828309197fffff,21.236800251576387,0.7433534953015689,0.7450406431938353,0.545517341691139,0.7228799682827789,0.5493483078789363,-0.02895345261441351
2,882830940dfffff,21.957633572672986,0.6589675047244022,0.5773646004798586,0.5524910735743469,0.6726488153824202,0.5899618982293396,-0.03232660523865031
2,882830862dfffff,20.687405147571038,0.684077339534823,0.5049788598941589,0.7093956472438359,0.6441901362150931,0.7366928694091235,-0.07634722596910927
2,882830919bfffff,22.38495529044257,0.7424246236696941,0.5896452267807228,0.5894802025961217,0.57818145493097,0.5603207517434015,-0.03787010580174363
2,8828308269fffff,20.92032384379787,0.7078621822915988,0.6696069063092668,0.6209715028813303,0.6070737811059753,0.5537765829042902,-0.0367877389341497
2,88283090a1fffff,22.400479678805194,0.7711761681242397,0.6068440410485301,0.6176865555044331,0.6853389046801561,0.5928562507649187,0.08679104412853234
2,882830863dfffff,21.504976060405234,0.6369622150881331,0.4695850263947822,0.6496379899387442,0.6039187975156591,0.6656334432458874,-0.005469246903338478
2,8828308627fffff,21.797899123785875,0.6230919087143859,0.4870118155659811,0.6634015355349122,0.6656118932219244,0.8042590392554179,-0.010402266775506878
2,882830871bfffff,22.10406034515753,0.706793831447923,0.5396773911204514,0.7368909403102021,0.6199628667252279,0.6392947054087803,-0.036502856196870805
2,8828308635fffff,22.101489458653052,0.6373801455722967,0.5326279929277253,0.6912451839926528,0.6248011299699914,0.6634227642317927,-0.01564292542987155
2,88283090a7fffff,22.40148246959152,0.6948508176581206,0.6550218864839314,0.6295472489469022,0.7139413864041727,0.598116600370802,0.0932527749746627
2,882830941dfffff,22.757396068559448,0.7664668440942739,0.582409213028755,0.5771987207771281,0.696214556668402,0.7085812924319099,-0.06730473444672366
2,8828308753fffff,21.47978569815894,0.7154497814983937,0.673828736175999,0.5995170872903579,0.7144160706292525,0.7054006601073137,0.022643428500271325
2,8828309443fffff,20.592359862162184,0.6346662625082476,0.580621303558399,0.5704488219961092,0.6002016128265671,0.6155071680250833,0.0020321710394424165
2,8828308015fffff,22.947934203831963,0.6168398459396449,0.5113813166026944,0.6704962493757712,0.6860569446343143,0.6462226068145808,-0.008576148746881692
2,8828308039fffff,23.79203945164179,0.734926502600198,0.5294886590553015,0.6976340240296007,0.6819793986218421,0.6143906935995234,-0.034939890070018444
2,88283081dbfffff,22.11370164407164,0.7079570235247294,0.629329464763544,0.7155641282131352,0.7216920384414051,0.4729547077721273,0.03825199580399953
2,8828309195fffff,21.776749619953385,0.7417824886625933,0.6190736498214087,0.597205278710542,0.714932545557078,0.6328946583732639,-0.02358549911573153
2,8828309403fffff,23.153902286501296,0.7167829641606953,0.6424962470832951,0.6159315322017842,0.6939247223889368,0.58683427452346,0.00578730182208169
2,8828308241fffff,22.458660980432796,0.7625751109148453,0.6085302500453713,0.6041234857805063,0.7285767425714816,0.5036866228389859,-0.010062449435605058
2,8828309193fffff,21.650027723872185,0.6083091845225252,0.6518571822006403,0.666751580760971,0.6816510831806373,0.5957815581771018,-0.01794510324996777
2,8828309405fffff,22.51294737375852,0.7229134410787583,0.6634914339487981,0.5996508090178242,0.7891973601403615,0.5401903657659778,0.06516865417274635
2,8828309199fffff,23.012577539383667,0.6783205101651881,0.6372848911824529,0.6914650610380056,0.6971732110715774,0.6395189461428213,0.07130873660599192
2,88283090a5fffff,22.92035892839799,0.7138995273424578,0.5836029391591644,0.6366102128834205,0.7013827773203043,0.6186263826142911,-0.058606130423915034
2,88283090adfffff,23.210255696929988,0.6672093186307183,0.6020464253505906,0.5556313376603539,0.6230560693341026,0.5507441367032755,0.007371457490082676
2,882830844bfffff,22.947621987564418,0.5959914407141462,0.5187249200257913,0.676579654567379,0.6428748572537915,0.6130979462015824,-0.018879015169951708
2,88283080edfffff,22.496491079483132,0.6938664471665584,0.5017972943213356,0.7129538878982713,0.6779928090444906,0.5081101502965659,0.03572512282051455
2,8828309447fffff,21.252450080211574,0.6255004737827249,0.6956453879676189,0.6030976744038091,0.7284592857563448,0.6186164203489115,0.024097856193076653
2,8828308623fffff,21.425349685304603,0.6763254142488676,0.51868167344021,0.7116874922113682,0.5838172815160798,0.7582665418424204,-0.0922527099551407
2,8828308035fffff,23.44428093266607,0.6627358741915268,0.5396151356970941,0.6652591173623142,0.7607180806760979,0.5907795607617006,-0.0563205081469755
2,88283081cbfffff,22.6567722665773,0.7227463547715858,0.5126992458216589,0.6756660077876849,0.6014686908280766,0.5282141836973642,0.05110330841095288
2,882830824dfffff,22.139676474567988,0.7180614963523356,0.6552493701963158,0.5656465061935689,0.6204546976157845,0.5863934429043222,-0.01882375510907658
2,88283091d3fffff,23.6569860476054,0.7236144863433461,0.6011761913007956,0.5862012766956348,0.6391157117374121,0.5711816360232117,-0.04079732339443165
2,8828308449fffff,22.38872680269586,0.6355411234045186,0.43512685150313996,0.6586171075748148,0.7493426196934775,0.7607554793193076,0.057675772310791844
2,8828309401fffff,22.318854789538104,0.6795908820345932,0.6310118388939564,0.5837128128395628,0.7113223008464501,0.5339581798842097,0.045679954816947754
2,88283080e5fffff,22.364519404117008,0.7314316516743947,0.4989344504355828,0.7113583867124552,0.8040359501218728,0.5667498819041114,-0.03187057869045905
2,882830919dfffff,22.814788255391733,0.6622488232544543,0.5437474914116518,0.5572648866972684,0.5447600015145206,0.5620181607897315,-0.005269499596988749
2,8828308719fffff,21.974794682797455,0.7106145741938987,0.5194097363294172,0.6962501302974918,0.6587172120284157,0.6028492260503561,-0.01499255623624821
2,8828309457fffff,21.87002611005051,0.6768692595912917,0.6133252639777644,0.6691640509451378,0.7566917180873654,0.5143696338800307,-0.06838523024322309
3,88283080e9fffff,21.886987239864364,0.6940555428833062,0.43977653343866474,0.46273113415051004,0.7837288872738327,0.644306235362717,0.021994156184606685
3,8828309453fffff,22.02896056949208,0.60236143187124,0.5868123030340635,0.47653034953534223,0.6532312473831836,0.6883031527970503,-0.09168150575710582
3,8828308445fffff,23.324500934665764,0.5700704917528161,0.6864814118216171,0.49591577434463674,0.8624710743606054,0.6169730594800178,-0.07120981834454607
3,8828308249fffff,22.393047686268886,0.7474615022046358,0.704610775643122,0.5394659755615074,0.7055456436254737,0.6829914452824241,-0.1163705451544496
3,88283080e7fffff,22.475782337719874,0.8122866232955599,0.48362424325197717,0.48268830102308546,0.6694928002911036,0.7558300979186947,-0.026186113580567345
3,8828308625fffff,21.311130105352305,0.5758530162814299,0.6036528807254048,0.6004780547039031,0.7449041570000325,0.7925392532777897,-0.15687342222972894
3,88283080e1fffff,22.279780037109905,0.6994122606028124,0.5294038953533454,0.4800999350736802,0.680852656282114,0.7335675000475058,-0.010979092143319338
3,882830803dfffff,24.17609448319399,0.7398777547984879,0.48501416402457725,0.5062779251874031,0.6398355533023512,0.6017179736474813,0.018054824032900478
3,88283081ddfffff,21.946575343219514,0.6491490676418639,0.6276686405885831,0.4899330802548184,0.7559934276528228,0.6353945102382889,-0.11977127425118181
3,8828309439fffff,23.851348540334257,0.6996421589885305,0.7699660178081237,0.46784009544350486,0.7047714415374616,0.5531802843818583,-0.16079743519487277
3,8828308037fffff,22.80449878021339,0.5957345502251994,0.5107085022362331,0.4523855551692223,0.7620792260109335,0.5510271466093758,0.0409931839184491
3,8828308017fffff,22.096129867914705,0.6924496479424963,0.4619446101180887,0.4921937958429966,0.7388575920062074,0.6493947274264562,-0.07296913299972882
3,882830945dfffff,20.522846508112362,0.6935737238223056,0.5793815005728893,0.5548041691737682,0.7137777453197602,0.7463517590789185,0.03908744895056168
3,8828309455fffff,21.229657828111925,0.6454240026417877,0.533980917437162,0.49744230439735454,0.7493394622433307,0.6423686833565118,0.0037657479035145477
3,8828309451fffff,21.273906947237343,0.6748121985535165,0.5848077419637362,0.5413682180553889,0.7237814502258167,0.6071463520661122,0.060062080049997274
3,882830862bfffff,20.715846460595433,0.7046834353964617,0.49230339695184994,0.4774252765590813,0.5926984841409655,0.7487861338170806,-0.05951595462638852
3,8828309411fffff,23.235287706656386,0.688474509551456,0.7568809769453334,0.506673631258643,0.6563143873378883,0.5895360221948386,-0.1305169500856515
3,88283091d7fffff,23.694737301213763,0.6421629617219318,0.6153088742249767,0.44482073832588537,0.7927233648665831,0.5797113523788822,-0.04970638068742246
3,8828309419fffff,22.541654421042775,0.6939006856715675,0.6207921530075234,0.550776267536037,0.7599612918161687,0.6679963168155116,-0.10784689364543412
3,882830844dfffff,22.53020026838349,0.6673411415805817,0.5459135181788349,0.577041201657745,0.6932379106975773,0.6738618698902116,-0.06788625238135892
3,8828308711fffff,22.308161410664894,0.6608215701138074,0.49263492000152215,0.5175888550991554,0.7256030154711499,0.5734367668290706,0.020036467917893888
3,8828308033fffff,22.780010827588953,0.7141152380130615,0.5579760896004952,0.5074114763896918,0.7346609845494823,0.6054365997023172,-0.03525345849895051
3,8828308031fffff,23.39650382313454,0.698400568814214,0.4852300500219152,0.5459232836199153,0.7731084469708012,0.6200813540646977,0.023400204250112425
3,8828309191fffff,22.193054425864446,0.7018619046251701,0.6343219084647224,0.4281440928012489,0.7322908594350281,0.6505807080106327,-0.027129191571791823
3,8828308629fffff,20.241914953436623,0.6373960883293588,0.4601537523925747,0.5227667947930293,0.6338561978639028,0.8069980663328669,-0.03751574162335208
3,882830803bfffff,23.001523875134747,0.5812247040769151,0.6255507783339405,0.45420448318893497,0.6813937303154303,0.7076092858648467,0.060796593226535425
3,8828309409fffff,21.431465196105137,0.682754105074564,0.6039958607760898,0.4484489337948579,0.6990620469272486,0.6773746587304272,0.06844448259990468
3,882830940bfffff,22.10373902621535,0.5752136488399238,0.7027525451356955,0.5015319646353126,0.6844518901494406,0.6034153566836532,-0.0191021399896817
3,88283081d1fffff,21.64546381374046,0.6912921448095919,0.5654251751710746,0.5690819279356246,0.7463490710034287,0.6657376993197291,-0.12617622932107897
3,8828308245fffff,21.655463750167854,0.6809390813897898,0.6038243558538529,0.5382212679529889,0.6707279084097371,0.6746312903147641,0.0033710192007241346
3,88283090a3fffff,22.148735566454402,0.6954929791662161,0.6609845501367279,0.470330115376457,0.708128442001467,0.6713190757785847,-0.04578445444014513
3,8828309415fffff,23.64160809682725,0.7056063068577392,0.680672488892408,0.481862458640322,0.6581001485216991,0.5327987820285288,0.002868361117569218
3,8828308621fffff,20.904587881878452,0.6157901735704305,0.43517556680983344,0.4837289361916673,0.7135165262336248,0.8332826070992619,-0.10505485083353006
3,8828308713fffff,22.70256702661769,0.5965339341936745,0.6472326563204871,0.47264369419625835,0.6293996209500907,0.7370875202572076,-0.201176898751247
3,8828309407fffff,23.05367436104389,0.6789414980819691,0.6620325222131128,0.5001055564946222,0.5562244822599972,0.5863500275107423,-0.02004602939408079
3,8828308441fffff,23.283137558738254,0.6421778202354258,0.398910771277453,0.5011490105184767,0.6853577347300212,0.5205333043168313,-0.09570121848757517
3,88283081d9fffff,22.19041408877813,0.6209866015913699,0.47712869141705616,0.549264231898631,0.6722379576484295,0.6238263014564788,-0.07390948148559096
3,8828309197fffff,21.233051080817578,0.6848106777087406,0.7493932075704218,0.5464772554347294,0.7126894429838562,0.649348748441644,-0.12922861747494516
3,882830940dfffff,21.91103407130051,0.7016749960697425,0.6696058489968093,0.5667637493033544,0.6893794154157304,0.6954478327329422,-0.07299774330654772
3,882830862dfffff,20.588861227832727,0.6608056621099051,0.5131703311121388,0.5340180673402681,0.6483174087434339,0.7866686326155681,0.026902679229209206
3,882830919bfffff,22.49579784183689,0.7075150239900079,0.6139556991031256,0.5281976468500943,0.6989782504138516,0.7030011335711219,-0.006623729653076504
3,8828308269fffff,21.05829713047398,0.746372978537166,0.7130182528230716,0.4946959785902113,0.7392544419667562,0.5946136777244329,-0.0421656367554642
3,88283090a1fffff,22.42832982369544,0.6140036623481999,0.5735429191394898,0.5825944030873704,0.7896934508876381,0.733899833742687,-0.004752884724192316
3,882830863dfffff,21.557739445143515,0.7424138486367778,0.5013026487389556,0.5518322234328907,0.6444523767347166,0.7046782957706792,-0.07158848067822692
3,8828308627fffff,21.680551869861816,0.7465517012416789,0.4756213911885271,0.535459922245794,0.6634620457039765,0.7225600613060532,-0.06261009694497925
3,882830871bfffff,22.14247600144574,0.6706909451727597,0.5268185341316534,0.5421555744068643,0.7119666930781106,0.7314639975989642,-0.1720269452044972
3,8828308635fffff,22.06957733677172,0.6551279459776906,0.5352095980176689,0.5845875585476611,0.6933858948991528,0.7264081559851753,-0.06813884594405885
3,88283090a7fffff,22.372750784933015,0.7159211974228541,0.5667402491631347,0.50352622579969,0.6746872609501995,0.7117852619365546,-0.007057471293862867
3,882830941dfffff,22.681609085256117,0.6234168177727044,0.6560360964429632,0.4745684234275513,0.697750685098679,0.6161014625989668,-0.00900561950486152
3,8828308753fffff,21.559605937338198,0.5874657642375576,0.4621262957798944,0.38544424681406925,0.6095283875306433,0.6938279568139116,-0.06544123683951486
3,8828309443fffff,20.612254589963094,0.6358138539525282,0.5770031143513673,0.538559312205019,0.7529267296428236,0.6488484791541621,-0.008096607320163589
3,8828308015fffff,22.86769496803272,0.6817462907762506,0.5599820397473909,0.5082399263039543,0.633182493502944,0.6516395919931294,-0.0034930654778651538
3,8828308039fffff,23.72067570299787,0.7182486388013534,0.6085212628824465,0.5087696458987376,0.6780862496925752,0.5934766301212875,-0.061067112903128995
3,88283081dbfffff,22.082565423809434,0.652369915406396,0.5334241052619415,0.5349001288643874,0.6811630755280006,0.6095004905425125,-0.02336704130613992
3,8828309195fffff,21.82276203285528,0.7066703166482083,0.6799372023118886,0.5192841249018191,0.6429456887073022,0.609014602449268,-0.10042400543422161
3,8828309403fffff,23.124970726924136,0.7469151791523099,0.6759919221235683,0.470641729330216,0.7238012235409594,0.5243004669462287,-0.1097868136786474
3,8828308241fffff,22.434408205736737,0.692327097493646,0.7548814442600053,0.4375485194921965,0.7322471496714076,0.4804148959615903,0.020847269489618684
3,8828309193fffff,21.77610633905364,0.7846917906158817,0.700080394762572,0.4533453264370916,0.675515583493424,0.6185220852468375,-0.06809725206309444
3,8828309405fffff,22.56521862700112,0.6736037799100757,0.6666229962110767,0.5396593649223814,0.7060931380429588,0.6155142231760109,0.003539296943129343
3,8828309199fffff,22.998076450378928,0.6154615222971699,0.6119028926091706,0.4791562713079002,0.7402533461594126,0.6560096941507187,0.0034833822604791384
3,88283090a5fffff,22.944172291560683,0.6711200245176113,0.6647337348030732,0.49003943541492584,0.6225213559387907,0.6778423213925133,-0.17650758425075952
3,88283090adfffff,23.177542741695085,0.6575845799314038,0.5891381648596156,0.48207925482615605,0.7083171016452698,0.5795198863908331,-0.14291759883387606
3,882830844bfffff,22.921186655814292,0.6077848340625323,0.4413572495103113,0.5037872819983297,0.6649850224281029,0.6764029653905561,-0.07488551840080207
3,88283080edfffff,22.387439478082882,0.6911383800286645,0.48589876036650126,0.4619767642371917,0.6665943141705527,0.6543329145781308,-0.03423459204643409
3,8828309447fffff,21.17102604903273,0.6806067971708117,0.5856169125572193,0.5174455891289165,0.7342422027650244,0.7036396815718334,0.0503343831888559
3,8828308623fffff,21.348586464819128,0.6562225179565203,0.429668333668048,0.567151686027059,0.7076126872275277,0.6789031966139021,-0.1359228938870122
3,8828308035fffff,23.48770531489454,0.6924036590846728,0.6828187852255383,0.5166041599442781,0.681723688376242,0.6231722348942156,-0.02171597530486799
3,88283081cbfffff,22.533564511526425,0.5952002433797401,0.6475954550917157,0.4898408301879802,0.7253640192556645,0.5298012791332797,0.00010132072107110757
3,882830824dfffff,22.191796380811446,0.6826338556481205,0.743325000153324,0.48311296007334104,0.6743614403573482,0.6342840591590555,-0.08933608711412024
3,88283091d3fffff,23.584042831453623,0.6791991541395817,0.5601582855986221,0.5246615234109002,0.6211189215959123,0.6854067963630853,-0.10819547887449799
3,8828308449fffff,22.271019847309674,0.6682336864327918,0.4972294027957333,0.43344005983201417,0.6844895170176022,0.6637818300678302,-0.07298138840176906
3,8828309401fffff,22.304399092924953,0.6840512149019529,0.6657367143357769,0.4732905531408681,0.7053622083749909,0.5443913014910771,-0.05780834096275033
3,88283080e5fffff,22.32842895132929,0.7197997942215763,0.5162236456483972,0.5825837783575654,0.6729518969943739,0.6233569419301059,-0.025819477497297103
3,882830919dfffff,22.904848737278275,0.5988158612725403,0.6838196763741794,0.5139929826315661,0.800961533615123,0.5702485414171705,-0.04976723933597282
3,8828308719fffff,22.010164552375706,0.711505489623139,0.5102598277074691,0.5058533749403032,0.6810107122062885,0.6532129465213655,0.006237263534398754
3,8828309457fffff,21.7835391511136,0.659200499603654,0.5882880406015013,0.5902515554454588,0.7103905758299739,0.6786944218849161,0.020931714949111183
4,88283080e9fffff,21.123839512792674,0.47786193392624904,0.516776323985816,0.405729742650969,0.7662388509297902,0.6946458182170785,0.08388770483706082
4,8828309453fffff,21.205032119120784,0.5660647541758582,0.5539622055395617,0.37231960631036376,0.6622740160941066,0.7140976184016846,0.010725422919888575
4,8828308445fffff,21.996029618449736,0.62653753729035,0.49410867263717584,0.4019199850251059,0.7459476244479551,0.7006621536650487,-0.07434605222808001
4,8828308249fffff,21.458964862787127,0.6147487463654392,0.7232089104575368,0.44432287978648183,0.6387773356809452,0.5713286729774905,-0.05737028537439861
4,88283080e7fffff,21.5389758729843,0.5629587881461444,0.46745577358908436,0.43183044271117593,0.7352345633418288,0.5631495493818104,-0.06644988586288471
4,8828308625fffff,20.823565225553427,0.5951032978374653,0.4254549907317878,0.35846293203354007,0.6870299025284614,0.7620293366098011,0.07502289273923297
4,88283080e1fffff,21.388303637603283,0.7108529667884318,0.36130506955320596,0.3782633649360043,0.6545635539338344,0.7298028175989042,-0.0020623885499415386
4,882830803dfffff,22.656426997955357,0.6220207100523981,0.6312821948661127,0.3672015042137954,0.7825159976972837,0.6138644291672107,-0.006760875213183066
4,88283081ddfffff,21.292008853068076,0.5329404763798455,0.5581673703329031,0.293467228118284,0.6977473014553447,0.5768532889354557,-0.08153946407627534
4,8828309439fffff,22.35721945106816,0.5328482886854127,0.6290002125749877,0.47554423747522045,0.6719844271069332,0.5146778303137084,-0.002254671284491931
4,8828308037fffff,21.779987850071134,0.6417947818487683,0.5775441672947421,0.3128698269587656,0.6629241610603236,0.5665404857445353,0.0032559814595568837
4,8828308017fffff,21.346030692127375,0.5541940119282189,0.5163901394040675,0.375459410298904,0.7002974542245765,0.7063887218146017,-0.012488614619459586
4,882830945dfffff,20.442936166854306,0.5468563088433207,0.49379589973432114,0.351173453074615,0.7101069219366161,0.7411308606586319,-0.09873883036604075
4,8828309455fffff,20.687400292417877,0.4794123914957765,0.5612003067161417,0.3883955238515879,0.6902660983889579,0.6904381970359065,0.032405489011302094
4,8828309451fffff,20.861928175405033,0.6333645841705479,0.6163495349957878,0.30492475463475005,0.7518371457729737,0.7105336219785041,0.039983167839122
4,882830862bfffff,20.39346171055493,0.5831877348016073,0.42515798522583037,0.4317945021210831,0.7335143443971692,0.876955458674284,-0.020673363066752493
4,8828309411fffff,21.8652043986509,0.5238915200959553,0.5599657684481641,0.42625472480937815,0.5866814140252885,0.6009264097037591,0.007460637853934926
4,88283091d7fffff,22.28554214287183,0.6007353581229186,0.5589770696948634,0.3844255072205542,0.6697360681884476,0.5868843673460618,-0.030219635140982855
4,8828309419fffff,21.446213049700177,0.6169207865426919,0.6233876850657197,0.4151736823519917,0.6709974850296507,0.6627313078180176,-0.03432935845559336
4,882830844dfffff,21.64079442693165,0.5978947131421194,0.45535024065503693,0.35757649427207383,0.6784821048459487,0.8079486178484714,0.029092389653624783
4,8828308711fffff,21.434852495504835,0.5478772166395495,0.5438565404819521,0.4003459164681612,0.703806658331183,0.7448136787040617,0.043316466739052775
4,8828308033fffff,21.657892045877308,0.5578448528978419,0.4921549927680333,0.3533804235303465,0.7879981788679101,0.6218695672319793,0.09536494026746731
4,8828308031fffff,22.11902120255653,0.606037186070228,0.46793026621958445,0.3034430450560819,0.6770573664998679,0.6596173078147978,0.11170582045574368
4,8828309191fffff,21.239665129012476,0.5580610733404481,0.6698884123215185,0.340682082996317,0.6944420178208257,0.6608367432307266,0.004554268884196542
4,8828308629fffff,20.188605194955564,0.6184712752540297,0.5067400170483176,0.39193705472777307,0.5907644936204399,0.8864944655551511,-0.0004578239644318752
4,882830803bfffff,21.860770189578727,0.5504145414756191,0.5606193454958251,0.3716326225002734,0.6837454564889326,0.7129489358467127,0.04249939077769149
4,8828309409fffff,20.883589715259184,0.5838387608822316,0.5794187167606439,0.36447834394802975,0.7699325599299087,0.7504022709592646,-0.028470590865460742
4,882830940bfffff,21.272470401735198,0.6179787216135416,0.5479707317158191,0.506356235506358,0.7851476817283644,0.6484548949054542,-0.04985803447876302
4,88283081d1fffff,20.95563150625611,0.6064231066904728,0.5067109658981157,0.3857238503289472,0.6719785269127744,0.6187947786992851,-0.029955746492262184
4,8828308245fffff,21.005501476513263,0.5987082773951486,0.6350973097245542,0.4254505647728184,0.6364267818725473,0.6408626732073999,-0.00720889515186079
4,88283090a3fffff,21.403401303247517,0.5467245123332104,0.6335378167500744,0.39963659073448743,0.7321307473042783,0.7454386312802043,-0.049155507423348434
4,8828309415fffff,22.324632343309844,0.5399653342727381,0.6468569221933637,0.46443725552014836,0.6303141731980374,0.5482897984152161,0.009982007027279517
4,8828308621fffff,20.545206217498674,0.6225437018319939,0.39575333617587716,0.3755167951340629,0.6430287546712565,0.8381689628628188,-0.00806427654795796
4,8828308713fffff,21.60326886202422,0.5587986921029312,0.5069945702580654,0.3605599519092164,0.7268415195109222,0.7448116522601471,0.08191347687170182
4,8828309407fffff,21.94228913603273,0.67210691208561,0.6683509549493134,0.40985489861985763,0.5516233743817873,0.5574614049833213,-0.06027563820985134
4,8828308441fffff,21.995255631303163,0.6629529703231956,0.6057530987621582,0.38772208989467594,0.6974590693781781,0.6599180415641847,-0.038996829129212734
4,88283081d9fffff,21.35339084126027,0.616709207584726,0.6201129802461665,0.29105217667771066,0.7106705968763687,0.6211439021803022,-0.03671909584212616
4,8828309197fffff,20.74418043101234,0.6009636547101885,0.7129097705438462,0.43005899725870567,0.6865112920947977,0.6395505996451407,-0.020725267796300885
4,882830940dfffff,21.17018778831751,0.6051471507792564,0.517572866937509,0.46533992845547456,0.7253456609087073,0.6997124852136615,-0.12031649399714461
4,882830862dfffff,20.39932531490555,0.5975703268411456,0.5427241899987154,0.41746007735917157,0.7052165078647156,0.7898185576866675,-0.03489178150940894
4,882830919bfffff,21.506703368026574,0.6095692142752934,0.5810979930868869,0.47831500044765696,0.6928546375935286,0.6313674569533962,0.01332524127143379
4,8828308269fffff,20.529925141855525,0.5824686708973,0.6556912787970549,0.4595670651704682,0.706386541710038,0.7140900406103292,0.09430171393726273
4,88283090a1fffff,21.532590007497415,0.6079750798744894,0.5832128237640626,0.44086925371098273,0.510172780248996,0.6733815885106342,0.02466976647623127
4,882830863dfffff,20.866655532869704,0.7347059170948472,0.5315098353772776,0.36652787680224924,0.6088547494576693,0.7393639192249788,0.0772582523576296
4,8828308627fffff,21.084737318960418,0.632109977975079,0.5182428513283787,0.3752367368391682,0.6014159639330006,0.7670414479882164,0.00238489714330169
4,882830871bfffff,21.363062383663944,0.5957656715071377,0.4774130885910721,0.3647369400767893,0.7248566268671014,0.703529491745482,-0.08895455497175311
4,8828308635fffff,21.311062174390496,0.613899774509607,0.5318064265201018,0.4379456313198682,0.7565414557463801,0.7451348719653889,0.04323477604047851
4,88283090a7fffff,21.56548253172185,0.6047782363050141,0.6353486760610219,0.3614257619921327,0.7217479950565259,0.6195805072685825,-0.07138515155526357
4,882830941dfffff,21.824676938879627,0.6094925156329144,0.6439402086934234,0.4095264204706985,0.7207088246880593,0.6948772852914948,-0.008647712509796622
4,8828308753fffff,20.9325964144288,0.6938905324087256,0.5588612947359246,0.3946290844694544,0.6844065773558482,0.7779995892703382,-0.05198399660106794
4,8828309443fffff,20.3758822273917,0.5875377098643055,0.579438918887072,0.3817354552038569,0.7474274985859957,0.7678072557033973,-0.033008624357859465
4,8828308015fffff,21.789014133257982,0.6385985614506848,0.4380093899787733,0.464682783378406,0.7101085198167987,0.6143013320502966,0.04107821268758045
4,8828308039fffff,22.29235365085818,0.6458761858458264,0.5980387446848954,0.38972587737677306,0.7146029123546406,0.5941662538825346,0.022147477197613497
4,88283081dbfffff,21.295740649268392,0.6654643209236905,0.4670875714469663,0.33100157262554125,0.7382281620123501,0.6220149009324687,0.037427112293642116
4,8828309195fffff,21.10861546568888,0.6211252043250352,0.5601980888031071,0.5000499178679962,0.7278723480134113,0.6067155689889145,0.012344404455977244
4,8828309403fffff,21.829777876287334,0.5747757729572971,0.5887253108846078,0.4794130110975339,0.7091888829142312,0.5765512354601107,-0.002532661333126067
4,8828308241fffff,21.523504086202013,0.590858187180865,0.6324641673860522,0.4862516284875611,0.7361324533103005,0.5995497125306762,0.02691266941936869
4,8828309193fffff,21.01016305217018,0.5906940064010995,0.6577345031175713,0.4332815530366565,0.7084104083939933,0.6652072188419506,0.06597169826578814
4,8828309405fffff,21.673248368148734,0.5530751016583366,0.7168004696675124,0.40252052795357274,0.7529955733621705,0.7385543059886248,0.019183303578105323
4,8828309199fffff,21.91187780123312,0.6413467549634806,0.6426194984139896,0.36227059715679866,0.74219941732065,0.639909717723089,-0.05068245818974577
4,88283090a5fffff,21.817307084895113,0.5279550747733784,0.6599006814689539,0.3490007513113942,0.6433073617689914,0.5981160861810721,0.026056407283326283
4,88283090adfffff,21.85808094888642,0.759053060771562,0.6250520717696436,0.3719830782001653,0.6989297170227116,0.6696198132061566,0.05792979220153567
4,882830844bfffff,21.716838349861572,0.5717024742565571,0.517774818571667,0.3101916283134322,0.6220218732899349,0.6390591594198036,-0.029685276767696705
4,88283080edfffff,21.544493877087035,0.5624826615122956,0.4457886194517001,0.392558812422625,0.6065839628896236,0.6270279025274602,-0.06453931084018402
4,8828309447fffff,20.74333285758056,0.5863354815950114,0.6149541195129049,0.45406489357543545,0.7336360065287756,0.6440460367355123,0.053353808936899234
4,8828308623fffff,20.917469985179505,0.5963944199892109,0.492311896163172,0.2538766304253586,0.6880893507946514,0.7968254158686375,0.0012599474532280822
4,8828308035fffff,22.160053310803146,0.5508879211316646,0.5086287305859417,0.2699897951923191,0.6776068355240998,0.600411014034302,-0.07087805362880568
4,88283081cbfffff,21.614361627559877,0.5957048914521161,0.6913199090100641,0.430326153826774,0.636016935012069,0.5172523291365864,0.011565588302917816
4,882830824dfffff,21.37368130805347,0.5400289533397616,0.540061446732953,0.4235365188056102,0.6925858986959849,0.6217434124279098,0.0376224120759255
4,88283091d3fffff,22.24246555240711,0.6225021728972613,0.6577146865636434,0.34884184518586714,0.7264081305555959,0.6789173416569603,-0.05347585666978018
4,8828308449fffff,21.492008945591717,0.5677239198535702,0.45704433790652516,0.2763258042052412,0.7014273630645755,0.8162524416887496,2.950072982938996e-05
4,8828309401fffff,21.481509816195572,0.6164558492256874,0.4962633502050322,0.34881325822327086,0.6331239191026766,0.5477603514086078,-0.004558581479262355
4,88283080e5fffff,21.507108271585196,0.6639136836671619,0.484026213706907,0.3409794682378045,0.7048763139790469,0.6887605385632531,0.012787898908168473
4,882830919dfffff,21.762725974034826,0.6079170302036488,0.7142060990838317,0.4335642948163686,0.6810765438084998,0.6500557880275011,0.0410723806846286
4,8828308719fffff,21.27525949295845,0.5412766086328663,0.5355035521808336,0.3275974296177777,0.7552317534421081,0.749273960216745,0.036650592903894504
4,8828309457fffff,21.192940577710726,0.6318579590995137,0.5592388281840521,0.3952723036396094,0.7853155088434411,0.6371326955734374,0.07991972216464809
5,88283080e9fffff,19.951397100162346,0.5584054822442924,0.432327459864729,0.37467583738028076,0.7038191746883962,0.7547805932868736,0.01201219280403338
5,8828309453fffff,20.12144657107059,0.5874135579697507,0.5591224236236572,0.34287629546129617,0.6433923074136736,0.6638863211256099,-0.0016714917018193429
5,8828308445fffff,20.003001239224485,0.5283311355087091,0.5524460925444095,0.3212623826595306,0.7328365454976142,0.718037923414043,0.03862892298817462
5,8828308249fffff,20.012916869862163,0.4708061905777451,0.6333844689490877,0.42372382289381594,0.6468357683301684,0.6942450760238748,0.046766433938459556
5,88283080e7fffff,20.052170933019397,0.4442569097606931,0.5175055965989938,0.3215948551221213,0.6623400314562143,0.6348665372250559,-0.09709320166836946
5,8828308625fffff,19.9744487029132,0.5372135140393819,0.5513858071530442,0.33072177119493457,0.7687281310018966,0.8129726649845815,-0.0037350957444193256
5,88283080e1fffff,19.92833336839186,0.5143636266071147,0.48541019543001696,0.3284945843434634,0.6803351015553842,0.7732937713876893,-0.04586449024925331
5,882830803dfffff,19.990204177302275,0.5783343009293092,0.5239733083490448,0.39431375986156764,0.6239512636964003,0.5188946010300343,0.002259739024527127
5,88283081ddfffff,20.027383961971196,0.5313358998370358,0.5153197598259807,0.28962099975831107,0.6852805168178315,0.6413435346935196,0.0570733894324548
5,8828309439fffff,20.058428242038516,0.4920840819988479,0.5900778847326908,0.5027466811762583,0.630944701005973,0.5852947549216807,0.1317801795771404
5,8828308037fffff,20.059123938811414,0.5468490927611673,0.4816850879722543,0.3106772215582235,0.717726757692255,0.5773193242941818,0.04342970100435341
5,8828308017fffff,19.947652807245944,0.4607085617308706,0.4712289131179903,0.34921336078196547,0.760207534020893,0.7800434025939812,0.010785552842795542
5,882830945dfffff,20.03335639447607,0.5420230542593639,0.6074363037918656,0.3671050504435246,0.6198985811154896,0.7573400329315304,0.0029739492252778884
5,8828309455fffff,20.060275197817138,0.5303607579508112,0.476612175670044,0.367613546040275,0.6498838713071361,0.6759069201688707,-0.02147470452794914
5,8828309451fffff,19.941732393415368,0.5011983704065339,0.506037618863179,0.4298357256821923,0.7633695529827011,0.7811590768001793,-0.007519703855534767
5,882830862bfffff,20.004267865764533,0.5852381940391685,0.47577357877181536,0.3166540479045451,0.7655397095427916,0.8947201304329695,0.11681203353310102
5,8828309411fffff,20.0017389355356,0.5010305472031598,0.555113627921981,0.4234367320127052,0.6951131032617459,0.6433389654951693,0.11695922792694464
5,88283091d7fffff,20.034882327616263,0.5442270302051158,0.5449912857257015,0.46297949974549724,0.6821882188011522,0.6097447860010691,0.06681189841630338
5,8828309419fffff,20.059728776610527,0.5910634077904088,0.6470584342421404,0.37785982022857884,0.663743759125137,0.6953919065746955,0.07467576058651723
5,882830844dfffff,19.957120145775487,0.5501495606226675,0.5403708874856058,0.3462092251387381,0.7006346621974348,0.7366146083872215,0.007313212429343061
5,8828308711fffff,20.018101041928496,0.5734788781182042,0.479426622698788,0.3774834568976279,0.6543373558181536,0.6213548519895572,0.10362043920366301
5,8828308033fffff,19.956330125783214,0.5090239342863876,0.548810118650475,0.30778046725382874,0.5985526274781535,0.7344935697454048,0.08125384825176606
5,8828308031fffff,20.017872522641802,0.4963901742903265,0.5727939537604692,0.4087577691261229,0.6724276036071863,0.5653029762260784,0.09547076292055263
5,8828309191fffff,19.93420879636019,0.5296817620071483,0.5414128367465065,0.45639859386688775,0.7101112313940605,0.6136821778317049,0.02889552360080394
5,8828308629fffff,19.897452934582837,0.49890419402360303,0.5224038555707674,0.36129888453885145,0.6809689676195511,0.9042972064272328,0.02597546106000634
5,882830803bfffff,19.97918592705262,0.4482070309764236,0.4673139977030694,0.3776545159663862,0.7200973566355868,0.5941220125919644,0.024085428491485945
5,8828309409fffff,20.01932373909451,0.5033594165257843,0.5626936520875767,0.3625591571887667,0.6434177446399674,0.6711498894114741,-0.03121632223116344
5,882830940bfffff,20.003153208913382,0.5476551936053662,0.6149199197652229,0.4961845820069935,0.6813823965272091,0.6374805043140802,0.10233710020073108
5,88283081d1fffff,20.086682656013988,0.548127052822416,0.46744246652649396,0.3347408170102631,0.7056156879596709,0.6893952793528415,0.04242944192350222
5,8828308245fffff,19.96532447498103,0.5910459379936702,0.602744945881112,0.489398012651596,0.6291981380571888,0.6105755046625421,-0.056122255036183254
5,88283090a3fffff,20.084669668008736,0.5674879724985135,0.49004859323412103,0.38954779190928573,0.6581404532288693,0.7295575211009023,0.12742599704870344
5,8828309415fffff,19.97413316479069,0.4794382140185254,0.5589248759288348,0.43059362987295813,0.5947525541183631,0.5903019908602902,0.1291702353950712
5,8828308621fffff,20.002040036844384,0.5798643930535613,0.46302279841134086,0.30154943234904213,0.6068834162100928,0.8497880231867649,0.05185026380598548
5,8828308713fffff,19.965048575226803,0.48902771234927317,0.577138336975097,0.3612771172046737,0.7698394604152772,0.735589870277502,0.051020413283645746
5,8828309407fffff,19.98720574631442,0.47866153231682146,0.6267960610967602,0.30966384703886846,0.6646554740279266,0.5539531582801789,0.11292830886535654
5,8828308441fffff,19.953971649029235,0.7415640985488365,0.5681154626629183,0.3944565497477055,0.7129157070714515,0.7217245455791875,0.06716719819170955
5,88283081d9fffff,19.957292863940403,0.5359692518128534,0.5113657452547109,0.21208647833480818,0.761648869124095,0.6359297337041033,0.03250501390192221
5,8828309197fffff,19.852457868047935,0.5203530492820287,0.5605159233270759,0.3642077938463196,0.6656211673204331,0.6952025461224464,0.09275110943298717
5,882830940dfffff,19.99926695375042,0.5474753750140284,0.49590555195567293,0.37589648084500493,0.6506025649025414,0.6376005218693971,-0.030497561168296182
5,882830862dfffff,19.954350800443144,0.5352945036470796,0.5998334942320659,0.2608402639102837,0.6534391211260556,0.8954847559996104,0.014974938506266189
5,882830919bfffff,20.00098922477997,0.5240173571511881,0.5883662492119128,0.40382208835116645,0.7162273263548826,0.6188887344555272,-0.04063330039642337
5,8828308269fffff,20.01701162614658,0.45485997016110036,0.6949980886756281,0.40299484240161143,0.7467428193584353,0.6251494264838027,0.014958559831670815
5,88283090a1fffff,20.012829480179544,0.49734667827781626,0.6368091117067904,0.33973783325236356,0.5757208258610635,0.7625325271113598,0.05081485913029018
5,882830863dfffff,20.082193506044426,0.5782627152782022,0.5130734855713687,0.3040939523405979,0.6955928929495786,0.8419071052801071,0.13810509173405494
5,8828308627fffff,19.94422790514869,0.6863252263951269,0.5385747032005044,0.31414396852106913,0.7250800380333928,0.747957943544071,0.09771944074151043
5,882830871bfffff,19.98066225337893,0.5559592859321634,0.5243831571012927,0.3275040080388872,0.6655274538966479,0.7844242701993026,0.09375683174268282
5,8828308635fffff,20.031560751130996,0.5382338684066739,0.43776505656907455,0.3252210386329748,0.6315822369435973,0.7638567200004626,0.01544181721651601
5,88283090a7fffff,20.016062497918092,0.5796880010724281,0.5581652393405151,0.4401055763994778,0.6990432856765112,0.5966449819684827,0.0804790319620948
5,882830941dfffff,20.0773244254439,0.5454431388978028,0.5994118016388371,0.4295936257105615,0.7294041440379124,0.7335085931653512,0.07368974995963748
5,8828308753fffff,19.93828019148785,0.5132686753097888,0.5952290443272641,0.3711115477966216,0.6181196794053694,0.8079949761980546,0.004647583685814902
5,8828309443fffff,19.92661652072954,0.5566385201046782,0.5945370747241389,0.36430560642616255,0.7475713290468236,0.6972535743836945,-0.00025766866340206154
5,8828308015fffff,20.0217339070386,0.5495193534599914,0.5551877255472861,0.34365783332056743,0.6800881494631568,0.7025411631487767,0.05385181410675704
5,8828308039fffff,20.02212462180021,0.6018412207649368,0.5338387513507016,0.3570408944509424,0.6679377036881293,0.6261460970124121,0.06434108189526767
5,88283081dbfffff,20.038836319407494,0.44653711977482413,0.4896971772535236,0.3123966051965681,0.7041328685987381,0.6114053521603908,0.09093550492307606
5,8828309195fffff,20.013238150469608,0.5516729686029099,0.6192155557147547,0.37892595014467834,0.7210212209363542,0.7130130698455099,0.06278110907336186
5,8828309403fffff,20.066377843868533,0.4574073405488596,0.577073669450894,0.4544502010369733,0.7073485607600738,0.6046109396488507,0.10774177250343778
5,8828308241fffff,19.967129206742676,0.6034619910098419,0.6192553152860292,0.39843239038726097,0.7621795834812606,0.5443570333053438,0.03278689149146996
5,8828309193fffff,20.03496835001231,0.526297997667066,0.6270550973340291,0.45984019763460254,0.6268084362055978,0.7014242882534054,0.028521851997964143
5,8828309405fffff,20.07136256941179,0.4886882168490119,0.5894317153129797,0.4781517570143973,0.6680828855373623,0.646887319785501,0.04337667698824351
5,8828309199fffff,19.965561967869984,0.5668479840008572,0.5096981134580644,0.3603076914149607,0.6981457995955652,0.6626420364070189,0.14065295403805114
5,88283090a5fffff,20.042175286788172,0.4761978808866385,0.6166478932761336,0.38709230958611635,0.6496276579494442,0.7350145310804057,0.04612648412402634
5,88283090adfffff,20.002191990398714,0.5550293745657805,0.48402213135156785,0.35137522415187156,0.6982895731542242,0.7821403436909105,0.06463120596743561
5,882830844bfffff,20.019199914187183,0.5330824537928001,0.4758259202632762,0.3478950792292245,0.6528864617863082,0.6613783377065925,0.11717949247779423
5,88283080edfffff,19.997716348393805,0.5137865337270582,0.48438895784648117,0.3677723674834389,0.6045460196701459,0.7420446349911098,-0.03891377963616233
5,8828309447fffff,19.928818892380907,0.5768924002416739,0.4643106291983258,0.3950115628210321,0.7133590233574172,0.6771988961639397,0.015963430046997976
5,8828308623fffff,19.9573851874009,0.6004022009343648,0.4710399951666166,0.29122119755144615,0.6505970995553166,0.772933785218063,0.07755356833170181
5,8828308035fffff,20.025672768900865,0.503460312696251,0.5950971855849316,0.34735002894640077,0.7084420639948377,0.5484860683227553,0.040652029505005335
5,88283081cbfffff,19.998127341331976,0.5838831744445412,0.5521721989556909,0.2737562818051449,0.7213948960365454,0.5427514443748298,0.09824804515324309
5,882830824dfffff,19.945986759217057,0.5055053637874487,0.6515945268387696,0.44329347223327764,0.6916620658765431,0.6513204660599903,0.06030114781881674
5,88283091d3fffff,19.93454372900629,0.4624316279889016,0.501935825863896,0.48131047806085614,0.5995815193782025,0.5812538880102659,0.08645337869940359
5,8828308449fffff,19.975358004768278,0.5666334682092972,0.520230221203875,0.27864304926693306,0.7085370131072889,0.7480937007981399,0.16864208726148144
5,8828309401fffff,19.943801219742166,0.6810980479920555,0.5957522839729477,0.3453253884116915,0.722787875353367,0.608803705999147,-0.04145932241446218
5,88283080e5fffff,20.063558662940984,0.6409702128255321,0.44390299751060636,0.3098574598726412,0.7491720909434028,0.6971753444251257,-0.02622179960463365
5,882830919dfffff,19.97564771713852,0.5199949522260554,0.5675529460681562,0.3708182113320877,0.6489070215498671,0.632794510552958,0.1331169890401792
5,8828308719fffff,19.87326106182171,0.5122588951807905,0.5232561883414656,0.34464114808668367,0.6187019406413564,0.7230644761278914,-0.02349527433678998
5,8828309457fffff,20.068760704424317,0.5433308318048266,0.5840600537115939,0.3382606186678522,0.7386420872848354,0.6362820709588353,-0.05055175589181869
6,88283080e9fffff,18.963710551245573,0.47493422817181097,0.4333125004384458,0.45965823462488714,0.6008495216236098,0.8471322965960992,0.08673256587219598
6,8828309453fffff,18.81533828653414,0.5663358072297414,0.5630192246391483,0.4993173720307053,0.7443626394153704,0.6641745140027167,-0.05965067690197943
6,8828308445fffff,17.883049337029867,0.5229697033889267,0.45250603040012466,0.4134146264898212,0.6998627399351472,0.6033930485173948,-0.026225374103932688
6,8828308249fffff,18.496937386677224,0.48025715729999696,0.48749391936832465,0.5817310388898758,0.617316306746488,0.6142124795331874,-0.02382009474408392
6,88283080e7fffff,18.478930827655354,0.5739715123352941,0.5292022615936178,0.44902101065171507,0.641210684692077,0.6205395894877227,-0.011090496507762886
6,8828308625fffff,19.152428202501607,0.5270236367456015,0.46441684017918605,0.5239112315914051,0.6283809667612672,0.8506670267985621,-0.0059695279510645445
6,88283080e1fffff,18.688749185695375,0.4401365823709182,0.4558139064440361,0.4226065572811965,0.598622815366855,0.7305138798661356,-0.028762031076498638
6,882830803dfffff,17.323835443440753,0.42075281298148715,0.3970402951311128,0.5081227176552996,0.7154204420163814,0.5691382388648846,-0.01801821148549675
6,88283081ddfffff,18.863232522604516,0.635926204680698,0.5975573448554058,0.46495184767321296,0.6426007064837325,0.5226537001811602,0.069308930168688
6,8828309439fffff,17.702718208956064,0.4461636388618768,0.4345075852723431,0.4801429623697613,0.552447681424316,0.5935571420275237,0.0685899969245445
6,8828308037fffff,18.276230669422,0.5053534374625661,0.5477957776239387,0.4133896401334358,0.650911547813541,0.6602067336230787,0.0019801548450621947
6,8828308017fffff,18.666712656412052,0.5566932996891906,0.5128482770005677,0.5278523559351908,0.6897809451538784,0.7312677412719705,-0.01620220421060747
6,882830945dfffff,19.612589174310447,0.5718487080190984,0.5353718960544285,0.44590509320387073,0.7189604898404911,0.6816223262625583,0.0724697995592171
6,8828309455fffff,19.221319350199252,0.6047380544604105,0.4361139806685185,0.41866498070959257,0.6201745002679488,0.6695327992767449,-0.09185974035189852
6,8828309451fffff,19.22638409289235,0.5280280506231619,0.3989616652661966,0.4904561462815646,0.5708557974081212,0.6634263537749072,0.018874498615388275
6,882830862bfffff,19.558068050434084,0.6163511903351571,0.4707735556060222,0.46424846566114,0.6041570225851849,0.8202741256666837,-0.003088132948147796
6,8828309411fffff,17.999148259415566,0.47635474311385045,0.49722184903876193,0.46375914340154994,0.6575337977951462,0.5588955147617484,0.056170238202965156
6,88283091d7fffff,17.68550912034069,0.5432124655993288,0.5319105109457821,0.5191462474289751,0.6744736373721496,0.5809638708586339,-0.004413163926194396
6,8828309419fffff,18.522444015410038,0.4737757016700346,0.5327092156556246,0.43838289245500595,0.7141110664923219,0.6004224549790539,-0.027706205233886207
6,882830844dfffff,18.319315534983563,0.5979267740671765,0.5679805279956842,0.49645186636073807,0.6335135788105828,0.7870452989230329,-0.0615597790605159
6,8828308711fffff,18.580927352155715,0.622187411818244,0.548699334575454,0.47532457997126565,0.6937216583048733,0.6239257512380586,-0.03861168778696059
6,8828308033fffff,18.306053800428337,0.5607285183531906,0.5423460833644969,0.5379531700100746,0.6992372235020393,0.6637753432908993,-0.04254439190546193
6,8828308031fffff,17.889721334646968,0.45668049889373014,0.46708699563055794,0.5103644499833571,0.6389700148825054,0.6054333367854122,-0.012924592657041867
6,8828309191fffff,18.58116223590577,0.46916848543231054,0.4307733296765084,0.5359677121766416,0.6267254859529788,0.6478771935703022,0.07936817850410686
6,8828308629fffff,19.800417029556105,0.43338162920984435,0.5294809852830265,0.5462845333857577,0.6270168235769052,0.736194025705938,-0.062489617354467245
6,882830803bfffff,18.08360303529232,0.49410641542876066,0.40784484447748537,0.4226664568771956,0.6112923605782271,0.6899128923823854,-0.06697517386633518
6,8828309409fffff,19.12522483553352,0.565518404633812,0.39780665885840283,0.5183958905779984,0.7205642894428945,0.6425631476647267,0.053182433937154
6,882830940bfffff,18.723532215994215,0.5130319082546251,0.5194764820790468,0.40367249460184196,0.5872518850060429,0.7006969887099453,-0.011523135561680161
6,88283081d1fffff,19.03123204879064,0.5247692399586101,0.5346164938518181,0.4549987974368247,0.6650034589743018,0.5747997169658492,0.046991886840849414
6,8828308245fffff,18.988739003153928,0.5736236137039533,0.49691129540760365,0.4029874775976374,0.6135644596106629,0.6654035888827599,0.09970692968674576
6,88283090a3fffff,18.643057994743923,0.4669615703762778,0.5765011900100202,0.38071109716238977,0.6832321811674713,0.5678095291416703,-0.023031598550998553
6,8828309415fffff,17.792468688052214,0.5627202127975741,0.42216579075705996,0.5340194556147836,0.683200900581825,0.5572521712349731,-0.0061122232183265755
6,8828308621fffff,19.498750044090844,0.4702204946151839,0.48422784277544384,0.49523393014547623,0.6129879976252045,0.7447002779017124,-0.05166935052069745
6,8828308713fffff,18.368288816875882,0.4931894968592222,0.5550256640771805,0.4513060363604537,0.5578221949157182,0.6962733270844014,0.07830453317943172
6,8828309407fffff,18.09290445280599,0.4368072289085392,0.45493770790789034,0.4827984703351008,0.610342057481056,0.597472652995301,-0.07664333850600175
6,8828308441fffff,18.06749377139078,0.4913515583401583,0.5020134875829102,0.4996791393548333,0.6078972103436145,0.7000463536643862,0.04627745140698533
6,88283081d9fffff,18.597940124826543,0.49147322371523533,0.5885693084332695,0.38981308852187174,0.6387847703988908,0.688990382659141,-0.016836835793753908
6,8828309197fffff,19.209293472492238,0.4481383390516271,0.5417309278086874,0.5536407910253709,0.6319875617001287,0.711852808983615,-0.024759398062169112
6,882830940dfffff,18.846228204901717,0.5614853393165408,0.4514100692247952,0.4954784072417938,0.6557393629369414,0.6205872707089488,0.019257277544235576
6,882830862dfffff,19.66770549372417,0.42633811280333705,0.43228229876012647,0.4664180755886468,0.5330439826167774,0.7801596825805129,0.09670598695456517
6,882830919bfffff,18.495247778981273,0.46717454471700004,0.505534239751636,0.493658557520084,0.6783249286926664,0.5813322286882242,-0.04608687768964405
6,8828308269fffff,19.378613524396236,0.3877716582643538,0.563430126313286,0.5449568066029888,0.7285336167941544,0.6595049733940384,0.019287278914670535
6,88283090a1fffff,18.547118012573588,0.4447913058597982,0.5203577732198799,0.4426362423927048,0.6337233371834992,0.7606418420457252,-0.02368886297298557
6,882830863dfffff,19.139942320257806,0.49730205270209826,0.5127565834958073,0.5754331113163215,0.5710194364077219,0.8220063855769966,-0.014086565477365054
6,8828308627fffff,19.062603736734065,0.5397016193583706,0.5356342888524669,0.4446146515353447,0.5595335121145992,0.8008164224134726,-0.013198075062128434
6,882830871bfffff,18.7530284751873,0.5768901881671923,0.5176651100376686,0.5652580438030874,0.7359210085445939,0.7030232388943533,-0.02593101214100424
6,8828308635fffff,18.71391714104116,0.5967946841516695,0.4826424486138768,0.5137900678424814,0.5782950727612577,0.7031115213812865,0.06840436638176182
6,88283090a7fffff,18.446821268382823,0.5017147939440132,0.6015635208247149,0.3870542849226339,0.5732902193295994,0.6850771217503512,-0.01883454302116369
6,882830941dfffff,18.307525674107964,0.4836033078576685,0.45018876861270835,0.525798174062685,0.7071211316033672,0.5106301710389887,0.043194334333002245
6,8828308753fffff,19.136251721845593,0.47384781030401746,0.4928200056222454,0.44141343941339917,0.6512929671877095,0.7951242501085682,0.059352430750274465
6,8828309443fffff,19.550148482313332,0.5281398402531099,0.5479945031462609,0.4910252849878849,0.7872725381912449,0.7700417970358424,-0.030182590366232078
6,8828308015fffff,18.188897168828035,0.5488252506311337,0.5351180281587486,0.3712868581349533,0.7279084041603912,0.737082508987217,0.029529092012209674
6,8828308039fffff,17.652752835704323,0.42284987325123047,0.5502715209316569,0.40035369483760114,0.6532928109680167,0.6367679353255828,-0.00931284844052431
6,88283081dbfffff,18.77012302321741,0.45682729471820976,0.5521665446917448,0.31677459375967887,0.5039763742702491,0.6635685599432308,-0.001862160382247716
6,8828309195fffff,18.79085558636579,0.43521813127816356,0.6135905164908183,0.5485970666727302,0.6808790528299931,0.678225863338354,0.005177159842826337
6,8828309403fffff,18.150480609707266,0.509563820976019,0.47205769926713154,0.5522284801875925,0.7322849989327465,0.5729549085141509,0.0060822134762353085
6,8828308241fffff,18.505316692279653,0.5152142411808313,0.4801290747574241,0.4566125747642182,0.6316185985223651,0.6262464207036962,0.016557419583018377
6,8828309193fffff,19.018761639862568,0.5441693632601318,0.5513344733594789,0.4940527767159741,0.6199598879662531,0.6966447375813482,0.018841089353617103
6,8828309405fffff,18.414386425721283,0.5481786146470267,0.5341305726390854,0.5222564072965903,0.703680836158163,0.543867860107873,-0.02115258402284844
6,8828309199fffff,18.230883873885904,0.5313157680600828,0.4898640285626685,0.40007493463758986,0.6846913279608635,0.6073574019433754,-0.08468297557925801
6,88283090a5fffff,18.18453363324938,0.49308733670964355,0.5480438366494208,0.5004275858638086,0.6643752358627194,0.6439897173523604,-0.004833901305127999
6,88283090adfffff,18.121206624561093,0.6064260351972592,0.49285926161247173,0.4617983151086023,0.5965655495218652,0.6378216052310348,0.04941052204832062
6,882830844bfffff,18.112001340236695,0.4834184772739416,0.4603282499879605,0.4455082285985082,0.6454099954320489,0.7397048709837731,-0.07683014418117488
6,88283080edfffff,18.50047837375275,0.49412417441036,0.6724497433448776,0.5504398947824625,0.6948823935570884,0.6306321163316922,-0.015726742126591312
6,8828309447fffff,19.260599773618726,0.6206324965108991,0.48643971269277225,0.35699935768876184,0.7023319884245126,0.7038463526282337,0.018974770395262696
6,8828308623fffff,19.157333933365724,0.610454422348276,0.4902622965444343,0.406826576517067,0.6650205129365534,0.7637624931049264,-0.002894991958820457
6,8828308035fffff,17.817665960346524,0.5041202350997365,0.516795037417784,0.44729726231559613,0.6524259248608242,0.6154446559363039,0.05464182672740308
6,88283081cbfffff,18.39827136976214,0.6117270980539076,0.5299177260394906,0.390413765598295,0.6570566962225152,0.6073180556132508,0.027234769522560997
6,882830824dfffff,18.572135574049376,0.45529990294550005,0.3833298235081766,0.4337013073930342,0.6935990865405317,0.6077589064126787,0.002467658784156542
6,88283091d3fffff,17.774377073678775,0.6644121436977947,0.41696621691571445,0.46464918408115286,0.6298737381528444,0.6492923869025814,0.05427912294994738
6,8828308449fffff,18.513205643296498,0.5760229839433098,0.44766515903653886,0.46194080060293924,0.620439539252997,0.7503836912062859,0.05994631044757566
6,8828309401fffff,18.55021706943908,0.6089069827328668,0.4978407968723804,0.5137234531358041,0.6925662800276313,0.7515524332848831,-0.00373839228115642
6,88283080e5fffff,18.482598961420752,0.4552018586621599,0.5476965614447427,0.48900987077750235,0.6908526596651521,0.6705553531053715,-0.026246351088856625
6,882830919dfffff,18.259201076748628,0.518683344364511,0.5095593592691146,0.45196656064230045,0.5617798550225508,0.6756511637096663,-0.010812732263821921
6,8828308719fffff,18.704518948386795,0.6050975670845575,0.5743984602322879,0.4362481879834172,0.6300188872507851,0.6893620217488653,0.03205656677540703
6,8828309457fffff,18.861585251319337,0.5879632052151611,0.5116352436660564,0.5169617632015122,0.6644707245393757,0.6145006641552535,0.02479785404281831
7,88283080e9fffff,18.25215920695792,0.4758462718114303,0.5121227439568523,0.5735307263891831,0.6408313391755264,0.6153986395605467,0.004432211270002505
7,8828309453fffff,18.054305389398053,0.5354003581491326,0.48412904334197754,0.4811068781360055,0.6024252145351144,0.6931098182077619,-0.08318995449039973
7,8828308445fffff,16.57945895814775,0.5960459282664378,0.44811267574690944,0.6786921313639085,0.6428344210105101,0.5795628335791302,-0.02082872395965947
7,8828308249fffff,17.58745509979646,0.4931514718598105,0.4148917522371002,0.6605532906438374,0.6348211306124446,0.6216541633271189,-0.05439723047752757
7,88283080e7fffff,17.533129437657383,0.5638469523298884,0.4873571744105302,0.5794837743456788,0.5925767242914445,0.5918582523758988,0.0037952453207058564
7,8828308625fffff,18.64690719222942,0.5859977660410182,0.36987298450284783,0.620282253883266,0.5969732980925505,0.7982226586281457,-0.07444770079198826
7,88283080e1fffff,17.71589834332176,0.5286203953420466,0.41729522568559274,0.6310295170084206,0.5922210915593559,0.7307789072883627,0.026747579439293394
7,882830803dfffff,15.787805471197535,0.5313930016193507,0.41583814192118723,0.642987378467781,0.6392368542688448,0.5028670855761265,-0.0631058749769198
7,88283081ddfffff,18.11098770842205,0.5177137426444326,0.4845877291367958,0.6237284836159402,0.6219780276181754,0.6203729054420024,-0.14355663656770112
7,8828309439fffff,16.130480335678612,0.4663447796855084,0.362930609135677,0.546063819360266,0.6739821291761231,0.5843808898435342,-0.12363789501608871
7,8828308037fffff,17.169063057576224,0.5599950624955131,0.5001310575519878,0.6561742168286816,0.764971822459834,0.5727591583170742,-0.0674924791230046
7,8828308017fffff,17.8848341583927,0.4449660799454193,0.44345363379957337,0.45158701161684855,0.6441743085742092,0.7032906860611081,-0.06412151534065635
7,882830945dfffff,19.412835355017325,0.44840918996402324,0.4806171990046568,0.6391956557097712,0.581386922893395,0.8227064969262562,0.04592508300169573
7,8828309455fffff,18.823139765836615,0.5045715046589482,0.4628960620524874,0.612099286094117,0.7180502402088917,0.6391040707416396,0.00010094369997862632
7,8828309451fffff,18.735670731474283,0.5495369606038846,0.4649607517665245,0.5918521378926851,0.611799859145705,0.6680198616338127,-0.03022857941187402
7,882830862bfffff,19.217844485056215,0.6216150778179137,0.5354946900578065,0.6115244858897632,0.612271122575915,0.8335620020888672,-0.1106779956915591
7,8828309411fffff,16.819028168107707,0.5500377230202349,0.38613778218302713,0.572636938164728,0.5767057669162796,0.5210579076363155,-0.005524842415866607
7,88283091d7fffff,16.323957930912876,0.6068218965947755,0.48688823747769333,0.5821027351579148,0.5495601652381069,0.5060699267695492,0.02387547897265159
7,8828309419fffff,17.604502436785236,0.513682283806916,0.4046288275852314,0.5569525752087896,0.5833348171751171,0.528019005902155,-0.04641450276188744
7,882830844dfffff,17.39501285413579,0.5650269106590888,0.44092671890433366,0.5546640706518293,0.5838216995204534,0.6964338740911542,-0.12467201919106566
7,8828308711fffff,17.582960945278877,0.555597155413591,0.43283172598088593,0.5659604352864462,0.6366761004493168,0.6800768130122676,-0.040639824917995185
7,8828308033fffff,17.223061180404393,0.567504428211834,0.44484198515478246,0.6463860051441339,0.5664634841658149,0.6617787036990019,-0.0014454260407663622
7,8828308031fffff,16.504853779013605,0.5636031482087792,0.3841906234099746,0.5720210277399207,0.6135866650314193,0.6089872746792538,-0.0714066196595137
7,8828309191fffff,17.82416301799475,0.5511277214560666,0.45795537818161214,0.6237190144120832,0.6584862310196635,0.6684790407485118,-0.05297660664815629
7,8828308629fffff,19.74380167542555,0.5978126136774569,0.45480488702991495,0.5773194117366108,0.5981400265523656,0.8060303208240105,-0.0686027126927101
7,882830803bfffff,16.93166569837089,0.6225721967174047,0.4902852616160488,0.589645212225118,0.6468079111743458,0.6529480151514357,-0.05013047657669358
7,8828309409fffff,18.45889763022562,0.3810687575154196,0.45422606562437445,0.6923157675494634,0.6365259790743355,0.6406328256551302,-0.04180899831095235
7,882830940bfffff,17.85692330623283,0.48278445235067563,0.44086313553186557,0.555017715808252,0.5713174390485547,0.5383420308369673,-0.1328250956931424
7,88283081d1fffff,18.52420756301376,0.48965482417129064,0.4704233833436358,0.6873793527034984,0.6199219190481287,0.63884572736658,0.05796318510300874
7,8828308245fffff,18.428052873304107,0.5501509756925993,0.33330996717385003,0.5689776000964802,0.6387670149791761,0.5991413499074683,0.011846171841181807
7,88283090a3fffff,17.884835003138438,0.4596973886409535,0.36349834213587884,0.5166908848494636,0.5543740564112707,0.6965462098157404,0.06883190328880977
7,8828309415fffff,16.288872397894295,0.5813719302032834,0.35100214058235013,0.5530476333660499,0.6007480089358624,0.5976805735518935,-0.032288937631432445
7,8828308621fffff,19.130805349183802,0.5150060451704096,0.5005107044423174,0.6305218705835454,0.6119756132500388,0.725360776566353,-0.07989280337439364
7,8828308713fffff,17.26883942905242,0.647864283341058,0.39406412365030596,0.6827113843152592,0.639058952604026,0.6526087889263411,-0.034658240954849234
7,8828309407fffff,16.89661785459566,0.4677197107131489,0.3586960184982094,0.5776036751284981,0.5719681462028432,0.5939695087885714,-0.01512853383940041
7,8828308441fffff,16.73724114582637,0.4952057085842522,0.37565439622555213,0.6561507397778544,0.6167443486616471,0.6173698445391083,0.0034234913259066635
7,88283081d9fffff,17.743271939059472,0.6087909515629074,0.49866751135227183,0.5549491707197731,0.5160450384740811,0.5810031839214144,-0.08862684099669349
7,8828309197fffff,18.755709615518395,0.5764028211391424,0.3962146358427125,0.5710493266194326,0.633975947353716,0.7636606269318128,-0.041420792783320934
7,882830940dfffff,18.0404149347665,0.49808565821581374,0.365152484360307,0.51959636801314,0.675346085033863,0.6385741776926879,-0.11484176893060516
7,882830862dfffff,19.323290033010633,0.48150300257933965,0.534643080969174,0.6290910659040571,0.5388666601891061,0.7342113089384897,-0.030365940150690857
7,882830919bfffff,17.56073807964,0.5457420106625913,0.32806418032733353,0.5937956634543724,0.5957916061423728,0.6090796875321177,-0.14462196419719386
7,8828308269fffff,19.027004029666415,0.46110332512198937,0.39620941538118265,0.5341459140874489,0.6483857354877858,0.6663662742832093,-0.029282539373527358
7,88283090a1fffff,17.540287592639245,0.5102943185137884,0.52526128310078,0.5068171776548176,0.558912450495949,0.6612933789364522,-0.07196885695528028
7,882830863dfffff,18.56570020153947,0.5752034629432905,0.5301324467253237,0.6063033693727785,0.6028393488493436,0.806613076480472,-0.023241190567550085
7,8828308627fffff,18.336280867557697,0.4996111145189598,0.4806241444505351,0.730287257848822,0.6276424425122729,0.6924839617365962,-0.12962911283303424
7,882830871bfffff,17.861239664327048,0.522330331673582,0.5154719257570374,0.6566014570632364,0.7075125403473898,0.7845308700371758,-0.0930608890253512
7,8828308635fffff,17.830582177849063,0.6164675335250024,0.4783250731063351,0.5898707646281246,0.540829109172624,0.744370864226295,-0.0671246585318454
7,88283090a7fffff,17.5406749156351,0.5990014292404973,0.41420483069206654,0.6391319454937057,0.5979581230985594,0.666101166272173,0.06444013369560436
7,882830941dfffff,17.290060441426036,0.4888819706408247,0.44863529797492413,0.5257603742804876,0.5534491220599133,0.6012558444635568,-0.1032185671240485
7,8828308753fffff,18.666996747193977,0.5866754027971652,0.44099467202885345,0.6047581858740841,0.6202152525643129,0.689896844245898,0.007611315032687076
7,8828309443fffff,19.254885267235128,0.5775312531459018,0.44732588658858013,0.655517301639677,0.737057059060073,0.6524009593742384,-0.030932918080949
7,8828308015fffff,17.07502195964454,0.4722100454814759,0.48256457640050787,0.6185733306680393,0.6153880899549883,0.6925712295585862,-0.020831034390870487
7,8828308039fffff,16.168218393344507,0.5356926507348473,0.4504742675464571,0.6192845426057872,0.6575131436863065,0.6358101786537872,-0.17868643981815552
7,88283081dbfffff,17.883521524249286,0.5171092330264414,0.5071818925889428,0.5811050149919954,0.7113707474337609,0.6010469943186022,0.011159464868999599
7,8828309195fffff,18.12565348385268,0.45035506087120125,0.463716098115452,0.5566303196584819,0.6483590126312738,0.5282175975750377,-0.004952744424607386
7,8828309403fffff,16.936970779207822,0.617694133203339,0.4329981448389474,0.5385777773823932,0.6748667302692379,0.5839758916143689,-0.08479160915689621
7,8828308241fffff,17.588983944723562,0.588128153569577,0.46784339054360113,0.6054058863212355,0.610143040932621,0.6209666437169487,0.04556071387486048
7,8828309193fffff,18.357075340362925,0.45316623849035076,0.3871817421374228,0.49143994814222347,0.5801267272944657,0.5852024408017139,0.002880888854352087
7,8828309405fffff,17.41510721606625,0.6430300301676458,0.3409369143326563,0.5582890575563486,0.5976511739743007,0.7189834384401199,-0.04591949238248617
7,8828309199fffff,17.094414725237183,0.5369225484300286,0.507920971828663,0.6695258093886258,0.5477844116772762,0.6675664242272527,-0.1769708681552514
7,88283090a5fffff,17.03203375134522,0.5237719564582964,0.4232192035827707,0.5779723024059978,0.6061691921124258,0.6430471485779464,-0.015343764833681814
7,88283090adfffff,16.973700799335923,0.5581134653889577,0.42761167497806324,0.6204904657537178,0.7182083953469516,0.7377549680432618,-0.0533042709728982
7,882830844bfffff,17.10118124812935,0.6568068365168137,0.4988896665464181,0.5997866444569597,0.7221127537621441,0.6855934416962528,-0.02911380184349005
7,88283080edfffff,17.62034942226304,0.5149219623697169,0.4749188130063582,0.5340187803473413,0.6195142254284185,0.6062684659494858,0.004032696782870316
7,8828309447fffff,18.756383625282382,0.5450899779818296,0.49677664852588627,0.6344600666944687,0.6677850498367308,0.7022328052966857,-0.05407656721198814
7,8828308623fffff,18.675961499221973,0.4942394739998111,0.5430950620470656,0.5261408151803022,0.5449565433799413,0.8193302622462719,-0.09970552211519343
7,8828308035fffff,16.520275363652043,0.5606119028674389,0.3798497419503214,0.620280728106227,0.5903854969790692,0.49693643690926836,0.022734957567423907
7,88283081cbfffff,17.462665835592453,0.5350606466084064,0.4180134097261892,0.6283225924980878,0.6592204585214735,0.4967981661002704,-0.04809167466613347
7,882830824dfffff,17.855664261415228,0.49084261541234725,0.3647466050007302,0.5163502303561536,0.5829691663545834,0.587004366142306,-0.0898368672986339
7,88283091d3fffff,16.361238125265245,0.6023292469052532,0.43321551831291866,0.6218237766180095,0.5593762649420606,0.6295490354923385,0.040959573719992426
7,8828308449fffff,17.618290582051344,0.5537811674215788,0.4861541934658301,0.6304651263404896,0.7075016897467642,0.7598737642099244,-0.08963148353105421
7,8828309401fffff,17.573651191106276,0.4329023781750451,0.3977878639760464,0.5412632334801434,0.6588208406322049,0.6280772890685002,-0.03603233666650121
7,88283080e5fffff,17.62260709740478,0.5017857791810504,0.493342491883921,0.654510633742115,0.5928960503538196,0.755511828476015,0.05735858829506596
7,882830919dfffff,17.137087346704476,0.49843892539591955,0.4037617421153372,0.5207267974310059,0.5913453318424877,0.7034400159606777,-0.030802065118890033
7,8828308719fffff,17.982351113845105,0.5690859713006382,0.4773066133455322,0.6594578275085308,0.7451850982194368,0.7033647739911297,-0.006750417430215469
7,8828309457fffff,18.154582928726995,0.44190539377441107,0.4669216310971854,0.623475967617687,0.6161626994223749,0.6090894378493706,0.033341827808630126
8,88283080e9fffff,18.30653975454697,0.5991300613577021,0.44629968590375346,0.5641323847657002,0.582826185476413,0.7240857027233427,0.03213645900765971
8,8828309453fffff,18.14590659041128,0.5922259987918195,0.38031881692826996,0.642568714011716,0.6016361994475886,0.6550557397107613,-0.05482430202335408
8,8828308445fffff,16.624841433974822,0.5622426205254979,0.4327266421832861,0.6167918068103262,0.6158928349389514,0.5438877342743579,-0.02169346106897869
8,8828308249fffff,17.492705952869457,0.5444657477599693,0.372016938789108,0.5591754452061223,0.5333249467097209,0.6492024750028917,0.035396989214013026
8,88283080e7fffff,17.52061302872178,0.61758459412518,0.4997498021972977,0.6462101945208737,0.6811541355746195,0.6429305776013847,-0.046994760915180574
8,8828308625fffff,18.67188124229622,0.6630683823389321,0.47444535149868305,0.6452360158838685,0.485140950609333,0.6704778614379759,0.0233625284265861
8,88283080e1fffff,17.784808196244917,0.5628787697937543,0.5286597509870027,0.5868566205145647,0.5158316950483878,0.6860187748092974,-0.05031795771482138
8,882830803dfffff,15.857891756645724,0.5720714364386293,0.4123922898255584,0.5104923774858114,0.5819021381112452,0.5439561908074741,-0.0202598796362404
8,88283081ddfffff,18.13415667676051,0.5675198218771553,0.46712471782573556,0.7283275253213448,0.5819765301406835,0.5814635912413147,-0.008713264120130343
8,8828309439fffff,16.106952202455954,0.6535806340759016,0.26962870703553626,0.5629363648219495,0.6571794870148364,0.56273528230738,-0.0751512823228937
8,8828308037fffff,17.223759399995895,0.5609542651176482,0.5448187344204689,0.5575338478934996,0.6230738717066242,0.49570308461043366,-0.014068203244301214
8,8828308017fffff,17.961930117464007,0.6339744447323813,0.5351620676836571,0.6524509024771523,0.6835239099763923,0.6244068700938562,0.0025022599773834465
8,882830945dfffff,19.458102979426524,0.5938280267357215,0.4414681801069903,0.6056763365461876,0.5752074361121509,0.6768624714660227,-0.05970335338980171
8,8828309455fffff,18.78277615489304,0.6342039207064344,0.43615941693788074,0.6510233089061421,0.5383919977346944,0.6773227899778069,-0.011298537978164732
8,8828309451fffff,18.731289218160413,0.6063616124367807,0.33724193062936564,0.614277726953556,0.5806251866730399,0.6636547324763004,-0.046759655241319656
8,882830862bfffff,19.222081871949626,0.6042096063195258,0.5142838125977947,0.6524036326575328,0.6312855507933915,0.7478381487702849,-0.05891542106204286
8,8828309411fffff,16.866889537711486,0.6518648665158349,0.33322184842139607,0.5025943998739253,0.6026619045360503,0.5815328848476757,0.011905434946796589
8,88283091d7fffff,16.240669084202374,0.5914361373589999,0.3718943281671011,0.6960798520307331,0.6155694654594743,0.6175371385379714,-0.047819425041069195
8,8828309419fffff,17.594852062121774,0.6383679096356001,0.3985789721277619,0.6095999918394536,0.5977447385345331,0.5447891082730342,-0.018709507890326764
8,882830844dfffff,17.421075205153024,0.6430637247552365,0.4732240934506993,0.7134538624275806,0.5763800516622658,0.6681345374177633,0.0658648940918587
8,8828308711fffff,17.590108461332598,0.6046950339256183,0.482267029194158,0.590765859269134,0.48471509661277495,0.5364353095940455,-0.06222879585996956
8,8828308033fffff,17.244817624566167,0.6303589228238623,0.5027501629809926,0.636490953236125,0.7331418378336766,0.5455361291754766,-0.008412210370133672
8,8828308031fffff,16.54531149872204,0.6705628497434564,0.4704732550636199,0.5581364932841109,0.5338586877002285,0.6013400199806768,-0.046545301681237376
8,8828309191fffff,17.744242080075203,0.5870992493381509,0.3942534865517808,0.4859370415950614,0.5620995593925303,0.5523265591744074,-0.07667971632082685
8,8828308629fffff,19.77811619738461,0.45206530095989594,0.4735795467653673,0.4684125130613149,0.5054467622619636,0.6479899183066724,-0.04987149774688539
8,882830803bfffff,17.002947167304324,0.486527232470813,0.4370522487633009,0.6431474073875143,0.7015312317187169,0.5958355146513454,0.04999065633802473
8,8828309409fffff,18.45611718327663,0.5804176136073844,0.41226848629021773,0.6248619561695015,0.5571773064565932,0.5115710619399767,-0.09626246060707219
8,882830940bfffff,17.93679236542415,0.6801222495063363,0.42209248114487014,0.5734127720081432,0.4944989960896903,0.6356953734777228,0.07897386593637461
8,88283081d1fffff,18.512750520194516,0.52784787132818,0.5719297534028507,0.5900413388539809,0.5370381961649626,0.6382621641630306,-0.05989817073562936
8,8828308245fffff,18.32466851798255,0.5133798290124828,0.3610085387271935,0.5644095242960719,0.5138892884673533,0.5136441299513429,0.004708504277416882
8,88283090a3fffff,17.88310437960513,0.5615829768670817,0.4463967343299361,0.5959854146643999,0.6522655196490423,0.5060786108180083,0.018492524451183566
8,8828309415fffff,16.380464422019568,0.5660983512840612,0.29545007509054577,0.584532385124996,0.5384798887131577,0.5552400911821722,0.003245921200899181
8,8828308621fffff,19.210597436546045,0.6302803803924772,0.5351065491538001,0.5960731524163978,0.6346386989526689,0.6881757122681191,-0.031756042852064126
8,8828308713fffff,17.354919249681746,0.6561057115790134,0.4815732038496203,0.5582444764325718,0.5981258350271207,0.6209616046981655,-0.003379658501346039
8,8828309407fffff,16.975917483327514,0.5115142184571732,0.42720724220287853,0.4945029444513992,0.4959655371591877,0.5714658646522683,-0.03654512134322736
8,8828308441fffff,16.715711409505115,0.5466446946020489,0.5540445699531829,0.7078881734689938,0.565104299594033,0.5958624054964045,0.11261913362189807
8,88283081d9fffff,17.75086287807269,0.6787630314296768,0.47222887469666275,0.6121911881848947,0.6154207724958063,0.5882703386195425,-0.002176854652416397
8,8828309197fffff,18.750461405594802,0.551103300278521,0.3545739504500612,0.5204435896258269,0.5032210817928993,0.5569003190132751,-0.019185524793562694
8,882830940dfffff,18.089671189767937,0.6078235744894661,0.36644180142864624,0.5731724730134389,0.6335117343298501,0.5869429980427272,-0.06002304945621178
8,882830862dfffff,19.310069160789894,0.45853527897362145,0.5293818919196078,0.6371066830588512,0.6465894537305423,0.7256024772382976,-0.05082987864679817
8,882830919bfffff,17.57596963551247,0.5772116214680718,0.38179249705509416,0.6087422253063066,0.6329249275242472,0.616097839032523,-0.06958556230215453
8,8828308269fffff,19.048592259669082,0.657350861659667,0.2966061137687727,0.5737833126227896,0.6311106342533686,0.5985821858947339,-0.009228486572985058
8,88283090a1fffff,17.59301440142721,0.6454675010233009,0.45913518063259096,0.585129431024646,0.5960812466917494,0.6756002381380979,0.04839857865021736
8,882830863dfffff,18.58614037387382,0.49529324069145053,0.5135734448370355,0.6307612558767624,0.6353658909030868,0.6125334501831047,0.009526877426352755
8,8828308627fffff,18.316773620258218,0.6362508930943462,0.5046808075734396,0.6082119515594471,0.5048991416951308,0.7373581010839331,0.008334650182751277
8,882830871bfffff,17.871013081808346,0.5934894037899714,0.48187992090358545,0.615175291359264,0.5680774166743565,0.6678113704109779,-0.03834034900200405
8,8828308635fffff,17.832158534331622,0.5932218642976281,0.5025236073466377,0.6317090946782059,0.5924476662954995,0.6755474419983755,-0.02871893015713024
8,88283090a7fffff,17.533914834517397,0.5681447527544466,0.2662672106050833,0.5292470067551917,0.6424176864176503,0.5852229809827083,-0.007911246224734964
8,882830941dfffff,17.234551063171153,0.6337230172516614,0.36779775819746235,0.6861077011428038,0.6526534518046552,0.5378874142516691,-0.02564132071343671
8,8828308753fffff,18.52726217738866,0.6233855454274255,0.48051181453469094,0.578748135226292,0.592777706884505,0.5891517764245272,-0.07559299321840747
8,8828309443fffff,19.259070160962235,0.6837287041427929,0.4357969577335081,0.5746007866865714,0.5343836853850752,0.6440719763738405,0.07392963021480509
8,8828308015fffff,17.11613853291894,0.585915921597399,0.4944747203559333,0.5108287532660087,0.6512847551418955,0.668251968979258,-0.05722718409109283
8,8828308039fffff,16.288859018834135,0.7205184225599345,0.3679715224243557,0.55464527397576,0.5144751033105509,0.5508373492240026,-0.039766276654258595
8,88283081dbfffff,17.907021575625656,0.6510716415819594,0.48819061772964745,0.6223008371889047,0.55319972237833,0.5571079950812765,0.01856002214946449
8,8828309195fffff,18.096533410133542,0.6636853907458632,0.31703033449508,0.5285054615269399,0.5939505920106124,0.6124262875967055,0.018135977125401114
8,8828309403fffff,17.101828363480923,0.6449957308500904,0.30635428020959227,0.512821155777061,0.6470936634546295,0.5423936817084251,0.053780609519477066
8,8828308241fffff,17.646887159038787,0.6097835048978163,0.33241732502850674,0.6126505652196581,0.6785369911435675,0.549245398296302,-0.0009422704517235197
8,8828309193fffff,18.321161942209123,0.525237635446033,0.412656212986949,0.5076964438769201,0.46716305594359475,0.6505237412252269,-0.02091065538369513
8,8828309405fffff,17.49016060642166,0.6255645932667556,0.35180909247359365,0.5182312553545334,0.53449074631349,0.6066435164855689,0.039478994230136
8,8828309199fffff,17.01768028360485,0.6126479330031025,0.3794305599383508,0.5171140167890919,0.5807293792541701,0.5983844681402689,0.016446633847328047
8,88283090a5fffff,17.176038581187658,0.5759452686527603,0.4169455294979646,0.637638771748054,0.5689084639040093,0.5849813001234526,-0.02691277078824061
8,88283090adfffff,16.918085063994056,0.5473367700757504,0.3869720202231424,0.6546427106976433,0.6570915396405087,0.5902457222251386,-0.06066733147458316
8,882830844bfffff,16.945813375919467,0.6325385343875026,0.549622740267831,0.6490629090823564,0.6769447502995188,0.6761901048732695,-0.02674593716260927
8,88283080edfffff,17.676261508024055,0.52414604143288,0.5321548217799075,0.5735301989034504,0.553066680646141,0.6793271297674991,0.06380259788978307
8,8828309447fffff,18.807396284016576,0.4418755139485674,0.4212873792289326,0.626850263211329,0.6028438482720938,0.649891095047916,-0.027732176486786674
8,8828308623fffff,18.543497937850265,0.6687674694361689,0.4824465827800742,0.7387784235195389,0.5145347183178864,0.6202902175873981,-0.01179447170458919
8,8828308035fffff,16.433321086075615,0.6742718019382472,0.3838673820239116,0.6226742279129897,0.650791391786454,0.571175112109441,-0.057487671559456555
8,88283081cbfffff,17.451622917143172,0.5202226926420247,0.36781688886219405,0.683887112085586,0.6290791538534393,0.5108286422926136,0.02553988316886306
8,882830824dfffff,17.82211411723862,0.5533527077638538,0.23190213043096553,0.5242577530579898,0.623656533474384,0.5333380657985555,-0.03504967350589639
8,88283091d3fffff,16.32960478645679,0.6339970951558878,0.4407804779801479,0.5516967907597946,0.5197678219510002,0.5715270041186812,0.0312152798642062
8,8828308449fffff,17.607142057053686,0.6588804559302119,0.4699932682063984,0.6491343500243286,0.5734914027163641,0.641052396900063,-0.014790780707196513
8,8828309401fffff,17.623290742735236,0.6514203379763265,0.31918349814347263,0.5031493571776302,0.5906110698699875,0.5685257911518021,0.012067118652234924
8,88283080e5fffff,17.632999547652265,0.5255750745056076,0.4622105223383579,0.5345026655120052,0.5552642322303455,0.5300186078782423,-0.015021383731023935
8,882830919dfffff,17.139502289472972,0.5827720871830632,0.33063956277071826,0.5924754477066302,0.5318637279718605,0.638001216020447,0.007620328549629331
8,8828308719fffff,18.002066354723446,0.5610131267896418,0.45984349540725367,0.6747443370205933,0.6035615038893795,0.7385185952171239,-0.0647734781418068
8,8828309457fffff,18.14115843966987,0.5445856634100953,0.3780470898972078,0.6425869800274456,0.6049044531090236,0.6440733634843293,0.029149114465494366
9,88283080e9fffff,18.864861844333483,0.7294923293873466,0.4545163997702759,0.42379634026002333,0.5029208718845599,0.5554203431620188,0.0880795282992002
9,8828309453fffff,18.835412994614277,0.6947583950920836,0.49854102336674927,0.48268703872997376,0.46993277580260234,0.5311483900690405,0.02207005545610497
9,8828308445fffff,17.973502979383642,0.5967622889845361,0.4770148884053616,0.5009996979033317,0.518023116002399,0.6043359222083716,0.010503737791226944
9,8828308249fffff,18.454011375969113,0.6839733278638455,0.2861696286787405,0.5489812083729991,0.5181937082277952,0.5689929606247456,0.01909881535945463
9,88283080e7fffff,18.509541311520067,0.7538936848717772,0.3778261021472704,0.4033393866307641,0.5107568136877663,0.6205290460046958,0.03497587428531269
9,8828308625fffff,19.160786864202606,0.63660389125517,0.44971159225368224,0.5230763502221077,0.6383810405153728,0.650598452428884,0.03942004906534675
9,88283080e1fffff,18.557262480273383,0.5546109835576964,0.43366943027531374,0.4540393773574787,0.5474058918466114,0.6219882022765468,0.0029260287445148705
9,882830803dfffff,17.467945223340312,0.657447111678323,0.49540177475767727,0.4586485106669448,0.5837520581450363,0.6198078949230416,0.06809894939757434
9,88283081ddfffff,18.77070939190426,0.653112866100849,0.4367476927486349,0.45428589320230317,0.6284082138918863,0.6101097493995898,0.13689565373221874
9,8828309439fffff,17.714709800045544,0.6711974075121254,0.2854741484221537,0.4840849702624474,0.5769741904559649,0.4937484309365148,0.05951901146825763
9,8828308037fffff,18.27946586788727,0.6526249769954173,0.37934474795181294,0.4928715262045865,0.49653517376666967,0.4425569402977622,0.04906274356422951
9,8828308017fffff,18.682898648474588,0.6187408126095866,0.562113927899862,0.5918744837875966,0.5466318750047343,0.46822074990798274,-0.04482765036323539
9,882830945dfffff,19.7514924345133,0.62546606394686,0.4245544987656942,0.4184396762473531,0.556876677467571,0.5612345960123392,-0.0034927320443003482
9,8828309455fffff,19.293915385398172,0.6035678179949674,0.37325813813382597,0.6179179983689216,0.5253983650496648,0.5744293585952084,0.006323391157226757
9,8828309451fffff,19.230819410021027,0.680574599594594,0.4905526308019997,0.4984906332267745,0.6091899168289359,0.6401113863016303,0.005578351257880039
9,882830862bfffff,19.573027997721752,0.5701448291894062,0.6147357044262604,0.6093372889238416,0.5409869755270379,0.6755221188659006,0.0958513819463092
9,8828309411fffff,18.023814943058674,0.6666061570657911,0.3843505333527578,0.49208049650682345,0.46999724600922865,0.5751789967544204,0.047607922134186235
9,88283091d7fffff,17.66998488747798,0.6994180510259439,0.42569710554968765,0.45337718805386246,0.5520300058347771,0.5239824534414954,0.09462504895962656
9,8828309419fffff,18.441989240494177,0.6398100614878599,0.2212870234569775,0.5350610911130751,0.5252022304734981,0.5835810353435097,0.07048152033215545
9,882830844dfffff,18.381756662083276,0.5531462166340075,0.5379561531184834,0.4995917954554732,0.533545663765453,0.6001658656289844,0.04503560669495445
9,8828308711fffff,18.508080786999706,0.5906543352761014,0.34646901297205174,0.4458916236769561,0.4302807914708531,0.5327659371727895,-0.03269189453290318
9,8828308033fffff,18.30781890999527,0.6977237725711772,0.5412766824006595,0.41242499233802343,0.5129549979612736,0.49474042891203895,0.018429719489561715
9,8828308031fffff,17.93044183440873,0.7399153453214306,0.5127606861114978,0.49064918222724574,0.5742575548734428,0.5554076003342754,-0.04924435970137306
9,8828309191fffff,18.622463341072834,0.750471471769013,0.3710799673014407,0.5517013703730246,0.5758225583893444,0.5737418779310605,0.03278057172439129
9,8828308629fffff,19.870784775010037,0.704656804731447,0.5248120408953469,0.5037946521728047,0.5774328612315801,0.6105414537020082,-0.013407269103674298
9,882830803bfffff,18.090846420601707,0.6550637762618711,0.40345570252187224,0.39654591741579215,0.4574661679758024,0.5433790026797327,0.037733969854200355
9,8828309409fffff,19.077541863327745,0.5908807934696798,0.39480649245157706,0.46765393849399545,0.5692203513122484,0.503000282643014,-0.03823308216073854
9,882830940bfffff,18.779840726522096,0.6459480898978427,0.3538106097885449,0.4281449278418195,0.47044845533180024,0.5361514840652016,0.041610410798092745
9,88283081d1fffff,18.992939555143206,0.6664324416922082,0.410782111133247,0.5197472733973643,0.4634927311254673,0.641534241438376,-0.0025309222999513985
9,8828308245fffff,18.973910476785157,0.6442023529594699,0.18240285019205826,0.46229747710135183,0.44809496046598224,0.5390306846698565,0.06238163819642931
9,88283090a3fffff,18.635816874285013,0.6586836449872362,0.4633496082917948,0.4859929679165184,0.5740971832785914,0.5856818404181122,-0.024140835007486483
9,8828309415fffff,17.785838026193407,0.6632262148733916,0.26580134350150986,0.5475004781598888,0.4811646819290663,0.4898764150432317,0.04423335693344391
9,8828308621fffff,19.538547672756195,0.6607492743581834,0.48888808031590253,0.5191356517053284,0.4980287644585936,0.5733609580646117,0.03536815426114404
9,8828308713fffff,18.318958725284705,0.6050348682150634,0.5427641306119222,0.5155563475279351,0.48339590950707556,0.5480888311864951,0.1224971112278616
9,8828309407fffff,18.096418388869523,0.6269836215110154,0.326726218239494,0.4507731278504354,0.5265171180383236,0.5212071951136922,0.06035050153552115
9,8828308441fffff,18.01157279905723,0.6128585653477258,0.4714209250727568,0.323305336507028,0.6447139324023974,0.537903993842203,0.06373161037513198
9,88283081d9fffff,18.688335049260118,0.6540404098251776,0.5003392029022269,0.4863303684556097,0.5147179782095352,0.5181028803546874,0.033083063152502326
9,8828309197fffff,19.138851603910958,0.7030522339717626,0.37378183984205443,0.5163152506416838,0.48074325219232883,0.5018535895494929,0.057167884147979964
9,882830940dfffff,18.77643784929611,0.6679656017491126,0.39647982301957024,0.4357818461928485,0.6188281292774771,0.48496852870336726,-0.012898368373991803
9,882830862dfffff,19.659894515236996,0.6824192782049401,0.5353129000098016,0.530539270296598,0.6414293160819509,0.6189131144555388,0.0860963775691511
9,882830919bfffff,18.465376586539676,0.6707613230425837,0.3743432876018698,0.5873008462253262,0.5046173918027237,0.4828815444121586,0.04597847408771153
9,8828308269fffff,19.43791518906792,0.6993044030227884,0.32482773209306604,0.4804847528096098,0.49027273550599876,0.4667154946161749,-0.0014219706304810162
9,88283090a1fffff,18.529955968543035,0.7290858475837481,0.40585341073864467,0.4492333467395147,0.542508482699917,0.5545560015529712,0.025181048331666282
9,882830863dfffff,19.127205403458703,0.6156929660692669,0.4700939513244573,0.46904695991941414,0.5878223612002405,0.5774192837488354,0.02650288895111398
9,8828308627fffff,18.921843574943214,0.5343433438694477,0.512441439370019,0.5007242930252602,0.5929062825802923,0.5843905469854923,-0.005549783173361869
9,882830871bfffff,18.598793102841817,0.6627520073819368,0.4495306561147444,0.5558516439717747,0.5500484549934568,0.5262162527718636,0.06605992852359732
9,8828308635fffff,18.63506765579171,0.7071070667916728,0.45236990346083095,0.4888568821161067,0.5797825034600467,0.5909729713701257,0.07698993741073076
9,88283090a7fffff,18.515656641506066,0.7031439638877324,0.3541411481640799,0.4661556685902382,0.6298203335302031,0.6360314317670664,0.09741301138741033
9,882830941dfffff,18.327467286367092,0.7487825904429553,0.3771935780623095,0.48750473649714143,0.49815516810753685,0.5109711610462989,0.062164645213370597
9,8828308753fffff,19.06449319700278,0.6528471688885624,0.38050135915841976,0.5082091304715362,0.46319255097033457,0.5925093048502764,0.08103179487880016
9,8828309443fffff,19.59478211281679,0.7159361180911237,0.4188112492036783,0.4471778661652338,0.607051230764818,0.5104252131695697,0.006422994057280941
9,8828308015fffff,18.136308045883386,0.6377845282350786,0.5517693831042868,0.44858870770780523,0.5151644543869924,0.5238531611508497,0.029655928282453243
9,8828308039fffff,17.712682033637016,0.7061308394494665,0.5455265100211103,0.507977631974627,0.5656186565984738,0.5099564127011093,0.07983704850658907
9,88283081dbfffff,18.72892589606915,0.6299430191851929,0.45816567577879025,0.45310710550850825,0.6156824036205989,0.6433549448962523,0.10750893521349147
9,8828309195fffff,18.733584980909306,0.6440586038162769,0.38339347665669515,0.533097646555927,0.5417910131137808,0.56770862197332,0.016166270690619558
9,8828309403fffff,18.143023731539014,0.6134455960505761,0.3075782473332817,0.5761274890247023,0.59454970614503,0.5991128935696377,0.11872625744648502
9,8828308241fffff,18.55878349621636,0.6537259876192758,0.20823809853880285,0.553962923321031,0.4538716472997733,0.5724133739750289,0.04355325254270026
9,8828309193fffff,18.919430299264214,0.6949448426914924,0.23327477061876176,0.49330735451394025,0.48905972383708285,0.534801871785812,0.10534261238565404
9,8828309405fffff,18.457073052322617,0.7063682166484668,0.31345232689442176,0.5136393586900344,0.6730364146769623,0.587039246955199,0.06352027041067566
9,8828309199fffff,18.1138905338004,0.7133679049511459,0.4270242476330571,0.49835787029376705,0.5839986328160376,0.5087832885691158,0.12905678888732586
9,88283090a5fffff,18.193065725305186,0.594214218668689,0.42221635676118746,0.517936644476647,0.44661471661118135,0.5703654107672174,0.07386241744129118
9,88283090adfffff,18.0891700362177,0.6324958579216097,0.4438917520966028,0.46672972605938057,0.5731893333435827,0.6413831824006664,-0.010514235174222675
9,882830844bfffff,18.22184470988307,0.6247431951715423,0.49956557871854707,0.512658253162319,0.4825126104740819,0.49409132154987784,0.048020657134512056
9,88283080edfffff,18.50269633690341,0.7291484611391065,0.5593108604416516,0.5438447167111434,0.5602830399461753,0.4879962649357066,0.048505771164864694
9,8828309447fffff,19.266349760795446,0.6023258554244556,0.4062706652422814,0.5315840803818855,0.522882730520325,0.5252065219052393,-0.04137645609187783
9,8828308623fffff,19.106536784240554,0.6789079548854078,0.46976613413287527,0.47058668735759285,0.546193701752704,0.5831136252318561,0.1740295088106577
9,8828308035fffff,17.837836360930083,0.6601640086314265,0.44974347303248835,0.5115378350837586,0.49903484237074247,0.5517412295748604,0.06596801082437719
9,88283081cbfffff,18.48113216003835,0.5508289252910529,0.3367021915727809,0.4530770581080277,0.5309521267119243,0.47812120038611094,0.04368318581927384
9,882830824dfffff,18.5801940980451,0.6778461712714818,0.39270153783674777,0.48673216408983194,0.548866371052982,0.5260295355420123,0.028530824116824127
9,88283091d3fffff,17.789089713990446,0.6427255269583487,0.40438953477508016,0.5022919693630412,0.5619368439867689,0.6937720517053336,-0.05567832299492621
9,8828308449fffff,18.48465291823318,0.589264780079838,0.5287535973868087,0.475560859903128,0.563907866060047,0.5338314740864145,0.04787214827174019
9,8828309401fffff,18.538054618096982,0.5986064290637226,0.3735051761347935,0.5238994656134788,0.5133168288548472,0.6252664616278618,0.044128486918202134
9,88283080e5fffff,18.578998458633098,0.7001403714137857,0.5440173711282045,0.5069968370032069,0.54899556885371,0.5283306156340818,-0.030200616832215258
9,882830919dfffff,18.228622326833495,0.6623025554284656,0.30628422687977214,0.5365301393665489,0.619067366028245,0.5081988325079368,0.12341044642660481
9,8828308719fffff,18.7159673932024,0.6607102232295713,0.4612031537102584,0.49728556691646647,0.5720695053974764,0.5817327308300606,0.07396675925981035
9,8828309457fffff,18.833971888446506,0.6312031674935779,0.42064069400271165,0.5327584472429149,0.49266557921368237,0.5729609595479622,0.0721790053813917
10,88283080e9fffff,19.98384997131655,0.6479698973397536,0.49029430234960525,0.35816311415996394,0.6015193150735756,0.5985942610354825,-0.08699904414961124
10,8828309453fffff,20.00775206041358,0.6668045405239478,0.4658597961159283,0.396861779135316,0.43574344882316507,0.3979070111377484,-0.02399415093905778
10,8828308445fffff,20.017199802331575,0.6184972978655653,0.4503031305605131,0.33347088341766934,0.5304289117102746,0.43562289489838235,0.05626836181125669
10,8828308249fffff,19.97905086388301,0.6942360507739176,0.4109175160159786,0.4780940514644322,0.4679937016875595,0.5044732281247102,-0.052311749627077506
10,88283080e7fffff,20.051303546340918,0.6186261564167033,0.46120544688614523,0.44187074686469885,0.4631249914606067,0.4897225982843073,0.06409448667637828
10,8828308625fffff,19.88817791530707,0.6323572008070466,0.4463832869788972,0.322820152691504,0.5293901238014284,0.4285739628777908,0.01931021779950941
10,88283080e1fffff,20.003922256517225,0.6746925941061783,0.4521612399905246,0.37570965683893076,0.46473768372089347,0.528502561651284,-0.06372799799694487
10,882830803dfffff,20.04979391713448,0.6174718710906179,0.47803052197818346,0.3905692552585776,0.4720660715623569,0.4771080167297011,-0.07813742251142083
10,88283081ddfffff,19.95445352312422,0.7074792788102165,0.43709274607896653,0.3963042276167082,0.48280390041425164,0.4739484357525997,0.04559479051173425
10,8828309439fffff,19.979759806029843,0.8264906236163612,0.23931397158097398,0.6193347790938049,0.5234269609026725,0.45487559580617737,0.10513253593492028
10,8828308037fffff,19.976356351782698,0.6738219872240844,0.4242129970939517,0.3009134869983617,0.5901732847826177,0.5029065868001968,0.050312084828686654
10,8828308017fffff,19.980177334022258,0.6738450100284736,0.4460312452836949,0.42816082605387046,0.5423396154104244,0.5470779247381481,-0.026219194280471734
10,882830945dfffff,20.042744503968326,0.629368407472761,0.46064145026062137,0.36131065108062965,0.37319041258803937,0.5180069187443753,0.04294069046268935
10,8828309455fffff,20.072953957537315,0.722369000830452,0.41749619649262537,0.3204072804469117,0.4588714109989645,0.45013239661810195,0.006562957433493694
10,8828309451fffff,20.038055132860123,0.700467694999069,0.3756899566172726,0.33868801258949177,0.4750419275892804,0.5124100802134604,0.052786642519112845
10,882830862bfffff,20.08881319254547,0.6839326671821602,0.5042882143130413,0.4041015800480521,0.5311164678581507,0.536867451146087,-0.013650062220416096
10,8828309411fffff,19.941749378532325,0.7679515700153349,0.3366929098070998,0.41656882956546526,0.4942688481977293,0.4368535476262946,0.03725716770795607
10,88283091d7fffff,20.00689148121256,0.6586950847330545,0.39242226444931055,0.38880837697128456,0.4543752434460897,0.4206043816454215,-0.0036424689785356313
10,8828309419fffff,20.048920430464104,0.8023178621283911,0.4087102986588588,0.45373836147225044,0.48518976871207353,0.5179392365226496,-0.1106899855776361
10,882830844dfffff,20.018895636076746,0.6173562733006883,0.49508826023919866,0.3524985417664023,0.45138153431163386,0.5891718711607399,0.003688586094663733
10,8828308711fffff,20.064769846521667,0.6815905120349576,0.37315422995546677,0.34161957565867446,0.5525888105673095,0.47930909153725704,-0.03295184105993441
10,8828308033fffff,20.019219792060973,0.685859323485315,0.5288055467453775,0.2922175916240779,0.5028182025701913,0.46466733635192525,0.006611184832897033
10,8828308031fffff,20.000345083806405,0.6988619051841771,0.45302572733794,0.4583576921860933,0.5555366359705614,0.5465413907866523,0.02183625819586848
10,8828309191fffff,19.995848178370018,0.6795008069688725,0.4253595268701507,0.42808632671683455,0.5874744948841387,0.44536530116294776,0.04365227376668646
10,8828308629fffff,20.017655035545566,0.6930323585864555,0.5393224175470271,0.41187485766394755,0.5124865164529673,0.4817540350407684,-0.013275640427734742
10,882830803bfffff,19.957059944492737,0.614029180068426,0.42067150658473323,0.3807468646613837,0.5585261618958975,0.4754744566549463,-0.02632598448440547
10,8828309409fffff,19.990377179638017,0.6302651239060291,0.42770301451680776,0.3732972981854468,0.5145146060940861,0.5442630462900675,0.0576149291325968
10,882830940bfffff,20.058388622525644,0.7398524337320853,0.42864378087733246,0.41752502897007854,0.4796400070023104,0.4265127741855502,-0.056891261877610864
10,88283081d1fffff,20.072289271998553,0.5705502126407477,0.4246996686827128,0.3706750120808861,0.3923839724128293,0.5224734757463286,0.001324440274693891
10,8828308245fffff,19.997711636639547,0.6622160453847348,0.38842443181842223,0.3919931912073624,0.5514683656640207,0.4211121176781772,0.12335183745222385
10,88283090a3fffff,20.046343052037884,0.7711021714501427,0.38190391992486195,0.4768825316067412,0.5471789218405634,0.5114663397051388,0.07053562358773857
10,8828309415fffff,19.989333104163258,0.7180042061495934,0.38572148551270563,0.4803164973231144,0.631567138772821,0.5597756242154135,-0.050419396499666265
10,8828308621fffff,20.022787739717863,0.7814053000031375,0.5023871665306249,0.34257515406146544,0.5153540968318548,0.48002651886239295,-0.1037426161326498
10,8828308713fffff,19.998283715059436,0.5945107821650406,0.40645792931553465,0.4138303351366017,0.5280125609329295,0.6187804172649627,-0.06124126619481558
10,8828309407fffff,19.988119856447703,0.7279794455876994,0.3552441352529535,0.45763559982355795,0.6015023360060969,0.5130948103983056,-0.03778050639415329
10,8828308441fffff,19.91086193984211,0.6619904610528738,0.551092714929898,0.35294740579392997,0.4879188463655189,0.5267496509650429,-0.029811610518219487
10,88283081d9fffff,20.01694568051318,0.7716176688367764,0.47668803115845954,0.36174187773267485,0.5543801101041864,0.4541726735529239,-0.0064580482280162
10,8828309197fffff,19.97063579099365,0.7273194436478195,0.33563265211038334,0.522392627070398,0.4991497689847204,0.5079843342348888,-0.06987980135329423
10,882830940dfffff,19.902028125791755,0.7258532114568224,0.4275337519691925,0.4886222614499874,0.5168292669792365,0.4477926233379585,0.046316413166035006
10,882830862dfffff,20.12963454343538,0.7624924028277277,0.5004041922657214,0.3016382975407933,0.5905308442743245,0.5459980581908636,0.033163473494352856
10,882830919bfffff,19.979804650145088,0.7476429010896797,0.43166977885487856,0.47937241815891574,0.47170969022861825,0.4677677820114159,-0.09033855624804765
10,8828308269fffff,19.97840018540165,0.7050897805960835,0.3575533535018839,0.5221531795510153,0.5855362739610257,0.4732084454469757,-0.04616762920447381
10,88283090a1fffff,19.972831455213573,0.6858903467373831,0.45542785034098576,0.34639653409095345,0.5330223240035157,0.4498462129177986,0.01644545912520871
10,882830863dfffff,19.940286848434233,0.7369832604303374,0.4843107944095107,0.32188703063561486,0.553957227316326,0.4820012561658326,-0.06834353253110992
10,8828308627fffff,19.90765374235407,0.6733658713078283,0.5365561273963887,0.372117434955438,0.4805835375766621,0.5210664325714708,0.028131273779395147
10,882830871bfffff,19.940878980581548,0.6388273242686237,0.4485058841485839,0.29300024567914745,0.5673768616204,0.451781227287507,-0.016646306461803675
10,8828308635fffff,19.978359672506734,0.6909757501025017,0.5139109177280279,0.36533379448824277,0.5859858275334113,0.6250863109635005,0.029140368242201224
10,88283090a7fffff,19.969687176926403,0.6236023048057818,0.3904904928028636,0.4129940604137137,0.5390120696666396,0.5157706048334487,-0.08264622289269634
10,882830941dfffff,20.02768401468076,0.7275564235733694,0.3414803595208397,0.5249079929601879,0.5075213887624072,0.4421723989827662,0.03399456460705061
10,8828308753fffff,20.062924069641884,0.6503659986288345,0.5012136637577402,0.3534805036683446,0.5402671612220248,0.4679410769816954,0.040253645421405394
10,8828309443fffff,19.991233223686585,0.6295695184014739,0.45451710009073465,0.3291041226666943,0.4490152985162319,0.48599148165875733,0.06143293876474587
10,8828308015fffff,19.963332171795358,0.7790268451296218,0.4579883172031669,0.4775322860476776,0.521132233319908,0.5061922054428782,0.07850957075121462
10,8828308039fffff,19.988131857341596,0.6970820007813117,0.447961123677525,0.36888878832199,0.46086688950868276,0.49318066057521703,0.015241463821303097
10,88283081dbfffff,19.90836530394982,0.6331303540094184,0.4381891066222571,0.425527604910385,0.5570147674288783,0.487821942929921,-0.002098999947049402
10,8828309195fffff,19.915922513661176,0.7625743421181137,0.41917888175695334,0.3863548013546094,0.509399558056729,0.4939732720066929,0.00710064659572697
10,8828309403fffff,19.872157144978857,0.6944466672484547,0.2757863215865256,0.5326616433285739,0.5232370211643536,0.5084913470174173,0.040493468478965865
10,8828308241fffff,19.976988896372184,0.698894058253937,0.3330831528621873,0.4864958320889584,0.4960412966392228,0.5070404951041936,-0.01961601226882942
10,8828309193fffff,19.99647011946331,0.7758263991423994,0.32393697337416155,0.4013978307783958,0.49613128762799064,0.4492184007844201,-0.008109878141166399
10,8828309405fffff,19.987995195236778,0.7755766684397482,0.343044104410844,0.40575699235326695,0.5076715866385718,0.5159938073930816,0.014001821240654421
10,8828309199fffff,20.02208562469703,0.7572763932916453,0.3662108112846067,0.4179465124712539,0.5245689782744429,0.4765977212348969,-0.029232394316975656
10,88283090a5fffff,20.01438626956971,0.6571101322139549,0.34673847257869506,0.40397189509243553,0.6165533065620257,0.48079198013883373,0.03789479899896842
10,88283090adfffff,19.932295565164438,0.6453534559392322,0.4687917564758625,0.3943177218821297,0.491839303155877,0.4828649973529362,-0.012026168130597304
10,882830844bfffff,19.995101458207607,0.6038961303466317,0.47585465794574155,0.3795813512924645,0.44434770597305906,0.5130944183821565,-0.0052818746486495245
10,88283080edfffff,19.857062980768458,0.6700313137209584,0.46397423653118214,0.4145937447827929,0.45322426838638913,0.46945238944665846,-0.0073685530373194565
10,8828309447fffff,19.946908563559614,0.6791051624730516,0.42809974574758664,0.3426390880892732,0.47697226056330516,0.505834711125553,0.037181894672208955
10,8828308623fffff,19.93594419421352,0.5465588575244074,0.4360809689541306,0.42116822300067636,0.4968041621196396,0.4779258684422697,0.10016107426842048
10,8828308035fffff,19.93321776101252,0.6436364354635247,0.3753120352260002,0.25591048531147337,0.47120791464041734,0.5225929292886884,-0.021139222345328477
10,88283081cbfffff,19.98746316459707,0.7483802278607413,0.31015688346449516,0.34962700408621344,0.4491108702400865,0.5166999546509848,0.04027358631753278
10,882830824dfffff,20.007573939891838,0.745628769788806,0.33079579775862916,0.4299228448498653,0.4885169454569106,0.5609511954931964,0.0548102292631948
10,88283091d3fffff,20.003724567780456,0.6931655401834328,0.3798561862953199,0.37003607662270105,0.4609976622762971,0.5495730437541819,0.0448110311954147
10,8828308449fffff,20.081273581044602,0.5460365568495874,0.5972436027764679,0.3800538050146205,0.4851852253834558,0.4901095329211779,-0.019165780301010852
10,8828309401fffff,20.00348673667559,0.738886555746086,0.39610550603004735,0.46596718155390904,0.569595257006521,0.4954307496340127,0.01983662010387943
10,88283080e5fffff,20.03531358390802,0.7780489981737513,0.5460996950987803,0.3226158154929751,0.6565163813460178,0.4553580562997456,-0.0812260321846505
10,882830919dfffff,19.942223165250894,0.7604983210933037,0.348173519861409,0.45527721331425003,0.5332185729136831,0.6062638307963729,0.02052421589116822
10,8828308719fffff,20.079089851978544,0.645791148119818,0.43088399627222457,0.45981185513206135,0.5068494422970302,0.5685653513252411,-0.030452697764817578
10,8828309457fffff,20.063962180357848,0.7330427162037274,0.44400798101817096,0.32979590573935186,0.46808493279480795,0.5140240062162043,0.042584812351434805
11,88283080e9fffff,21.146276063363022,0.6378062639622998,0.39293265277332895,0.5025797669063593,0.5248368936038726,0.46885697681985045,-0.08889073134216113
11,8828309453fffff,21.267098795455663,0.7262784254850018,0.5074720299172075,0.4502410468596731,0.5808523798700518,0.4533959979317744,-0.03814127513522544
11,8828308445fffff,22.057795034842673,0.5758771539287247,0.4635526083199849,0.3489747596860008,0.488177667551577,0.4666645418647206,-0.0700132481744644
11,8828308249fffff,21.50068355056247,0.6836095230542623,0.3669886116213098,0.3901937235887182,0.6029719817304681,0.44147790242471413,0.020195190076730644
11,88283080e7fffff,21.522970641768357,0.7463868406051831,0.45496306951803844,0.3407123658902418,0.5045796743345119,0.5089049216677557,-0.04229935444742714
11,8828308625fffff,20.88433080409892,0.666128481857208,0.5441761165653958,0.29348652043801604,0.509801559632066,0.4024737644748911,-0.044359816577968406
11,88283080e1fffff,21.456252322808204,0.6904333546264377,0.5159017191347371,0.4273215678332525,0.43230816072706757,0.471080436662356,-0.12621130653961699
11,882830803dfffff,22.51034929200064,0.7465504975584718,0.331548264948483,0.45688381421344704,0.508379074534944,0.48207536366057846,-0.11324869035248214
11,88283081ddfffff,21.271281424774344,0.6392021723243112,0.40732741396733946,0.2877027799006781,0.47147614810087685,0.4061750985151455,-0.03853804980449027
11,8828309439fffff,22.421736098836906,0.7687781531070461,0.43848791081276,0.41791403160760054,0.47787960888326275,0.4000460945157601,-0.12990702883005512
11,8828308037fffff,21.721771224636576,0.6764787283068918,0.3883665561520024,0.32723960882307773,0.4703296027577511,0.49972568421259694,-0.013048240658011044
11,8828308017fffff,21.34872660977974,0.6347217841336003,0.4663457121642079,0.366154038743445,0.4858205459318882,0.4849789860783225,-0.03898643418077666
11,882830945dfffff,20.346237072334358,0.6525951045883008,0.4348804416556317,0.3750411083136084,0.4951673254283032,0.4766878294321246,0.01793938524578618
11,8828309455fffff,20.778142417279383,0.5528726800017189,0.4082423561386803,0.46012774036653414,0.399056228167633,0.48519536313553296,0.016029220161390786
11,8828309451fffff,20.767436683563318,0.5431927985223042,0.5136222683303855,0.38909260980417465,0.48475127103958693,0.4273975092422628,-0.013559211709914174
11,882830862bfffff,20.461663075659494,0.6099099848662453,0.45296991530851033,0.31658442406886333,0.5323225973756849,0.33527754238338625,-0.03966260311734267
11,8828309411fffff,21.915595298906247,0.5649840805928406,0.2214780791537231,0.42714562447861076,0.48961392436430035,0.43922470216998344,-0.12280869954855418
11,88283091d7fffff,22.25456627039033,0.6198770012680975,0.45333474594429995,0.4073354709032257,0.47160818715764263,0.42749060916629666,-0.12289430404139709
11,8828309419fffff,21.560306516809284,0.7172974423593702,0.38576566181765864,0.44514287939245445,0.455138751138333,0.4584772527201737,-0.06320693280891947
11,882830844dfffff,21.666466763900573,0.662647904190179,0.4607569241825484,0.3470154078420286,0.5747472959012211,0.49550629446162336,-0.1273482048513715
11,8828308711fffff,21.432295518561425,0.6026915608906386,0.5364299495582864,0.4178837365008604,0.49789158155601115,0.44979027002767846,-0.09064556987157528
11,8828308033fffff,21.798249435669668,0.6868868098460083,0.5234183059681798,0.3626882538400754,0.5156878587629796,0.3887951357020456,0.0026890814610709135
11,8828308031fffff,21.949211650125587,0.53665507209185,0.4156575972832312,0.5522064862158419,0.4580314155180708,0.47754379662124047,0.0273156453773251
11,8828309191fffff,21.374908761432586,0.5889596379095474,0.3914714713159513,0.4244048941551771,0.5139927044609697,0.4035981730332432,-0.0021701177853761175
11,8828308629fffff,20.258280320976187,0.606399665604216,0.49332163779604843,0.39200820235501094,0.5201050641206679,0.334695423608405,-0.07633504377570853
11,882830803bfffff,21.710402098358976,0.6715821554263329,0.5426844588510484,0.39663946552946616,0.46625555435684457,0.5242302199134721,-0.05984987229158792
11,8828309409fffff,20.86956703527735,0.5998095814056127,0.5282753128029217,0.38985040206712923,0.429003093027762,0.39707135226422796,-0.03696881846251567
11,882830940bfffff,21.338889839497273,0.673622801646348,0.5329924111924459,0.45449237913308105,0.5761287735129953,0.44199300266683694,-0.06497603991766251
11,88283081d1fffff,20.931670756702665,0.6351394065167586,0.41634376965484926,0.34667696401544607,0.5321641526206046,0.4736038911067743,0.017736743311576417
11,8828308245fffff,20.899778520097794,0.7439235487787488,0.46776664015185343,0.42920361416101094,0.47533458476228146,0.47040199826053153,-0.029868833563149667
11,88283090a3fffff,21.31979077148094,0.6699999737372332,0.5364248585902174,0.49142537132998515,0.5984411818237176,0.47817260787516247,-0.07964825895358639
11,8828309415fffff,22.336299277651918,0.6667376942909444,0.4153033262362896,0.4546084954393368,0.5262855023713613,0.4420067759834858,-0.08883011451180141
11,8828308621fffff,20.526848702889442,0.6275758520790207,0.3509130631316443,0.34816565484900197,0.48518653157265224,0.32976063936320543,-0.12501706004568147
11,8828308713fffff,21.57217277858825,0.6919739699749989,0.5237316476060264,0.3134457831831651,0.5014078636924842,0.45203510798838276,-0.0608225926053905
11,8828309407fffff,21.979533118674674,0.6430973209927778,0.3453203853065262,0.4314745639431519,0.4857005657288091,0.45145269423710027,-0.051083639287388696
11,8828308441fffff,22.001682255102516,0.5176646247092078,0.45749445019780643,0.3739107507022671,0.43239156988915795,0.48644774171519933,0.10055804608912355
11,88283081d9fffff,21.408308397462065,0.7323482466612373,0.516565838747689,0.28604153278444516,0.510093589053387,0.4839326247507274,0.02351614575773281
11,8828309197fffff,20.783171939562894,0.65866449530211,0.48280151365946855,0.47660822421929266,0.49493523351507684,0.37295720325443804,-0.11847196531424237
11,882830940dfffff,21.16793447037412,0.7057372604573623,0.42731177198135367,0.4146237278113853,0.5028704534348121,0.4186046755929749,-0.019137355863134642
11,882830862dfffff,20.408153837274817,0.7450911546160137,0.418551016662006,0.46344867816298113,0.5516043535556305,0.4051753821087254,0.002710381465953121
11,882830919bfffff,21.49341175760695,0.7067367385159047,0.4507689152158243,0.33905714003387233,0.5178197133166007,0.5356512986476515,-0.009373393500617118
11,8828308269fffff,20.648804002704676,0.7260049661030379,0.3918419333661228,0.49096146940017826,0.44877276741485417,0.3915109293448878,-0.03470703185636458
11,88283090a1fffff,21.530066557706416,0.6216700220967957,0.3884876025018835,0.3453842697222652,0.5231350791602559,0.4092674955154816,-0.011471080832409206
11,882830863dfffff,20.88865008038409,0.5981484803021937,0.47570647365027785,0.38306411464311496,0.5068909300093167,0.3287812871109236,-0.10275924163768359
11,8828308627fffff,21.000727330773156,0.6696805177715804,0.4547165936500704,0.4357105481999586,0.5107117837195775,0.32104789668267125,-0.11685994602453857
11,882830871bfffff,21.318224255652495,0.6990431242171078,0.48713520867409926,0.40761920526232326,0.5529148851947348,0.43500092399134443,-0.12570291043081566
11,8828308635fffff,21.340478214678544,0.5887857823822764,0.4773271001466928,0.3471048136214473,0.41761892381908394,0.42477978506485775,-0.04702772549363042
11,88283090a7fffff,21.364186816707544,0.6350418496358476,0.38151800599624996,0.4821990498709356,0.47183198270798415,0.360390032651626,-0.05220963900360941
11,882830941dfffff,21.754439761715005,0.6272056070480777,0.38215640719380733,0.4015893605197127,0.564418179907592,0.5106307683410838,-0.07492714950342548
11,8828308753fffff,20.890289091139564,0.7312490804727814,0.49440213738163585,0.3686783518789,0.5023596377561401,0.4318493204478073,-0.08208811239650446
11,8828309443fffff,20.409203297296685,0.6263842564988078,0.5155585251945185,0.3734288233362896,0.3743645553478853,0.4464184141431402,-0.09570777267810446
11,8828308015fffff,21.777767829174746,0.63342800641247,0.5251394978861667,0.4436557455725143,0.4898828602512541,0.4401064237601672,-0.02446728828437491
11,8828308039fffff,22.309680928623234,0.6888880338476085,0.41977697488458177,0.506911737947214,0.4857195369513183,0.4012264681879704,-0.06908658160670371
11,88283081dbfffff,21.227054947479527,0.64299541294606,0.44299506204532024,0.3766488916842585,0.5989799447492598,0.465441701108841,-0.002560891473358551
11,8828309195fffff,21.164986365499864,0.7754696749763813,0.4124951563901007,0.3694586096902465,0.5190525823758809,0.5263524685479696,-0.08047904070923764
11,8828309403fffff,21.914910043132814,0.6711570068010403,0.40943429670481685,0.43737612908727996,0.4869741323284301,0.4741242458605171,-0.1320751081288466
11,8828308241fffff,21.587658365734782,0.7055161294561172,0.38055012842664526,0.43025711134886435,0.5468285647865857,0.4387473727574429,-0.015339677675298825
11,8828309193fffff,20.9919583661305,0.7006123995019934,0.4090501335370042,0.415533490366449,0.5174930267865717,0.5365069070860699,-0.0065632849784100986
11,8828309405fffff,21.467363671919525,0.6854762368523433,0.3500298092664843,0.4679882101777454,0.4793565693984542,0.4684508900885694,-0.027818110089457945
11,8828309199fffff,21.862132168139055,0.731281293211139,0.41739060710062853,0.38064468555658776,0.4799835757968234,0.5390359560227216,-0.07944758243133458
11,88283090a5fffff,21.77587753756114,0.6855530021415889,0.4043817505019307,0.44716533147197934,0.5057718207851231,0.36473886677051087,-0.033689464965276764
11,88283090adfffff,21.951539676515427,0.7027193858071625,0.4633666216295583,0.29734680131565683,0.5961612778242567,0.4010235867532611,-0.19760055049588887
11,882830844bfffff,21.892877040757224,0.6426927304543434,0.5108872279011085,0.3915881749096828,0.4314526199675512,0.4632426482508213,-0.031152116503698563
11,88283080edfffff,21.486057634016063,0.6937796189267262,0.5325815628472138,0.3500512848912746,0.5380107856768855,0.3658201436421389,-0.008344909745126201
11,8828309447fffff,20.704324937714784,0.6774214318244847,0.4617541351737979,0.38147826173916555,0.4631861206192973,0.42815744754736035,-0.03349520709158011
11,8828308623fffff,20.84376035211248,0.675185588997629,0.548874828119958,0.32927664621243563,0.5045898978406224,0.3318104571933451,0.026435845448680412
11,8828308035fffff,22.144808709792763,0.6837725333952038,0.54406155675562,0.2919581966352391,0.5908423742797335,0.4051554321743869,-0.08696702229093461
11,88283081cbfffff,21.645246926541834,0.6917664051005332,0.4011567762575833,0.34185294213378853,0.5124813638201289,0.45761120957337004,-0.014965708811015402
11,882830824dfffff,21.296039476526754,0.6585729111856294,0.3199793896816667,0.4443445527019962,0.5171949053322343,0.41722210774680574,0.026865465467404877
11,88283091d3fffff,22.306651662667072,0.7130485466414365,0.48805016343439916,0.3944891574331211,0.5182896765422991,0.47374638180600004,-0.12633264170814826
11,8828308449fffff,21.45687302717254,0.6136825323746747,0.4225354479622145,0.3639789133270027,0.4790741668300425,0.5052937255314005,-0.1028101286654938
11,8828309401fffff,21.477541859542107,0.6497059147080549,0.40108353616584275,0.4395758873245295,0.48474842701352433,0.4885165832110667,-0.13172450748604206
11,88283080e5fffff,21.462556574567266,0.6945144104203729,0.5755449293999957,0.3158954215513782,0.5543240604642232,0.41661870071163193,-0.03683743174590372
11,882830919dfffff,21.830265725645578,0.7316472412654927,0.4055701030944396,0.39271893950929715,0.5060248296007729,0.4234417933937545,-0.07282376013086728
11,8828308719fffff,21.19652815167226,0.6214714006272939,0.4745466954683124,0.3619303782716332,0.6294250015682721,0.43881607964477504,-0.0005906435843207949
11,8828309457fffff,21.177427930359503,0.5094297371970989,0.4764129649734586,0.42495013809091975,0.4510627049639859,0.4465509374511739,-0.03940348430158868
